condition,moderator,moderator_level,outcome,mean
Consensus,age_band,18-29,behavior_mean,48.949999999999996
Consensus,age_band,18-29,belief_post,89.4
Consensus,age_band,18-29,concern_mean,77.16666666666667
Consensus,age_band,18-29,distrust_post,18.5
Consensus,age_band,18-29,donation_ams,3.2
Consensus,age_band,18-29,funding_perceptions,58.8
Consensus,age_band,18-29,inst_trust_mean,66.96000000000001
Consensus,age_band,18-29,newsletter_signup,1.35
Consensus,age_band,18-29,policy_general,81.5
Consensus,age_band,18-29,policy_role_mean,74.3
Consensus,age_band,18-29,policy_specific_mean,74.04285714285713
Consensus,age_band,18-29,trust_multidimensional,75.20833333333333
Consensus,age_band,18-29,trust_post,76.8
Consensus,age_band,30-44,behavior_mean,47.833333333333336
Consensus,age_band,30-44,belief_post,84.0
Consensus,age_band,30-44,concern_mean,71.33333333333333
Consensus,age_band,30-44,distrust_post,22.0
Consensus,age_band,30-44,donation_ams,2.5
Consensus,age_band,30-44,funding_perceptions,58.0
Consensus,age_band,30-44,inst_trust_mean,62.2
Consensus,age_band,30-44,newsletter_signup,1.7
Consensus,age_band,30-44,policy_general,72.0
Consensus,age_band,30-44,policy_role_mean,70.75
Consensus,age_band,30-44,policy_specific_mean,68.14285714285714
Consensus,age_band,30-44,trust_multidimensional,73.33333333333333
Consensus,age_band,30-44,trust_post,68.0
Consensus,age_band,45-59,behavior_mean,39.583333333333336
Consensus,age_band,45-59,belief_post,78.6
Consensus,age_band,45-59,concern_mean,65.43333333333334
Consensus,age_band,45-59,distrust_post,18.5
Consensus,age_band,45-59,donation_ams,2.2
Consensus,age_band,45-59,funding_perceptions,57.7
Consensus,age_band,45-59,inst_trust_mean,65.22
Consensus,age_band,45-59,newsletter_signup,1.7
Consensus,age_band,45-59,policy_general,72.1
Consensus,age_band,45-59,policy_role_mean,66.025
Consensus,age_band,45-59,policy_specific_mean,64.41428571428571
Consensus,age_band,45-59,trust_multidimensional,69.97500000000001
Consensus,age_band,45-59,trust_post,68.2
Consensus,age_band,60+,behavior_mean,34.166666666666664
Consensus,age_band,60+,belief_post,78.0
Consensus,age_band,60+,concern_mean,53.333333333333336
Consensus,age_band,60+,distrust_post,25.0
Consensus,age_band,60+,donation_ams,3.5
Consensus,age_band,60+,funding_perceptions,52.0
Consensus,age_band,60+,inst_trust_mean,56.2
Consensus,age_band,60+,newsletter_signup,1.3
Consensus,age_band,60+,policy_general,63.0
Consensus,age_band,60+,policy_role_mean,60.5
Consensus,age_band,60+,policy_specific_mean,60.857142857142854
Consensus,age_band,60+,trust_multidimensional,68.58333333333333
Consensus,age_band,60+,trust_post,62.0
Consensus,education,Bachelor's degree,behavior_mean,38.666666666666664
Consensus,education,Bachelor's degree,belief_post,89.0
Consensus,education,Bachelor's degree,concern_mean,67.33333333333333
Consensus,education,Bachelor's degree,distrust_post,14.0
Consensus,education,Bachelor's degree,donation_ams,2.5
Consensus,education,Bachelor's degree,funding_perceptions,64.0
Consensus,education,Bachelor's degree,inst_trust_mean,68.0
Consensus,education,Bachelor's degree,newsletter_signup,1.7
Consensus,education,Bachelor's degree,policy_general,74.0
Consensus,education,Bachelor's degree,policy_role_mean,72.5
Consensus,education,Bachelor's degree,policy_specific_mean,71.42857142857143
Consensus,education,Bachelor's degree,trust_multidimensional,75.20833333333333
Consensus,education,Bachelor's degree,trust_post,76.0
Consensus,education,Doctorate degree / Ph.D.,behavior_mean,51.666666666666664
Consensus,education,Doctorate degree / Ph.D.,belief_post,95.0
Consensus,education,Doctorate degree / Ph.D.,concern_mean,75.0
Consensus,education,Doctorate degree / Ph.D.,distrust_post,15.0
Consensus,education,Doctorate degree / Ph.D.,donation_ams,4.5
Consensus,education,Doctorate degree / Ph.D.,funding_perceptions,75.0
Consensus,education,Doctorate degree / Ph.D.,inst_trust_mean,73.4
Consensus,education,Doctorate degree / Ph.D.,newsletter_signup,1.4
Consensus,education,Doctorate degree / Ph.D.,policy_general,80.0
Consensus,education,Doctorate degree / Ph.D.,policy_role_mean,76.25
Consensus,education,Doctorate degree / Ph.D.,policy_specific_mean,76.0
Consensus,education,Doctorate degree / Ph.D.,trust_multidimensional,83.83333333333333
Consensus,education,Doctorate degree / Ph.D.,trust_post,85.0
Consensus,education,High school diploma / GED,behavior_mean,36.11666666666667
Consensus,education,High school diploma / GED,belief_post,71.8
Consensus,education,High school diploma / GED,concern_mean,58.6
Consensus,education,High school diploma / GED,distrust_post,22.3
Consensus,education,High school diploma / GED,donation_ams,2.4
Consensus,education,High school diploma / GED,funding_perceptions,46.6
Consensus,education,High school diploma / GED,inst_trust_mean,55.760000000000005
Consensus,education,High school diploma / GED,newsletter_signup,1.75
Consensus,education,High school diploma / GED,policy_general,65.2
Consensus,education,High school diploma / GED,policy_role_mean,63.675
Consensus,education,High school diploma / GED,policy_specific_mean,63.94285714285714
Consensus,education,High school diploma / GED,trust_multidimensional,65.49166666666666
Consensus,education,High school diploma / GED,trust_post,64.7
Consensus,education,Less than high school,behavior_mean,31.666666666666668
Consensus,education,Less than high school,belief_post,57.0
Consensus,education,Less than high school,concern_mean,43.333333333333336
Consensus,education,Less than high school,distrust_post,38.0
Consensus,education,Less than high school,donation_ams,1.2
Consensus,education,Less than high school,funding_perceptions,44.0
Consensus,education,Less than high school,inst_trust_mean,38.8
Consensus,education,Less than high school,newsletter_signup,1.8
Consensus,education,Less than high school,policy_general,51.0
Consensus,education,Less than high school,policy_role_mean,53.25
Consensus,education,Less than high school,policy_specific_mean,53.142857142857146
Consensus,education,Less than high school,trust_multidimensional,51.333333333333336
Consensus,education,Less than high school,trust_post,42.0
Consensus,education,Master's degree / Professional degree,behavior_mean,55.666666666666664
Consensus,education,Master's degree / Professional degree,belief_post,91.0
Consensus,education,Master's degree / Professional degree,concern_mean,73.66666666666667
Consensus,education,Master's degree / Professional degree,distrust_post,15.0
Consensus,education,Master's degree / Professional degree,donation_ams,4.2
Consensus,education,Master's degree / Professional degree,funding_perceptions,65.0
Consensus,education,Master's degree / Professional degree,inst_trust_mean,70.4
Consensus,education,Master's degree / Professional degree,newsletter_signup,1.3
Consensus,education,Master's degree / Professional degree,policy_general,79.0
Consensus,education,Master's degree / Professional degree,policy_role_mean,73.0
Consensus,education,Master's degree / Professional degree,policy_specific_mean,74.14285714285714
Consensus,education,Master's degree / Professional degree,trust_multidimensional,79.08333333333333
Consensus,education,Master's degree / Professional degree,trust_post,80.0
Consensus,education,Some college or Associate's degree,behavior_mean,40.0
Consensus,education,Some college or Associate's degree,belief_post,78.0
Consensus,education,Some college or Associate's degree,concern_mean,67.0
Consensus,education,Some college or Associate's degree,distrust_post,32.0
Consensus,education,Some college or Associate's degree,donation_ams,1.5
Consensus,education,Some college or Associate's degree,funding_perceptions,58.0
Consensus,education,Some college or Associate's degree,inst_trust_mean,58.4
Consensus,education,Some college or Associate's degree,newsletter_signup,1.75
Consensus,education,Some college or Associate's degree,policy_general,70.0
Consensus,education,Some college or Associate's degree,policy_role_mean,66.25
Consensus,education,Some college or Associate's degree,policy_specific_mean,64.57142857142857
Consensus,education,Some college or Associate's degree,trust_multidimensional,67.83333333333333
Consensus,education,Some college or Associate's degree,trust_post,63.0
Consensus,gender,Female,behavior_mean,50.56666666666666
Consensus,gender,Female,belief_post,86.7
Consensus,gender,Female,concern_mean,75.39999999999999
Consensus,gender,Female,distrust_post,21.4
Consensus,gender,Female,donation_ams,1.4
Consensus,gender,Female,funding_perceptions,61.8
Consensus,gender,Female,inst_trust_mean,67.17999999999999
Consensus,gender,Female,newsletter_signup,1.7
Consensus,gender,Female,policy_general,78.4
Consensus,gender,Female,policy_role_mean,72.65
Consensus,gender,Female,policy_specific_mean,71.57142857142857
Consensus,gender,Female,trust_multidimensional,76.36666666666666
Consensus,gender,Female,trust_post,76.5
Consensus,gender,Male,behavior_mean,38.166666666666664
Consensus,gender,Male,belief_post,78.5
Consensus,gender,Male,concern_mean,59.0
Consensus,gender,Male,distrust_post,26.0
Consensus,gender,Male,donation_ams,2.8
Consensus,gender,Male,funding_perceptions,58.5
Consensus,gender,Male,inst_trust_mean,60.0
Consensus,gender,Male,newsletter_signup,1.55
Consensus,gender,Male,policy_general,62.0
Consensus,gender,Male,policy_role_mean,62.75
Consensus,gender,Male,policy_specific_mean,65.57142857142857
Consensus,gender,Male,trust_multidimensional,70.23333333333333
Consensus,gender,Male,trust_post,64.0
Consensus,gender,Other,behavior_mean,54.73333333333333
Consensus,gender,Other,belief_post,88.7
Consensus,gender,Other,concern_mean,80.06666666666666
Consensus,gender,Other,distrust_post,14.7
Consensus,gender,Other,donation_ams,4.2
Consensus,gender,Other,funding_perceptions,68.8
Consensus,gender,Other,inst_trust_mean,68.26
Consensus,gender,Other,newsletter_signup,1.35
Consensus,gender,Other,policy_general,79.4
Consensus,gender,Other,policy_role_mean,73.0
Consensus,gender,Other,policy_specific_mean,73.2
Consensus,gender,Other,trust_multidimensional,78.66666666666667
Consensus,gender,Other,trust_post,75.3
Consensus,income,"$100,000 to $167,999",behavior_mean,44.65
Consensus,income,"$100,000 to $167,999",belief_post,83.8
Consensus,income,"$100,000 to $167,999",concern_mean,71.06666666666666
Consensus,income,"$100,000 to $167,999",distrust_post,21.5
Consensus,income,"$100,000 to $167,999",donation_ams,2.6
Consensus,income,"$100,000 to $167,999",funding_perceptions,57.7
Consensus,income,"$100,000 to $167,999",inst_trust_mean,71.32000000000001
Consensus,income,"$100,000 to $167,999",newsletter_signup,1.6
Consensus,income,"$100,000 to $167,999",policy_general,72.1
Consensus,income,"$100,000 to $167,999",policy_role_mean,71.125
Consensus,income,"$100,000 to $167,999",policy_specific_mean,68.98571428571428
Consensus,income,"$100,000 to $167,999",trust_multidimensional,74.425
Consensus,income,"$100,000 to $167,999",trust_post,74.5
Consensus,income,"$168,000 or more",behavior_mean,46.666666666666664
Consensus,income,"$168,000 or more",belief_post,88.0
Consensus,income,"$168,000 or more",concern_mean,71.0
Consensus,income,"$168,000 or more",distrust_post,15.0
Consensus,income,"$168,000 or more",donation_ams,3.5
Consensus,income,"$168,000 or more",funding_perceptions,65.0
Consensus,income,"$168,000 or more",inst_trust_mean,69.0
Consensus,income,"$168,000 or more",newsletter_signup,1.6
Consensus,income,"$168,000 or more",policy_general,75.0
Consensus,income,"$168,000 or more",policy_role_mean,70.75
Consensus,income,"$168,000 or more",policy_specific_mean,70.57142857142857
Consensus,income,"$168,000 or more",trust_multidimensional,76.0
Consensus,income,"$168,000 or more",trust_post,75.0
Consensus,income,"$30,000 to $55,999",behavior_mean,36.800000000000004
Consensus,income,"$30,000 to $55,999",belief_post,78.2
Consensus,income,"$30,000 to $55,999",concern_mean,65.96666666666667
Consensus,income,"$30,000 to $55,999",distrust_post,24.2
Consensus,income,"$30,000 to $55,999",donation_ams,2.1
Consensus,income,"$30,000 to $55,999",funding_perceptions,51.5
Consensus,income,"$30,000 to $55,999",inst_trust_mean,54.760000000000005
Consensus,income,"$30,000 to $55,999",newsletter_signup,1.7
Consensus,income,"$30,000 to $55,999",policy_general,68.4
Consensus,income,"$30,000 to $55,999",policy_role_mean,63.95
Consensus,income,"$30,000 to $55,999",policy_specific_mean,61.885714285714286
Consensus,income,"$30,000 to $55,999",trust_multidimensional,68.97500000000001
Consensus,income,"$30,000 to $55,999",trust_post,65.5
Consensus,income,"$56,000 to $99,999",behavior_mean,34.35
Consensus,income,"$56,000 to $99,999",belief_post,81.5
Consensus,income,"$56,000 to $99,999",concern_mean,62.166666666666664
Consensus,income,"$56,000 to $99,999",distrust_post,20.5
Consensus,income,"$56,000 to $99,999",donation_ams,1.5
Consensus,income,"$56,000 to $99,999",funding_perceptions,55.5
Consensus,income,"$56,000 to $99,999",inst_trust_mean,60.2
Consensus,income,"$56,000 to $99,999",newsletter_signup,1.6
Consensus,income,"$56,000 to $99,999",policy_general,64.7
Consensus,income,"$56,000 to $99,999",policy_role_mean,68.575
Consensus,income,"$56,000 to $99,999",policy_specific_mean,63.67142857142857
Consensus,income,"$56,000 to $99,999",trust_multidimensional,74.06666666666666
Consensus,income,"$56,000 to $99,999",trust_post,69.8
Consensus,income,"Less than $30,000",behavior_mean,35.333333333333336
Consensus,income,"Less than $30,000",belief_post,76.0
Consensus,income,"Less than $30,000",concern_mean,56.0
Consensus,income,"Less than $30,000",distrust_post,28.0
Consensus,income,"Less than $30,000",donation_ams,1.5
Consensus,income,"Less than $30,000",funding_perceptions,52.0
Consensus,income,"Less than $30,000",inst_trust_mean,48.0
Consensus,income,"Less than $30,000",newsletter_signup,1.8
Consensus,income,"Less than $30,000",policy_general,56.0
Consensus,income,"Less than $30,000",policy_role_mean,58.75
Consensus,income,"Less than $30,000",policy_specific_mean,59.285714285714285
Consensus,income,"Less than $30,000",trust_multidimensional,57.5
Consensus,income,"Less than $30,000",trust_post,58.0
Consensus,party,Democrat,behavior_mean,56.666666666666664
Consensus,party,Democrat,belief_post,90.0
Consensus,party,Democrat,concern_mean,79.0
Consensus,party,Democrat,distrust_post,15.0
Consensus,party,Democrat,donation_ams,3.5
Consensus,party,Democrat,funding_perceptions,65.0
Consensus,party,Democrat,inst_trust_mean,74.0
Consensus,party,Democrat,newsletter_signup,1.7
Consensus,party,Democrat,policy_general,85.0
Consensus,party,Democrat,policy_role_mean,76.75
Consensus,party,Democrat,policy_specific_mean,80.42857142857143
Consensus,party,Democrat,trust_multidimensional,78.58333333333333
Consensus,party,Democrat,trust_post,80.0
Consensus,party,Independent,behavior_mean,42.5
Consensus,party,Independent,belief_post,80.0
Consensus,party,Independent,concern_mean,61.666666666666664
Consensus,party,Independent,distrust_post,25.0
Consensus,party,Independent,donation_ams,2.5
Consensus,party,Independent,funding_perceptions,50.0
Consensus,party,Independent,inst_trust_mean,56.0
Consensus,party,Independent,newsletter_signup,1.7
Consensus,party,Independent,policy_general,60.0
Consensus,party,Independent,policy_role_mean,67.5
Consensus,party,Independent,policy_specific_mean,62.857142857142854
Consensus,party,Independent,trust_multidimensional,70.83333333333333
Consensus,party,Independent,trust_post,65.0
Consensus,party,Other,behavior_mean,43.333333333333336
Consensus,party,Other,belief_post,73.0
Consensus,party,Other,concern_mean,60.666666666666664
Consensus,party,Other,distrust_post,31.0
Consensus,party,Other,donation_ams,2.5
Consensus,party,Other,funding_perceptions,46.0
Consensus,party,Other,inst_trust_mean,52.8
Consensus,party,Other,newsletter_signup,1.4
Consensus,party,Other,policy_general,56.0
Consensus,party,Other,policy_role_mean,61.25
Consensus,party,Other,policy_specific_mean,60.857142857142854
Consensus,party,Other,trust_multidimensional,63.0
Consensus,party,Other,trust_post,59.0
Consensus,party,Republican,behavior_mean,28.333333333333332
Consensus,party,Republican,belief_post,54.0
Consensus,party,Republican,concern_mean,34.0
Consensus,party,Republican,distrust_post,47.0
Consensus,party,Republican,donation_ams,1.2
Consensus,party,Republican,funding_perceptions,36.0
Consensus,party,Republican,inst_trust_mean,41.4
Consensus,party,Republican,newsletter_signup,1.8
Consensus,party,Republican,policy_general,36.0
Consensus,party,Republican,policy_role_mean,43.25
Consensus,party,Republican,policy_specific_mean,45.42857142857143
Consensus,party,Republican,trust_multidimensional,50.75
Consensus,party,Republican,trust_post,41.0
Consensus,race,Asian / Asian American,behavior_mean,43.0
Consensus,race,Asian / Asian American,belief_post,88.0
Consensus,race,Asian / Asian American,concern_mean,74.66666666666667
Consensus,race,Asian / Asian American,distrust_post,24.0
Consensus,race,Asian / Asian American,donation_ams,1.0
Consensus,race,Asian / Asian American,funding_perceptions,75.0
Consensus,race,Asian / Asian American,inst_trust_mean,71.8
Consensus,race,Asian / Asian American,newsletter_signup,1.7
Consensus,race,Asian / Asian American,policy_general,74.0
Consensus,race,Asian / Asian American,policy_role_mean,71.25
Consensus,race,Asian / Asian American,policy_specific_mean,73.0
Consensus,race,Asian / Asian American,trust_multidimensional,77.08333333333333
Consensus,race,Asian / Asian American,trust_post,76.0
Consensus,race,Black / African American,behavior_mean,42.5
Consensus,race,Black / African American,belief_post,88.0
Consensus,race,Black / African American,concern_mean,71.0
Consensus,race,Black / African American,distrust_post,25.0
Consensus,race,Black / African American,donation_ams,3.0
Consensus,race,Black / African American,funding_perceptions,65.0
Consensus,race,Black / African American,inst_trust_mean,64.0
Consensus,race,Black / African American,newsletter_signup,1.2
Consensus,race,Black / African American,policy_general,75.0
Consensus,race,Black / African American,policy_role_mean,71.25
Consensus,race,Black / African American,policy_specific_mean,72.14285714285714
Consensus,race,Black / African American,trust_multidimensional,73.66666666666667
Consensus,race,Black / African American,trust_post,72.0
Consensus,race,Hispanic / Latino,behavior_mean,41.166666666666664
Consensus,race,Hispanic / Latino,belief_post,82.0
Consensus,race,Hispanic / Latino,concern_mean,69.66666666666667
Consensus,race,Hispanic / Latino,distrust_post,18.0
Consensus,race,Hispanic / Latino,donation_ams,2.5
Consensus,race,Hispanic / Latino,funding_perceptions,58.0
Consensus,race,Hispanic / Latino,inst_trust_mean,64.6
Consensus,race,Hispanic / Latino,newsletter_signup,1.8
Consensus,race,Hispanic / Latino,policy_general,74.0
Consensus,race,Hispanic / Latino,policy_role_mean,69.5
Consensus,race,Hispanic / Latino,policy_specific_mean,69.14285714285714
Consensus,race,Hispanic / Latino,trust_multidimensional,73.41666666666667
Consensus,race,Hispanic / Latino,trust_post,72.0
Consensus,race,Other,behavior_mean,39.15
Consensus,race,Other,belief_post,88.2
Consensus,race,Other,concern_mean,72.60000000000001
Consensus,race,Other,distrust_post,29.8
Consensus,race,Other,donation_ams,1.4
Consensus,race,Other,funding_perceptions,64.6
Consensus,race,Other,inst_trust_mean,59.6
Consensus,race,Other,newsletter_signup,1.85
Consensus,race,Other,policy_general,78.5
Consensus,race,Other,policy_role_mean,68.375
Consensus,race,Other,policy_specific_mean,68.47142857142858
Consensus,race,Other,trust_multidimensional,71.35000000000001
Consensus,race,Other,trust_post,70.2
Consensus,race,White / Caucasian,behavior_mean,37.36666666666667
Consensus,race,White / Caucasian,belief_post,75.2
Consensus,race,White / Caucasian,concern_mean,54.4
Consensus,race,White / Caucasian,distrust_post,28.4
Consensus,race,White / Caucasian,donation_ams,2.4
Consensus,race,White / Caucasian,funding_perceptions,43.3
Consensus,race,White / Caucasian,inst_trust_mean,56.96
Consensus,race,White / Caucasian,newsletter_signup,1.8
Consensus,race,White / Caucasian,policy_general,53.4
Consensus,race,White / Caucasian,policy_role_mean,63.775
Consensus,race,White / Caucasian,policy_specific_mean,61.77142857142858
Consensus,race,White / Caucasian,trust_multidimensional,69.09166666666667
Consensus,race,White / Caucasian,trust_post,59.3
Corporate reliance,age_band,18-29,behavior_mean,59.5
Corporate reliance,age_band,18-29,belief_post,91.0
Corporate reliance,age_band,18-29,concern_mean,82.66666666666667
Corporate reliance,age_band,18-29,distrust_post,20.0
Corporate reliance,age_band,18-29,donation_ams,4.5
Corporate reliance,age_band,18-29,funding_perceptions,68.0
Corporate reliance,age_band,18-29,inst_trust_mean,66.6
Corporate reliance,age_band,18-29,newsletter_signup,1.3
Corporate reliance,age_band,18-29,policy_general,82.0
Corporate reliance,age_band,18-29,policy_role_mean,73.5
Corporate reliance,age_band,18-29,policy_specific_mean,77.28571428571429
Corporate reliance,age_band,18-29,trust_multidimensional,76.16666666666667
Corporate reliance,age_band,18-29,trust_post,75.0
Corporate reliance,age_band,30-44,behavior_mean,39.800000000000004
Corporate reliance,age_band,30-44,belief_post,89.2
Corporate reliance,age_band,30-44,concern_mean,71.83333333333333
Corporate reliance,age_band,30-44,distrust_post,12.5
Corporate reliance,age_band,30-44,donation_ams,2.4
Corporate reliance,age_band,30-44,funding_perceptions,57.2
Corporate reliance,age_band,30-44,inst_trust_mean,64.5
Corporate reliance,age_band,30-44,newsletter_signup,1.8
Corporate reliance,age_band,30-44,policy_general,71.5
Corporate reliance,age_band,30-44,policy_role_mean,71.4
Corporate reliance,age_band,30-44,policy_specific_mean,66.52857142857142
Corporate reliance,age_band,30-44,trust_multidimensional,73.56666666666666
Corporate reliance,age_band,30-44,trust_post,76.3
Corporate reliance,age_band,45-59,behavior_mean,34.5
Corporate reliance,age_band,45-59,belief_post,82.0
Corporate reliance,age_band,45-59,concern_mean,65.0
Corporate reliance,age_band,45-59,distrust_post,18.0
Corporate reliance,age_band,45-59,donation_ams,2.5
Corporate reliance,age_band,45-59,funding_perceptions,52.0
Corporate reliance,age_band,45-59,inst_trust_mean,60.8
Corporate reliance,age_band,45-59,newsletter_signup,1.4
Corporate reliance,age_band,45-59,policy_general,66.0
Corporate reliance,age_band,45-59,policy_role_mean,68.75
Corporate reliance,age_band,45-59,policy_specific_mean,64.57142857142857
Corporate reliance,age_band,45-59,trust_multidimensional,70.91666666666667
Corporate reliance,age_band,45-59,trust_post,68.0
Corporate reliance,age_band,60+,behavior_mean,33.5
Corporate reliance,age_band,60+,belief_post,82.0
Corporate reliance,age_band,60+,concern_mean,58.333333333333336
Corporate reliance,age_band,60+,distrust_post,25.0
Corporate reliance,age_band,60+,donation_ams,4.5
Corporate reliance,age_band,60+,funding_perceptions,45.0
Corporate reliance,age_band,60+,inst_trust_mean,59.0
Corporate reliance,age_band,60+,newsletter_signup,1.7
Corporate reliance,age_band,60+,policy_general,55.0
Corporate reliance,age_band,60+,policy_role_mean,63.0
Corporate reliance,age_band,60+,policy_specific_mean,59.285714285714285
Corporate reliance,age_band,60+,trust_multidimensional,69.08333333333333
Corporate reliance,age_band,60+,trust_post,60.0
Corporate reliance,education,Bachelor's degree,behavior_mean,49.833333333333336
Corporate reliance,education,Bachelor's degree,belief_post,91.0
Corporate reliance,education,Bachelor's degree,concern_mean,72.33333333333333
Corporate reliance,education,Bachelor's degree,distrust_post,18.0
Corporate reliance,education,Bachelor's degree,donation_ams,2.5
Corporate reliance,education,Bachelor's degree,funding_perceptions,65.0
Corporate reliance,education,Bachelor's degree,inst_trust_mean,67.8
Corporate reliance,education,Bachelor's degree,newsletter_signup,1.4
Corporate reliance,education,Bachelor's degree,policy_general,76.0
Corporate reliance,education,Bachelor's degree,policy_role_mean,70.5
Corporate reliance,education,Bachelor's degree,policy_specific_mean,72.28571428571429
Corporate reliance,education,Bachelor's degree,trust_multidimensional,74.58333333333333
Corporate reliance,education,Bachelor's degree,trust_post,71.0
Corporate reliance,education,Doctorate degree / Ph.D.,behavior_mean,53.5
Corporate reliance,education,Doctorate degree / Ph.D.,belief_post,93.1
Corporate reliance,education,Doctorate degree / Ph.D.,concern_mean,79.06666666666666
Corporate reliance,education,Doctorate degree / Ph.D.,distrust_post,14.5
Corporate reliance,education,Doctorate degree / Ph.D.,donation_ams,2.4
Corporate reliance,education,Doctorate degree / Ph.D.,funding_perceptions,67.2
Corporate reliance,education,Doctorate degree / Ph.D.,inst_trust_mean,72.44
Corporate reliance,education,Doctorate degree / Ph.D.,newsletter_signup,1.35
Corporate reliance,education,Doctorate degree / Ph.D.,policy_general,79.5
Corporate reliance,education,Doctorate degree / Ph.D.,policy_role_mean,72.575
Corporate reliance,education,Doctorate degree / Ph.D.,policy_specific_mean,76.14285714285714
Corporate reliance,education,Doctorate degree / Ph.D.,trust_multidimensional,81.89999999999999
Corporate reliance,education,Doctorate degree / Ph.D.,trust_post,81.2
Corporate reliance,education,High school diploma / GED,behavior_mean,34.68333333333333
Corporate reliance,education,High school diploma / GED,belief_post,78.4
Corporate reliance,education,High school diploma / GED,concern_mean,63.800000000000004
Corporate reliance,education,High school diploma / GED,distrust_post,24.2
Corporate reliance,education,High school diploma / GED,donation_ams,2.4
Corporate reliance,education,High school diploma / GED,funding_perceptions,48.5
Corporate reliance,education,High school diploma / GED,inst_trust_mean,56.82000000000001
Corporate reliance,education,High school diploma / GED,newsletter_signup,1.3
Corporate reliance,education,High school diploma / GED,policy_general,64.2
Corporate reliance,education,High school diploma / GED,policy_role_mean,63.6
Corporate reliance,education,High school diploma / GED,policy_specific_mean,64.57142857142857
Corporate reliance,education,High school diploma / GED,trust_multidimensional,67.2
Corporate reliance,education,High school diploma / GED,trust_post,65.8
Corporate reliance,education,Less than high school,behavior_mean,28.3
Corporate reliance,education,Less than high school,belief_post,62.3
Corporate reliance,education,Less than high school,concern_mean,43.86666666666667
Corporate reliance,education,Less than high school,distrust_post,37.8
Corporate reliance,education,Less than high school,donation_ams,1.4
Corporate reliance,education,Less than high school,funding_perceptions,38.6
Corporate reliance,education,Less than high school,inst_trust_mean,43.5
Corporate reliance,education,Less than high school,newsletter_signup,1.7
Corporate reliance,education,Less than high school,policy_general,47.6
Corporate reliance,education,Less than high school,policy_role_mean,53.975
Corporate reliance,education,Less than high school,policy_specific_mean,54.114285714285714
Corporate reliance,education,Less than high school,trust_multidimensional,49.525
Corporate reliance,education,Less than high school,trust_post,42.5
Corporate reliance,education,Master's degree / Professional degree,behavior_mean,53.5
Corporate reliance,education,Master's degree / Professional degree,belief_post,91.0
Corporate reliance,education,Master's degree / Professional degree,concern_mean,77.0
Corporate reliance,education,Master's degree / Professional degree,distrust_post,15.0
Corporate reliance,education,Master's degree / Professional degree,donation_ams,3.5
Corporate reliance,education,Master's degree / Professional degree,funding_perceptions,65.0
Corporate reliance,education,Master's degree / Professional degree,inst_trust_mean,71.6
Corporate reliance,education,Master's degree / Professional degree,newsletter_signup,1.4
Corporate reliance,education,Master's degree / Professional degree,policy_general,82.0
Corporate reliance,education,Master's degree / Professional degree,policy_role_mean,72.25
Corporate reliance,education,Master's degree / Professional degree,policy_specific_mean,76.42857142857143
Corporate reliance,education,Master's degree / Professional degree,trust_multidimensional,78.29166666666667
Corporate reliance,education,Master's degree / Professional degree,trust_post,80.0
Corporate reliance,education,Some college or Associate's degree,behavior_mean,41.333333333333336
Corporate reliance,education,Some college or Associate's degree,belief_post,83.0
Corporate reliance,education,Some college or Associate's degree,concern_mean,64.0
Corporate reliance,education,Some college or Associate's degree,distrust_post,22.0
Corporate reliance,education,Some college or Associate's degree,donation_ams,1.5
Corporate reliance,education,Some college or Associate's degree,funding_perceptions,58.0
Corporate reliance,education,Some college or Associate's degree,inst_trust_mean,58.0
Corporate reliance,education,Some college or Associate's degree,newsletter_signup,1.2
Corporate reliance,education,Some college or Associate's degree,policy_general,68.0
Corporate reliance,education,Some college or Associate's degree,policy_role_mean,64.5
Corporate reliance,education,Some college or Associate's degree,policy_specific_mean,67.57142857142857
Corporate reliance,education,Some college or Associate's degree,trust_multidimensional,68.25
Corporate reliance,education,Some college or Associate's degree,trust_post,68.0
Corporate reliance,gender,Female,behavior_mean,54.35
Corporate reliance,gender,Female,belief_post,88.2
Corporate reliance,gender,Female,concern_mean,80.8
Corporate reliance,gender,Female,distrust_post,22.4
Corporate reliance,gender,Female,donation_ams,4.2
Corporate reliance,gender,Female,funding_perceptions,61.5
Corporate reliance,gender,Female,inst_trust_mean,68.6
Corporate reliance,gender,Female,newsletter_signup,1.4
Corporate reliance,gender,Female,policy_general,78.4
Corporate reliance,gender,Female,policy_role_mean,74.875
Corporate reliance,gender,Female,policy_specific_mean,72.9
Corporate reliance,gender,Female,trust_multidimensional,76.10833333333333
Corporate reliance,gender,Female,trust_post,72.6
Corporate reliance,gender,Male,behavior_mean,37.63333333333333
Corporate reliance,gender,Male,belief_post,83.4
Corporate reliance,gender,Male,concern_mean,64.46666666666667
Corporate reliance,gender,Male,distrust_post,24.2
Corporate reliance,gender,Male,donation_ams,1.2
Corporate reliance,gender,Male,funding_perceptions,48.2
Corporate reliance,gender,Male,inst_trust_mean,65.03999999999999
Corporate reliance,gender,Male,newsletter_signup,1.15
Corporate reliance,gender,Male,policy_general,69.2
Corporate reliance,gender,Male,policy_role_mean,68.375
Corporate reliance,gender,Male,policy_specific_mean,67.55714285714285
Corporate reliance,gender,Male,trust_multidimensional,71.96666666666667
Corporate reliance,gender,Male,trust_post,73.6
Corporate reliance,gender,Other,behavior_mean,49.03333333333333
Corporate reliance,gender,Other,belief_post,89.7
Corporate reliance,gender,Other,concern_mean,76.03333333333335
Corporate reliance,gender,Other,distrust_post,18.2
Corporate reliance,gender,Other,donation_ams,2.4
Corporate reliance,gender,Other,funding_perceptions,67.5
Corporate reliance,gender,Other,inst_trust_mean,64.86
Corporate reliance,gender,Other,newsletter_signup,1.4
Corporate reliance,gender,Other,policy_general,76.4
Corporate reliance,gender,Other,policy_role_mean,75.25
Corporate reliance,gender,Other,policy_specific_mean,72.35714285714286
Corporate reliance,gender,Other,trust_multidimensional,76.74166666666666
Corporate reliance,gender,Other,trust_post,74.6
Corporate reliance,income,"$100,000 to $167,999",behavior_mean,36.75
Corporate reliance,income,"$100,000 to $167,999",belief_post,88.2
Corporate reliance,income,"$100,000 to $167,999",concern_mean,68.36666666666666
Corporate reliance,income,"$100,000 to $167,999",distrust_post,17.8
Corporate reliance,income,"$100,000 to $167,999",donation_ams,4.2
Corporate reliance,income,"$100,000 to $167,999",funding_perceptions,63.5
Corporate reliance,income,"$100,000 to $167,999",inst_trust_mean,65.56
Corporate reliance,income,"$100,000 to $167,999",newsletter_signup,1.6
Corporate reliance,income,"$100,000 to $167,999",policy_general,74.6
Corporate reliance,income,"$100,000 to $167,999",policy_role_mean,70.575
Corporate reliance,income,"$100,000 to $167,999",policy_specific_mean,66.54285714285714
Corporate reliance,income,"$100,000 to $167,999",trust_multidimensional,74.25833333333334
Corporate reliance,income,"$100,000 to $167,999",trust_post,72.3
Corporate reliance,income,"$168,000 or more",behavior_mean,50.0
Corporate reliance,income,"$168,000 or more",belief_post,90.0
Corporate reliance,income,"$168,000 or more",concern_mean,70.66666666666667
Corporate reliance,income,"$168,000 or more",distrust_post,20.0
Corporate reliance,income,"$168,000 or more",donation_ams,3.5
Corporate reliance,income,"$168,000 or more",funding_perceptions,58.0
Corporate reliance,income,"$168,000 or more",inst_trust_mean,67.0
Corporate reliance,income,"$168,000 or more",newsletter_signup,1.2
Corporate reliance,income,"$168,000 or more",policy_general,70.0
Corporate reliance,income,"$168,000 or more",policy_role_mean,68.25
Corporate reliance,income,"$168,000 or more",policy_specific_mean,69.0
Corporate reliance,income,"$168,000 or more",trust_multidimensional,74.16666666666667
Corporate reliance,income,"$168,000 or more",trust_post,72.0
Corporate reliance,income,"$30,000 to $55,999",behavior_mean,37.666666666666664
Corporate reliance,income,"$30,000 to $55,999",belief_post,81.2
Corporate reliance,income,"$30,000 to $55,999",concern_mean,63.36666666666667
Corporate reliance,income,"$30,000 to $55,999",distrust_post,21.4
Corporate reliance,income,"$30,000 to $55,999",donation_ams,1.4
Corporate reliance,income,"$30,000 to $55,999",funding_perceptions,57.5
Corporate reliance,income,"$30,000 to $55,999",inst_trust_mean,57.46
Corporate reliance,income,"$30,000 to $55,999",newsletter_signup,1.8
Corporate reliance,income,"$30,000 to $55,999",policy_general,66.4
Corporate reliance,income,"$30,000 to $55,999",policy_role_mean,64.6
Corporate reliance,income,"$30,000 to $55,999",policy_specific_mean,61.285714285714285
Corporate reliance,income,"$30,000 to $55,999",trust_multidimensional,67.65833333333333
Corporate reliance,income,"$30,000 to $55,999",trust_post,66.8
Corporate reliance,income,"$56,000 to $99,999",behavior_mean,42.166666666666664
Corporate reliance,income,"$56,000 to $99,999",belief_post,82.0
Corporate reliance,income,"$56,000 to $99,999",concern_mean,68.66666666666667
Corporate reliance,income,"$56,000 to $99,999",distrust_post,24.0
Corporate reliance,income,"$56,000 to $99,999",donation_ams,1.0
Corporate reliance,income,"$56,000 to $99,999",funding_perceptions,54.0
Corporate reliance,income,"$56,000 to $99,999",inst_trust_mean,60.0
Corporate reliance,income,"$56,000 to $99,999",newsletter_signup,1.8
Corporate reliance,income,"$56,000 to $99,999",policy_general,67.0
Corporate reliance,income,"$56,000 to $99,999",policy_role_mean,69.25
Corporate reliance,income,"$56,000 to $99,999",policy_specific_mean,68.14285714285714
Corporate reliance,income,"$56,000 to $99,999",trust_multidimensional,69.08333333333333
Corporate reliance,income,"$56,000 to $99,999",trust_post,72.0
Corporate reliance,income,"Less than $30,000",behavior_mean,39.0
Corporate reliance,income,"Less than $30,000",belief_post,77.5
Corporate reliance,income,"Less than $30,000",concern_mean,57.833333333333336
Corporate reliance,income,"Less than $30,000",distrust_post,24.1
Corporate reliance,income,"Less than $30,000",donation_ams,1.4
Corporate reliance,income,"Less than $30,000",funding_perceptions,53.2
Corporate reliance,income,"Less than $30,000",inst_trust_mean,52.04
Corporate reliance,income,"Less than $30,000",newsletter_signup,1.2
Corporate reliance,income,"Less than $30,000",policy_general,61.2
Corporate reliance,income,"Less than $30,000",policy_role_mean,61.775
Corporate reliance,income,"Less than $30,000",policy_specific_mean,61.528571428571425
Corporate reliance,income,"Less than $30,000",trust_multidimensional,66.325
Corporate reliance,income,"Less than $30,000",trust_post,66.3
Corporate reliance,party,Democrat,behavior_mean,55.833333333333336
Corporate reliance,party,Democrat,belief_post,92.0
Corporate reliance,party,Democrat,concern_mean,80.0
Corporate reliance,party,Democrat,distrust_post,12.0
Corporate reliance,party,Democrat,donation_ams,4.5
Corporate reliance,party,Democrat,funding_perceptions,65.0
Corporate reliance,party,Democrat,inst_trust_mean,71.4
Corporate reliance,party,Democrat,newsletter_signup,1.35
Corporate reliance,party,Democrat,policy_general,84.0
Corporate reliance,party,Democrat,policy_role_mean,76.75
Corporate reliance,party,Democrat,policy_specific_mean,78.42857142857143
Corporate reliance,party,Democrat,trust_multidimensional,78.5
Corporate reliance,party,Democrat,trust_post,79.0
Corporate reliance,party,Independent,behavior_mean,41.5
Corporate reliance,party,Independent,belief_post,81.0
Corporate reliance,party,Independent,concern_mean,63.666666666666664
Corporate reliance,party,Independent,distrust_post,26.0
Corporate reliance,party,Independent,donation_ams,2.4
Corporate reliance,party,Independent,funding_perceptions,54.0
Corporate reliance,party,Independent,inst_trust_mean,57.0
Corporate reliance,party,Independent,newsletter_signup,1.6
Corporate reliance,party,Independent,policy_general,58.0
Corporate reliance,party,Independent,policy_role_mean,63.5
Corporate reliance,party,Independent,policy_specific_mean,63.57142857142857
Corporate reliance,party,Independent,trust_multidimensional,66.0
Corporate reliance,party,Independent,trust_post,64.0
Corporate reliance,party,Other,behavior_mean,36.166666666666664
Corporate reliance,party,Other,belief_post,78.0
Corporate reliance,party,Other,concern_mean,65.0
Corporate reliance,party,Other,distrust_post,25.0
Corporate reliance,party,Other,donation_ams,3.5
Corporate reliance,party,Other,funding_perceptions,47.0
Corporate reliance,party,Other,inst_trust_mean,54.2
Corporate reliance,party,Other,newsletter_signup,1.7
Corporate reliance,party,Other,policy_general,65.0
Corporate reliance,party,Other,policy_role_mean,63.0
Corporate reliance,party,Other,policy_specific_mean,65.71428571428571
Corporate reliance,party,Other,trust_multidimensional,64.33333333333333
Corporate reliance,party,Other,trust_post,63.0
Corporate reliance,party,Republican,behavior_mean,31.166666666666668
Corporate reliance,party,Republican,belief_post,55.0
Corporate reliance,party,Republican,concern_mean,36.666666666666664
Corporate reliance,party,Republican,distrust_post,48.0
Corporate reliance,party,Republican,donation_ams,1.2
Corporate reliance,party,Republican,funding_perceptions,32.0
Corporate reliance,party,Republican,inst_trust_mean,37.4
Corporate reliance,party,Republican,newsletter_signup,2.0
Corporate reliance,party,Republican,policy_general,35.0
Corporate reliance,party,Republican,policy_role_mean,47.25
Corporate reliance,party,Republican,policy_specific_mean,44.0
Corporate reliance,party,Republican,trust_multidimensional,49.666666666666664
Corporate reliance,party,Republican,trust_post,42.0
Corporate reliance,race,Asian / Asian American,behavior_mean,41.75
Corporate reliance,race,Asian / Asian American,belief_post,89.6
Corporate reliance,race,Asian / Asian American,concern_mean,75.56666666666666
Corporate reliance,race,Asian / Asian American,distrust_post,16.2
Corporate reliance,race,Asian / Asian American,donation_ams,1.8
Corporate reliance,race,Asian / Asian American,funding_perceptions,64.6
Corporate reliance,race,Asian / Asian American,inst_trust_mean,67.06
Corporate reliance,race,Asian / Asian American,newsletter_signup,1.6
Corporate reliance,race,Asian / Asian American,policy_general,81.2
Corporate reliance,race,Asian / Asian American,policy_role_mean,77.05
Corporate reliance,race,Asian / Asian American,policy_specific_mean,72.0142857142857
Corporate reliance,race,Asian / Asian American,trust_multidimensional,76.31666666666666
Corporate reliance,race,Asian / Asian American,trust_post,73.8
Corporate reliance,race,Black / African American,behavior_mean,43.699999999999996
Corporate reliance,race,Black / African American,belief_post,89.1
Corporate reliance,race,Black / African American,concern_mean,73.8
Corporate reliance,race,Black / African American,distrust_post,18.5
Corporate reliance,race,Black / African American,donation_ams,3.2
Corporate reliance,race,Black / African American,funding_perceptions,61.5
Corporate reliance,race,Black / African American,inst_trust_mean,63.46
Corporate reliance,race,Black / African American,newsletter_signup,1.4
Corporate reliance,race,Black / African American,policy_general,79.4
Corporate reliance,race,Black / African American,policy_role_mean,75.675
Corporate reliance,race,Black / African American,policy_specific_mean,71.15714285714286
Corporate reliance,race,Black / African American,trust_multidimensional,74.66666666666667
Corporate reliance,race,Black / African American,trust_post,70.2
Corporate reliance,race,Hispanic / Latino,behavior_mean,42.4
Corporate reliance,race,Hispanic / Latino,belief_post,86.2
Corporate reliance,race,Hispanic / Latino,concern_mean,73.36666666666667
Corporate reliance,race,Hispanic / Latino,distrust_post,18.5
Corporate reliance,race,Hispanic / Latino,donation_ams,2.15
Corporate reliance,race,Hispanic / Latino,funding_perceptions,63.6
Corporate reliance,race,Hispanic / Latino,inst_trust_mean,63.14
Corporate reliance,race,Hispanic / Latino,newsletter_signup,1.35
Corporate reliance,race,Hispanic / Latino,policy_general,79.5
Corporate reliance,race,Hispanic / Latino,policy_role_mean,71.35
Corporate reliance,race,Hispanic / Latino,policy_specific_mean,68.17142857142858
Corporate reliance,race,Hispanic / Latino,trust_multidimensional,75.29166666666667
Corporate reliance,race,Hispanic / Latino,trust_post,76.2
Corporate reliance,race,Other,behavior_mean,39.0
Corporate reliance,race,Other,belief_post,88.0
Corporate reliance,race,Other,concern_mean,73.0
Corporate reliance,race,Other,distrust_post,20.0
Corporate reliance,race,Other,donation_ams,3.5
Corporate reliance,race,Other,funding_perceptions,58.0
Corporate reliance,race,Other,inst_trust_mean,64.6
Corporate reliance,race,Other,newsletter_signup,1.4
Corporate reliance,race,Other,policy_general,74.0
Corporate reliance,race,Other,policy_role_mean,70.25
Corporate reliance,race,Other,policy_specific_mean,72.0
Corporate reliance,race,Other,trust_multidimensional,69.75
Corporate reliance,race,Other,trust_post,72.0
Corporate reliance,race,White / Caucasian,behavior_mean,35.28333333333333
Corporate reliance,race,White / Caucasian,belief_post,77.5
Corporate reliance,race,White / Caucasian,concern_mean,62.6
Corporate reliance,race,White / Caucasian,distrust_post,30.5
Corporate reliance,race,White / Caucasian,donation_ams,1.4
Corporate reliance,race,White / Caucasian,funding_perceptions,45.8
Corporate reliance,race,White / Caucasian,inst_trust_mean,58.44
Corporate reliance,race,White / Caucasian,newsletter_signup,1.8
Corporate reliance,race,White / Caucasian,policy_general,61.8
Corporate reliance,race,White / Caucasian,policy_role_mean,66.25
Corporate reliance,race,White / Caucasian,policy_specific_mean,63.51428571428572
Corporate reliance,race,White / Caucasian,trust_multidimensional,68.86666666666666
Corporate reliance,race,White / Caucasian,trust_post,68.2
Extreme weather predictions,age_band,18-29,behavior_mean,55.833333333333336
Extreme weather predictions,age_band,18-29,belief_post,90.0
Extreme weather predictions,age_band,18-29,concern_mean,80.0
Extreme weather predictions,age_band,18-29,distrust_post,20.0
Extreme weather predictions,age_band,18-29,donation_ams,2.5
Extreme weather predictions,age_band,18-29,funding_perceptions,65.0
Extreme weather predictions,age_band,18-29,inst_trust_mean,65.0
Extreme weather predictions,age_band,18-29,newsletter_signup,1.4
Extreme weather predictions,age_band,18-29,policy_general,80.0
Extreme weather predictions,age_band,18-29,policy_role_mean,71.25
Extreme weather predictions,age_band,18-29,policy_specific_mean,73.85714285714286
Extreme weather predictions,age_band,18-29,trust_multidimensional,76.66666666666667
Extreme weather predictions,age_band,18-29,trust_post,75.0
Extreme weather predictions,age_band,30-44,behavior_mean,47.166666666666664
Extreme weather predictions,age_band,30-44,belief_post,86.0
Extreme weather predictions,age_band,30-44,concern_mean,71.66666666666667
Extreme weather predictions,age_band,30-44,distrust_post,29.0
Extreme weather predictions,age_band,30-44,donation_ams,3.5
Extreme weather predictions,age_band,30-44,funding_perceptions,62.0
Extreme weather predictions,age_band,30-44,inst_trust_mean,65.8
Extreme weather predictions,age_band,30-44,newsletter_signup,1.4
Extreme weather predictions,age_band,30-44,policy_general,76.0
Extreme weather predictions,age_band,30-44,policy_role_mean,70.75
Extreme weather predictions,age_band,30-44,policy_specific_mean,70.42857142857143
Extreme weather predictions,age_band,30-44,trust_multidimensional,73.16666666666667
Extreme weather predictions,age_band,30-44,trust_post,71.0
Extreme weather predictions,age_band,45-59,behavior_mean,38.166666666666664
Extreme weather predictions,age_band,45-59,belief_post,86.0
Extreme weather predictions,age_band,45-59,concern_mean,67.33333333333333
Extreme weather predictions,age_band,45-59,distrust_post,22.0
Extreme weather predictions,age_band,45-59,donation_ams,2.4
Extreme weather predictions,age_band,45-59,funding_perceptions,58.0
Extreme weather predictions,age_band,45-59,inst_trust_mean,63.2
Extreme weather predictions,age_band,45-59,newsletter_signup,1.85
Extreme weather predictions,age_band,45-59,policy_general,71.0
Extreme weather predictions,age_band,45-59,policy_role_mean,70.0
Extreme weather predictions,age_band,45-59,policy_specific_mean,65.85714285714286
Extreme weather predictions,age_band,45-59,trust_multidimensional,72.41666666666667
Extreme weather predictions,age_band,45-59,trust_post,70.0
Extreme weather predictions,age_band,60+,behavior_mean,33.0
Extreme weather predictions,age_band,60+,belief_post,72.0
Extreme weather predictions,age_band,60+,concern_mean,51.666666666666664
Extreme weather predictions,age_band,60+,distrust_post,18.0
Extreme weather predictions,age_band,60+,donation_ams,1.5
Extreme weather predictions,age_band,60+,funding_perceptions,45.0
Extreme weather predictions,age_band,60+,inst_trust_mean,53.0
Extreme weather predictions,age_band,60+,newsletter_signup,1.8
Extreme weather predictions,age_band,60+,policy_general,60.0
Extreme weather predictions,age_band,60+,policy_role_mean,60.5
Extreme weather predictions,age_band,60+,policy_specific_mean,59.714285714285715
Extreme weather predictions,age_band,60+,trust_multidimensional,63.75
Extreme weather predictions,age_band,60+,trust_post,62.0
Extreme weather predictions,education,Bachelor's degree,behavior_mean,50.5
Extreme weather predictions,education,Bachelor's degree,belief_post,88.0
Extreme weather predictions,education,Bachelor's degree,concern_mean,72.0
Extreme weather predictions,education,Bachelor's degree,distrust_post,25.0
Extreme weather predictions,education,Bachelor's degree,donation_ams,2.5
Extreme weather predictions,education,Bachelor's degree,funding_perceptions,65.0
Extreme weather predictions,education,Bachelor's degree,inst_trust_mean,68.4
Extreme weather predictions,education,Bachelor's degree,newsletter_signup,1.4
Extreme weather predictions,education,Bachelor's degree,policy_general,78.0
Extreme weather predictions,education,Bachelor's degree,policy_role_mean,71.25
Extreme weather predictions,education,Bachelor's degree,policy_specific_mean,74.0
Extreme weather predictions,education,Bachelor's degree,trust_multidimensional,75.08333333333333
Extreme weather predictions,education,Bachelor's degree,trust_post,70.0
Extreme weather predictions,education,Doctorate degree / Ph.D.,behavior_mean,54.35
Extreme weather predictions,education,Doctorate degree / Ph.D.,belief_post,94.6
Extreme weather predictions,education,Doctorate degree / Ph.D.,concern_mean,78.83333333333333
Extreme weather predictions,education,Doctorate degree / Ph.D.,distrust_post,11.2
Extreme weather predictions,education,Doctorate degree / Ph.D.,donation_ams,3.2
Extreme weather predictions,education,Doctorate degree / Ph.D.,funding_perceptions,65.5
Extreme weather predictions,education,Doctorate degree / Ph.D.,inst_trust_mean,74.86
Extreme weather predictions,education,Doctorate degree / Ph.D.,newsletter_signup,1.4
Extreme weather predictions,education,Doctorate degree / Ph.D.,policy_general,78.2
Extreme weather predictions,education,Doctorate degree / Ph.D.,policy_role_mean,76.325
Extreme weather predictions,education,Doctorate degree / Ph.D.,policy_specific_mean,75.27142857142857
Extreme weather predictions,education,Doctorate degree / Ph.D.,trust_multidimensional,81.53333333333333
Extreme weather predictions,education,Doctorate degree / Ph.D.,trust_post,82.4
Extreme weather predictions,education,High school diploma / GED,behavior_mean,35.5
Extreme weather predictions,education,High school diploma / GED,belief_post,75.0
Extreme weather predictions,education,High school diploma / GED,concern_mean,61.0
Extreme weather predictions,education,High school diploma / GED,distrust_post,28.0
Extreme weather predictions,education,High school diploma / GED,donation_ams,1.5
Extreme weather predictions,education,High school diploma / GED,funding_perceptions,55.0
Extreme weather predictions,education,High school diploma / GED,inst_trust_mean,57.2
Extreme weather predictions,education,High school diploma / GED,newsletter_signup,1.4
Extreme weather predictions,education,High school diploma / GED,policy_general,72.0
Extreme weather predictions,education,High school diploma / GED,policy_role_mean,70.5
Extreme weather predictions,education,High school diploma / GED,policy_specific_mean,64.0
Extreme weather predictions,education,High school diploma / GED,trust_multidimensional,68.375
Extreme weather predictions,education,High school diploma / GED,trust_post,62.0
Extreme weather predictions,education,Less than high school,behavior_mean,27.5
Extreme weather predictions,education,Less than high school,belief_post,53.0
Extreme weather predictions,education,Less than high school,concern_mean,43.333333333333336
Extreme weather predictions,education,Less than high school,distrust_post,30.0
Extreme weather predictions,education,Less than high school,donation_ams,1.2
Extreme weather predictions,education,Less than high school,funding_perceptions,45.0
Extreme weather predictions,education,Less than high school,inst_trust_mean,41.6
Extreme weather predictions,education,Less than high school,newsletter_signup,1.85
Extreme weather predictions,education,Less than high school,policy_general,48.0
Extreme weather predictions,education,Less than high school,policy_role_mean,50.0
Extreme weather predictions,education,Less than high school,policy_specific_mean,52.142857142857146
Extreme weather predictions,education,Less than high school,trust_multidimensional,51.083333333333336
Extreme weather predictions,education,Less than high school,trust_post,45.0
Extreme weather predictions,education,Master's degree / Professional degree,behavior_mean,51.666666666666664
Extreme weather predictions,education,Master's degree / Professional degree,belief_post,90.0
Extreme weather predictions,education,Master's degree / Professional degree,concern_mean,75.33333333333333
Extreme weather predictions,education,Master's degree / Professional degree,distrust_post,15.0
Extreme weather predictions,education,Master's degree / Professional degree,donation_ams,3.5
Extreme weather predictions,education,Master's degree / Professional degree,funding_perceptions,65.0
Extreme weather predictions,education,Master's degree / Professional degree,inst_trust_mean,71.2
Extreme weather predictions,education,Master's degree / Professional degree,newsletter_signup,1.4
Extreme weather predictions,education,Master's degree / Professional degree,policy_general,82.0
Extreme weather predictions,education,Master's degree / Professional degree,policy_role_mean,75.25
Extreme weather predictions,education,Master's degree / Professional degree,policy_specific_mean,72.71428571428571
Extreme weather predictions,education,Master's degree / Professional degree,trust_multidimensional,78.33333333333333
Extreme weather predictions,education,Master's degree / Professional degree,trust_post,77.0
Extreme weather predictions,education,Some college or Associate's degree,behavior_mean,38.1
Extreme weather predictions,education,Some college or Associate's degree,belief_post,83.4
Extreme weather predictions,education,Some college or Associate's degree,concern_mean,70.33333333333333
Extreme weather predictions,education,Some college or Associate's degree,distrust_post,14.8
Extreme weather predictions,education,Some college or Associate's degree,donation_ams,2.4
Extreme weather predictions,education,Some college or Associate's degree,funding_perceptions,63.5
Extreme weather predictions,education,Some college or Associate's degree,inst_trust_mean,63.02
Extreme weather predictions,education,Some college or Associate's degree,newsletter_signup,1.3
Extreme weather predictions,education,Some college or Associate's degree,policy_general,71.2
Extreme weather predictions,education,Some college or Associate's degree,policy_role_mean,66.7
Extreme weather predictions,education,Some college or Associate's degree,policy_specific_mean,65.3
Extreme weather predictions,education,Some college or Associate's degree,trust_multidimensional,68.83333333333333
Extreme weather predictions,education,Some college or Associate's degree,trust_post,66.2
Extreme weather predictions,gender,Female,behavior_mean,47.333333333333336
Extreme weather predictions,gender,Female,belief_post,88.0
Extreme weather predictions,gender,Female,concern_mean,77.66666666666667
Extreme weather predictions,gender,Female,distrust_post,18.0
Extreme weather predictions,gender,Female,donation_ams,3.0
Extreme weather predictions,gender,Female,funding_perceptions,65.0
Extreme weather predictions,gender,Female,inst_trust_mean,66.0
Extreme weather predictions,gender,Female,newsletter_signup,1.55
Extreme weather predictions,gender,Female,policy_general,78.0
Extreme weather predictions,gender,Female,policy_role_mean,70.25
Extreme weather predictions,gender,Female,policy_specific_mean,71.0
Extreme weather predictions,gender,Female,trust_multidimensional,77.75
Extreme weather predictions,gender,Female,trust_post,76.0
Extreme weather predictions,gender,Male,behavior_mean,35.666666666666664
Extreme weather predictions,gender,Male,belief_post,84.0
Extreme weather predictions,gender,Male,concern_mean,63.666666666666664
Extreme weather predictions,gender,Male,distrust_post,22.0
Extreme weather predictions,gender,Male,donation_ams,2.5
Extreme weather predictions,gender,Male,funding_perceptions,58.0
Extreme weather predictions,gender,Male,inst_trust_mean,61.0
Extreme weather predictions,gender,Male,newsletter_signup,1.6
Extreme weather predictions,gender,Male,policy_general,71.0
Extreme weather predictions,gender,Male,policy_role_mean,69.25
Extreme weather predictions,gender,Male,policy_specific_mean,64.71428571428571
Extreme weather predictions,gender,Male,trust_multidimensional,71.66666666666667
Extreme weather predictions,gender,Male,trust_post,72.0
Extreme weather predictions,gender,Other,behavior_mean,39.666666666666664
Extreme weather predictions,gender,Other,belief_post,87.0
Extreme weather predictions,gender,Other,concern_mean,72.33333333333333
Extreme weather predictions,gender,Other,distrust_post,18.0
Extreme weather predictions,gender,Other,donation_ams,1.2
Extreme weather predictions,gender,Other,funding_perceptions,64.0
Extreme weather predictions,gender,Other,inst_trust_mean,64.4
Extreme weather predictions,gender,Other,newsletter_signup,1.6
Extreme weather predictions,gender,Other,policy_general,73.0
Extreme weather predictions,gender,Other,policy_role_mean,69.75
Extreme weather predictions,gender,Other,policy_specific_mean,67.0
Extreme weather predictions,gender,Other,trust_multidimensional,70.16666666666667
Extreme weather predictions,gender,Other,trust_post,70.0
Extreme weather predictions,income,"$100,000 to $167,999",behavior_mean,44.78333333333333
Extreme weather predictions,income,"$100,000 to $167,999",belief_post,89.6
Extreme weather predictions,income,"$100,000 to $167,999",concern_mean,68.66666666666667
Extreme weather predictions,income,"$100,000 to $167,999",distrust_post,14.2
Extreme weather predictions,income,"$100,000 to $167,999",donation_ams,3.4
Extreme weather predictions,income,"$100,000 to $167,999",funding_perceptions,57.7
Extreme weather predictions,income,"$100,000 to $167,999",inst_trust_mean,66.72
Extreme weather predictions,income,"$100,000 to $167,999",newsletter_signup,1.5
Extreme weather predictions,income,"$100,000 to $167,999",policy_general,76.8
Extreme weather predictions,income,"$100,000 to $167,999",policy_role_mean,69.975
Extreme weather predictions,income,"$100,000 to $167,999",policy_specific_mean,69.47142857142858
Extreme weather predictions,income,"$100,000 to $167,999",trust_multidimensional,76.43333333333334
Extreme weather predictions,income,"$100,000 to $167,999",trust_post,74.1
Extreme weather predictions,income,"$168,000 or more",behavior_mean,47.96666666666667
Extreme weather predictions,income,"$168,000 or more",belief_post,89.5
Extreme weather predictions,income,"$168,000 or more",concern_mean,76.13333333333334
Extreme weather predictions,income,"$168,000 or more",distrust_post,11.5
Extreme weather predictions,income,"$168,000 or more",donation_ams,3.2
Extreme weather predictions,income,"$168,000 or more",funding_perceptions,65.8
Extreme weather predictions,income,"$168,000 or more",inst_trust_mean,68.44
Extreme weather predictions,income,"$168,000 or more",newsletter_signup,1.35
Extreme weather predictions,income,"$168,000 or more",policy_general,77.4
Extreme weather predictions,income,"$168,000 or more",policy_role_mean,71.45
Extreme weather predictions,income,"$168,000 or more",policy_specific_mean,73.7
Extreme weather predictions,income,"$168,000 or more",trust_multidimensional,75.86666666666666
Extreme weather predictions,income,"$168,000 or more",trust_post,78.9
Extreme weather predictions,income,"$30,000 to $55,999",behavior_mean,37.5
Extreme weather predictions,income,"$30,000 to $55,999",belief_post,80.0
Extreme weather predictions,income,"$30,000 to $55,999",concern_mean,71.0
Extreme weather predictions,income,"$30,000 to $55,999",distrust_post,20.0
Extreme weather predictions,income,"$30,000 to $55,999",donation_ams,1.5
Extreme weather predictions,income,"$30,000 to $55,999",funding_perceptions,60.0
Extreme weather predictions,income,"$30,000 to $55,999",inst_trust_mean,63.2
Extreme weather predictions,income,"$30,000 to $55,999",newsletter_signup,1.7
Extreme weather predictions,income,"$30,000 to $55,999",policy_general,72.0
Extreme weather predictions,income,"$30,000 to $55,999",policy_role_mean,69.5
Extreme weather predictions,income,"$30,000 to $55,999",policy_specific_mean,65.0
Extreme weather predictions,income,"$30,000 to $55,999",trust_multidimensional,67.58333333333333
Extreme weather predictions,income,"$30,000 to $55,999",trust_post,65.0
Extreme weather predictions,income,"$56,000 to $99,999",behavior_mean,40.833333333333336
Extreme weather predictions,income,"$56,000 to $99,999",belief_post,82.0
Extreme weather predictions,income,"$56,000 to $99,999",concern_mean,67.66666666666667
Extreme weather predictions,income,"$56,000 to $99,999",distrust_post,22.0
Extreme weather predictions,income,"$56,000 to $99,999",donation_ams,1.2
Extreme weather predictions,income,"$56,000 to $99,999",funding_perceptions,65.0
Extreme weather predictions,income,"$56,000 to $99,999",inst_trust_mean,66.0
Extreme weather predictions,income,"$56,000 to $99,999",newsletter_signup,1.7
Extreme weather predictions,income,"$56,000 to $99,999",policy_general,68.0
Extreme weather predictions,income,"$56,000 to $99,999",policy_role_mean,68.5
Extreme weather predictions,income,"$56,000 to $99,999",policy_specific_mean,65.0
Extreme weather predictions,income,"$56,000 to $99,999",trust_multidimensional,70.25
Extreme weather predictions,income,"$56,000 to $99,999",trust_post,68.0
Extreme weather predictions,income,"Less than $30,000",behavior_mean,35.666666666666664
Extreme weather predictions,income,"Less than $30,000",belief_post,71.0
Extreme weather predictions,income,"Less than $30,000",concern_mean,56.333333333333336
Extreme weather predictions,income,"Less than $30,000",distrust_post,26.0
Extreme weather predictions,income,"Less than $30,000",donation_ams,1.5
Extreme weather predictions,income,"Less than $30,000",funding_perceptions,52.0
Extreme weather predictions,income,"Less than $30,000",inst_trust_mean,44.6
Extreme weather predictions,income,"Less than $30,000",newsletter_signup,1.8
Extreme weather predictions,income,"Less than $30,000",policy_general,61.0
Extreme weather predictions,income,"Less than $30,000",policy_role_mean,64.0
Extreme weather predictions,income,"Less than $30,000",policy_specific_mean,60.714285714285715
Extreme weather predictions,income,"Less than $30,000",trust_multidimensional,59.166666666666664
Extreme weather predictions,income,"Less than $30,000",trust_post,54.0
Extreme weather predictions,party,Democrat,behavior_mean,54.5
Extreme weather predictions,party,Democrat,belief_post,92.5
Extreme weather predictions,party,Democrat,concern_mean,81.33333333333333
Extreme weather predictions,party,Democrat,distrust_post,14.0
Extreme weather predictions,party,Democrat,donation_ams,2.5
Extreme weather predictions,party,Democrat,funding_perceptions,68.0
Extreme weather predictions,party,Democrat,inst_trust_mean,75.4
Extreme weather predictions,party,Democrat,newsletter_signup,1.6
Extreme weather predictions,party,Democrat,policy_general,86.0
Extreme weather predictions,party,Democrat,policy_role_mean,75.25
Extreme weather predictions,party,Democrat,policy_specific_mean,79.71428571428571
Extreme weather predictions,party,Democrat,trust_multidimensional,77.75
Extreme weather predictions,party,Democrat,trust_post,79.0
Extreme weather predictions,party,Independent,behavior_mean,33.166666666666664
Extreme weather predictions,party,Independent,belief_post,74.0
Extreme weather predictions,party,Independent,concern_mean,60.666666666666664
Extreme weather predictions,party,Independent,distrust_post,28.0
Extreme weather predictions,party,Independent,donation_ams,1.2
Extreme weather predictions,party,Independent,funding_perceptions,55.0
Extreme weather predictions,party,Independent,inst_trust_mean,58.8
Extreme weather predictions,party,Independent,newsletter_signup,1.75
Extreme weather predictions,party,Independent,policy_general,61.0
Extreme weather predictions,party,Independent,policy_role_mean,59.5
Extreme weather predictions,party,Independent,policy_specific_mean,63.285714285714285
Extreme weather predictions,party,Independent,trust_multidimensional,64.66666666666667
Extreme weather predictions,party,Independent,trust_post,62.0
Extreme weather predictions,party,Other,behavior_mean,38.35
Extreme weather predictions,party,Other,belief_post,76.4
Extreme weather predictions,party,Other,concern_mean,58.86666666666667
Extreme weather predictions,party,Other,distrust_post,34.2
Extreme weather predictions,party,Other,donation_ams,1.2
Extreme weather predictions,party,Other,funding_perceptions,55.5
Extreme weather predictions,party,Other,inst_trust_mean,58.9
Extreme weather predictions,party,Other,newsletter_signup,1.6
Extreme weather predictions,party,Other,policy_general,58.2
Extreme weather predictions,party,Other,policy_role_mean,59.05
Extreme weather predictions,party,Other,policy_specific_mean,61.2
Extreme weather predictions,party,Other,trust_multidimensional,64.425
Extreme weather predictions,party,Other,trust_post,62.8
Extreme weather predictions,party,Republican,behavior_mean,26.333333333333332
Extreme weather predictions,party,Republican,belief_post,42.0
Extreme weather predictions,party,Republican,concern_mean,36.666666666666664
Extreme weather predictions,party,Republican,distrust_post,45.0
Extreme weather predictions,party,Republican,donation_ams,1.2
Extreme weather predictions,party,Republican,funding_perceptions,40.0
Extreme weather predictions,party,Republican,inst_trust_mean,33.6
Extreme weather predictions,party,Republican,newsletter_signup,1.8
Extreme weather predictions,party,Republican,policy_general,35.0
Extreme weather predictions,party,Republican,policy_role_mean,41.75
Extreme weather predictions,party,Republican,policy_specific_mean,43.42857142857143
Extreme weather predictions,party,Republican,trust_multidimensional,42.583333333333336
Extreme weather predictions,party,Republican,trust_post,35.0
Extreme weather predictions,race,Asian / Asian American,behavior_mean,46.0
Extreme weather predictions,race,Asian / Asian American,belief_post,86.0
Extreme weather predictions,race,Asian / Asian American,concern_mean,70.66666666666667
Extreme weather predictions,race,Asian / Asian American,distrust_post,18.0
Extreme weather predictions,race,Asian / Asian American,donation_ams,2.2
Extreme weather predictions,race,Asian / Asian American,funding_perceptions,65.0
Extreme weather predictions,race,Asian / Asian American,inst_trust_mean,68.2
Extreme weather predictions,race,Asian / Asian American,newsletter_signup,1.8
Extreme weather predictions,race,Asian / Asian American,policy_general,82.0
Extreme weather predictions,race,Asian / Asian American,policy_role_mean,75.5
Extreme weather predictions,race,Asian / Asian American,policy_specific_mean,72.57142857142857
Extreme weather predictions,race,Asian / Asian American,trust_multidimensional,73.91666666666667
Extreme weather predictions,race,Asian / Asian American,trust_post,74.0
Extreme weather predictions,race,Black / African American,behavior_mean,44.166666666666664
Extreme weather predictions,race,Black / African American,belief_post,82.0
Extreme weather predictions,race,Black / African American,concern_mean,74.33333333333333
Extreme weather predictions,race,Black / African American,distrust_post,28.0
Extreme weather predictions,race,Black / African American,donation_ams,2.5
Extreme weather predictions,race,Black / African American,funding_perceptions,70.0
Extreme weather predictions,race,Black / African American,inst_trust_mean,56.8
Extreme weather predictions,race,Black / African American,newsletter_signup,1.65
Extreme weather predictions,race,Black / African American,policy_general,78.0
Extreme weather predictions,race,Black / African American,policy_role_mean,72.5
Extreme weather predictions,race,Black / African American,policy_specific_mean,70.14285714285714
Extreme weather predictions,race,Black / African American,trust_multidimensional,71.97500000000001
Extreme weather predictions,race,Black / African American,trust_post,72.0
Extreme weather predictions,race,Hispanic / Latino,behavior_mean,40.333333333333336
Extreme weather predictions,race,Hispanic / Latino,belief_post,86.0
Extreme weather predictions,race,Hispanic / Latino,concern_mean,72.0
Extreme weather predictions,race,Hispanic / Latino,distrust_post,25.0
Extreme weather predictions,race,Hispanic / Latino,donation_ams,1.2
Extreme weather predictions,race,Hispanic / Latino,funding_perceptions,60.0
Extreme weather predictions,race,Hispanic / Latino,inst_trust_mean,61.8
Extreme weather predictions,race,Hispanic / Latino,newsletter_signup,1.8
Extreme weather predictions,race,Hispanic / Latino,policy_general,70.0
Extreme weather predictions,race,Hispanic / Latino,policy_role_mean,69.75
Extreme weather predictions,race,Hispanic / Latino,policy_specific_mean,67.42857142857143
Extreme weather predictions,race,Hispanic / Latino,trust_multidimensional,70.66666666666667
Extreme weather predictions,race,Hispanic / Latino,trust_post,70.0
Extreme weather predictions,race,Other,behavior_mean,38.550000000000004
Extreme weather predictions,race,Other,belief_post,84.3
Extreme weather predictions,race,Other,concern_mean,68.8
Extreme weather predictions,race,Other,distrust_post,28.5
Extreme weather predictions,race,Other,donation_ams,2.4
Extreme weather predictions,race,Other,funding_perceptions,58.5
Extreme weather predictions,race,Other,inst_trust_mean,62.8
Extreme weather predictions,race,Other,newsletter_signup,1.7
Extreme weather predictions,race,Other,policy_general,68.7
Extreme weather predictions,race,Other,policy_role_mean,68.475
Extreme weather predictions,race,Other,policy_specific_mean,66.85714285714286
Extreme weather predictions,race,Other,trust_multidimensional,71.72500000000001
Extreme weather predictions,race,Other,trust_post,71.2
Extreme weather predictions,race,White / Caucasian,behavior_mean,39.6
Extreme weather predictions,race,White / Caucasian,belief_post,74.8
Extreme weather predictions,race,White / Caucasian,concern_mean,59.166666666666664
Extreme weather predictions,race,White / Caucasian,distrust_post,27.5
Extreme weather predictions,race,White / Caucasian,donation_ams,1.2
Extreme weather predictions,race,White / Caucasian,funding_perceptions,53.8
Extreme weather predictions,race,White / Caucasian,inst_trust_mean,53.6
Extreme weather predictions,race,White / Caucasian,newsletter_signup,1.3
Extreme weather predictions,race,White / Caucasian,policy_general,58.4
Extreme weather predictions,race,White / Caucasian,policy_role_mean,61.7
Extreme weather predictions,race,White / Caucasian,policy_specific_mean,65.27142857142857
Extreme weather predictions,race,White / Caucasian,trust_multidimensional,65.26666666666667
Extreme weather predictions,race,White / Caucasian,trust_post,62.5
Former skeptics,age_band,18-29,behavior_mean,61.46666666666667
Former skeptics,age_band,18-29,belief_post,91.2
Former skeptics,age_band,18-29,concern_mean,82.16666666666667
Former skeptics,age_band,18-29,distrust_post,18.5
Former skeptics,age_band,18-29,donation_ams,3.2
Former skeptics,age_band,18-29,funding_perceptions,61.6
Former skeptics,age_band,18-29,inst_trust_mean,67.08
Former skeptics,age_band,18-29,newsletter_signup,1.4
Former skeptics,age_band,18-29,policy_general,83.5
Former skeptics,age_band,18-29,policy_role_mean,75.80000000000001
Former skeptics,age_band,18-29,policy_specific_mean,77.75714285714285
Former skeptics,age_band,18-29,trust_multidimensional,76.21666666666667
Former skeptics,age_band,18-29,trust_post,76.2
Former skeptics,age_band,30-44,behavior_mean,37.06666666666667
Former skeptics,age_band,30-44,belief_post,84.6
Former skeptics,age_band,30-44,concern_mean,70.13333333333334
Former skeptics,age_band,30-44,distrust_post,22.1
Former skeptics,age_band,30-44,donation_ams,0.8
Former skeptics,age_band,30-44,funding_perceptions,61.6
Former skeptics,age_band,30-44,inst_trust_mean,62.720000000000006
Former skeptics,age_band,30-44,newsletter_signup,1.4
Former skeptics,age_band,30-44,policy_general,72.3
Former skeptics,age_band,30-44,policy_role_mean,71.025
Former skeptics,age_band,30-44,policy_specific_mean,67.5
Former skeptics,age_band,30-44,trust_multidimensional,69.26666666666667
Former skeptics,age_band,30-44,trust_post,70.5
Former skeptics,age_band,45-59,behavior_mean,40.166666666666664
Former skeptics,age_band,45-59,belief_post,77.0
Former skeptics,age_band,45-59,concern_mean,65.33333333333333
Former skeptics,age_band,45-59,distrust_post,22.0
Former skeptics,age_band,45-59,donation_ams,2.4
Former skeptics,age_band,45-59,funding_perceptions,54.0
Former skeptics,age_band,45-59,inst_trust_mean,61.8
Former skeptics,age_band,45-59,newsletter_signup,1.7
Former skeptics,age_band,45-59,policy_general,65.0
Former skeptics,age_band,45-59,policy_role_mean,69.5
Former skeptics,age_band,45-59,policy_specific_mean,65.28571428571429
Former skeptics,age_band,45-59,trust_multidimensional,70.16666666666667
Former skeptics,age_band,45-59,trust_post,68.0
Former skeptics,age_band,60+,behavior_mean,33.833333333333336
Former skeptics,age_band,60+,belief_post,80.0
Former skeptics,age_band,60+,concern_mean,61.666666666666664
Former skeptics,age_band,60+,distrust_post,25.0
Former skeptics,age_band,60+,donation_ams,2.0
Former skeptics,age_band,60+,funding_perceptions,55.0
Former skeptics,age_band,60+,inst_trust_mean,59.2
Former skeptics,age_band,60+,newsletter_signup,1.8
Former skeptics,age_band,60+,policy_general,68.0
Former skeptics,age_band,60+,policy_role_mean,66.25
Former skeptics,age_band,60+,policy_specific_mean,63.57142857142857
Former skeptics,age_band,60+,trust_multidimensional,66.91666666666667
Former skeptics,age_band,60+,trust_post,65.0
Former skeptics,education,Bachelor's degree,behavior_mean,41.766666666666666
Former skeptics,education,Bachelor's degree,belief_post,89.4
Former skeptics,education,Bachelor's degree,concern_mean,72.16666666666667
Former skeptics,education,Bachelor's degree,distrust_post,14.8
Former skeptics,education,Bachelor's degree,donation_ams,1.8
Former skeptics,education,Bachelor's degree,funding_perceptions,67.5
Former skeptics,education,Bachelor's degree,inst_trust_mean,68.08
Former skeptics,education,Bachelor's degree,newsletter_signup,1.3
Former skeptics,education,Bachelor's degree,policy_general,74.1
Former skeptics,education,Bachelor's degree,policy_role_mean,71.075
Former skeptics,education,Bachelor's degree,policy_specific_mean,68.44285714285715
Former skeptics,education,Bachelor's degree,trust_multidimensional,76.8
Former skeptics,education,Bachelor's degree,trust_post,76.2
Former skeptics,education,Doctorate degree / Ph.D.,behavior_mean,54.0
Former skeptics,education,Doctorate degree / Ph.D.,belief_post,93.0
Former skeptics,education,Doctorate degree / Ph.D.,concern_mean,81.66666666666667
Former skeptics,education,Doctorate degree / Ph.D.,distrust_post,12.0
Former skeptics,education,Doctorate degree / Ph.D.,donation_ams,3.5
Former skeptics,education,Doctorate degree / Ph.D.,funding_perceptions,68.0
Former skeptics,education,Doctorate degree / Ph.D.,inst_trust_mean,75.6
Former skeptics,education,Doctorate degree / Ph.D.,newsletter_signup,1.4
Former skeptics,education,Doctorate degree / Ph.D.,policy_general,84.0
Former skeptics,education,Doctorate degree / Ph.D.,policy_role_mean,80.0
Former skeptics,education,Doctorate degree / Ph.D.,policy_specific_mean,76.85714285714286
Former skeptics,education,Doctorate degree / Ph.D.,trust_multidimensional,79.75
Former skeptics,education,Doctorate degree / Ph.D.,trust_post,82.0
Former skeptics,education,High school diploma / GED,behavior_mean,37.0
Former skeptics,education,High school diploma / GED,belief_post,67.0
Former skeptics,education,High school diploma / GED,concern_mean,59.0
Former skeptics,education,High school diploma / GED,distrust_post,44.0
Former skeptics,education,High school diploma / GED,donation_ams,1.5
Former skeptics,education,High school diploma / GED,funding_perceptions,48.0
Former skeptics,education,High school diploma / GED,inst_trust_mean,54.2
Former skeptics,education,High school diploma / GED,newsletter_signup,1.3
Former skeptics,education,High school diploma / GED,policy_general,58.0
Former skeptics,education,High school diploma / GED,policy_role_mean,60.25
Former skeptics,education,High school diploma / GED,policy_specific_mean,61.57142857142857
Former skeptics,education,High school diploma / GED,trust_multidimensional,60.833333333333336
Former skeptics,education,High school diploma / GED,trust_post,56.0
Former skeptics,education,Less than high school,behavior_mean,27.5
Former skeptics,education,Less than high school,belief_post,59.0
Former skeptics,education,Less than high school,concern_mean,47.666666666666664
Former skeptics,education,Less than high school,distrust_post,44.0
Former skeptics,education,Less than high school,donation_ams,0.6
Former skeptics,education,Less than high school,funding_perceptions,50.0
Former skeptics,education,Less than high school,inst_trust_mean,43.4
Former skeptics,education,Less than high school,newsletter_signup,1.2
Former skeptics,education,Less than high school,policy_general,53.0
Former skeptics,education,Less than high school,policy_role_mean,52.5
Former skeptics,education,Less than high school,policy_specific_mean,55.57142857142857
Former skeptics,education,Less than high school,trust_multidimensional,51.333333333333336
Former skeptics,education,Less than high school,trust_post,51.0
Former skeptics,education,Master's degree / Professional degree,behavior_mean,53.333333333333336
Former skeptics,education,Master's degree / Professional degree,belief_post,88.0
Former skeptics,education,Master's degree / Professional degree,concern_mean,75.0
Former skeptics,education,Master's degree / Professional degree,distrust_post,18.0
Former skeptics,education,Master's degree / Professional degree,donation_ams,3.5
Former skeptics,education,Master's degree / Professional degree,funding_perceptions,65.0
Former skeptics,education,Master's degree / Professional degree,inst_trust_mean,68.2
Former skeptics,education,Master's degree / Professional degree,newsletter_signup,1.4
Former skeptics,education,Master's degree / Professional degree,policy_general,76.0
Former skeptics,education,Master's degree / Professional degree,policy_role_mean,73.75
Former skeptics,education,Master's degree / Professional degree,policy_specific_mean,71.28571428571429
Former skeptics,education,Master's degree / Professional degree,trust_multidimensional,76.41666666666667
Former skeptics,education,Master's degree / Professional degree,trust_post,78.0
Former skeptics,education,Some college or Associate's degree,behavior_mean,36.96666666666667
Former skeptics,education,Some college or Associate's degree,belief_post,82.3
Former skeptics,education,Some college or Associate's degree,concern_mean,68.7
Former skeptics,education,Some college or Associate's degree,distrust_post,21.9
Former skeptics,education,Some college or Associate's degree,donation_ams,1.2
Former skeptics,education,Some college or Associate's degree,funding_perceptions,57.5
Former skeptics,education,Some college or Associate's degree,inst_trust_mean,63.67999999999999
Former skeptics,education,Some college or Associate's degree,newsletter_signup,1.8
Former skeptics,education,Some college or Associate's degree,policy_general,67.4
Former skeptics,education,Some college or Associate's degree,policy_role_mean,68.475
Former skeptics,education,Some college or Associate's degree,policy_specific_mean,67.77142857142857
Former skeptics,education,Some college or Associate's degree,trust_multidimensional,68.06666666666666
Former skeptics,education,Some college or Associate's degree,trust_post,68.1
Former skeptics,gender,Female,behavior_mean,42.166666666666664
Former skeptics,gender,Female,belief_post,85.0
Former skeptics,gender,Female,concern_mean,74.0
Former skeptics,gender,Female,distrust_post,27.0
Former skeptics,gender,Female,donation_ams,1.5
Former skeptics,gender,Female,funding_perceptions,62.0
Former skeptics,gender,Female,inst_trust_mean,64.8
Former skeptics,gender,Female,newsletter_signup,1.1
Former skeptics,gender,Female,policy_general,77.0
Former skeptics,gender,Female,policy_role_mean,70.0
Former skeptics,gender,Female,policy_specific_mean,68.14285714285714
Former skeptics,gender,Female,trust_multidimensional,71.25
Former skeptics,gender,Female,trust_post,73.0
Former skeptics,gender,Male,behavior_mean,37.166666666666664
Former skeptics,gender,Male,belief_post,80.0
Former skeptics,gender,Male,concern_mean,60.0
Former skeptics,gender,Male,distrust_post,32.0
Former skeptics,gender,Male,donation_ams,2.5
Former skeptics,gender,Male,funding_perceptions,48.0
Former skeptics,gender,Male,inst_trust_mean,56.2
Former skeptics,gender,Male,newsletter_signup,1.7
Former skeptics,gender,Male,policy_general,65.0
Former skeptics,gender,Male,policy_role_mean,65.0
Former skeptics,gender,Male,policy_specific_mean,62.714285714285715
Former skeptics,gender,Male,trust_multidimensional,67.66666666666667
Former skeptics,gender,Male,trust_post,68.0
Former skeptics,gender,Other,behavior_mean,40.333333333333336
Former skeptics,gender,Other,belief_post,82.0
Former skeptics,gender,Other,concern_mean,70.66666666666667
Former skeptics,gender,Other,distrust_post,22.0
Former skeptics,gender,Other,donation_ams,3.0
Former skeptics,gender,Other,funding_perceptions,65.0
Former skeptics,gender,Other,inst_trust_mean,66.6
Former skeptics,gender,Other,newsletter_signup,1.7
Former skeptics,gender,Other,policy_general,74.0
Former skeptics,gender,Other,policy_role_mean,69.0
Former skeptics,gender,Other,policy_specific_mean,66.0
Former skeptics,gender,Other,trust_multidimensional,74.25
Former skeptics,gender,Other,trust_post,72.0
Former skeptics,income,"$100,000 to $167,999",behavior_mean,51.0
Former skeptics,income,"$100,000 to $167,999",belief_post,86.0
Former skeptics,income,"$100,000 to $167,999",concern_mean,72.33333333333333
Former skeptics,income,"$100,000 to $167,999",distrust_post,25.0
Former skeptics,income,"$100,000 to $167,999",donation_ams,3.2
Former skeptics,income,"$100,000 to $167,999",funding_perceptions,60.0
Former skeptics,income,"$100,000 to $167,999",inst_trust_mean,67.8
Former skeptics,income,"$100,000 to $167,999",newsletter_signup,1.5
Former skeptics,income,"$100,000 to $167,999",policy_general,72.0
Former skeptics,income,"$100,000 to $167,999",policy_role_mean,70.0
Former skeptics,income,"$100,000 to $167,999",policy_specific_mean,70.42857142857143
Former skeptics,income,"$100,000 to $167,999",trust_multidimensional,70.91666666666667
Former skeptics,income,"$100,000 to $167,999",trust_post,72.0
Former skeptics,income,"$168,000 or more",behavior_mean,42.833333333333336
Former skeptics,income,"$168,000 or more",belief_post,86.0
Former skeptics,income,"$168,000 or more",concern_mean,74.0
Former skeptics,income,"$168,000 or more",distrust_post,12.0
Former skeptics,income,"$168,000 or more",donation_ams,4.0
Former skeptics,income,"$168,000 or more",funding_perceptions,60.0
Former skeptics,income,"$168,000 or more",inst_trust_mean,68.8
Former skeptics,income,"$168,000 or more",newsletter_signup,1.5
Former skeptics,income,"$168,000 or more",policy_general,68.0
Former skeptics,income,"$168,000 or more",policy_role_mean,71.5
Former skeptics,income,"$168,000 or more",policy_specific_mean,70.85714285714286
Former skeptics,income,"$168,000 or more",trust_multidimensional,73.66666666666667
Former skeptics,income,"$168,000 or more",trust_post,73.0
Former skeptics,income,"$30,000 to $55,999",behavior_mean,33.0
Former skeptics,income,"$30,000 to $55,999",belief_post,78.0
Former skeptics,income,"$30,000 to $55,999",concern_mean,63.333333333333336
Former skeptics,income,"$30,000 to $55,999",distrust_post,30.0
Former skeptics,income,"$30,000 to $55,999",donation_ams,1.5
Former skeptics,income,"$30,000 to $55,999",funding_perceptions,48.0
Former skeptics,income,"$30,000 to $55,999",inst_trust_mean,59.0
Former skeptics,income,"$30,000 to $55,999",newsletter_signup,1.8
Former skeptics,income,"$30,000 to $55,999",policy_general,64.0
Former skeptics,income,"$30,000 to $55,999",policy_role_mean,62.0
Former skeptics,income,"$30,000 to $55,999",policy_specific_mean,60.714285714285715
Former skeptics,income,"$30,000 to $55,999",trust_multidimensional,65.66666666666667
Former skeptics,income,"$30,000 to $55,999",trust_post,66.0
Former skeptics,income,"$56,000 to $99,999",behavior_mean,34.516666666666666
Former skeptics,income,"$56,000 to $99,999",belief_post,77.4
Former skeptics,income,"$56,000 to $99,999",concern_mean,63.43333333333334
Former skeptics,income,"$56,000 to $99,999",distrust_post,24.1
Former skeptics,income,"$56,000 to $99,999",donation_ams,1.2
Former skeptics,income,"$56,000 to $99,999",funding_perceptions,53.2
Former skeptics,income,"$56,000 to $99,999",inst_trust_mean,58.720000000000006
Former skeptics,income,"$56,000 to $99,999",newsletter_signup,1.8
Former skeptics,income,"$56,000 to $99,999",policy_general,67.2
Former skeptics,income,"$56,000 to $99,999",policy_role_mean,68.0
Former skeptics,income,"$56,000 to $99,999",policy_specific_mean,63.17142857142857
Former skeptics,income,"$56,000 to $99,999",trust_multidimensional,67.33333333333333
Former skeptics,income,"$56,000 to $99,999",trust_post,66.5
Former skeptics,income,"Less than $30,000",behavior_mean,34.166666666666664
Former skeptics,income,"Less than $30,000",belief_post,75.0
Former skeptics,income,"Less than $30,000",concern_mean,61.666666666666664
Former skeptics,income,"Less than $30,000",distrust_post,25.0
Former skeptics,income,"Less than $30,000",donation_ams,1.5
Former skeptics,income,"Less than $30,000",funding_perceptions,60.0
Former skeptics,income,"Less than $30,000",inst_trust_mean,54.0
Former skeptics,income,"Less than $30,000",newsletter_signup,1.8
Former skeptics,income,"Less than $30,000",policy_general,65.0
Former skeptics,income,"Less than $30,000",policy_role_mean,67.5
Former skeptics,income,"Less than $30,000",policy_specific_mean,62.142857142857146
Former skeptics,income,"Less than $30,000",trust_multidimensional,62.083333333333336
Former skeptics,income,"Less than $30,000",trust_post,62.0
Former skeptics,party,Democrat,behavior_mean,55.666666666666664
Former skeptics,party,Democrat,belief_post,90.0
Former skeptics,party,Democrat,concern_mean,82.0
Former skeptics,party,Democrat,distrust_post,15.0
Former skeptics,party,Democrat,donation_ams,4.5
Former skeptics,party,Democrat,funding_perceptions,65.0
Former skeptics,party,Democrat,inst_trust_mean,75.0
Former skeptics,party,Democrat,newsletter_signup,1.4
Former skeptics,party,Democrat,policy_general,85.0
Former skeptics,party,Democrat,policy_role_mean,80.75
Former skeptics,party,Democrat,policy_specific_mean,80.42857142857143
Former skeptics,party,Democrat,trust_multidimensional,76.25
Former skeptics,party,Democrat,trust_post,78.0
Former skeptics,party,Independent,behavior_mean,39.5
Former skeptics,party,Independent,belief_post,74.0
Former skeptics,party,Independent,concern_mean,59.0
Former skeptics,party,Independent,distrust_post,25.0
Former skeptics,party,Independent,donation_ams,1.5
Former skeptics,party,Independent,funding_perceptions,58.0
Former skeptics,party,Independent,inst_trust_mean,57.8
Former skeptics,party,Independent,newsletter_signup,1.8
Former skeptics,party,Independent,policy_general,58.0
Former skeptics,party,Independent,policy_role_mean,62.5
Former skeptics,party,Independent,policy_specific_mean,61.42857142857143
Former skeptics,party,Independent,trust_multidimensional,61.916666666666664
Former skeptics,party,Independent,trust_post,63.0
Former skeptics,party,Other,behavior_mean,36.666666666666664
Former skeptics,party,Other,belief_post,80.0
Former skeptics,party,Other,concern_mean,64.33333333333333
Former skeptics,party,Other,distrust_post,25.0
Former skeptics,party,Other,donation_ams,2.0
Former skeptics,party,Other,funding_perceptions,55.0
Former skeptics,party,Other,inst_trust_mean,52.4
Former skeptics,party,Other,newsletter_signup,1.1
Former skeptics,party,Other,policy_general,65.0
Former skeptics,party,Other,policy_role_mean,63.75
Former skeptics,party,Other,policy_specific_mean,60.714285714285715
Former skeptics,party,Other,trust_multidimensional,65.41666666666667
Former skeptics,party,Other,trust_post,60.0
Former skeptics,party,Republican,behavior_mean,35.333333333333336
Former skeptics,party,Republican,belief_post,58.0
Former skeptics,party,Republican,concern_mean,42.666666666666664
Former skeptics,party,Republican,distrust_post,42.0
Former skeptics,party,Republican,donation_ams,1.2
Former skeptics,party,Republican,funding_perceptions,35.0
Former skeptics,party,Republican,inst_trust_mean,42.4
Former skeptics,party,Republican,newsletter_signup,1.8
Former skeptics,party,Republican,policy_general,40.0
Former skeptics,party,Republican,policy_role_mean,48.75
Former skeptics,party,Republican,policy_specific_mean,50.857142857142854
Former skeptics,party,Republican,trust_multidimensional,50.0
Former skeptics,party,Republican,trust_post,48.0
Former skeptics,race,Asian / Asian American,behavior_mean,46.166666666666664
Former skeptics,race,Asian / Asian American,belief_post,88.0
Former skeptics,race,Asian / Asian American,concern_mean,78.66666666666667
Former skeptics,race,Asian / Asian American,distrust_post,18.0
Former skeptics,race,Asian / Asian American,donation_ams,3.0
Former skeptics,race,Asian / Asian American,funding_perceptions,58.0
Former skeptics,race,Asian / Asian American,inst_trust_mean,71.8
Former skeptics,race,Asian / Asian American,newsletter_signup,1.4
Former skeptics,race,Asian / Asian American,policy_general,78.0
Former skeptics,race,Asian / Asian American,policy_role_mean,72.0
Former skeptics,race,Asian / Asian American,policy_specific_mean,71.71428571428571
Former skeptics,race,Asian / Asian American,trust_multidimensional,75.33333333333333
Former skeptics,race,Asian / Asian American,trust_post,76.0
Former skeptics,race,Black / African American,behavior_mean,41.516666666666666
Former skeptics,race,Black / African American,belief_post,87.6
Former skeptics,race,Black / African American,concern_mean,75.46666666666665
Former skeptics,race,Black / African American,distrust_post,23.4
Former skeptics,race,Black / African American,donation_ams,1.4
Former skeptics,race,Black / African American,funding_perceptions,65.8
Former skeptics,race,Black / African American,inst_trust_mean,58.379999999999995
Former skeptics,race,Black / African American,newsletter_signup,1.3
Former skeptics,race,Black / African American,policy_general,81.4
Former skeptics,race,Black / African American,policy_role_mean,70.925
Former skeptics,race,Black / African American,policy_specific_mean,73.78571428571429
Former skeptics,race,Black / African American,trust_multidimensional,73.35000000000001
Former skeptics,race,Black / African American,trust_post,72.3
Former skeptics,race,Hispanic / Latino,behavior_mean,43.833333333333336
Former skeptics,race,Hispanic / Latino,belief_post,85.0
Former skeptics,race,Hispanic / Latino,concern_mean,71.66666666666667
Former skeptics,race,Hispanic / Latino,distrust_post,25.0
Former skeptics,race,Hispanic / Latino,donation_ams,2.5
Former skeptics,race,Hispanic / Latino,funding_perceptions,65.0
Former skeptics,race,Hispanic / Latino,inst_trust_mean,63.4
Former skeptics,race,Hispanic / Latino,newsletter_signup,1.4
Former skeptics,race,Hispanic / Latino,policy_general,75.0
Former skeptics,race,Hispanic / Latino,policy_role_mean,72.5
Former skeptics,race,Hispanic / Latino,policy_specific_mean,68.57142857142857
Former skeptics,race,Hispanic / Latino,trust_multidimensional,71.04166666666667
Former skeptics,race,Hispanic / Latino,trust_post,70.0
Former skeptics,race,Other,behavior_mean,40.5
Former skeptics,race,Other,belief_post,78.0
Former skeptics,race,Other,concern_mean,72.66666666666667
Former skeptics,race,Other,distrust_post,34.0
Former skeptics,race,Other,donation_ams,1.5
Former skeptics,race,Other,funding_perceptions,60.0
Former skeptics,race,Other,inst_trust_mean,61.2
Former skeptics,race,Other,newsletter_signup,1.85
Former skeptics,race,Other,policy_general,72.0
Former skeptics,race,Other,policy_role_mean,63.25
Former skeptics,race,Other,policy_specific_mean,66.85714285714286
Former skeptics,race,Other,trust_multidimensional,66.25
Former skeptics,race,Other,trust_post,66.0
Former skeptics,race,White / Caucasian,behavior_mean,40.0
Former skeptics,race,White / Caucasian,belief_post,76.0
Former skeptics,race,White / Caucasian,concern_mean,60.333333333333336
Former skeptics,race,White / Caucasian,distrust_post,32.0
Former skeptics,race,White / Caucasian,donation_ams,2.5
Former skeptics,race,White / Caucasian,funding_perceptions,55.0
Former skeptics,race,White / Caucasian,inst_trust_mean,59.6
Former skeptics,race,White / Caucasian,newsletter_signup,1.3
Former skeptics,race,White / Caucasian,policy_general,66.0
Former skeptics,race,White / Caucasian,policy_role_mean,63.25
Former skeptics,race,White / Caucasian,policy_specific_mean,64.28571428571429
Former skeptics,race,White / Caucasian,trust_multidimensional,64.08333333333333
Former skeptics,race,White / Caucasian,trust_post,62.0
Funding,age_band,18-29,behavior_mean,55.5
Funding,age_band,18-29,belief_post,90.0
Funding,age_band,18-29,concern_mean,83.66666666666667
Funding,age_band,18-29,distrust_post,15.0
Funding,age_band,18-29,donation_ams,3.5
Funding,age_band,18-29,funding_perceptions,75.0
Funding,age_band,18-29,inst_trust_mean,68.2
Funding,age_band,18-29,newsletter_signup,1.4
Funding,age_band,18-29,policy_general,82.0
Funding,age_band,18-29,policy_role_mean,80.75
Funding,age_band,18-29,policy_specific_mean,78.57142857142857
Funding,age_band,18-29,trust_multidimensional,79.58333333333333
Funding,age_band,18-29,trust_post,78.0
Funding,age_band,30-44,behavior_mean,41.68333333333333
Funding,age_band,30-44,belief_post,83.5
Funding,age_band,30-44,concern_mean,72.36666666666667
Funding,age_band,30-44,distrust_post,24.6
Funding,age_band,30-44,donation_ams,1.2
Funding,age_band,30-44,funding_perceptions,53.8
Funding,age_band,30-44,inst_trust_mean,66.02000000000001
Funding,age_band,30-44,newsletter_signup,1.25
Funding,age_band,30-44,policy_general,76.8
Funding,age_band,30-44,policy_role_mean,66.4
Funding,age_band,30-44,policy_specific_mean,68.5
Funding,age_band,30-44,trust_multidimensional,73.50833333333334
Funding,age_band,30-44,trust_post,72.4
Funding,age_band,45-59,behavior_mean,33.333333333333336
Funding,age_band,45-59,belief_post,82.0
Funding,age_band,45-59,concern_mean,64.33333333333333
Funding,age_band,45-59,distrust_post,28.0
Funding,age_band,45-59,donation_ams,1.5
Funding,age_band,45-59,funding_perceptions,55.0
Funding,age_band,45-59,inst_trust_mean,58.6
Funding,age_band,45-59,newsletter_signup,1.85
Funding,age_band,45-59,policy_general,72.0
Funding,age_band,45-59,policy_role_mean,65.5
Funding,age_band,45-59,policy_specific_mean,63.42857142857143
Funding,age_band,45-59,trust_multidimensional,67.66666666666667
Funding,age_band,45-59,trust_post,66.0
Funding,age_band,60+,behavior_mean,34.516666666666666
Funding,age_band,60+,belief_post,79.1
Funding,age_band,60+,concern_mean,60.13333333333333
Funding,age_band,60+,distrust_post,23.5
Funding,age_band,60+,donation_ams,0.8
Funding,age_band,60+,funding_perceptions,43.8
Funding,age_band,60+,inst_trust_mean,60.879999999999995
Funding,age_band,60+,newsletter_signup,1.88
Funding,age_band,60+,policy_general,63.7
Funding,age_band,60+,policy_role_mean,64.725
Funding,age_band,60+,policy_specific_mean,64.04285714285714
Funding,age_band,60+,trust_multidimensional,72.675
Funding,age_band,60+,trust_post,66.4
Funding,education,Bachelor's degree,behavior_mean,42.5
Funding,education,Bachelor's degree,belief_post,88.0
Funding,education,Bachelor's degree,concern_mean,72.66666666666667
Funding,education,Bachelor's degree,distrust_post,15.0
Funding,education,Bachelor's degree,donation_ams,1.5
Funding,education,Bachelor's degree,funding_perceptions,70.0
Funding,education,Bachelor's degree,inst_trust_mean,67.6
Funding,education,Bachelor's degree,newsletter_signup,1.6
Funding,education,Bachelor's degree,policy_general,72.0
Funding,education,Bachelor's degree,policy_role_mean,70.75
Funding,education,Bachelor's degree,policy_specific_mean,70.28571428571429
Funding,education,Bachelor's degree,trust_multidimensional,75.5
Funding,education,Bachelor's degree,trust_post,75.0
Funding,education,Doctorate degree / Ph.D.,behavior_mean,52.666666666666664
Funding,education,Doctorate degree / Ph.D.,belief_post,93.0
Funding,education,Doctorate degree / Ph.D.,concern_mean,82.66666666666667
Funding,education,Doctorate degree / Ph.D.,distrust_post,15.0
Funding,education,Doctorate degree / Ph.D.,donation_ams,4.2
Funding,education,Doctorate degree / Ph.D.,funding_perceptions,65.0
Funding,education,Doctorate degree / Ph.D.,inst_trust_mean,73.8
Funding,education,Doctorate degree / Ph.D.,newsletter_signup,1.3
Funding,education,Doctorate degree / Ph.D.,policy_general,78.0
Funding,education,Doctorate degree / Ph.D.,policy_role_mean,79.25
Funding,education,Doctorate degree / Ph.D.,policy_specific_mean,77.14285714285714
Funding,education,Doctorate degree / Ph.D.,trust_multidimensional,80.33333333333333
Funding,education,Doctorate degree / Ph.D.,trust_post,82.0
Funding,education,High school diploma / GED,behavior_mean,35.45
Funding,education,High school diploma / GED,belief_post,76.3
Funding,education,High school diploma / GED,concern_mean,60.46666666666667
Funding,education,High school diploma / GED,distrust_post,28.4
Funding,education,High school diploma / GED,donation_ams,1.2
Funding,education,High school diploma / GED,funding_perceptions,57.5
Funding,education,High school diploma / GED,inst_trust_mean,54.02
Funding,education,High school diploma / GED,newsletter_signup,1.6
Funding,education,High school diploma / GED,policy_general,64.8
Funding,education,High school diploma / GED,policy_role_mean,63.925
Funding,education,High school diploma / GED,policy_specific_mean,62.385714285714286
Funding,education,High school diploma / GED,trust_multidimensional,64.675
Funding,education,High school diploma / GED,trust_post,62.1
Funding,education,Less than high school,behavior_mean,32.449999999999996
Funding,education,Less than high school,belief_post,57.3
Funding,education,Less than high school,concern_mean,49.93333333333334
Funding,education,Less than high school,distrust_post,41.2
Funding,education,Less than high school,donation_ams,1.4
Funding,education,Less than high school,funding_perceptions,43.6
Funding,education,Less than high school,inst_trust_mean,42.42
Funding,education,Less than high school,newsletter_signup,1.7
Funding,education,Less than high school,policy_general,51.7
Funding,education,Less than high school,policy_role_mean,52.6
Funding,education,Less than high school,policy_specific_mean,52.228571428571435
Funding,education,Less than high school,trust_multidimensional,53.49166666666667
Funding,education,Less than high school,trust_post,44.8
Funding,education,Master's degree / Professional degree,behavior_mean,49.833333333333336
Funding,education,Master's degree / Professional degree,belief_post,92.0
Funding,education,Master's degree / Professional degree,concern_mean,81.66666666666667
Funding,education,Master's degree / Professional degree,distrust_post,14.0
Funding,education,Master's degree / Professional degree,donation_ams,4.5
Funding,education,Master's degree / Professional degree,funding_perceptions,68.0
Funding,education,Master's degree / Professional degree,inst_trust_mean,77.6
Funding,education,Master's degree / Professional degree,newsletter_signup,1.3
Funding,education,Master's degree / Professional degree,policy_general,88.0
Funding,education,Master's degree / Professional degree,policy_role_mean,79.25
Funding,education,Master's degree / Professional degree,policy_specific_mean,80.57142857142857
Funding,education,Master's degree / Professional degree,trust_multidimensional,81.55
Funding,education,Master's degree / Professional degree,trust_post,81.0
Funding,education,Some college or Associate's degree,behavior_mean,42.666666666666664
Funding,education,Some college or Associate's degree,belief_post,82.0
Funding,education,Some college or Associate's degree,concern_mean,68.66666666666667
Funding,education,Some college or Associate's degree,distrust_post,22.0
Funding,education,Some college or Associate's degree,donation_ams,1.2
Funding,education,Some college or Associate's degree,funding_perceptions,58.0
Funding,education,Some college or Associate's degree,inst_trust_mean,62.6
Funding,education,Some college or Associate's degree,newsletter_signup,1.85
Funding,education,Some college or Associate's degree,policy_general,70.0
Funding,education,Some college or Associate's degree,policy_role_mean,68.75
Funding,education,Some college or Associate's degree,policy_specific_mean,65.42857142857143
Funding,education,Some college or Associate's degree,trust_multidimensional,74.0
Funding,education,Some college or Associate's degree,trust_post,70.0
Funding,gender,Female,behavior_mean,41.0
Funding,gender,Female,belief_post,86.0
Funding,gender,Female,concern_mean,75.0
Funding,gender,Female,distrust_post,15.0
Funding,gender,Female,donation_ams,2.5
Funding,gender,Female,funding_perceptions,65.0
Funding,gender,Female,inst_trust_mean,64.0
Funding,gender,Female,newsletter_signup,1.25
Funding,gender,Female,policy_general,82.0
Funding,gender,Female,policy_role_mean,75.0
Funding,gender,Female,policy_specific_mean,72.28571428571429
Funding,gender,Female,trust_multidimensional,76.04166666666667
Funding,gender,Female,trust_post,72.0
Funding,gender,Male,behavior_mean,36.483333333333334
Funding,gender,Male,belief_post,78.3
Funding,gender,Male,concern_mean,58.166666666666664
Funding,gender,Male,distrust_post,18.4
Funding,gender,Male,donation_ams,1.4
Funding,gender,Male,funding_perceptions,58.5
Funding,gender,Male,inst_trust_mean,54.82000000000001
Funding,gender,Male,newsletter_signup,1.15
Funding,gender,Male,policy_general,67.9
Funding,gender,Male,policy_role_mean,61.325
Funding,gender,Male,policy_specific_mean,63.84285714285714
Funding,gender,Male,trust_multidimensional,67.60833333333333
Funding,gender,Male,trust_post,65.7
Funding,gender,Other,behavior_mean,53.0
Funding,gender,Other,belief_post,89.1
Funding,gender,Other,concern_mean,77.33333333333333
Funding,gender,Other,distrust_post,14.2
Funding,gender,Other,donation_ams,2.5
Funding,gender,Other,funding_perceptions,67.5
Funding,gender,Other,inst_trust_mean,66.4
Funding,gender,Other,newsletter_signup,1.3
Funding,gender,Other,policy_general,80.3
Funding,gender,Other,policy_role_mean,75.175
Funding,gender,Other,policy_specific_mean,76.48571428571428
Funding,gender,Other,trust_multidimensional,74.93333333333334
Funding,gender,Other,trust_post,76.8
Funding,income,"$100,000 to $167,999",behavior_mean,43.75
Funding,income,"$100,000 to $167,999",belief_post,89.7
Funding,income,"$100,000 to $167,999",concern_mean,72.39999999999999
Funding,income,"$100,000 to $167,999",distrust_post,14.2
Funding,income,"$100,000 to $167,999",donation_ams,1.8
Funding,income,"$100,000 to $167,999",funding_perceptions,61.5
Funding,income,"$100,000 to $167,999",inst_trust_mean,68.26
Funding,income,"$100,000 to $167,999",newsletter_signup,1.85
Funding,income,"$100,000 to $167,999",policy_general,74.2
Funding,income,"$100,000 to $167,999",policy_role_mean,69.3
Funding,income,"$100,000 to $167,999",policy_specific_mean,72.25714285714285
Funding,income,"$100,000 to $167,999",trust_multidimensional,76.86666666666666
Funding,income,"$100,000 to $167,999",trust_post,76.3
Funding,income,"$168,000 or more",behavior_mean,47.96666666666667
Funding,income,"$168,000 or more",belief_post,89.2
Funding,income,"$168,000 or more",concern_mean,72.16666666666667
Funding,income,"$168,000 or more",distrust_post,17.4
Funding,income,"$168,000 or more",donation_ams,4.2
Funding,income,"$168,000 or more",funding_perceptions,61.5
Funding,income,"$168,000 or more",inst_trust_mean,72.84
Funding,income,"$168,000 or more",newsletter_signup,1.4
Funding,income,"$168,000 or more",policy_general,79.5
Funding,income,"$168,000 or more",policy_role_mean,72.65
Funding,income,"$168,000 or more",policy_specific_mean,73.67142857142858
Funding,income,"$168,000 or more",trust_multidimensional,74.56666666666666
Funding,income,"$168,000 or more",trust_post,76.8
Funding,income,"$30,000 to $55,999",behavior_mean,34.5
Funding,income,"$30,000 to $55,999",belief_post,78.5
Funding,income,"$30,000 to $55,999",concern_mean,57.833333333333336
Funding,income,"$30,000 to $55,999",distrust_post,24.5
Funding,income,"$30,000 to $55,999",donation_ams,2.2
Funding,income,"$30,000 to $55,999",funding_perceptions,54.0
Funding,income,"$30,000 to $55,999",inst_trust_mean,57.8
Funding,income,"$30,000 to $55,999",newsletter_signup,1.4
Funding,income,"$30,000 to $55,999",policy_general,64.0
Funding,income,"$30,000 to $55,999",policy_role_mean,64.0
Funding,income,"$30,000 to $55,999",policy_specific_mean,60.642857142857146
Funding,income,"$30,000 to $55,999",trust_multidimensional,69.08333333333333
Funding,income,"$30,000 to $55,999",trust_post,65.5
Funding,income,"$56,000 to $99,999",behavior_mean,42.583333333333336
Funding,income,"$56,000 to $99,999",belief_post,78.2
Funding,income,"$56,000 to $99,999",concern_mean,67.13333333333334
Funding,income,"$56,000 to $99,999",distrust_post,21.4
Funding,income,"$56,000 to $99,999",donation_ams,1.4
Funding,income,"$56,000 to $99,999",funding_perceptions,57.5
Funding,income,"$56,000 to $99,999",inst_trust_mean,61.779999999999994
Funding,income,"$56,000 to $99,999",newsletter_signup,1.85
Funding,income,"$56,000 to $99,999",policy_general,66.4
Funding,income,"$56,000 to $99,999",policy_role_mean,71.35
Funding,income,"$56,000 to $99,999",policy_specific_mean,66.25714285714285
Funding,income,"$56,000 to $99,999",trust_multidimensional,69.85000000000001
Funding,income,"$56,000 to $99,999",trust_post,68.7
Funding,income,"Less than $30,000",behavior_mean,34.53333333333333
Funding,income,"Less than $30,000",belief_post,79.5
Funding,income,"Less than $30,000",concern_mean,63.9
Funding,income,"Less than $30,000",distrust_post,24.5
Funding,income,"Less than $30,000",donation_ams,1.8
Funding,income,"Less than $30,000",funding_perceptions,57.7
Funding,income,"Less than $30,000",inst_trust_mean,54.42
Funding,income,"Less than $30,000",newsletter_signup,1.6
Funding,income,"Less than $30,000",policy_general,69.2
Funding,income,"Less than $30,000",policy_role_mean,62.975
Funding,income,"Less than $30,000",policy_specific_mean,62.857142857142854
Funding,income,"Less than $30,000",trust_multidimensional,65.46666666666667
Funding,income,"Less than $30,000",trust_post,62.1
Funding,party,Democrat,behavior_mean,52.5
Funding,party,Democrat,belief_post,90.0
Funding,party,Democrat,concern_mean,81.66666666666667
Funding,party,Democrat,distrust_post,22.0
Funding,party,Democrat,donation_ams,2.5
Funding,party,Democrat,funding_perceptions,70.0
Funding,party,Democrat,inst_trust_mean,71.0
Funding,party,Democrat,newsletter_signup,1.7
Funding,party,Democrat,policy_general,85.0
Funding,party,Democrat,policy_role_mean,76.75
Funding,party,Democrat,policy_specific_mean,81.14285714285714
Funding,party,Democrat,trust_multidimensional,79.58333333333333
Funding,party,Democrat,trust_post,78.0
Funding,party,Independent,behavior_mean,40.666666666666664
Funding,party,Independent,belief_post,82.0
Funding,party,Independent,concern_mean,60.0
Funding,party,Independent,distrust_post,35.0
Funding,party,Independent,donation_ams,1.2
Funding,party,Independent,funding_perceptions,52.0
Funding,party,Independent,inst_trust_mean,58.4
Funding,party,Independent,newsletter_signup,1.8
Funding,party,Independent,policy_general,63.0
Funding,party,Independent,policy_role_mean,62.0
Funding,party,Independent,policy_specific_mean,63.285714285714285
Funding,party,Independent,trust_multidimensional,65.83333333333333
Funding,party,Independent,trust_post,61.0
Funding,party,Other,behavior_mean,44.550000000000004
Funding,party,Other,belief_post,81.2
Funding,party,Other,concern_mean,62.26666666666667
Funding,party,Other,distrust_post,37.3
Funding,party,Other,donation_ams,2.4
Funding,party,Other,funding_perceptions,47.6
Funding,party,Other,inst_trust_mean,60.120000000000005
Funding,party,Other,newsletter_signup,1.35
Funding,party,Other,policy_general,64.8
Funding,party,Other,policy_role_mean,62.475
Funding,party,Other,policy_specific_mean,65.38571428571429
Funding,party,Other,trust_multidimensional,65.10833333333333
Funding,party,Other,trust_post,62.7
Funding,party,Republican,behavior_mean,28.5
Funding,party,Republican,belief_post,42.0
Funding,party,Republican,concern_mean,35.333333333333336
Funding,party,Republican,distrust_post,58.0
Funding,party,Republican,donation_ams,1.0
Funding,party,Republican,funding_perceptions,38.0
Funding,party,Republican,inst_trust_mean,38.4
Funding,party,Republican,newsletter_signup,1.8
Funding,party,Republican,policy_general,35.0
Funding,party,Republican,policy_role_mean,42.5
Funding,party,Republican,policy_specific_mean,45.0
Funding,party,Republican,trust_multidimensional,45.916666666666664
Funding,party,Republican,trust_post,38.0
Funding,race,Asian / Asian American,behavior_mean,44.5
Funding,race,Asian / Asian American,belief_post,89.0
Funding,race,Asian / Asian American,concern_mean,73.0
Funding,race,Asian / Asian American,distrust_post,15.0
Funding,race,Asian / Asian American,donation_ams,1.2
Funding,race,Asian / Asian American,funding_perceptions,62.0
Funding,race,Asian / Asian American,inst_trust_mean,69.0
Funding,race,Asian / Asian American,newsletter_signup,1.85
Funding,race,Asian / Asian American,policy_general,78.0
Funding,race,Asian / Asian American,policy_role_mean,72.25
Funding,race,Asian / Asian American,policy_specific_mean,70.42857142857143
Funding,race,Asian / Asian American,trust_multidimensional,78.0
Funding,race,Asian / Asian American,trust_post,75.0
Funding,race,Black / African American,behavior_mean,40.166666666666664
Funding,race,Black / African American,belief_post,86.0
Funding,race,Black / African American,concern_mean,75.33333333333333
Funding,race,Black / African American,distrust_post,20.0
Funding,race,Black / African American,donation_ams,0.8
Funding,race,Black / African American,funding_perceptions,62.0
Funding,race,Black / African American,inst_trust_mean,62.6
Funding,race,Black / African American,newsletter_signup,1.8
Funding,race,Black / African American,policy_general,82.0
Funding,race,Black / African American,policy_role_mean,72.25
Funding,race,Black / African American,policy_specific_mean,71.42857142857143
Funding,race,Black / African American,trust_multidimensional,74.08333333333333
Funding,race,Black / African American,trust_post,70.0
Funding,race,Hispanic / Latino,behavior_mean,38.0
Funding,race,Hispanic / Latino,belief_post,83.5
Funding,race,Hispanic / Latino,concern_mean,68.03333333333333
Funding,race,Hispanic / Latino,distrust_post,18.5
Funding,race,Hispanic / Latino,donation_ams,0.8
Funding,race,Hispanic / Latino,funding_perceptions,61.8
Funding,race,Hispanic / Latino,inst_trust_mean,64.46000000000001
Funding,race,Hispanic / Latino,newsletter_signup,1.85
Funding,race,Hispanic / Latino,policy_general,72.6
Funding,race,Hispanic / Latino,policy_role_mean,69.225
Funding,race,Hispanic / Latino,policy_specific_mean,69.0
Funding,race,Hispanic / Latino,trust_multidimensional,74.06666666666666
Funding,race,Hispanic / Latino,trust_post,68.4
Funding,race,Other,behavior_mean,40.516666666666666
Funding,race,Other,belief_post,82.3
Funding,race,Other,concern_mean,74.76666666666667
Funding,race,Other,distrust_post,25.4
Funding,race,Other,donation_ams,1.2
Funding,race,Other,funding_perceptions,57.9
Funding,race,Other,inst_trust_mean,62.42
Funding,race,Other,newsletter_signup,1.8
Funding,race,Other,policy_general,76.4
Funding,race,Other,policy_role_mean,73.825
Funding,race,Other,policy_specific_mean,69.04285714285714
Funding,race,Other,trust_multidimensional,70.90833333333333
Funding,race,Other,trust_post,68.5
Funding,race,White / Caucasian,behavior_mean,38.28333333333333
Funding,race,White / Caucasian,belief_post,81.5
Funding,race,White / Caucasian,concern_mean,63.70000000000001
Funding,race,White / Caucasian,distrust_post,22.4
Funding,race,White / Caucasian,donation_ams,2.3
Funding,race,White / Caucasian,funding_perceptions,55.8
Funding,race,White / Caucasian,inst_trust_mean,59.8
Funding,race,White / Caucasian,newsletter_signup,1.7
Funding,race,White / Caucasian,policy_general,66.8
Funding,race,White / Caucasian,policy_role_mean,62.9
Funding,race,White / Caucasian,policy_specific_mean,64.84285714285714
Funding,race,White / Caucasian,trust_multidimensional,68.05
Funding,race,White / Caucasian,trust_post,68.3
High public trust,age_band,18-29,behavior_mean,54.333333333333336
High public trust,age_band,18-29,belief_post,91.0
High public trust,age_band,18-29,concern_mean,84.0
High public trust,age_band,18-29,distrust_post,16.0
High public trust,age_band,18-29,donation_ams,4.5
High public trust,age_band,18-29,funding_perceptions,66.0
High public trust,age_band,18-29,inst_trust_mean,69.0
High public trust,age_band,18-29,newsletter_signup,1.4
High public trust,age_band,18-29,policy_general,83.0
High public trust,age_band,18-29,policy_role_mean,76.25
High public trust,age_band,18-29,policy_specific_mean,76.28571428571429
High public trust,age_band,18-29,trust_multidimensional,78.0
High public trust,age_band,18-29,trust_post,78.0
High public trust,age_band,30-44,behavior_mean,43.13333333333333
High public trust,age_band,30-44,belief_post,88.5
High public trust,age_band,30-44,concern_mean,71.03333333333333
High public trust,age_band,30-44,distrust_post,15.3
High public trust,age_band,30-44,donation_ams,3.2
High public trust,age_band,30-44,funding_perceptions,64.6
High public trust,age_band,30-44,inst_trust_mean,66.94
High public trust,age_band,30-44,newsletter_signup,1.3
High public trust,age_band,30-44,policy_general,72.1
High public trust,age_band,30-44,policy_role_mean,69.475
High public trust,age_band,30-44,policy_specific_mean,70.82857142857144
High public trust,age_band,30-44,trust_multidimensional,75.11666666666666
High public trust,age_band,30-44,trust_post,78.2
High public trust,age_band,45-59,behavior_mean,41.333333333333336
High public trust,age_band,45-59,belief_post,86.0
High public trust,age_band,45-59,concern_mean,67.66666666666667
High public trust,age_band,45-59,distrust_post,14.0
High public trust,age_band,45-59,donation_ams,2.5
High public trust,age_band,45-59,funding_perceptions,58.0
High public trust,age_band,45-59,inst_trust_mean,68.0
High public trust,age_band,45-59,newsletter_signup,1.8
High public trust,age_band,45-59,policy_general,73.0
High public trust,age_band,45-59,policy_role_mean,71.75
High public trust,age_band,45-59,policy_specific_mean,70.57142857142857
High public trust,age_band,45-59,trust_multidimensional,75.58333333333333
High public trust,age_band,45-59,trust_post,79.0
High public trust,age_band,60+,behavior_mean,29.8
High public trust,age_band,60+,belief_post,76.2
High public trust,age_band,60+,concern_mean,60.73333333333333
High public trust,age_band,60+,distrust_post,23.1
High public trust,age_band,60+,donation_ams,2.3
High public trust,age_band,60+,funding_perceptions,46.6
High public trust,age_band,60+,inst_trust_mean,58.0
High public trust,age_band,60+,newsletter_signup,1.4
High public trust,age_band,60+,policy_general,60.8
High public trust,age_band,60+,policy_role_mean,60.175
High public trust,age_band,60+,policy_specific_mean,60.4
High public trust,age_band,60+,trust_multidimensional,67.11666666666666
High public trust,age_band,60+,trust_post,68.5
High public trust,education,Bachelor's degree,behavior_mean,41.516666666666666
High public trust,education,Bachelor's degree,belief_post,91.8
High public trust,education,Bachelor's degree,concern_mean,73.7
High public trust,education,Bachelor's degree,distrust_post,14.3
High public trust,education,Bachelor's degree,donation_ams,3.2
High public trust,education,Bachelor's degree,funding_perceptions,65.5
High public trust,education,Bachelor's degree,inst_trust_mean,65.76
High public trust,education,Bachelor's degree,newsletter_signup,1.6
High public trust,education,Bachelor's degree,policy_general,78.4
High public trust,education,Bachelor's degree,policy_role_mean,72.275
High public trust,education,Bachelor's degree,policy_specific_mean,72.31428571428572
High public trust,education,Bachelor's degree,trust_multidimensional,75.96666666666667
High public trust,education,Bachelor's degree,trust_post,76.2
High public trust,education,Doctorate degree / Ph.D.,behavior_mean,61.666666666666664
High public trust,education,Doctorate degree / Ph.D.,belief_post,95.0
High public trust,education,Doctorate degree / Ph.D.,concern_mean,80.0
High public trust,education,Doctorate degree / Ph.D.,distrust_post,15.0
High public trust,education,Doctorate degree / Ph.D.,donation_ams,6.0
High public trust,education,Doctorate degree / Ph.D.,funding_perceptions,70.0
High public trust,education,Doctorate degree / Ph.D.,inst_trust_mean,75.0
High public trust,education,Doctorate degree / Ph.D.,newsletter_signup,1.3
High public trust,education,Doctorate degree / Ph.D.,policy_general,82.0
High public trust,education,Doctorate degree / Ph.D.,policy_role_mean,76.25
High public trust,education,Doctorate degree / Ph.D.,policy_specific_mean,77.57142857142857
High public trust,education,Doctorate degree / Ph.D.,trust_multidimensional,81.33333333333333
High public trust,education,Doctorate degree / Ph.D.,trust_post,85.0
High public trust,education,High school diploma / GED,behavior_mean,32.5
High public trust,education,High school diploma / GED,belief_post,82.0
High public trust,education,High school diploma / GED,concern_mean,63.0
High public trust,education,High school diploma / GED,distrust_post,20.0
High public trust,education,High school diploma / GED,donation_ams,1.5
High public trust,education,High school diploma / GED,funding_perceptions,58.0
High public trust,education,High school diploma / GED,inst_trust_mean,59.8
High public trust,education,High school diploma / GED,newsletter_signup,1.8
High public trust,education,High school diploma / GED,policy_general,68.0
High public trust,education,High school diploma / GED,policy_role_mean,63.75
High public trust,education,High school diploma / GED,policy_specific_mean,64.0
High public trust,education,High school diploma / GED,trust_multidimensional,69.41666666666667
High public trust,education,High school diploma / GED,trust_post,70.0
High public trust,education,Less than high school,behavior_mean,28.333333333333332
High public trust,education,Less than high school,belief_post,72.0
High public trust,education,Less than high school,concern_mean,52.666666666666664
High public trust,education,Less than high school,distrust_post,30.0
High public trust,education,Less than high school,donation_ams,2.5
High public trust,education,Less than high school,funding_perceptions,45.0
High public trust,education,Less than high school,inst_trust_mean,49.0
High public trust,education,Less than high school,newsletter_signup,1.8
High public trust,education,Less than high school,policy_general,58.0
High public trust,education,Less than high school,policy_role_mean,58.25
High public trust,education,Less than high school,policy_specific_mean,55.857142857142854
High public trust,education,Less than high school,trust_multidimensional,62.75
High public trust,education,Less than high school,trust_post,62.0
High public trust,education,Master's degree / Professional degree,behavior_mean,47.666666666666664
High public trust,education,Master's degree / Professional degree,belief_post,91.0
High public trust,education,Master's degree / Professional degree,concern_mean,75.33333333333333
High public trust,education,Master's degree / Professional degree,distrust_post,12.0
High public trust,education,Master's degree / Professional degree,donation_ams,4.2
High public trust,education,Master's degree / Professional degree,funding_perceptions,68.0
High public trust,education,Master's degree / Professional degree,inst_trust_mean,70.4
High public trust,education,Master's degree / Professional degree,newsletter_signup,1.4
High public trust,education,Master's degree / Professional degree,policy_general,76.0
High public trust,education,Master's degree / Professional degree,policy_role_mean,76.5
High public trust,education,Master's degree / Professional degree,policy_specific_mean,74.85714285714286
High public trust,education,Master's degree / Professional degree,trust_multidimensional,78.66666666666667
High public trust,education,Master's degree / Professional degree,trust_post,80.0
High public trust,education,Some college or Associate's degree,behavior_mean,38.949999999999996
High public trust,education,Some college or Associate's degree,belief_post,87.5
High public trust,education,Some college or Associate's degree,concern_mean,66.46666666666667
High public trust,education,Some college or Associate's degree,distrust_post,21.5
High public trust,education,Some college or Associate's degree,donation_ams,2.4
High public trust,education,Some college or Associate's degree,funding_perceptions,61.6
High public trust,education,Some college or Associate's degree,inst_trust_mean,63.6
High public trust,education,Some college or Associate's degree,newsletter_signup,1.4
High public trust,education,Some college or Associate's degree,policy_general,72.8
High public trust,education,Some college or Associate's degree,policy_role_mean,66.7
High public trust,education,Some college or Associate's degree,policy_specific_mean,65.62857142857142
High public trust,education,Some college or Associate's degree,trust_multidimensional,72.19166666666666
High public trust,education,Some college or Associate's degree,trust_post,74.2
High public trust,gender,Female,behavior_mean,50.583333333333336
High public trust,gender,Female,belief_post,91.0
High public trust,gender,Female,concern_mean,79.5
High public trust,gender,Female,distrust_post,21.0
High public trust,gender,Female,donation_ams,3.5
High public trust,gender,Female,funding_perceptions,63.5
High public trust,gender,Female,inst_trust_mean,61.5
High public trust,gender,Female,newsletter_signup,1.6
High public trust,gender,Female,policy_general,81.5
High public trust,gender,Female,policy_role_mean,73.75
High public trust,gender,Female,policy_specific_mean,76.07142857142857
High public trust,gender,Female,trust_multidimensional,77.0
High public trust,gender,Female,trust_post,78.0
High public trust,gender,Male,behavior_mean,38.166666666666664
High public trust,gender,Male,belief_post,77.0
High public trust,gender,Male,concern_mean,61.333333333333336
High public trust,gender,Male,distrust_post,18.0
High public trust,gender,Male,donation_ams,2.5
High public trust,gender,Male,funding_perceptions,46.0
High public trust,gender,Male,inst_trust_mean,55.6
High public trust,gender,Male,newsletter_signup,1.4
High public trust,gender,Male,policy_general,64.0
High public trust,gender,Male,policy_role_mean,64.0
High public trust,gender,Male,policy_specific_mean,62.0
High public trust,gender,Male,trust_multidimensional,67.16666666666667
High public trust,gender,Male,trust_post,72.0
High public trust,gender,Other,behavior_mean,45.38333333333333
High public trust,gender,Other,belief_post,88.7
High public trust,gender,Other,concern_mean,74.66666666666667
High public trust,gender,Other,distrust_post,14.2
High public trust,gender,Other,donation_ams,2.4
High public trust,gender,Other,funding_perceptions,58.5
High public trust,gender,Other,inst_trust_mean,63.36
High public trust,gender,Other,newsletter_signup,1.3
High public trust,gender,Other,policy_general,77.9
High public trust,gender,Other,policy_role_mean,69.6
High public trust,gender,Other,policy_specific_mean,71.5
High public trust,gender,Other,trust_multidimensional,74.08333333333333
High public trust,gender,Other,trust_post,76.4
High public trust,income,"$100,000 to $167,999",behavior_mean,46.166666666666664
High public trust,income,"$100,000 to $167,999",belief_post,88.5
High public trust,income,"$100,000 to $167,999",concern_mean,73.83333333333333
High public trust,income,"$100,000 to $167,999",distrust_post,18.5
High public trust,income,"$100,000 to $167,999",donation_ams,3.5
High public trust,income,"$100,000 to $167,999",funding_perceptions,58.0
High public trust,income,"$100,000 to $167,999",inst_trust_mean,68.0
High public trust,income,"$100,000 to $167,999",newsletter_signup,1.4
High public trust,income,"$100,000 to $167,999",policy_general,76.0
High public trust,income,"$100,000 to $167,999",policy_role_mean,70.625
High public trust,income,"$100,000 to $167,999",policy_specific_mean,72.5
High public trust,income,"$100,000 to $167,999",trust_multidimensional,77.20833333333333
High public trust,income,"$100,000 to $167,999",trust_post,76.5
High public trust,income,"$168,000 or more",behavior_mean,53.93333333333334
High public trust,income,"$168,000 or more",belief_post,89.2
High public trust,income,"$168,000 or more",concern_mean,74.03333333333335
High public trust,income,"$168,000 or more",distrust_post,16.4
High public trust,income,"$168,000 or more",donation_ams,4.2
High public trust,income,"$168,000 or more",funding_perceptions,61.5
High public trust,income,"$168,000 or more",inst_trust_mean,69.46000000000001
High public trust,income,"$168,000 or more",newsletter_signup,1.4
High public trust,income,"$168,000 or more",policy_general,76.8
High public trust,income,"$168,000 or more",policy_role_mean,73.125
High public trust,income,"$168,000 or more",policy_specific_mean,73.68571428571428
High public trust,income,"$168,000 or more",trust_multidimensional,78.15833333333333
High public trust,income,"$168,000 or more",trust_post,79.5
High public trust,income,"$30,000 to $55,999",behavior_mean,36.0
High public trust,income,"$30,000 to $55,999",belief_post,82.0
High public trust,income,"$30,000 to $55,999",concern_mean,64.0
High public trust,income,"$30,000 to $55,999",distrust_post,18.0
High public trust,income,"$30,000 to $55,999",donation_ams,2.5
High public trust,income,"$30,000 to $55,999",funding_perceptions,65.0
High public trust,income,"$30,000 to $55,999",inst_trust_mean,58.2
High public trust,income,"$30,000 to $55,999",newsletter_signup,1.7
High public trust,income,"$30,000 to $55,999",policy_general,76.0
High public trust,income,"$30,000 to $55,999",policy_role_mean,70.5
High public trust,income,"$30,000 to $55,999",policy_specific_mean,66.28571428571429
High public trust,income,"$30,000 to $55,999",trust_multidimensional,71.0
High public trust,income,"$30,000 to $55,999",trust_post,74.0
High public trust,income,"$56,000 to $99,999",behavior_mean,38.5
High public trust,income,"$56,000 to $99,999",belief_post,79.5
High public trust,income,"$56,000 to $99,999",concern_mean,63.23333333333333
High public trust,income,"$56,000 to $99,999",distrust_post,21.5
High public trust,income,"$56,000 to $99,999",donation_ams,2.1
High public trust,income,"$56,000 to $99,999",funding_perceptions,46.0
High public trust,income,"$56,000 to $99,999",inst_trust_mean,59.4
High public trust,income,"$56,000 to $99,999",newsletter_signup,1.8
High public trust,income,"$56,000 to $99,999",policy_general,67.2
High public trust,income,"$56,000 to $99,999",policy_role_mean,66.4
High public trust,income,"$56,000 to $99,999",policy_specific_mean,64.25714285714285
High public trust,income,"$56,000 to $99,999",trust_multidimensional,71.60833333333333
High public trust,income,"$56,000 to $99,999",trust_post,73.2
High public trust,income,"Less than $30,000",behavior_mean,33.166666666666664
High public trust,income,"Less than $30,000",belief_post,84.0
High public trust,income,"Less than $30,000",concern_mean,68.66666666666667
High public trust,income,"Less than $30,000",distrust_post,26.0
High public trust,income,"Less than $30,000",donation_ams,1.2
High public trust,income,"Less than $30,000",funding_perceptions,64.0
High public trust,income,"Less than $30,000",inst_trust_mean,55.8
High public trust,income,"Less than $30,000",newsletter_signup,1.8
High public trust,income,"Less than $30,000",policy_general,72.0
High public trust,income,"Less than $30,000",policy_role_mean,66.75
High public trust,income,"Less than $30,000",policy_specific_mean,65.0
High public trust,income,"Less than $30,000",trust_multidimensional,67.41666666666667
High public trust,income,"Less than $30,000",trust_post,71.0
High public trust,party,Democrat,behavior_mean,55.833333333333336
High public trust,party,Democrat,belief_post,92.0
High public trust,party,Democrat,concern_mean,85.33333333333333
High public trust,party,Democrat,distrust_post,10.0
High public trust,party,Democrat,donation_ams,5.0
High public trust,party,Democrat,funding_perceptions,75.0
High public trust,party,Democrat,inst_trust_mean,71.6
High public trust,party,Democrat,newsletter_signup,1.4
High public trust,party,Democrat,policy_general,85.0
High public trust,party,Democrat,policy_role_mean,76.75
High public trust,party,Democrat,policy_specific_mean,81.57142857142857
High public trust,party,Democrat,trust_multidimensional,75.5
High public trust,party,Democrat,trust_post,80.0
High public trust,party,Independent,behavior_mean,40.5
High public trust,party,Independent,belief_post,79.0
High public trust,party,Independent,concern_mean,59.0
High public trust,party,Independent,distrust_post,18.5
High public trust,party,Independent,donation_ams,3.2
High public trust,party,Independent,funding_perceptions,46.0
High public trust,party,Independent,inst_trust_mean,55.4
High public trust,party,Independent,newsletter_signup,1.6
High public trust,party,Independent,policy_general,61.0
High public trust,party,Independent,policy_role_mean,63.25
High public trust,party,Independent,policy_specific_mean,61.714285714285715
High public trust,party,Independent,trust_multidimensional,67.58333333333333
High public trust,party,Independent,trust_post,72.0
High public trust,party,Other,behavior_mean,37.6
High public trust,party,Other,belief_post,81.5
High public trust,party,Other,concern_mean,64.16666666666667
High public trust,party,Other,distrust_post,22.5
High public trust,party,Other,donation_ams,3.2
High public trust,party,Other,funding_perceptions,58.0
High public trust,party,Other,inst_trust_mean,59.7
High public trust,party,Other,newsletter_signup,1.7
High public trust,party,Other,policy_general,66.4
High public trust,party,Other,policy_role_mean,64.225
High public trust,party,Other,policy_specific_mean,66.01428571428572
High public trust,party,Other,trust_multidimensional,69.38333333333334
High public trust,party,Other,trust_post,67.5
High public trust,party,Republican,behavior_mean,32.333333333333336
High public trust,party,Republican,belief_post,63.0
High public trust,party,Republican,concern_mean,37.333333333333336
High public trust,party,Republican,distrust_post,32.0
High public trust,party,Republican,donation_ams,1.2
High public trust,party,Republican,funding_perceptions,38.0
High public trust,party,Republican,inst_trust_mean,42.0
High public trust,party,Republican,newsletter_signup,1.8
High public trust,party,Republican,policy_general,42.0
High public trust,party,Republican,policy_role_mean,55.25
High public trust,party,Republican,policy_specific_mean,52.142857142857146
High public trust,party,Republican,trust_multidimensional,53.833333333333336
High public trust,party,Republican,trust_post,48.0
High public trust,race,Asian / Asian American,behavior_mean,45.166666666666664
High public trust,race,Asian / Asian American,belief_post,91.0
High public trust,race,Asian / Asian American,concern_mean,79.33333333333333
High public trust,race,Asian / Asian American,distrust_post,18.0
High public trust,race,Asian / Asian American,donation_ams,3.5
High public trust,race,Asian / Asian American,funding_perceptions,65.0
High public trust,race,Asian / Asian American,inst_trust_mean,70.0
High public trust,race,Asian / Asian American,newsletter_signup,1.7
High public trust,race,Asian / Asian American,policy_general,82.0
High public trust,race,Asian / Asian American,policy_role_mean,74.75
High public trust,race,Asian / Asian American,policy_specific_mean,76.57142857142857
High public trust,race,Asian / Asian American,trust_multidimensional,75.29166666666667
High public trust,race,Asian / Asian American,trust_post,79.0
High public trust,race,Black / African American,behavior_mean,46.93333333333334
High public trust,race,Black / African American,belief_post,89.2
High public trust,race,Black / African American,concern_mean,78.86666666666666
High public trust,race,Black / African American,distrust_post,19.1
High public trust,race,Black / African American,donation_ams,2.8
High public trust,race,Black / African American,funding_perceptions,58.5
High public trust,race,Black / African American,inst_trust_mean,64.62
High public trust,race,Black / African American,newsletter_signup,1.6
High public trust,race,Black / African American,policy_general,81.4
High public trust,race,Black / African American,policy_role_mean,78.3
High public trust,race,Black / African American,policy_specific_mean,72.05714285714285
High public trust,race,Black / African American,trust_multidimensional,75.60000000000001
High public trust,race,Black / African American,trust_post,76.4
High public trust,race,Hispanic / Latino,behavior_mean,44.333333333333336
High public trust,race,Hispanic / Latino,belief_post,85.0
High public trust,race,Hispanic / Latino,concern_mean,74.33333333333333
High public trust,race,Hispanic / Latino,distrust_post,24.0
High public trust,race,Hispanic / Latino,donation_ams,3.5
High public trust,race,Hispanic / Latino,funding_perceptions,58.0
High public trust,race,Hispanic / Latino,inst_trust_mean,63.8
High public trust,race,Hispanic / Latino,newsletter_signup,1.8
High public trust,race,Hispanic / Latino,policy_general,76.0
High public trust,race,Hispanic / Latino,policy_role_mean,70.75
High public trust,race,Hispanic / Latino,policy_specific_mean,71.0
High public trust,race,Hispanic / Latino,trust_multidimensional,69.33333333333333
High public trust,race,Hispanic / Latino,trust_post,71.0
High public trust,race,Other,behavior_mean,35.86666666666667
High public trust,race,Other,belief_post,88.5
High public trust,race,Other,concern_mean,69.39999999999999
High public trust,race,Other,distrust_post,18.6
High public trust,race,Other,donation_ams,3.2
High public trust,race,Other,funding_perceptions,65.8
High public trust,race,Other,inst_trust_mean,64.84
High public trust,race,Other,newsletter_signup,1.7
High public trust,race,Other,policy_general,76.8
High public trust,race,Other,policy_role_mean,68.725
High public trust,race,Other,policy_specific_mean,69.75714285714285
High public trust,race,Other,trust_multidimensional,73.71666666666667
High public trust,race,Other,trust_post,75.4
High public trust,race,White / Caucasian,behavior_mean,40.0
High public trust,race,White / Caucasian,belief_post,82.0
High public trust,race,White / Caucasian,concern_mean,64.0
High public trust,race,White / Caucasian,distrust_post,28.0
High public trust,race,White / Caucasian,donation_ams,3.0
High public trust,race,White / Caucasian,funding_perceptions,58.0
High public trust,race,White / Caucasian,inst_trust_mean,61.0
High public trust,race,White / Caucasian,newsletter_signup,1.85
High public trust,race,White / Caucasian,policy_general,74.0
High public trust,race,White / Caucasian,policy_role_mean,65.0
High public trust,race,White / Caucasian,policy_specific_mean,65.71428571428571
High public trust,race,White / Caucasian,trust_multidimensional,66.75
High public trust,race,White / Caucasian,trust_post,72.0
Interview Prof. Maraun,age_band,18-29,behavior_mean,53.583333333333336
Interview Prof. Maraun,age_band,18-29,belief_post,89.7
Interview Prof. Maraun,age_band,18-29,concern_mean,81.56666666666666
Interview Prof. Maraun,age_band,18-29,distrust_post,14.5
Interview Prof. Maraun,age_band,18-29,donation_ams,3.2
Interview Prof. Maraun,age_band,18-29,funding_perceptions,67.6
Interview Prof. Maraun,age_band,18-29,inst_trust_mean,67.1
Interview Prof. Maraun,age_band,18-29,newsletter_signup,1.3
Interview Prof. Maraun,age_band,18-29,policy_general,82.1
Interview Prof. Maraun,age_band,18-29,policy_role_mean,77.3
Interview Prof. Maraun,age_band,18-29,policy_specific_mean,79.58571428571429
Interview Prof. Maraun,age_band,18-29,trust_multidimensional,78.83333333333333
Interview Prof. Maraun,age_band,18-29,trust_post,78.2
Interview Prof. Maraun,age_band,30-44,behavior_mean,40.983333333333334
Interview Prof. Maraun,age_band,30-44,belief_post,91.2
Interview Prof. Maraun,age_band,30-44,concern_mean,71.0
Interview Prof. Maraun,age_band,30-44,distrust_post,14.8
Interview Prof. Maraun,age_band,30-44,donation_ams,2.1
Interview Prof. Maraun,age_band,30-44,funding_perceptions,63.5
Interview Prof. Maraun,age_band,30-44,inst_trust_mean,67.42
Interview Prof. Maraun,age_band,30-44,newsletter_signup,1.8
Interview Prof. Maraun,age_band,30-44,policy_general,76.4
Interview Prof. Maraun,age_band,30-44,policy_role_mean,69.8
Interview Prof. Maraun,age_band,30-44,policy_specific_mean,71.68571428571428
Interview Prof. Maraun,age_band,30-44,trust_multidimensional,76.97500000000001
Interview Prof. Maraun,age_band,30-44,trust_post,75.2
Interview Prof. Maraun,age_band,45-59,behavior_mean,44.5
Interview Prof. Maraun,age_band,45-59,belief_post,88.0
Interview Prof. Maraun,age_band,45-59,concern_mean,67.0
Interview Prof. Maraun,age_band,45-59,distrust_post,22.0
Interview Prof. Maraun,age_band,45-59,donation_ams,2.5
Interview Prof. Maraun,age_band,45-59,funding_perceptions,65.0
Interview Prof. Maraun,age_band,45-59,inst_trust_mean,62.6
Interview Prof. Maraun,age_band,45-59,newsletter_signup,1.4
Interview Prof. Maraun,age_band,45-59,policy_general,72.0
Interview Prof. Maraun,age_band,45-59,policy_role_mean,67.0
Interview Prof. Maraun,age_band,45-59,policy_specific_mean,68.57142857142857
Interview Prof. Maraun,age_band,45-59,trust_multidimensional,72.0
Interview Prof. Maraun,age_band,45-59,trust_post,70.0
Interview Prof. Maraun,age_band,60+,behavior_mean,33.983333333333334
Interview Prof. Maraun,age_band,60+,belief_post,74.5
Interview Prof. Maraun,age_band,60+,concern_mean,60.1
Interview Prof. Maraun,age_band,60+,distrust_post,26.4
Interview Prof. Maraun,age_band,60+,donation_ams,1.4
Interview Prof. Maraun,age_band,60+,funding_perceptions,43.8
Interview Prof. Maraun,age_band,60+,inst_trust_mean,60.42
Interview Prof. Maraun,age_band,60+,newsletter_signup,1.7
Interview Prof. Maraun,age_band,60+,policy_general,59.3
Interview Prof. Maraun,age_band,60+,policy_role_mean,64.45
Interview Prof. Maraun,age_band,60+,policy_specific_mean,60.42857142857143
Interview Prof. Maraun,age_band,60+,trust_multidimensional,65.3
Interview Prof. Maraun,age_band,60+,trust_post,61.8
Interview Prof. Maraun,education,Bachelor's degree,behavior_mean,43.78333333333333
Interview Prof. Maraun,education,Bachelor's degree,belief_post,86.4
Interview Prof. Maraun,education,Bachelor's degree,concern_mean,70.03333333333333
Interview Prof. Maraun,education,Bachelor's degree,distrust_post,14.5
Interview Prof. Maraun,education,Bachelor's degree,donation_ams,2.5
Interview Prof. Maraun,education,Bachelor's degree,funding_perceptions,61.5
Interview Prof. Maraun,education,Bachelor's degree,inst_trust_mean,66.62
Interview Prof. Maraun,education,Bachelor's degree,newsletter_signup,1.7
Interview Prof. Maraun,education,Bachelor's degree,policy_general,72.8
Interview Prof. Maraun,education,Bachelor's degree,policy_role_mean,70.075
Interview Prof. Maraun,education,Bachelor's degree,policy_specific_mean,67.68571428571428
Interview Prof. Maraun,education,Bachelor's degree,trust_multidimensional,76.98333333333333
Interview Prof. Maraun,education,Bachelor's degree,trust_post,74.2
Interview Prof. Maraun,education,Doctorate degree / Ph.D.,behavior_mean,50.166666666666664
Interview Prof. Maraun,education,Doctorate degree / Ph.D.,belief_post,94.0
Interview Prof. Maraun,education,Doctorate degree / Ph.D.,concern_mean,81.0
Interview Prof. Maraun,education,Doctorate degree / Ph.D.,distrust_post,12.0
Interview Prof. Maraun,education,Doctorate degree / Ph.D.,donation_ams,3.5
Interview Prof. Maraun,education,Doctorate degree / Ph.D.,funding_perceptions,68.0
Interview Prof. Maraun,education,Doctorate degree / Ph.D.,inst_trust_mean,71.8
Interview Prof. Maraun,education,Doctorate degree / Ph.D.,newsletter_signup,1.2
Interview Prof. Maraun,education,Doctorate degree / Ph.D.,policy_general,82.0
Interview Prof. Maraun,education,Doctorate degree / Ph.D.,policy_role_mean,75.0
Interview Prof. Maraun,education,Doctorate degree / Ph.D.,policy_specific_mean,76.42857142857143
Interview Prof. Maraun,education,Doctorate degree / Ph.D.,trust_multidimensional,82.91666666666667
Interview Prof. Maraun,education,Doctorate degree / Ph.D.,trust_post,83.0
Interview Prof. Maraun,education,High school diploma / GED,behavior_mean,35.0
Interview Prof. Maraun,education,High school diploma / GED,belief_post,80.0
Interview Prof. Maraun,education,High school diploma / GED,concern_mean,60.666666666666664
Interview Prof. Maraun,education,High school diploma / GED,distrust_post,25.0
Interview Prof. Maraun,education,High school diploma / GED,donation_ams,2.5
Interview Prof. Maraun,education,High school diploma / GED,funding_perceptions,52.0
Interview Prof. Maraun,education,High school diploma / GED,inst_trust_mean,63.0
Interview Prof. Maraun,education,High school diploma / GED,newsletter_signup,1.7
Interview Prof. Maraun,education,High school diploma / GED,policy_general,65.0
Interview Prof. Maraun,education,High school diploma / GED,policy_role_mean,60.0
Interview Prof. Maraun,education,High school diploma / GED,policy_specific_mean,62.57142857142857
Interview Prof. Maraun,education,High school diploma / GED,trust_multidimensional,70.58333333333333
Interview Prof. Maraun,education,High school diploma / GED,trust_post,65.0
Interview Prof. Maraun,education,Less than high school,behavior_mean,32.833333333333336
Interview Prof. Maraun,education,Less than high school,belief_post,61.0
Interview Prof. Maraun,education,Less than high school,concern_mean,43.666666666666664
Interview Prof. Maraun,education,Less than high school,distrust_post,44.0
Interview Prof. Maraun,education,Less than high school,donation_ams,1.8
Interview Prof. Maraun,education,Less than high school,funding_perceptions,44.0
Interview Prof. Maraun,education,Less than high school,inst_trust_mean,42.8
Interview Prof. Maraun,education,Less than high school,newsletter_signup,1.4
Interview Prof. Maraun,education,Less than high school,policy_general,48.0
Interview Prof. Maraun,education,Less than high school,policy_role_mean,56.0
Interview Prof. Maraun,education,Less than high school,policy_specific_mean,52.142857142857146
Interview Prof. Maraun,education,Less than high school,trust_multidimensional,56.833333333333336
Interview Prof. Maraun,education,Less than high school,trust_post,51.0
Interview Prof. Maraun,education,Master's degree / Professional degree,behavior_mean,47.5
Interview Prof. Maraun,education,Master's degree / Professional degree,belief_post,92.0
Interview Prof. Maraun,education,Master's degree / Professional degree,concern_mean,75.0
Interview Prof. Maraun,education,Master's degree / Professional degree,distrust_post,15.0
Interview Prof. Maraun,education,Master's degree / Professional degree,donation_ams,3.5
Interview Prof. Maraun,education,Master's degree / Professional degree,funding_perceptions,62.0
Interview Prof. Maraun,education,Master's degree / Professional degree,inst_trust_mean,72.0
Interview Prof. Maraun,education,Master's degree / Professional degree,newsletter_signup,1.4
Interview Prof. Maraun,education,Master's degree / Professional degree,policy_general,82.0
Interview Prof. Maraun,education,Master's degree / Professional degree,policy_role_mean,76.5
Interview Prof. Maraun,education,Master's degree / Professional degree,policy_specific_mean,76.28571428571429
Interview Prof. Maraun,education,Master's degree / Professional degree,trust_multidimensional,78.16666666666667
Interview Prof. Maraun,education,Master's degree / Professional degree,trust_post,78.0
Interview Prof. Maraun,education,Some college or Associate's degree,behavior_mean,37.0
Interview Prof. Maraun,education,Some college or Associate's degree,belief_post,82.0
Interview Prof. Maraun,education,Some college or Associate's degree,concern_mean,68.66666666666667
Interview Prof. Maraun,education,Some college or Associate's degree,distrust_post,22.0
Interview Prof. Maraun,education,Some college or Associate's degree,donation_ams,2.5
Interview Prof. Maraun,education,Some college or Associate's degree,funding_perceptions,60.0
Interview Prof. Maraun,education,Some college or Associate's degree,inst_trust_mean,61.8
Interview Prof. Maraun,education,Some college or Associate's degree,newsletter_signup,1.8
Interview Prof. Maraun,education,Some college or Associate's degree,policy_general,72.0
Interview Prof. Maraun,education,Some college or Associate's degree,policy_role_mean,67.0
Interview Prof. Maraun,education,Some college or Associate's degree,policy_specific_mean,64.42857142857143
Interview Prof. Maraun,education,Some college or Associate's degree,trust_multidimensional,70.0
Interview Prof. Maraun,education,Some college or Associate's degree,trust_post,68.0
Interview Prof. Maraun,gender,Female,behavior_mean,42.300000000000004
Interview Prof. Maraun,gender,Female,belief_post,88.4
Interview Prof. Maraun,gender,Female,concern_mean,73.93333333333334
Interview Prof. Maraun,gender,Female,distrust_post,14.2
Interview Prof. Maraun,gender,Female,donation_ams,1.8
Interview Prof. Maraun,gender,Female,funding_perceptions,67.5
Interview Prof. Maraun,gender,Female,inst_trust_mean,70.28
Interview Prof. Maraun,gender,Female,newsletter_signup,1.25
Interview Prof. Maraun,gender,Female,policy_general,76.2
Interview Prof. Maraun,gender,Female,policy_role_mean,70.55
Interview Prof. Maraun,gender,Female,policy_specific_mean,72.51428571428572
Interview Prof. Maraun,gender,Female,trust_multidimensional,77.05833333333334
Interview Prof. Maraun,gender,Female,trust_post,74.3
Interview Prof. Maraun,gender,Male,behavior_mean,36.38333333333333
Interview Prof. Maraun,gender,Male,belief_post,76.2
Interview Prof. Maraun,gender,Male,concern_mean,62.699999999999996
Interview Prof. Maraun,gender,Male,distrust_post,27.7
Interview Prof. Maraun,gender,Male,donation_ams,2.4
Interview Prof. Maraun,gender,Male,funding_perceptions,57.5
Interview Prof. Maraun,gender,Male,inst_trust_mean,57.379999999999995
Interview Prof. Maraun,gender,Male,newsletter_signup,1.7
Interview Prof. Maraun,gender,Male,policy_general,68.4
Interview Prof. Maraun,gender,Male,policy_role_mean,63.425
Interview Prof. Maraun,gender,Male,policy_specific_mean,63.74285714285714
Interview Prof. Maraun,gender,Male,trust_multidimensional,67.00833333333334
Interview Prof. Maraun,gender,Male,trust_post,62.3
Interview Prof. Maraun,gender,Other,behavior_mean,40.0
Interview Prof. Maraun,gender,Other,belief_post,82.0
Interview Prof. Maraun,gender,Other,concern_mean,69.0
Interview Prof. Maraun,gender,Other,distrust_post,25.0
Interview Prof. Maraun,gender,Other,donation_ams,0.8
Interview Prof. Maraun,gender,Other,funding_perceptions,65.0
Interview Prof. Maraun,gender,Other,inst_trust_mean,60.4
Interview Prof. Maraun,gender,Other,newsletter_signup,1.7
Interview Prof. Maraun,gender,Other,policy_general,70.0
Interview Prof. Maraun,gender,Other,policy_role_mean,68.75
Interview Prof. Maraun,gender,Other,policy_specific_mean,64.71428571428571
Interview Prof. Maraun,gender,Other,trust_multidimensional,70.0
Interview Prof. Maraun,gender,Other,trust_post,65.0
Interview Prof. Maraun,income,"$100,000 to $167,999",behavior_mean,42.333333333333336
Interview Prof. Maraun,income,"$100,000 to $167,999",belief_post,87.0
Interview Prof. Maraun,income,"$100,000 to $167,999",concern_mean,69.0
Interview Prof. Maraun,income,"$100,000 to $167,999",distrust_post,18.0
Interview Prof. Maraun,income,"$100,000 to $167,999",donation_ams,3.2
Interview Prof. Maraun,income,"$100,000 to $167,999",funding_perceptions,62.0
Interview Prof. Maraun,income,"$100,000 to $167,999",inst_trust_mean,68.0
Interview Prof. Maraun,income,"$100,000 to $167,999",newsletter_signup,1.6
Interview Prof. Maraun,income,"$100,000 to $167,999",policy_general,75.0
Interview Prof. Maraun,income,"$100,000 to $167,999",policy_role_mean,72.5
Interview Prof. Maraun,income,"$100,000 to $167,999",policy_specific_mean,71.14285714285714
Interview Prof. Maraun,income,"$100,000 to $167,999",trust_multidimensional,76.33333333333333
Interview Prof. Maraun,income,"$100,000 to $167,999",trust_post,75.0
Interview Prof. Maraun,income,"$168,000 or more",behavior_mean,55.5
Interview Prof. Maraun,income,"$168,000 or more",belief_post,92.0
Interview Prof. Maraun,income,"$168,000 or more",concern_mean,80.66666666666667
Interview Prof. Maraun,income,"$168,000 or more",distrust_post,12.0
Interview Prof. Maraun,income,"$168,000 or more",donation_ams,4.5
Interview Prof. Maraun,income,"$168,000 or more",funding_perceptions,65.0
Interview Prof. Maraun,income,"$168,000 or more",inst_trust_mean,70.0
Interview Prof. Maraun,income,"$168,000 or more",newsletter_signup,1.3
Interview Prof. Maraun,income,"$168,000 or more",policy_general,82.0
Interview Prof. Maraun,income,"$168,000 or more",policy_role_mean,75.0
Interview Prof. Maraun,income,"$168,000 or more",policy_specific_mean,77.57142857142857
Interview Prof. Maraun,income,"$168,000 or more",trust_multidimensional,77.41666666666667
Interview Prof. Maraun,income,"$168,000 or more",trust_post,78.0
Interview Prof. Maraun,income,"$30,000 to $55,999",behavior_mean,37.1
Interview Prof. Maraun,income,"$30,000 to $55,999",belief_post,77.6
Interview Prof. Maraun,income,"$30,000 to $55,999",concern_mean,63.166666666666664
Interview Prof. Maraun,income,"$30,000 to $55,999",distrust_post,21.5
Interview Prof. Maraun,income,"$30,000 to $55,999",donation_ams,1.4
Interview Prof. Maraun,income,"$30,000 to $55,999",funding_perceptions,57.2
Interview Prof. Maraun,income,"$30,000 to $55,999",inst_trust_mean,57.5
Interview Prof. Maraun,income,"$30,000 to $55,999",newsletter_signup,1.75
Interview Prof. Maraun,income,"$30,000 to $55,999",policy_general,61.2
Interview Prof. Maraun,income,"$30,000 to $55,999",policy_role_mean,65.625
Interview Prof. Maraun,income,"$30,000 to $55,999",policy_specific_mean,62.48571428571428
Interview Prof. Maraun,income,"$30,000 to $55,999",trust_multidimensional,68.99166666666666
Interview Prof. Maraun,income,"$30,000 to $55,999",trust_post,63.4
Interview Prof. Maraun,income,"$56,000 to $99,999",behavior_mean,32.0
Interview Prof. Maraun,income,"$56,000 to $99,999",belief_post,78.0
Interview Prof. Maraun,income,"$56,000 to $99,999",concern_mean,62.0
Interview Prof. Maraun,income,"$56,000 to $99,999",distrust_post,22.0
Interview Prof. Maraun,income,"$56,000 to $99,999",donation_ams,1.2
Interview Prof. Maraun,income,"$56,000 to $99,999",funding_perceptions,58.0
Interview Prof. Maraun,income,"$56,000 to $99,999",inst_trust_mean,58.4
Interview Prof. Maraun,income,"$56,000 to $99,999",newsletter_signup,1.8
Interview Prof. Maraun,income,"$56,000 to $99,999",policy_general,68.0
Interview Prof. Maraun,income,"$56,000 to $99,999",policy_role_mean,67.0
Interview Prof. Maraun,income,"$56,000 to $99,999",policy_specific_mean,64.57142857142857
Interview Prof. Maraun,income,"$56,000 to $99,999",trust_multidimensional,72.0
Interview Prof. Maraun,income,"$56,000 to $99,999",trust_post,68.0
Interview Prof. Maraun,income,"Less than $30,000",behavior_mean,35.0
Interview Prof. Maraun,income,"Less than $30,000",belief_post,78.0
Interview Prof. Maraun,income,"Less than $30,000",concern_mean,54.333333333333336
Interview Prof. Maraun,income,"Less than $30,000",distrust_post,25.0
Interview Prof. Maraun,income,"Less than $30,000",donation_ams,1.5
Interview Prof. Maraun,income,"Less than $30,000",funding_perceptions,60.0
Interview Prof. Maraun,income,"Less than $30,000",inst_trust_mean,52.6
Interview Prof. Maraun,income,"Less than $30,000",newsletter_signup,1.4
Interview Prof. Maraun,income,"Less than $30,000",policy_general,62.0
Interview Prof. Maraun,income,"Less than $30,000",policy_role_mean,58.25
Interview Prof. Maraun,income,"Less than $30,000",policy_specific_mean,57.142857142857146
Interview Prof. Maraun,income,"Less than $30,000",trust_multidimensional,65.33333333333333
Interview Prof. Maraun,income,"Less than $30,000",trust_post,62.0
Interview Prof. Maraun,party,Democrat,behavior_mean,53.666666666666664
Interview Prof. Maraun,party,Democrat,belief_post,93.0
Interview Prof. Maraun,party,Democrat,concern_mean,81.66666666666667
Interview Prof. Maraun,party,Democrat,distrust_post,18.0
Interview Prof. Maraun,party,Democrat,donation_ams,3.2
Interview Prof. Maraun,party,Democrat,funding_perceptions,72.0
Interview Prof. Maraun,party,Democrat,inst_trust_mean,70.6
Interview Prof. Maraun,party,Democrat,newsletter_signup,1.4
Interview Prof. Maraun,party,Democrat,policy_general,88.0
Interview Prof. Maraun,party,Democrat,policy_role_mean,75.75
Interview Prof. Maraun,party,Democrat,policy_specific_mean,78.85714285714286
Interview Prof. Maraun,party,Democrat,trust_multidimensional,79.5
Interview Prof. Maraun,party,Democrat,trust_post,77.0
Interview Prof. Maraun,party,Independent,behavior_mean,38.333333333333336
Interview Prof. Maraun,party,Independent,belief_post,78.0
Interview Prof. Maraun,party,Independent,concern_mean,60.666666666666664
Interview Prof. Maraun,party,Independent,distrust_post,30.0
Interview Prof. Maraun,party,Independent,donation_ams,3.5
Interview Prof. Maraun,party,Independent,funding_perceptions,48.0
Interview Prof. Maraun,party,Independent,inst_trust_mean,57.8
Interview Prof. Maraun,party,Independent,newsletter_signup,1.8
Interview Prof. Maraun,party,Independent,policy_general,60.0
Interview Prof. Maraun,party,Independent,policy_role_mean,63.75
Interview Prof. Maraun,party,Independent,policy_specific_mean,63.285714285714285
Interview Prof. Maraun,party,Independent,trust_multidimensional,68.16666666666667
Interview Prof. Maraun,party,Independent,trust_post,62.0
Interview Prof. Maraun,party,Other,behavior_mean,41.666666666666664
Interview Prof. Maraun,party,Other,belief_post,75.0
Interview Prof. Maraun,party,Other,concern_mean,63.333333333333336
Interview Prof. Maraun,party,Other,distrust_post,30.0
Interview Prof. Maraun,party,Other,donation_ams,3.0
Interview Prof. Maraun,party,Other,funding_perceptions,50.0
Interview Prof. Maraun,party,Other,inst_trust_mean,54.0
Interview Prof. Maraun,party,Other,newsletter_signup,1.3
Interview Prof. Maraun,party,Other,policy_general,65.0
Interview Prof. Maraun,party,Other,policy_role_mean,67.5
Interview Prof. Maraun,party,Other,policy_specific_mean,62.857142857142854
Interview Prof. Maraun,party,Other,trust_multidimensional,67.91666666666667
Interview Prof. Maraun,party,Other,trust_post,60.0
Interview Prof. Maraun,party,Republican,behavior_mean,27.5
Interview Prof. Maraun,party,Republican,belief_post,55.0
Interview Prof. Maraun,party,Republican,concern_mean,35.0
Interview Prof. Maraun,party,Republican,distrust_post,45.0
Interview Prof. Maraun,party,Republican,donation_ams,1.5
Interview Prof. Maraun,party,Republican,funding_perceptions,32.0
Interview Prof. Maraun,party,Republican,inst_trust_mean,38.4
Interview Prof. Maraun,party,Republican,newsletter_signup,1.8
Interview Prof. Maraun,party,Republican,policy_general,35.0
Interview Prof. Maraun,party,Republican,policy_role_mean,42.5
Interview Prof. Maraun,party,Republican,policy_specific_mean,46.714285714285715
Interview Prof. Maraun,party,Republican,trust_multidimensional,47.25
Interview Prof. Maraun,party,Republican,trust_post,40.0
Interview Prof. Maraun,race,Asian / Asian American,behavior_mean,45.666666666666664
Interview Prof. Maraun,race,Asian / Asian American,belief_post,91.0
Interview Prof. Maraun,race,Asian / Asian American,concern_mean,76.5
Interview Prof. Maraun,race,Asian / Asian American,distrust_post,18.5
Interview Prof. Maraun,race,Asian / Asian American,donation_ams,2.8
Interview Prof. Maraun,race,Asian / Asian American,funding_perceptions,63.0
Interview Prof. Maraun,race,Asian / Asian American,inst_trust_mean,71.4
Interview Prof. Maraun,race,Asian / Asian American,newsletter_signup,1.7
Interview Prof. Maraun,race,Asian / Asian American,policy_general,79.0
Interview Prof. Maraun,race,Asian / Asian American,policy_role_mean,70.75
Interview Prof. Maraun,race,Asian / Asian American,policy_specific_mean,71.64285714285714
Interview Prof. Maraun,race,Asian / Asian American,trust_multidimensional,77.5
Interview Prof. Maraun,race,Asian / Asian American,trust_post,75.5
Interview Prof. Maraun,race,Black / African American,behavior_mean,42.166666666666664
Interview Prof. Maraun,race,Black / African American,belief_post,88.0
Interview Prof. Maraun,race,Black / African American,concern_mean,74.33333333333333
Interview Prof. Maraun,race,Black / African American,distrust_post,15.0
Interview Prof. Maraun,race,Black / African American,donation_ams,2.5
Interview Prof. Maraun,race,Black / African American,funding_perceptions,65.0
Interview Prof. Maraun,race,Black / African American,inst_trust_mean,58.0
Interview Prof. Maraun,race,Black / African American,newsletter_signup,1.8
Interview Prof. Maraun,race,Black / African American,policy_general,76.0
Interview Prof. Maraun,race,Black / African American,policy_role_mean,75.5
Interview Prof. Maraun,race,Black / African American,policy_specific_mean,71.28571428571429
Interview Prof. Maraun,race,Black / African American,trust_multidimensional,75.5
Interview Prof. Maraun,race,Black / African American,trust_post,72.0
Interview Prof. Maraun,race,Hispanic / Latino,behavior_mean,42.166666666666664
Interview Prof. Maraun,race,Hispanic / Latino,belief_post,82.0
Interview Prof. Maraun,race,Hispanic / Latino,concern_mean,71.33333333333333
Interview Prof. Maraun,race,Hispanic / Latino,distrust_post,18.0
Interview Prof. Maraun,race,Hispanic / Latino,donation_ams,2.5
Interview Prof. Maraun,race,Hispanic / Latino,funding_perceptions,65.0
Interview Prof. Maraun,race,Hispanic / Latino,inst_trust_mean,64.8
Interview Prof. Maraun,race,Hispanic / Latino,newsletter_signup,1.8
Interview Prof. Maraun,race,Hispanic / Latino,policy_general,72.0
Interview Prof. Maraun,race,Hispanic / Latino,policy_role_mean,67.5
Interview Prof. Maraun,race,Hispanic / Latino,policy_specific_mean,66.85714285714286
Interview Prof. Maraun,race,Hispanic / Latino,trust_multidimensional,75.5
Interview Prof. Maraun,race,Hispanic / Latino,trust_post,70.0
Interview Prof. Maraun,race,Other,behavior_mean,37.0
Interview Prof. Maraun,race,Other,belief_post,78.5
Interview Prof. Maraun,race,Other,concern_mean,69.66666666666667
Interview Prof. Maraun,race,Other,distrust_post,21.0
Interview Prof. Maraun,race,Other,donation_ams,2.2
Interview Prof. Maraun,race,Other,funding_perceptions,58.0
Interview Prof. Maraun,race,Other,inst_trust_mean,59.4
Interview Prof. Maraun,race,Other,newsletter_signup,1.7
Interview Prof. Maraun,race,Other,policy_general,72.0
Interview Prof. Maraun,race,Other,policy_role_mean,69.5
Interview Prof. Maraun,race,Other,policy_specific_mean,67.71428571428571
Interview Prof. Maraun,race,Other,trust_multidimensional,70.29166666666667
Interview Prof. Maraun,race,Other,trust_post,69.0
Interview Prof. Maraun,race,White / Caucasian,behavior_mean,31.0
Interview Prof. Maraun,race,White / Caucasian,belief_post,71.0
Interview Prof. Maraun,race,White / Caucasian,concern_mean,56.666666666666664
Interview Prof. Maraun,race,White / Caucasian,distrust_post,28.0
Interview Prof. Maraun,race,White / Caucasian,donation_ams,1.2
Interview Prof. Maraun,race,White / Caucasian,funding_perceptions,54.0
Interview Prof. Maraun,race,White / Caucasian,inst_trust_mean,54.8
Interview Prof. Maraun,race,White / Caucasian,newsletter_signup,1.85
Interview Prof. Maraun,race,White / Caucasian,policy_general,61.0
Interview Prof. Maraun,race,White / Caucasian,policy_role_mean,65.25
Interview Prof. Maraun,race,White / Caucasian,policy_specific_mean,61.142857142857146
Interview Prof. Maraun,race,White / Caucasian,trust_multidimensional,67.75
Interview Prof. Maraun,race,White / Caucasian,trust_post,63.0
Interview Prof. Sebille,age_band,18-29,behavior_mean,52.06666666666667
Interview Prof. Sebille,age_band,18-29,belief_post,88.2
Interview Prof. Sebille,age_band,18-29,concern_mean,78.73333333333333
Interview Prof. Sebille,age_band,18-29,distrust_post,17.8
Interview Prof. Sebille,age_band,18-29,donation_ams,3.5
Interview Prof. Sebille,age_band,18-29,funding_perceptions,75.5
Interview Prof. Sebille,age_band,18-29,inst_trust_mean,65.88
Interview Prof. Sebille,age_band,18-29,newsletter_signup,1.4
Interview Prof. Sebille,age_band,18-29,policy_general,81.5
Interview Prof. Sebille,age_band,18-29,policy_role_mean,76.25
Interview Prof. Sebille,age_band,18-29,policy_specific_mean,75.10000000000001
Interview Prof. Sebille,age_band,18-29,trust_multidimensional,78.61666666666666
Interview Prof. Sebille,age_band,18-29,trust_post,76.4
Interview Prof. Sebille,age_band,30-44,behavior_mean,48.0
Interview Prof. Sebille,age_band,30-44,belief_post,88.0
Interview Prof. Sebille,age_band,30-44,concern_mean,72.33333333333333
Interview Prof. Sebille,age_band,30-44,distrust_post,12.0
Interview Prof. Sebille,age_band,30-44,donation_ams,3.5
Interview Prof. Sebille,age_band,30-44,funding_perceptions,60.0
Interview Prof. Sebille,age_band,30-44,inst_trust_mean,64.8
Interview Prof. Sebille,age_band,30-44,newsletter_signup,1.4
Interview Prof. Sebille,age_band,30-44,policy_general,70.0
Interview Prof. Sebille,age_band,30-44,policy_role_mean,75.25
Interview Prof. Sebille,age_band,30-44,policy_specific_mean,72.71428571428571
Interview Prof. Sebille,age_band,30-44,trust_multidimensional,77.41666666666667
Interview Prof. Sebille,age_band,30-44,trust_post,78.0
Interview Prof. Sebille,age_band,45-59,behavior_mean,42.5
Interview Prof. Sebille,age_band,45-59,belief_post,82.0
Interview Prof. Sebille,age_band,45-59,concern_mean,67.66666666666667
Interview Prof. Sebille,age_band,45-59,distrust_post,22.0
Interview Prof. Sebille,age_band,45-59,donation_ams,3.5
Interview Prof. Sebille,age_band,45-59,funding_perceptions,58.0
Interview Prof. Sebille,age_band,45-59,inst_trust_mean,65.4
Interview Prof. Sebille,age_band,45-59,newsletter_signup,1.8
Interview Prof. Sebille,age_band,45-59,policy_general,68.0
Interview Prof. Sebille,age_band,45-59,policy_role_mean,67.0
Interview Prof. Sebille,age_band,45-59,policy_specific_mean,67.42857142857143
Interview Prof. Sebille,age_band,45-59,trust_multidimensional,74.0
Interview Prof. Sebille,age_band,45-59,trust_post,68.0
Interview Prof. Sebille,age_band,60+,behavior_mean,35.833333333333336
Interview Prof. Sebille,age_band,60+,belief_post,78.0
Interview Prof. Sebille,age_band,60+,concern_mean,63.333333333333336
Interview Prof. Sebille,age_band,60+,distrust_post,22.0
Interview Prof. Sebille,age_band,60+,donation_ams,3.0
Interview Prof. Sebille,age_band,60+,funding_perceptions,55.0
Interview Prof. Sebille,age_band,60+,inst_trust_mean,60.2
Interview Prof. Sebille,age_band,60+,newsletter_signup,1.7
Interview Prof. Sebille,age_band,60+,policy_general,62.0
Interview Prof. Sebille,age_band,60+,policy_role_mean,62.5
Interview Prof. Sebille,age_band,60+,policy_specific_mean,59.57142857142857
Interview Prof. Sebille,age_band,60+,trust_multidimensional,68.41666666666667
Interview Prof. Sebille,age_band,60+,trust_post,68.0
Interview Prof. Sebille,education,Bachelor's degree,behavior_mean,46.43333333333334
Interview Prof. Sebille,education,Bachelor's degree,belief_post,89.2
Interview Prof. Sebille,education,Bachelor's degree,concern_mean,73.63333333333333
Interview Prof. Sebille,education,Bachelor's degree,distrust_post,14.2
Interview Prof. Sebille,education,Bachelor's degree,donation_ams,2.5
Interview Prof. Sebille,education,Bachelor's degree,funding_perceptions,61.5
Interview Prof. Sebille,education,Bachelor's degree,inst_trust_mean,66.97999999999999
Interview Prof. Sebille,education,Bachelor's degree,newsletter_signup,1.35
Interview Prof. Sebille,education,Bachelor's degree,policy_general,76.4
Interview Prof. Sebille,education,Bachelor's degree,policy_role_mean,74.5
Interview Prof. Sebille,education,Bachelor's degree,policy_specific_mean,71.38571428571429
Interview Prof. Sebille,education,Bachelor's degree,trust_multidimensional,75.71666666666667
Interview Prof. Sebille,education,Bachelor's degree,trust_post,74.5
Interview Prof. Sebille,education,Doctorate degree / Ph.D.,behavior_mean,50.333333333333336
Interview Prof. Sebille,education,Doctorate degree / Ph.D.,belief_post,93.0
Interview Prof. Sebille,education,Doctorate degree / Ph.D.,concern_mean,82.0
Interview Prof. Sebille,education,Doctorate degree / Ph.D.,distrust_post,18.0
Interview Prof. Sebille,education,Doctorate degree / Ph.D.,donation_ams,4.0
Interview Prof. Sebille,education,Doctorate degree / Ph.D.,funding_perceptions,70.0
Interview Prof. Sebille,education,Doctorate degree / Ph.D.,inst_trust_mean,75.4
Interview Prof. Sebille,education,Doctorate degree / Ph.D.,newsletter_signup,1.3
Interview Prof. Sebille,education,Doctorate degree / Ph.D.,policy_general,82.0
Interview Prof. Sebille,education,Doctorate degree / Ph.D.,policy_role_mean,79.75
Interview Prof. Sebille,education,Doctorate degree / Ph.D.,policy_specific_mean,76.0
Interview Prof. Sebille,education,Doctorate degree / Ph.D.,trust_multidimensional,81.41666666666667
Interview Prof. Sebille,education,Doctorate degree / Ph.D.,trust_post,82.0
Interview Prof. Sebille,education,High school diploma / GED,behavior_mean,37.833333333333336
Interview Prof. Sebille,education,High school diploma / GED,belief_post,75.0
Interview Prof. Sebille,education,High school diploma / GED,concern_mean,60.666666666666664
Interview Prof. Sebille,education,High school diploma / GED,distrust_post,25.0
Interview Prof. Sebille,education,High school diploma / GED,donation_ams,2.5
Interview Prof. Sebille,education,High school diploma / GED,funding_perceptions,60.0
Interview Prof. Sebille,education,High school diploma / GED,inst_trust_mean,57.6
Interview Prof. Sebille,education,High school diploma / GED,newsletter_signup,1.8
Interview Prof. Sebille,education,High school diploma / GED,policy_general,62.0
Interview Prof. Sebille,education,High school diploma / GED,policy_role_mean,66.75
Interview Prof. Sebille,education,High school diploma / GED,policy_specific_mean,63.285714285714285
Interview Prof. Sebille,education,High school diploma / GED,trust_multidimensional,67.5
Interview Prof. Sebille,education,High school diploma / GED,trust_post,65.0
Interview Prof. Sebille,education,Less than high school,behavior_mean,33.833333333333336
Interview Prof. Sebille,education,Less than high school,belief_post,62.0
Interview Prof. Sebille,education,Less than high school,concern_mean,50.333333333333336
Interview Prof. Sebille,education,Less than high school,distrust_post,42.0
Interview Prof. Sebille,education,Less than high school,donation_ams,1.5
Interview Prof. Sebille,education,Less than high school,funding_perceptions,48.0
Interview Prof. Sebille,education,Less than high school,inst_trust_mean,41.8
Interview Prof. Sebille,education,Less than high school,newsletter_signup,1.8
Interview Prof. Sebille,education,Less than high school,policy_general,50.0
Interview Prof. Sebille,education,Less than high school,policy_role_mean,53.75
Interview Prof. Sebille,education,Less than high school,policy_specific_mean,56.857142857142854
Interview Prof. Sebille,education,Less than high school,trust_multidimensional,55.75
Interview Prof. Sebille,education,Less than high school,trust_post,48.0
Interview Prof. Sebille,education,Master's degree / Professional degree,behavior_mean,58.0
Interview Prof. Sebille,education,Master's degree / Professional degree,belief_post,93.0
Interview Prof. Sebille,education,Master's degree / Professional degree,concern_mean,77.66666666666667
Interview Prof. Sebille,education,Master's degree / Professional degree,distrust_post,14.0
Interview Prof. Sebille,education,Master's degree / Professional degree,donation_ams,4.2
Interview Prof. Sebille,education,Master's degree / Professional degree,funding_perceptions,68.0
Interview Prof. Sebille,education,Master's degree / Professional degree,inst_trust_mean,73.6
Interview Prof. Sebille,education,Master's degree / Professional degree,newsletter_signup,1.35
Interview Prof. Sebille,education,Master's degree / Professional degree,policy_general,81.0
Interview Prof. Sebille,education,Master's degree / Professional degree,policy_role_mean,77.75
Interview Prof. Sebille,education,Master's degree / Professional degree,policy_specific_mean,77.28571428571429
Interview Prof. Sebille,education,Master's degree / Professional degree,trust_multidimensional,80.5
Interview Prof. Sebille,education,Master's degree / Professional degree,trust_post,83.0
Interview Prof. Sebille,education,Some college or Associate's degree,behavior_mean,40.833333333333336
Interview Prof. Sebille,education,Some college or Associate's degree,belief_post,87.6
Interview Prof. Sebille,education,Some college or Associate's degree,concern_mean,69.10000000000001
Interview Prof. Sebille,education,Some college or Associate's degree,distrust_post,19.2
Interview Prof. Sebille,education,Some college or Associate's degree,donation_ams,2.8
Interview Prof. Sebille,education,Some college or Associate's degree,funding_perceptions,57.5
Interview Prof. Sebille,education,Some college or Associate's degree,inst_trust_mean,65.03999999999999
Interview Prof. Sebille,education,Some college or Associate's degree,newsletter_signup,1.4
Interview Prof. Sebille,education,Some college or Associate's degree,policy_general,75.8
Interview Prof. Sebille,education,Some college or Associate's degree,policy_role_mean,69.2
Interview Prof. Sebille,education,Some college or Associate's degree,policy_specific_mean,68.64285714285714
Interview Prof. Sebille,education,Some college or Associate's degree,trust_multidimensional,75.31666666666666
Interview Prof. Sebille,education,Some college or Associate's degree,trust_post,72.4
Interview Prof. Sebille,gender,Female,behavior_mean,49.666666666666664
Interview Prof. Sebille,gender,Female,belief_post,92.0
Interview Prof. Sebille,gender,Female,concern_mean,79.33333333333333
Interview Prof. Sebille,gender,Female,distrust_post,10.5
Interview Prof. Sebille,gender,Female,donation_ams,4.5
Interview Prof. Sebille,gender,Female,funding_perceptions,65.0
Interview Prof. Sebille,gender,Female,inst_trust_mean,66.4
Interview Prof. Sebille,gender,Female,newsletter_signup,1.4
Interview Prof. Sebille,gender,Female,policy_general,82.0
Interview Prof. Sebille,gender,Female,policy_role_mean,77.0
Interview Prof. Sebille,gender,Female,policy_specific_mean,74.85714285714286
Interview Prof. Sebille,gender,Female,trust_multidimensional,82.375
Interview Prof. Sebille,gender,Female,trust_post,78.0
Interview Prof. Sebille,gender,Male,behavior_mean,40.31666666666667
Interview Prof. Sebille,gender,Male,belief_post,85.6
Interview Prof. Sebille,gender,Male,concern_mean,64.63333333333334
Interview Prof. Sebille,gender,Male,distrust_post,21.3
Interview Prof. Sebille,gender,Male,donation_ams,1.4
Interview Prof. Sebille,gender,Male,funding_perceptions,63.8
Interview Prof. Sebille,gender,Male,inst_trust_mean,63.64
Interview Prof. Sebille,gender,Male,newsletter_signup,1.82
Interview Prof. Sebille,gender,Male,policy_general,63.8
Interview Prof. Sebille,gender,Male,policy_role_mean,68.75
Interview Prof. Sebille,gender,Male,policy_specific_mean,68.37142857142857
Interview Prof. Sebille,gender,Male,trust_multidimensional,70.06666666666666
Interview Prof. Sebille,gender,Male,trust_post,68.7
Interview Prof. Sebille,gender,Other,behavior_mean,45.833333333333336
Interview Prof. Sebille,gender,Other,belief_post,88.0
Interview Prof. Sebille,gender,Other,concern_mean,75.33333333333333
Interview Prof. Sebille,gender,Other,distrust_post,12.0
Interview Prof. Sebille,gender,Other,donation_ams,3.5
Interview Prof. Sebille,gender,Other,funding_perceptions,68.0
Interview Prof. Sebille,gender,Other,inst_trust_mean,64.0
Interview Prof. Sebille,gender,Other,newsletter_signup,1.3
Interview Prof. Sebille,gender,Other,policy_general,78.0
Interview Prof. Sebille,gender,Other,policy_role_mean,75.0
Interview Prof. Sebille,gender,Other,policy_specific_mean,75.14285714285714
Interview Prof. Sebille,gender,Other,trust_multidimensional,79.0
Interview Prof. Sebille,gender,Other,trust_post,74.0
Interview Prof. Sebille,income,"$100,000 to $167,999",behavior_mean,44.75
Interview Prof. Sebille,income,"$100,000 to $167,999",belief_post,88.7
Interview Prof. Sebille,income,"$100,000 to $167,999",concern_mean,67.83333333333333
Interview Prof. Sebille,income,"$100,000 to $167,999",distrust_post,22.1
Interview Prof. Sebille,income,"$100,000 to $167,999",donation_ams,3.2
Interview Prof. Sebille,income,"$100,000 to $167,999",funding_perceptions,63.6
Interview Prof. Sebille,income,"$100,000 to $167,999",inst_trust_mean,67.03999999999999
Interview Prof. Sebille,income,"$100,000 to $167,999",newsletter_signup,1.4
Interview Prof. Sebille,income,"$100,000 to $167,999",policy_general,75.9
Interview Prof. Sebille,income,"$100,000 to $167,999",policy_role_mean,68.275
Interview Prof. Sebille,income,"$100,000 to $167,999",policy_specific_mean,66.55714285714285
Interview Prof. Sebille,income,"$100,000 to $167,999",trust_multidimensional,73.825
Interview Prof. Sebille,income,"$100,000 to $167,999",trust_post,74.3
Interview Prof. Sebille,income,"$168,000 or more",behavior_mean,50.03333333333333
Interview Prof. Sebille,income,"$168,000 or more",belief_post,89.8
Interview Prof. Sebille,income,"$168,000 or more",concern_mean,72.2
Interview Prof. Sebille,income,"$168,000 or more",distrust_post,12.4
Interview Prof. Sebille,income,"$168,000 or more",donation_ams,4.2
Interview Prof. Sebille,income,"$168,000 or more",funding_perceptions,65.0
Interview Prof. Sebille,income,"$168,000 or more",inst_trust_mean,70.17999999999999
Interview Prof. Sebille,income,"$168,000 or more",newsletter_signup,1.3
Interview Prof. Sebille,income,"$168,000 or more",policy_general,74.6
Interview Prof. Sebille,income,"$168,000 or more",policy_role_mean,72.95
Interview Prof. Sebille,income,"$168,000 or more",policy_specific_mean,73.57142857142857
Interview Prof. Sebille,income,"$168,000 or more",trust_multidimensional,79.16666666666667
Interview Prof. Sebille,income,"$168,000 or more",trust_post,81.2
Interview Prof. Sebille,income,"$30,000 to $55,999",behavior_mean,38.85
Interview Prof. Sebille,income,"$30,000 to $55,999",belief_post,78.4
Interview Prof. Sebille,income,"$30,000 to $55,999",concern_mean,65.23333333333333
Interview Prof. Sebille,income,"$30,000 to $55,999",distrust_post,24.1
Interview Prof. Sebille,income,"$30,000 to $55,999",donation_ams,2.1
Interview Prof. Sebille,income,"$30,000 to $55,999",funding_perceptions,57.2
Interview Prof. Sebille,income,"$30,000 to $55,999",inst_trust_mean,56.779999999999994
Interview Prof. Sebille,income,"$30,000 to $55,999",newsletter_signup,1.7
Interview Prof. Sebille,income,"$30,000 to $55,999",policy_general,68.2
Interview Prof. Sebille,income,"$30,000 to $55,999",policy_role_mean,67.4
Interview Prof. Sebille,income,"$30,000 to $55,999",policy_specific_mean,64.0
Interview Prof. Sebille,income,"$30,000 to $55,999",trust_multidimensional,68.18333333333334
Interview Prof. Sebille,income,"$30,000 to $55,999",trust_post,62.5
Interview Prof. Sebille,income,"$56,000 to $99,999",behavior_mean,44.550000000000004
Interview Prof. Sebille,income,"$56,000 to $99,999",belief_post,87.4
Interview Prof. Sebille,income,"$56,000 to $99,999",concern_mean,70.3
Interview Prof. Sebille,income,"$56,000 to $99,999",distrust_post,16.2
Interview Prof. Sebille,income,"$56,000 to $99,999",donation_ams,2.4
Interview Prof. Sebille,income,"$56,000 to $99,999",funding_perceptions,71.5
Interview Prof. Sebille,income,"$56,000 to $99,999",inst_trust_mean,61.9
Interview Prof. Sebille,income,"$56,000 to $99,999",newsletter_signup,1.7
Interview Prof. Sebille,income,"$56,000 to $99,999",policy_general,76.2
Interview Prof. Sebille,income,"$56,000 to $99,999",policy_role_mean,73.475
Interview Prof. Sebille,income,"$56,000 to $99,999",policy_specific_mean,67.02857142857142
Interview Prof. Sebille,income,"$56,000 to $99,999",trust_multidimensional,74.875
Interview Prof. Sebille,income,"$56,000 to $99,999",trust_post,74.8
Interview Prof. Sebille,income,"Less than $30,000",behavior_mean,34.833333333333336
Interview Prof. Sebille,income,"Less than $30,000",belief_post,78.0
Interview Prof. Sebille,income,"Less than $30,000",concern_mean,69.0
Interview Prof. Sebille,income,"Less than $30,000",distrust_post,30.0
Interview Prof. Sebille,income,"Less than $30,000",donation_ams,1.5
Interview Prof. Sebille,income,"Less than $30,000",funding_perceptions,62.0
Interview Prof. Sebille,income,"Less than $30,000",inst_trust_mean,49.6
Interview Prof. Sebille,income,"Less than $30,000",newsletter_signup,1.6
Interview Prof. Sebille,income,"Less than $30,000",policy_general,72.0
Interview Prof. Sebille,income,"Less than $30,000",policy_role_mean,68.25
Interview Prof. Sebille,income,"Less than $30,000",policy_specific_mean,62.857142857142854
Interview Prof. Sebille,income,"Less than $30,000",trust_multidimensional,67.33333333333333
Interview Prof. Sebille,income,"Less than $30,000",trust_post,62.0
Interview Prof. Sebille,party,Democrat,behavior_mean,58.333333333333336
Interview Prof. Sebille,party,Democrat,belief_post,94.0
Interview Prof. Sebille,party,Democrat,concern_mean,82.66666666666667
Interview Prof. Sebille,party,Democrat,distrust_post,10.0
Interview Prof. Sebille,party,Democrat,donation_ams,6.0
Interview Prof. Sebille,party,Democrat,funding_perceptions,85.0
Interview Prof. Sebille,party,Democrat,inst_trust_mean,74.4
Interview Prof. Sebille,party,Democrat,newsletter_signup,1.1
Interview Prof. Sebille,party,Democrat,policy_general,85.0
Interview Prof. Sebille,party,Democrat,policy_role_mean,77.0
Interview Prof. Sebille,party,Democrat,policy_specific_mean,79.71428571428571
Interview Prof. Sebille,party,Democrat,trust_multidimensional,80.5
Interview Prof. Sebille,party,Democrat,trust_post,80.0
Interview Prof. Sebille,party,Independent,behavior_mean,37.5
Interview Prof. Sebille,party,Independent,belief_post,78.0
Interview Prof. Sebille,party,Independent,concern_mean,60.666666666666664
Interview Prof. Sebille,party,Independent,distrust_post,22.0
Interview Prof. Sebille,party,Independent,donation_ams,3.5
Interview Prof. Sebille,party,Independent,funding_perceptions,55.0
Interview Prof. Sebille,party,Independent,inst_trust_mean,56.6
Interview Prof. Sebille,party,Independent,newsletter_signup,1.8
Interview Prof. Sebille,party,Independent,policy_general,62.0
Interview Prof. Sebille,party,Independent,policy_role_mean,60.0
Interview Prof. Sebille,party,Independent,policy_specific_mean,60.857142857142854
Interview Prof. Sebille,party,Independent,trust_multidimensional,69.33333333333333
Interview Prof. Sebille,party,Independent,trust_post,68.0
Interview Prof. Sebille,party,Other,behavior_mean,40.0
Interview Prof. Sebille,party,Other,belief_post,76.0
Interview Prof. Sebille,party,Other,concern_mean,59.333333333333336
Interview Prof. Sebille,party,Other,distrust_post,28.0
Interview Prof. Sebille,party,Other,donation_ams,2.5
Interview Prof. Sebille,party,Other,funding_perceptions,48.0
Interview Prof. Sebille,party,Other,inst_trust_mean,56.0
Interview Prof. Sebille,party,Other,newsletter_signup,1.8
Interview Prof. Sebille,party,Other,policy_general,58.0
Interview Prof. Sebille,party,Other,policy_role_mean,63.75
Interview Prof. Sebille,party,Other,policy_specific_mean,61.714285714285715
Interview Prof. Sebille,party,Other,trust_multidimensional,66.83333333333333
Interview Prof. Sebille,party,Other,trust_post,62.0
Interview Prof. Sebille,party,Republican,behavior_mean,26.833333333333332
Interview Prof. Sebille,party,Republican,belief_post,46.0
Interview Prof. Sebille,party,Republican,concern_mean,39.666666666666664
Interview Prof. Sebille,party,Republican,distrust_post,42.0
Interview Prof. Sebille,party,Republican,donation_ams,1.2
Interview Prof. Sebille,party,Republican,funding_perceptions,32.0
Interview Prof. Sebille,party,Republican,inst_trust_mean,38.8
Interview Prof. Sebille,party,Republican,newsletter_signup,1.8
Interview Prof. Sebille,party,Republican,policy_general,34.0
Interview Prof. Sebille,party,Republican,policy_role_mean,44.25
Interview Prof. Sebille,party,Republican,policy_specific_mean,45.857142857142854
Interview Prof. Sebille,party,Republican,trust_multidimensional,48.75
Interview Prof. Sebille,party,Republican,trust_post,38.0
Interview Prof. Sebille,race,Asian / Asian American,behavior_mean,50.0
Interview Prof. Sebille,race,Asian / Asian American,belief_post,88.0
Interview Prof. Sebille,race,Asian / Asian American,concern_mean,74.33333333333333
Interview Prof. Sebille,race,Asian / Asian American,distrust_post,12.0
Interview Prof. Sebille,race,Asian / Asian American,donation_ams,4.5
Interview Prof. Sebille,race,Asian / Asian American,funding_perceptions,65.0
Interview Prof. Sebille,race,Asian / Asian American,inst_trust_mean,68.4
Interview Prof. Sebille,race,Asian / Asian American,newsletter_signup,1.3
Interview Prof. Sebille,race,Asian / Asian American,policy_general,82.0
Interview Prof. Sebille,race,Asian / Asian American,policy_role_mean,76.25
Interview Prof. Sebille,race,Asian / Asian American,policy_specific_mean,75.0
Interview Prof. Sebille,race,Asian / Asian American,trust_multidimensional,77.41666666666667
Interview Prof. Sebille,race,Asian / Asian American,trust_post,78.0
Interview Prof. Sebille,race,Black / African American,behavior_mean,44.51666666666667
Interview Prof. Sebille,race,Black / African American,belief_post,89.5
Interview Prof. Sebille,race,Black / African American,concern_mean,75.8
Interview Prof. Sebille,race,Black / African American,distrust_post,18.5
Interview Prof. Sebille,race,Black / African American,donation_ams,3.8
Interview Prof. Sebille,race,Black / African American,funding_perceptions,58.8
Interview Prof. Sebille,race,Black / African American,inst_trust_mean,53.92
Interview Prof. Sebille,race,Black / African American,newsletter_signup,1.6
Interview Prof. Sebille,race,Black / African American,policy_general,81.3
Interview Prof. Sebille,race,Black / African American,policy_role_mean,73.85
Interview Prof. Sebille,race,Black / African American,policy_specific_mean,72.75714285714285
Interview Prof. Sebille,race,Black / African American,trust_multidimensional,74.59166666666667
Interview Prof. Sebille,race,Black / African American,trust_post,74.2
Interview Prof. Sebille,race,Hispanic / Latino,behavior_mean,42.166666666666664
Interview Prof. Sebille,race,Hispanic / Latino,belief_post,89.1
Interview Prof. Sebille,race,Hispanic / Latino,concern_mean,74.5
Interview Prof. Sebille,race,Hispanic / Latino,distrust_post,14.2
Interview Prof. Sebille,race,Hispanic / Latino,donation_ams,4.2
Interview Prof. Sebille,race,Hispanic / Latino,funding_perceptions,63.6
Interview Prof. Sebille,race,Hispanic / Latino,inst_trust_mean,66.84
Interview Prof. Sebille,race,Hispanic / Latino,newsletter_signup,1.7
Interview Prof. Sebille,race,Hispanic / Latino,policy_general,79.5
Interview Prof. Sebille,race,Hispanic / Latino,policy_role_mean,78.1
Interview Prof. Sebille,race,Hispanic / Latino,policy_specific_mean,72.5
Interview Prof. Sebille,race,Hispanic / Latino,trust_multidimensional,75.83333333333333
Interview Prof. Sebille,race,Hispanic / Latino,trust_post,73.6
Interview Prof. Sebille,race,Other,behavior_mean,41.733333333333334
Interview Prof. Sebille,race,Other,belief_post,85.4
Interview Prof. Sebille,race,Other,concern_mean,72.60000000000001
Interview Prof. Sebille,race,Other,distrust_post,17.2
Interview Prof. Sebille,race,Other,donation_ams,1.8
Interview Prof. Sebille,race,Other,funding_perceptions,55.2
Interview Prof. Sebille,race,Other,inst_trust_mean,61.82000000000001
Interview Prof. Sebille,race,Other,newsletter_signup,1.18
Interview Prof. Sebille,race,Other,policy_general,71.2
Interview Prof. Sebille,race,Other,policy_role_mean,71.4
Interview Prof. Sebille,race,Other,policy_specific_mean,70.45714285714287
Interview Prof. Sebille,race,Other,trust_multidimensional,75.51666666666667
Interview Prof. Sebille,race,Other,trust_post,73.5
Interview Prof. Sebille,race,White / Caucasian,behavior_mean,38.61666666666667
Interview Prof. Sebille,race,White / Caucasian,belief_post,82.7
Interview Prof. Sebille,race,White / Caucasian,concern_mean,64.5
Interview Prof. Sebille,race,White / Caucasian,distrust_post,18.4
Interview Prof. Sebille,race,White / Caucasian,donation_ams,1.4
Interview Prof. Sebille,race,White / Caucasian,funding_perceptions,55.8
Interview Prof. Sebille,race,White / Caucasian,inst_trust_mean,58.64
Interview Prof. Sebille,race,White / Caucasian,newsletter_signup,1.6
Interview Prof. Sebille,race,White / Caucasian,policy_general,66.5
Interview Prof. Sebille,race,White / Caucasian,policy_role_mean,66.85
Interview Prof. Sebille,race,White / Caucasian,policy_specific_mean,63.18571428571429
Interview Prof. Sebille,race,White / Caucasian,trust_multidimensional,74.71666666666667
Interview Prof. Sebille,race,White / Caucasian,trust_post,73.6
Measurement & modeling (1),age_band,18-29,behavior_mean,54.199999999999996
Measurement & modeling (1),age_band,18-29,belief_post,91.2
Measurement & modeling (1),age_band,18-29,concern_mean,82.03333333333335
Measurement & modeling (1),age_band,18-29,distrust_post,14.8
Measurement & modeling (1),age_band,18-29,donation_ams,2.8
Measurement & modeling (1),age_band,18-29,funding_perceptions,67.5
Measurement & modeling (1),age_band,18-29,inst_trust_mean,68.26
Measurement & modeling (1),age_band,18-29,newsletter_signup,1.6
Measurement & modeling (1),age_band,18-29,policy_general,82.4
Measurement & modeling (1),age_band,18-29,policy_role_mean,76.375
Measurement & modeling (1),age_band,18-29,policy_specific_mean,75.07142857142857
Measurement & modeling (1),age_band,18-29,trust_multidimensional,76.86666666666666
Measurement & modeling (1),age_band,18-29,trust_post,72.3
Measurement & modeling (1),age_band,30-44,behavior_mean,36.333333333333336
Measurement & modeling (1),age_band,30-44,belief_post,91.0
Measurement & modeling (1),age_band,30-44,concern_mean,73.33333333333333
Measurement & modeling (1),age_band,30-44,distrust_post,18.0
Measurement & modeling (1),age_band,30-44,donation_ams,0.7
Measurement & modeling (1),age_band,30-44,funding_perceptions,68.0
Measurement & modeling (1),age_band,30-44,inst_trust_mean,65.4
Measurement & modeling (1),age_band,30-44,newsletter_signup,1.8
Measurement & modeling (1),age_band,30-44,policy_general,76.0
Measurement & modeling (1),age_band,30-44,policy_role_mean,70.25
Measurement & modeling (1),age_band,30-44,policy_specific_mean,73.85714285714286
Measurement & modeling (1),age_band,30-44,trust_multidimensional,70.83333333333333
Measurement & modeling (1),age_band,30-44,trust_post,72.0
Measurement & modeling (1),age_band,45-59,behavior_mean,33.5
Measurement & modeling (1),age_band,45-59,belief_post,78.0
Measurement & modeling (1),age_band,45-59,concern_mean,61.333333333333336
Measurement & modeling (1),age_band,45-59,distrust_post,24.0
Measurement & modeling (1),age_band,45-59,donation_ams,1.5
Measurement & modeling (1),age_band,45-59,funding_perceptions,47.0
Measurement & modeling (1),age_band,45-59,inst_trust_mean,58.2
Measurement & modeling (1),age_band,45-59,newsletter_signup,1.4
Measurement & modeling (1),age_band,45-59,policy_general,61.0
Measurement & modeling (1),age_band,45-59,policy_role_mean,64.75
Measurement & modeling (1),age_band,45-59,policy_specific_mean,60.714285714285715
Measurement & modeling (1),age_band,45-59,trust_multidimensional,65.75
Measurement & modeling (1),age_band,45-59,trust_post,66.0
Measurement & modeling (1),age_band,60+,behavior_mean,38.333333333333336
Measurement & modeling (1),age_band,60+,belief_post,75.0
Measurement & modeling (1),age_band,60+,concern_mean,61.666666666666664
Measurement & modeling (1),age_band,60+,distrust_post,38.0
Measurement & modeling (1),age_band,60+,donation_ams,1.5
Measurement & modeling (1),age_band,60+,funding_perceptions,40.0
Measurement & modeling (1),age_band,60+,inst_trust_mean,59.0
Measurement & modeling (1),age_band,60+,newsletter_signup,1.7
Measurement & modeling (1),age_band,60+,policy_general,58.0
Measurement & modeling (1),age_band,60+,policy_role_mean,61.25
Measurement & modeling (1),age_band,60+,policy_specific_mean,63.142857142857146
Measurement & modeling (1),age_band,60+,trust_multidimensional,66.5
Measurement & modeling (1),age_band,60+,trust_post,62.0
Measurement & modeling (1),education,Bachelor's degree,behavior_mean,40.333333333333336
Measurement & modeling (1),education,Bachelor's degree,belief_post,90.0
Measurement & modeling (1),education,Bachelor's degree,concern_mean,71.66666666666667
Measurement & modeling (1),education,Bachelor's degree,distrust_post,18.0
Measurement & modeling (1),education,Bachelor's degree,donation_ams,3.5
Measurement & modeling (1),education,Bachelor's degree,funding_perceptions,65.0
Measurement & modeling (1),education,Bachelor's degree,inst_trust_mean,71.6
Measurement & modeling (1),education,Bachelor's degree,newsletter_signup,1.3
Measurement & modeling (1),education,Bachelor's degree,policy_general,75.0
Measurement & modeling (1),education,Bachelor's degree,policy_role_mean,74.5
Measurement & modeling (1),education,Bachelor's degree,policy_specific_mean,71.85714285714286
Measurement & modeling (1),education,Bachelor's degree,trust_multidimensional,78.0
Measurement & modeling (1),education,Bachelor's degree,trust_post,80.0
Measurement & modeling (1),education,Doctorate degree / Ph.D.,behavior_mean,50.833333333333336
Measurement & modeling (1),education,Doctorate degree / Ph.D.,belief_post,94.0
Measurement & modeling (1),education,Doctorate degree / Ph.D.,concern_mean,79.0
Measurement & modeling (1),education,Doctorate degree / Ph.D.,distrust_post,8.0
Measurement & modeling (1),education,Doctorate degree / Ph.D.,donation_ams,4.5
Measurement & modeling (1),education,Doctorate degree / Ph.D.,funding_perceptions,65.0
Measurement & modeling (1),education,Doctorate degree / Ph.D.,inst_trust_mean,76.8
Measurement & modeling (1),education,Doctorate degree / Ph.D.,newsletter_signup,1.4
Measurement & modeling (1),education,Doctorate degree / Ph.D.,policy_general,78.0
Measurement & modeling (1),education,Doctorate degree / Ph.D.,policy_role_mean,76.5
Measurement & modeling (1),education,Doctorate degree / Ph.D.,policy_specific_mean,76.71428571428571
Measurement & modeling (1),education,Doctorate degree / Ph.D.,trust_multidimensional,83.75
Measurement & modeling (1),education,Doctorate degree / Ph.D.,trust_post,87.0
Measurement & modeling (1),education,High school diploma / GED,behavior_mean,35.93333333333333
Measurement & modeling (1),education,High school diploma / GED,belief_post,74.2
Measurement & modeling (1),education,High school diploma / GED,concern_mean,60.166666666666664
Measurement & modeling (1),education,High school diploma / GED,distrust_post,24.5
Measurement & modeling (1),education,High school diploma / GED,donation_ams,1.8
Measurement & modeling (1),education,High school diploma / GED,funding_perceptions,57.9
Measurement & modeling (1),education,High school diploma / GED,inst_trust_mean,57.580000000000005
Measurement & modeling (1),education,High school diploma / GED,newsletter_signup,1.4
Measurement & modeling (1),education,High school diploma / GED,policy_general,69.5
Measurement & modeling (1),education,High school diploma / GED,policy_role_mean,64.725
Measurement & modeling (1),education,High school diploma / GED,policy_specific_mean,64.68571428571428
Measurement & modeling (1),education,High school diploma / GED,trust_multidimensional,68.45833333333333
Measurement & modeling (1),education,High school diploma / GED,trust_post,66.3
Measurement & modeling (1),education,Less than high school,behavior_mean,31.03333333333333
Measurement & modeling (1),education,Less than high school,belief_post,61.2
Measurement & modeling (1),education,Less than high school,concern_mean,52.0
Measurement & modeling (1),education,Less than high school,distrust_post,34.5
Measurement & modeling (1),education,Less than high school,donation_ams,1.2
Measurement & modeling (1),education,Less than high school,funding_perceptions,43.2
Measurement & modeling (1),education,Less than high school,inst_trust_mean,49.06
Measurement & modeling (1),education,Less than high school,newsletter_signup,1.88
Measurement & modeling (1),education,Less than high school,policy_general,53.5
Measurement & modeling (1),education,Less than high school,policy_role_mean,57.800000000000004
Measurement & modeling (1),education,Less than high school,policy_specific_mean,57.385714285714286
Measurement & modeling (1),education,Less than high school,trust_multidimensional,59.39166666666667
Measurement & modeling (1),education,Less than high school,trust_post,54.3
Measurement & modeling (1),education,Master's degree / Professional degree,behavior_mean,52.666666666666664
Measurement & modeling (1),education,Master's degree / Professional degree,belief_post,91.5
Measurement & modeling (1),education,Master's degree / Professional degree,concern_mean,75.16666666666667
Measurement & modeling (1),education,Master's degree / Professional degree,distrust_post,15.0
Measurement & modeling (1),education,Master's degree / Professional degree,donation_ams,3.5
Measurement & modeling (1),education,Master's degree / Professional degree,funding_perceptions,68.0
Measurement & modeling (1),education,Master's degree / Professional degree,inst_trust_mean,71.8
Measurement & modeling (1),education,Master's degree / Professional degree,newsletter_signup,1.3
Measurement & modeling (1),education,Master's degree / Professional degree,policy_general,76.0
Measurement & modeling (1),education,Master's degree / Professional degree,policy_role_mean,75.0
Measurement & modeling (1),education,Master's degree / Professional degree,policy_specific_mean,75.85714285714286
Measurement & modeling (1),education,Master's degree / Professional degree,trust_multidimensional,79.20833333333333
Measurement & modeling (1),education,Master's degree / Professional degree,trust_post,80.0
Measurement & modeling (1),education,Some college or Associate's degree,behavior_mean,39.1
Measurement & modeling (1),education,Some college or Associate's degree,belief_post,83.4
Measurement & modeling (1),education,Some college or Associate's degree,concern_mean,66.39999999999999
Measurement & modeling (1),education,Some college or Associate's degree,distrust_post,18.2
Measurement & modeling (1),education,Some college or Associate's degree,donation_ams,1.4
Measurement & modeling (1),education,Some college or Associate's degree,funding_perceptions,61.5
Measurement & modeling (1),education,Some college or Associate's degree,inst_trust_mean,66.44
Measurement & modeling (1),education,Some college or Associate's degree,newsletter_signup,1.8
Measurement & modeling (1),education,Some college or Associate's degree,policy_general,67.2
Measurement & modeling (1),education,Some college or Associate's degree,policy_role_mean,68.2
Measurement & modeling (1),education,Some college or Associate's degree,policy_specific_mean,66.25714285714285
Measurement & modeling (1),education,Some college or Associate's degree,trust_multidimensional,74.98333333333333
Measurement & modeling (1),education,Some college or Associate's degree,trust_post,73.5
Measurement & modeling (1),gender,Female,behavior_mean,44.333333333333336
Measurement & modeling (1),gender,Female,belief_post,88.0
Measurement & modeling (1),gender,Female,concern_mean,76.0
Measurement & modeling (1),gender,Female,distrust_post,22.0
Measurement & modeling (1),gender,Female,donation_ams,2.5
Measurement & modeling (1),gender,Female,funding_perceptions,65.0
Measurement & modeling (1),gender,Female,inst_trust_mean,68.2
Measurement & modeling (1),gender,Female,newsletter_signup,1.3
Measurement & modeling (1),gender,Female,policy_general,82.0
Measurement & modeling (1),gender,Female,policy_role_mean,75.5
Measurement & modeling (1),gender,Female,policy_specific_mean,74.57142857142857
Measurement & modeling (1),gender,Female,trust_multidimensional,77.08333333333333
Measurement & modeling (1),gender,Female,trust_post,76.0
Measurement & modeling (1),gender,Male,behavior_mean,30.0
Measurement & modeling (1),gender,Male,belief_post,82.0
Measurement & modeling (1),gender,Male,concern_mean,60.0
Measurement & modeling (1),gender,Male,distrust_post,28.0
Measurement & modeling (1),gender,Male,donation_ams,1.5
Measurement & modeling (1),gender,Male,funding_perceptions,58.0
Measurement & modeling (1),gender,Male,inst_trust_mean,59.0
Measurement & modeling (1),gender,Male,newsletter_signup,1.8
Measurement & modeling (1),gender,Male,policy_general,58.0
Measurement & modeling (1),gender,Male,policy_role_mean,65.0
Measurement & modeling (1),gender,Male,policy_specific_mean,62.0
Measurement & modeling (1),gender,Male,trust_multidimensional,69.83333333333333
Measurement & modeling (1),gender,Male,trust_post,67.0
Measurement & modeling (1),gender,Other,behavior_mean,48.199999999999996
Measurement & modeling (1),gender,Other,belief_post,91.2
Measurement & modeling (1),gender,Other,concern_mean,81.56666666666666
Measurement & modeling (1),gender,Other,distrust_post,18.2
Measurement & modeling (1),gender,Other,donation_ams,3.4
Measurement & modeling (1),gender,Other,funding_perceptions,68.5
Measurement & modeling (1),gender,Other,inst_trust_mean,70.9
Measurement & modeling (1),gender,Other,newsletter_signup,1.4
Measurement & modeling (1),gender,Other,policy_general,83.6
Measurement & modeling (1),gender,Other,policy_role_mean,73.225
Measurement & modeling (1),gender,Other,policy_specific_mean,75.35714285714286
Measurement & modeling (1),gender,Other,trust_multidimensional,77.44166666666666
Measurement & modeling (1),gender,Other,trust_post,76.4
Measurement & modeling (1),income,"$100,000 to $167,999",behavior_mean,46.81666666666666
Measurement & modeling (1),income,"$100,000 to $167,999",belief_post,89.2
Measurement & modeling (1),income,"$100,000 to $167,999",concern_mean,73.7
Measurement & modeling (1),income,"$100,000 to $167,999",distrust_post,18.6
Measurement & modeling (1),income,"$100,000 to $167,999",donation_ams,2.4
Measurement & modeling (1),income,"$100,000 to $167,999",funding_perceptions,61.5
Measurement & modeling (1),income,"$100,000 to $167,999",inst_trust_mean,67.22
Measurement & modeling (1),income,"$100,000 to $167,999",newsletter_signup,1.6
Measurement & modeling (1),income,"$100,000 to $167,999",policy_general,76.8
Measurement & modeling (1),income,"$100,000 to $167,999",policy_role_mean,72.5
Measurement & modeling (1),income,"$100,000 to $167,999",policy_specific_mean,73.38571428571429
Measurement & modeling (1),income,"$100,000 to $167,999",trust_multidimensional,76.86666666666666
Measurement & modeling (1),income,"$100,000 to $167,999",trust_post,71.4
Measurement & modeling (1),income,"$168,000 or more",behavior_mean,48.333333333333336
Measurement & modeling (1),income,"$168,000 or more",belief_post,86.0
Measurement & modeling (1),income,"$168,000 or more",concern_mean,74.66666666666667
Measurement & modeling (1),income,"$168,000 or more",distrust_post,18.0
Measurement & modeling (1),income,"$168,000 or more",donation_ams,4.5
Measurement & modeling (1),income,"$168,000 or more",funding_perceptions,58.0
Measurement & modeling (1),income,"$168,000 or more",inst_trust_mean,69.4
Measurement & modeling (1),income,"$168,000 or more",newsletter_signup,1.6
Measurement & modeling (1),income,"$168,000 or more",policy_general,74.0
Measurement & modeling (1),income,"$168,000 or more",policy_role_mean,73.0
Measurement & modeling (1),income,"$168,000 or more",policy_specific_mean,68.85714285714286
Measurement & modeling (1),income,"$168,000 or more",trust_multidimensional,75.0
Measurement & modeling (1),income,"$168,000 or more",trust_post,75.0
Measurement & modeling (1),income,"$30,000 to $55,999",behavior_mean,32.0
Measurement & modeling (1),income,"$30,000 to $55,999",belief_post,78.0
Measurement & modeling (1),income,"$30,000 to $55,999",concern_mean,58.333333333333336
Measurement & modeling (1),income,"$30,000 to $55,999",distrust_post,20.0
Measurement & modeling (1),income,"$30,000 to $55,999",donation_ams,1.5
Measurement & modeling (1),income,"$30,000 to $55,999",funding_perceptions,52.0
Measurement & modeling (1),income,"$30,000 to $55,999",inst_trust_mean,56.6
Measurement & modeling (1),income,"$30,000 to $55,999",newsletter_signup,1.2
Measurement & modeling (1),income,"$30,000 to $55,999",policy_general,62.0
Measurement & modeling (1),income,"$30,000 to $55,999",policy_role_mean,62.5
Measurement & modeling (1),income,"$30,000 to $55,999",policy_specific_mean,61.57142857142857
Measurement & modeling (1),income,"$30,000 to $55,999",trust_multidimensional,65.58333333333333
Measurement & modeling (1),income,"$30,000 to $55,999",trust_post,62.0
Measurement & modeling (1),income,"$56,000 to $99,999",behavior_mean,42.166666666666664
Measurement & modeling (1),income,"$56,000 to $99,999",belief_post,82.0
Measurement & modeling (1),income,"$56,000 to $99,999",concern_mean,64.33333333333333
Measurement & modeling (1),income,"$56,000 to $99,999",distrust_post,26.0
Measurement & modeling (1),income,"$56,000 to $99,999",donation_ams,3.2
Measurement & modeling (1),income,"$56,000 to $99,999",funding_perceptions,48.0
Measurement & modeling (1),income,"$56,000 to $99,999",inst_trust_mean,62.6
Measurement & modeling (1),income,"$56,000 to $99,999",newsletter_signup,1.7
Measurement & modeling (1),income,"$56,000 to $99,999",policy_general,67.0
Measurement & modeling (1),income,"$56,000 to $99,999",policy_role_mean,69.75
Measurement & modeling (1),income,"$56,000 to $99,999",policy_specific_mean,66.14285714285714
Measurement & modeling (1),income,"$56,000 to $99,999",trust_multidimensional,73.58333333333333
Measurement & modeling (1),income,"$56,000 to $99,999",trust_post,74.0
Measurement & modeling (1),income,"Less than $30,000",behavior_mean,34.166666666666664
Measurement & modeling (1),income,"Less than $30,000",belief_post,82.0
Measurement & modeling (1),income,"Less than $30,000",concern_mean,65.0
Measurement & modeling (1),income,"Less than $30,000",distrust_post,25.0
Measurement & modeling (1),income,"Less than $30,000",donation_ams,1.0
Measurement & modeling (1),income,"Less than $30,000",funding_perceptions,60.0
Measurement & modeling (1),income,"Less than $30,000",inst_trust_mean,51.8
Measurement & modeling (1),income,"Less than $30,000",newsletter_signup,1.8
Measurement & modeling (1),income,"Less than $30,000",policy_general,65.0
Measurement & modeling (1),income,"Less than $30,000",policy_role_mean,63.25
Measurement & modeling (1),income,"Less than $30,000",policy_specific_mean,63.0
Measurement & modeling (1),income,"Less than $30,000",trust_multidimensional,65.33333333333333
Measurement & modeling (1),income,"Less than $30,000",trust_post,63.0
Measurement & modeling (1),party,Democrat,behavior_mean,53.333333333333336
Measurement & modeling (1),party,Democrat,belief_post,92.0
Measurement & modeling (1),party,Democrat,concern_mean,80.66666666666667
Measurement & modeling (1),party,Democrat,distrust_post,15.0
Measurement & modeling (1),party,Democrat,donation_ams,4.0
Measurement & modeling (1),party,Democrat,funding_perceptions,75.0
Measurement & modeling (1),party,Democrat,inst_trust_mean,73.2
Measurement & modeling (1),party,Democrat,newsletter_signup,1.4
Measurement & modeling (1),party,Democrat,policy_general,85.0
Measurement & modeling (1),party,Democrat,policy_role_mean,75.75
Measurement & modeling (1),party,Democrat,policy_specific_mean,77.85714285714286
Measurement & modeling (1),party,Democrat,trust_multidimensional,80.33333333333333
Measurement & modeling (1),party,Democrat,trust_post,78.0
Measurement & modeling (1),party,Independent,behavior_mean,43.5
Measurement & modeling (1),party,Independent,belief_post,75.0
Measurement & modeling (1),party,Independent,concern_mean,62.0
Measurement & modeling (1),party,Independent,distrust_post,22.0
Measurement & modeling (1),party,Independent,donation_ams,2.0
Measurement & modeling (1),party,Independent,funding_perceptions,48.0
Measurement & modeling (1),party,Independent,inst_trust_mean,56.2
Measurement & modeling (1),party,Independent,newsletter_signup,1.5
Measurement & modeling (1),party,Independent,policy_general,62.0
Measurement & modeling (1),party,Independent,policy_role_mean,65.75
Measurement & modeling (1),party,Independent,policy_specific_mean,62.57142857142857
Measurement & modeling (1),party,Independent,trust_multidimensional,67.5
Measurement & modeling (1),party,Independent,trust_post,60.0
Measurement & modeling (1),party,Other,behavior_mean,38.0
Measurement & modeling (1),party,Other,belief_post,72.0
Measurement & modeling (1),party,Other,concern_mean,62.333333333333336
Measurement & modeling (1),party,Other,distrust_post,35.0
Measurement & modeling (1),party,Other,donation_ams,1.5
Measurement & modeling (1),party,Other,funding_perceptions,50.0
Measurement & modeling (1),party,Other,inst_trust_mean,59.6
Measurement & modeling (1),party,Other,newsletter_signup,1.5
Measurement & modeling (1),party,Other,policy_general,60.0
Measurement & modeling (1),party,Other,policy_role_mean,62.5
Measurement & modeling (1),party,Other,policy_specific_mean,62.142857142857146
Measurement & modeling (1),party,Other,trust_multidimensional,68.0
Measurement & modeling (1),party,Other,trust_post,65.0
Measurement & modeling (1),party,Republican,behavior_mean,34.0
Measurement & modeling (1),party,Republican,belief_post,58.0
Measurement & modeling (1),party,Republican,concern_mean,38.0
Measurement & modeling (1),party,Republican,distrust_post,38.0
Measurement & modeling (1),party,Republican,donation_ams,1.5
Measurement & modeling (1),party,Republican,funding_perceptions,32.0
Measurement & modeling (1),party,Republican,inst_trust_mean,40.0
Measurement & modeling (1),party,Republican,newsletter_signup,1.8
Measurement & modeling (1),party,Republican,policy_general,38.0
Measurement & modeling (1),party,Republican,policy_role_mean,43.0
Measurement & modeling (1),party,Republican,policy_specific_mean,49.285714285714285
Measurement & modeling (1),party,Republican,trust_multidimensional,50.75
Measurement & modeling (1),party,Republican,trust_post,44.0
Measurement & modeling (1),race,Asian / Asian American,behavior_mean,51.166666666666664
Measurement & modeling (1),race,Asian / Asian American,belief_post,91.0
Measurement & modeling (1),race,Asian / Asian American,concern_mean,79.0
Measurement & modeling (1),race,Asian / Asian American,distrust_post,14.0
Measurement & modeling (1),race,Asian / Asian American,donation_ams,2.5
Measurement & modeling (1),race,Asian / Asian American,funding_perceptions,65.0
Measurement & modeling (1),race,Asian / Asian American,inst_trust_mean,72.6
Measurement & modeling (1),race,Asian / Asian American,newsletter_signup,1.6
Measurement & modeling (1),race,Asian / Asian American,policy_general,78.0
Measurement & modeling (1),race,Asian / Asian American,policy_role_mean,73.0
Measurement & modeling (1),race,Asian / Asian American,policy_specific_mean,73.42857142857143
Measurement & modeling (1),race,Asian / Asian American,trust_multidimensional,77.0
Measurement & modeling (1),race,Asian / Asian American,trust_post,76.0
Measurement & modeling (1),race,Black / African American,behavior_mean,43.833333333333336
Measurement & modeling (1),race,Black / African American,belief_post,88.7
Measurement & modeling (1),race,Black / African American,concern_mean,76.93333333333334
Measurement & modeling (1),race,Black / African American,distrust_post,21.6
Measurement & modeling (1),race,Black / African American,donation_ams,2.4
Measurement & modeling (1),race,Black / African American,funding_perceptions,57.5
Measurement & modeling (1),race,Black / African American,inst_trust_mean,61.92
Measurement & modeling (1),race,Black / African American,newsletter_signup,1.35
Measurement & modeling (1),race,Black / African American,policy_general,78.2
Measurement & modeling (1),race,Black / African American,policy_role_mean,71.45
Measurement & modeling (1),race,Black / African American,policy_specific_mean,71.9
Measurement & modeling (1),race,Black / African American,trust_multidimensional,74.75
Measurement & modeling (1),race,Black / African American,trust_post,68.4
Measurement & modeling (1),race,Hispanic / Latino,behavior_mean,39.166666666666664
Measurement & modeling (1),race,Hispanic / Latino,belief_post,88.0
Measurement & modeling (1),race,Hispanic / Latino,concern_mean,77.0
Measurement & modeling (1),race,Hispanic / Latino,distrust_post,18.0
Measurement & modeling (1),race,Hispanic / Latino,donation_ams,2.5
Measurement & modeling (1),race,Hispanic / Latino,funding_perceptions,65.0
Measurement & modeling (1),race,Hispanic / Latino,inst_trust_mean,66.0
Measurement & modeling (1),race,Hispanic / Latino,newsletter_signup,1.8
Measurement & modeling (1),race,Hispanic / Latino,policy_general,80.0
Measurement & modeling (1),race,Hispanic / Latino,policy_role_mean,72.0
Measurement & modeling (1),race,Hispanic / Latino,policy_specific_mean,71.0
Measurement & modeling (1),race,Hispanic / Latino,trust_multidimensional,75.91666666666667
Measurement & modeling (1),race,Hispanic / Latino,trust_post,75.0
Measurement & modeling (1),race,Other,behavior_mean,36.13333333333333
Measurement & modeling (1),race,Other,belief_post,84.3
Measurement & modeling (1),race,Other,concern_mean,71.03333333333333
Measurement & modeling (1),race,Other,distrust_post,24.5
Measurement & modeling (1),race,Other,donation_ams,2.4
Measurement & modeling (1),race,Other,funding_perceptions,58.8
Measurement & modeling (1),race,Other,inst_trust_mean,62.6
Measurement & modeling (1),race,Other,newsletter_signup,1.8
Measurement & modeling (1),race,Other,policy_general,71.5
Measurement & modeling (1),race,Other,policy_role_mean,71.875
Measurement & modeling (1),race,Other,policy_specific_mean,66.44285714285715
Measurement & modeling (1),race,Other,trust_multidimensional,74.75
Measurement & modeling (1),race,Other,trust_post,68.2
Measurement & modeling (1),race,White / Caucasian,behavior_mean,36.666666666666664
Measurement & modeling (1),race,White / Caucasian,belief_post,82.0
Measurement & modeling (1),race,White / Caucasian,concern_mean,62.666666666666664
Measurement & modeling (1),race,White / Caucasian,distrust_post,25.0
Measurement & modeling (1),race,White / Caucasian,donation_ams,1.5
Measurement & modeling (1),race,White / Caucasian,funding_perceptions,55.0
Measurement & modeling (1),race,White / Caucasian,inst_trust_mean,59.4
Measurement & modeling (1),race,White / Caucasian,newsletter_signup,1.8
Measurement & modeling (1),race,White / Caucasian,policy_general,68.0
Measurement & modeling (1),race,White / Caucasian,policy_role_mean,66.25
Measurement & modeling (1),race,White / Caucasian,policy_specific_mean,66.28571428571429
Measurement & modeling (1),race,White / Caucasian,trust_multidimensional,71.33333333333333
Measurement & modeling (1),race,White / Caucasian,trust_post,65.0
Measurement & modeling (2),age_band,18-29,behavior_mean,53.75
Measurement & modeling (2),age_band,18-29,belief_post,91.2
Measurement & modeling (2),age_band,18-29,concern_mean,83.3
Measurement & modeling (2),age_band,18-29,distrust_post,15.2
Measurement & modeling (2),age_band,18-29,donation_ams,4.5
Measurement & modeling (2),age_band,18-29,funding_perceptions,74.6
Measurement & modeling (2),age_band,18-29,inst_trust_mean,68.67999999999999
Measurement & modeling (2),age_band,18-29,newsletter_signup,1.4
Measurement & modeling (2),age_band,18-29,policy_general,82.5
Measurement & modeling (2),age_band,18-29,policy_role_mean,75.3
Measurement & modeling (2),age_band,18-29,policy_specific_mean,76.91428571428571
Measurement & modeling (2),age_band,18-29,trust_multidimensional,74.35000000000001
Measurement & modeling (2),age_band,18-29,trust_post,76.8
Measurement & modeling (2),age_band,30-44,behavior_mean,43.333333333333336
Measurement & modeling (2),age_band,30-44,belief_post,88.0
Measurement & modeling (2),age_band,30-44,concern_mean,69.0
Measurement & modeling (2),age_band,30-44,distrust_post,18.0
Measurement & modeling (2),age_band,30-44,donation_ams,2.5
Measurement & modeling (2),age_band,30-44,funding_perceptions,58.0
Measurement & modeling (2),age_band,30-44,inst_trust_mean,64.4
Measurement & modeling (2),age_band,30-44,newsletter_signup,1.4
Measurement & modeling (2),age_band,30-44,policy_general,76.0
Measurement & modeling (2),age_band,30-44,policy_role_mean,70.0
Measurement & modeling (2),age_band,30-44,policy_specific_mean,69.0
Measurement & modeling (2),age_band,30-44,trust_multidimensional,74.25
Measurement & modeling (2),age_band,30-44,trust_post,74.0
Measurement & modeling (2),age_band,45-59,behavior_mean,39.46666666666667
Measurement & modeling (2),age_band,45-59,belief_post,89.2
Measurement & modeling (2),age_band,45-59,concern_mean,62.833333333333336
Measurement & modeling (2),age_band,45-59,distrust_post,30.5
Measurement & modeling (2),age_band,45-59,donation_ams,1.4
Measurement & modeling (2),age_band,45-59,funding_perceptions,57.5
Measurement & modeling (2),age_band,45-59,inst_trust_mean,62.260000000000005
Measurement & modeling (2),age_band,45-59,newsletter_signup,1.8
Measurement & modeling (2),age_band,45-59,policy_general,67.8
Measurement & modeling (2),age_band,45-59,policy_role_mean,66.0
Measurement & modeling (2),age_band,45-59,policy_specific_mean,65.45714285714286
Measurement & modeling (2),age_band,45-59,trust_multidimensional,71.89999999999999
Measurement & modeling (2),age_band,45-59,trust_post,69.5
Measurement & modeling (2),age_band,60+,behavior_mean,34.666666666666664
Measurement & modeling (2),age_band,60+,belief_post,81.0
Measurement & modeling (2),age_band,60+,concern_mean,63.0
Measurement & modeling (2),age_band,60+,distrust_post,18.0
Measurement & modeling (2),age_band,60+,donation_ams,1.4
Measurement & modeling (2),age_band,60+,funding_perceptions,42.0
Measurement & modeling (2),age_band,60+,inst_trust_mean,63.4
Measurement & modeling (2),age_band,60+,newsletter_signup,1.8
Measurement & modeling (2),age_band,60+,policy_general,64.0
Measurement & modeling (2),age_band,60+,policy_role_mean,67.25
Measurement & modeling (2),age_band,60+,policy_specific_mean,63.714285714285715
Measurement & modeling (2),age_band,60+,trust_multidimensional,71.75
Measurement & modeling (2),age_band,60+,trust_post,71.0
Measurement & modeling (2),education,Bachelor's degree,behavior_mean,51.63333333333333
Measurement & modeling (2),education,Bachelor's degree,belief_post,89.6
Measurement & modeling (2),education,Bachelor's degree,concern_mean,73.39999999999999
Measurement & modeling (2),education,Bachelor's degree,distrust_post,14.2
Measurement & modeling (2),education,Bachelor's degree,donation_ams,2.8
Measurement & modeling (2),education,Bachelor's degree,funding_perceptions,67.6
Measurement & modeling (2),education,Bachelor's degree,inst_trust_mean,64.38
Measurement & modeling (2),education,Bachelor's degree,newsletter_signup,1.4
Measurement & modeling (2),education,Bachelor's degree,policy_general,76.8
Measurement & modeling (2),education,Bachelor's degree,policy_role_mean,72.4
Measurement & modeling (2),education,Bachelor's degree,policy_specific_mean,70.61428571428571
Measurement & modeling (2),education,Bachelor's degree,trust_multidimensional,76.51666666666667
Measurement & modeling (2),education,Bachelor's degree,trust_post,76.5
Measurement & modeling (2),education,Doctorate degree / Ph.D.,behavior_mean,49.166666666666664
Measurement & modeling (2),education,Doctorate degree / Ph.D.,belief_post,92.0
Measurement & modeling (2),education,Doctorate degree / Ph.D.,concern_mean,79.33333333333333
Measurement & modeling (2),education,Doctorate degree / Ph.D.,distrust_post,15.0
Measurement & modeling (2),education,Doctorate degree / Ph.D.,donation_ams,4.5
Measurement & modeling (2),education,Doctorate degree / Ph.D.,funding_perceptions,70.0
Measurement & modeling (2),education,Doctorate degree / Ph.D.,inst_trust_mean,73.0
Measurement & modeling (2),education,Doctorate degree / Ph.D.,newsletter_signup,1.3
Measurement & modeling (2),education,Doctorate degree / Ph.D.,policy_general,80.0
Measurement & modeling (2),education,Doctorate degree / Ph.D.,policy_role_mean,75.5
Measurement & modeling (2),education,Doctorate degree / Ph.D.,policy_specific_mean,76.42857142857143
Measurement & modeling (2),education,Doctorate degree / Ph.D.,trust_multidimensional,81.41666666666667
Measurement & modeling (2),education,Doctorate degree / Ph.D.,trust_post,82.0
Measurement & modeling (2),education,High school diploma / GED,behavior_mean,36.949999999999996
Measurement & modeling (2),education,High school diploma / GED,belief_post,70.8
Measurement & modeling (2),education,High school diploma / GED,concern_mean,58.833333333333336
Measurement & modeling (2),education,High school diploma / GED,distrust_post,28.4
Measurement & modeling (2),education,High school diploma / GED,donation_ams,1.4
Measurement & modeling (2),education,High school diploma / GED,funding_perceptions,46.8
Measurement & modeling (2),education,High school diploma / GED,inst_trust_mean,53.08
Measurement & modeling (2),education,High school diploma / GED,newsletter_signup,1.3
Measurement & modeling (2),education,High school diploma / GED,policy_general,57.4
Measurement & modeling (2),education,High school diploma / GED,policy_role_mean,62.4
Measurement & modeling (2),education,High school diploma / GED,policy_specific_mean,61.91428571428571
Measurement & modeling (2),education,High school diploma / GED,trust_multidimensional,63.43333333333334
Measurement & modeling (2),education,High school diploma / GED,trust_post,59.5
Measurement & modeling (2),education,Less than high school,behavior_mean,34.166666666666664
Measurement & modeling (2),education,Less than high school,belief_post,70.0
Measurement & modeling (2),education,Less than high school,concern_mean,51.666666666666664
Measurement & modeling (2),education,Less than high school,distrust_post,42.0
Measurement & modeling (2),education,Less than high school,donation_ams,1.2
Measurement & modeling (2),education,Less than high school,funding_perceptions,45.0
Measurement & modeling (2),education,Less than high school,inst_trust_mean,46.0
Measurement & modeling (2),education,Less than high school,newsletter_signup,1.8
Measurement & modeling (2),education,Less than high school,policy_general,52.0
Measurement & modeling (2),education,Less than high school,policy_role_mean,53.75
Measurement & modeling (2),education,Less than high school,policy_specific_mean,55.285714285714285
Measurement & modeling (2),education,Less than high school,trust_multidimensional,56.75
Measurement & modeling (2),education,Less than high school,trust_post,50.0
Measurement & modeling (2),education,Master's degree / Professional degree,behavior_mean,52.333333333333336
Measurement & modeling (2),education,Master's degree / Professional degree,belief_post,91.0
Measurement & modeling (2),education,Master's degree / Professional degree,concern_mean,76.0
Measurement & modeling (2),education,Master's degree / Professional degree,distrust_post,12.0
Measurement & modeling (2),education,Master's degree / Professional degree,donation_ams,4.5
Measurement & modeling (2),education,Master's degree / Professional degree,funding_perceptions,62.0
Measurement & modeling (2),education,Master's degree / Professional degree,inst_trust_mean,71.2
Measurement & modeling (2),education,Master's degree / Professional degree,newsletter_signup,1.3
Measurement & modeling (2),education,Master's degree / Professional degree,policy_general,78.0
Measurement & modeling (2),education,Master's degree / Professional degree,policy_role_mean,78.0
Measurement & modeling (2),education,Master's degree / Professional degree,policy_specific_mean,76.14285714285714
Measurement & modeling (2),education,Master's degree / Professional degree,trust_multidimensional,81.08333333333333
Measurement & modeling (2),education,Master's degree / Professional degree,trust_post,81.0
Measurement & modeling (2),education,Some college or Associate's degree,behavior_mean,40.28333333333334
Measurement & modeling (2),education,Some college or Associate's degree,belief_post,81.2
Measurement & modeling (2),education,Some college or Associate's degree,concern_mean,65.13333333333334
Measurement & modeling (2),education,Some college or Associate's degree,distrust_post,24.3
Measurement & modeling (2),education,Some college or Associate's degree,donation_ams,1.4
Measurement & modeling (2),education,Some college or Associate's degree,funding_perceptions,58.5
Measurement & modeling (2),education,Some college or Associate's degree,inst_trust_mean,63.04
Measurement & modeling (2),education,Some college or Associate's degree,newsletter_signup,1.8
Measurement & modeling (2),education,Some college or Associate's degree,policy_general,67.8
Measurement & modeling (2),education,Some college or Associate's degree,policy_role_mean,65.65
Measurement & modeling (2),education,Some college or Associate's degree,policy_specific_mean,67.31428571428572
Measurement & modeling (2),education,Some college or Associate's degree,trust_multidimensional,70.81666666666666
Measurement & modeling (2),education,Some college or Associate's degree,trust_post,72.4
Measurement & modeling (2),gender,Female,behavior_mean,53.833333333333336
Measurement & modeling (2),gender,Female,belief_post,90.0
Measurement & modeling (2),gender,Female,concern_mean,75.66666666666667
Measurement & modeling (2),gender,Female,distrust_post,15.0
Measurement & modeling (2),gender,Female,donation_ams,2.5
Measurement & modeling (2),gender,Female,funding_perceptions,58.0
Measurement & modeling (2),gender,Female,inst_trust_mean,63.2
Measurement & modeling (2),gender,Female,newsletter_signup,1.4
Measurement & modeling (2),gender,Female,policy_general,75.0
Measurement & modeling (2),gender,Female,policy_role_mean,72.5
Measurement & modeling (2),gender,Female,policy_specific_mean,72.71428571428571
Measurement & modeling (2),gender,Female,trust_multidimensional,75.16666666666667
Measurement & modeling (2),gender,Female,trust_post,76.0
Measurement & modeling (2),gender,Male,behavior_mean,43.65
Measurement & modeling (2),gender,Male,belief_post,81.5
Measurement & modeling (2),gender,Male,concern_mean,64.13333333333334
Measurement & modeling (2),gender,Male,distrust_post,18.4
Measurement & modeling (2),gender,Male,donation_ams,2.1
Measurement & modeling (2),gender,Male,funding_perceptions,55.8
Measurement & modeling (2),gender,Male,inst_trust_mean,64.5
Measurement & modeling (2),gender,Male,newsletter_signup,1.35
Measurement & modeling (2),gender,Male,policy_general,64.8
Measurement & modeling (2),gender,Male,policy_role_mean,66.6
Measurement & modeling (2),gender,Male,policy_specific_mean,65.9
Measurement & modeling (2),gender,Male,trust_multidimensional,71.69166666666666
Measurement & modeling (2),gender,Male,trust_post,72.6
Measurement & modeling (2),gender,Other,behavior_mean,54.5
Measurement & modeling (2),gender,Other,belief_post,92.0
Measurement & modeling (2),gender,Other,concern_mean,80.33333333333333
Measurement & modeling (2),gender,Other,distrust_post,15.0
Measurement & modeling (2),gender,Other,donation_ams,3.0
Measurement & modeling (2),gender,Other,funding_perceptions,65.0
Measurement & modeling (2),gender,Other,inst_trust_mean,64.0
Measurement & modeling (2),gender,Other,newsletter_signup,1.5
Measurement & modeling (2),gender,Other,policy_general,82.0
Measurement & modeling (2),gender,Other,policy_role_mean,77.5
Measurement & modeling (2),gender,Other,policy_specific_mean,78.57142857142857
Measurement & modeling (2),gender,Other,trust_multidimensional,76.16666666666667
Measurement & modeling (2),gender,Other,trust_post,76.0
Measurement & modeling (2),income,"$100,000 to $167,999",behavior_mean,48.333333333333336
Measurement & modeling (2),income,"$100,000 to $167,999",belief_post,88.0
Measurement & modeling (2),income,"$100,000 to $167,999",concern_mean,72.66666666666667
Measurement & modeling (2),income,"$100,000 to $167,999",distrust_post,15.0
Measurement & modeling (2),income,"$100,000 to $167,999",donation_ams,4.0
Measurement & modeling (2),income,"$100,000 to $167,999",funding_perceptions,62.0
Measurement & modeling (2),income,"$100,000 to $167,999",inst_trust_mean,70.0
Measurement & modeling (2),income,"$100,000 to $167,999",newsletter_signup,1.5
Measurement & modeling (2),income,"$100,000 to $167,999",policy_general,72.0
Measurement & modeling (2),income,"$100,000 to $167,999",policy_role_mean,70.0
Measurement & modeling (2),income,"$100,000 to $167,999",policy_specific_mean,73.28571428571429
Measurement & modeling (2),income,"$100,000 to $167,999",trust_multidimensional,75.625
Measurement & modeling (2),income,"$100,000 to $167,999",trust_post,75.0
Measurement & modeling (2),income,"$168,000 or more",behavior_mean,50.25
Measurement & modeling (2),income,"$168,000 or more",belief_post,91.2
Measurement & modeling (2),income,"$168,000 or more",concern_mean,75.63333333333334
Measurement & modeling (2),income,"$168,000 or more",distrust_post,16.5
Measurement & modeling (2),income,"$168,000 or more",donation_ams,4.8
Measurement & modeling (2),income,"$168,000 or more",funding_perceptions,63.6
Measurement & modeling (2),income,"$168,000 or more",inst_trust_mean,69.26
Measurement & modeling (2),income,"$168,000 or more",newsletter_signup,1.45
Measurement & modeling (2),income,"$168,000 or more",policy_general,81.5
Measurement & modeling (2),income,"$168,000 or more",policy_role_mean,73.875
Measurement & modeling (2),income,"$168,000 or more",policy_specific_mean,72.44285714285715
Measurement & modeling (2),income,"$168,000 or more",trust_multidimensional,78.75833333333334
Measurement & modeling (2),income,"$168,000 or more",trust_post,78.9
Measurement & modeling (2),income,"$30,000 to $55,999",behavior_mean,38.300000000000004
Measurement & modeling (2),income,"$30,000 to $55,999",belief_post,77.8
Measurement & modeling (2),income,"$30,000 to $55,999",concern_mean,68.0
Measurement & modeling (2),income,"$30,000 to $55,999",distrust_post,24.7
Measurement & modeling (2),income,"$30,000 to $55,999",donation_ams,2.4
Measurement & modeling (2),income,"$30,000 to $55,999",funding_perceptions,53.8
Measurement & modeling (2),income,"$30,000 to $55,999",inst_trust_mean,58.779999999999994
Measurement & modeling (2),income,"$30,000 to $55,999",newsletter_signup,1.4
Measurement & modeling (2),income,"$30,000 to $55,999",policy_general,64.5
Measurement & modeling (2),income,"$30,000 to $55,999",policy_role_mean,67.75
Measurement & modeling (2),income,"$30,000 to $55,999",policy_specific_mean,64.17142857142856
Measurement & modeling (2),income,"$30,000 to $55,999",trust_multidimensional,67.7
Measurement & modeling (2),income,"$30,000 to $55,999",trust_post,66.3
Measurement & modeling (2),income,"$56,000 to $99,999",behavior_mean,40.0
Measurement & modeling (2),income,"$56,000 to $99,999",belief_post,81.4
Measurement & modeling (2),income,"$56,000 to $99,999",concern_mean,64.5
Measurement & modeling (2),income,"$56,000 to $99,999",distrust_post,24.5
Measurement & modeling (2),income,"$56,000 to $99,999",donation_ams,2.4
Measurement & modeling (2),income,"$56,000 to $99,999",funding_perceptions,57.2
Measurement & modeling (2),income,"$56,000 to $99,999",inst_trust_mean,63.8
Measurement & modeling (2),income,"$56,000 to $99,999",newsletter_signup,1.3
Measurement & modeling (2),income,"$56,000 to $99,999",policy_general,64.7
Measurement & modeling (2),income,"$56,000 to $99,999",policy_role_mean,67.4
Measurement & modeling (2),income,"$56,000 to $99,999",policy_specific_mean,68.71428571428571
Measurement & modeling (2),income,"$56,000 to $99,999",trust_multidimensional,73.10833333333333
Measurement & modeling (2),income,"$56,000 to $99,999",trust_post,72.1
Measurement & modeling (2),income,"Less than $30,000",behavior_mean,35.833333333333336
Measurement & modeling (2),income,"Less than $30,000",belief_post,72.0
Measurement & modeling (2),income,"Less than $30,000",concern_mean,49.666666666666664
Measurement & modeling (2),income,"Less than $30,000",distrust_post,35.0
Measurement & modeling (2),income,"Less than $30,000",donation_ams,1.5
Measurement & modeling (2),income,"Less than $30,000",funding_perceptions,45.0
Measurement & modeling (2),income,"Less than $30,000",inst_trust_mean,49.4
Measurement & modeling (2),income,"Less than $30,000",newsletter_signup,1.8
Measurement & modeling (2),income,"Less than $30,000",policy_general,54.0
Measurement & modeling (2),income,"Less than $30,000",policy_role_mean,61.25
Measurement & modeling (2),income,"Less than $30,000",policy_specific_mean,59.285714285714285
Measurement & modeling (2),income,"Less than $30,000",trust_multidimensional,62.916666666666664
Measurement & modeling (2),income,"Less than $30,000",trust_post,58.0
Measurement & modeling (2),party,Democrat,behavior_mean,51.666666666666664
Measurement & modeling (2),party,Democrat,belief_post,90.0
Measurement & modeling (2),party,Democrat,concern_mean,80.66666666666667
Measurement & modeling (2),party,Democrat,distrust_post,15.0
Measurement & modeling (2),party,Democrat,donation_ams,4.0
Measurement & modeling (2),party,Democrat,funding_perceptions,75.0
Measurement & modeling (2),party,Democrat,inst_trust_mean,71.6
Measurement & modeling (2),party,Democrat,newsletter_signup,1.4
Measurement & modeling (2),party,Democrat,policy_general,85.0
Measurement & modeling (2),party,Democrat,policy_role_mean,75.0
Measurement & modeling (2),party,Democrat,policy_specific_mean,78.85714285714286
Measurement & modeling (2),party,Democrat,trust_multidimensional,77.75
Measurement & modeling (2),party,Democrat,trust_post,78.0
Measurement & modeling (2),party,Independent,behavior_mean,38.233333333333334
Measurement & modeling (2),party,Independent,belief_post,74.5
Measurement & modeling (2),party,Independent,concern_mean,60.1
Measurement & modeling (2),party,Independent,distrust_post,24.8
Measurement & modeling (2),party,Independent,donation_ams,1.8
Measurement & modeling (2),party,Independent,funding_perceptions,53.8
Measurement & modeling (2),party,Independent,inst_trust_mean,55.36
Measurement & modeling (2),party,Independent,newsletter_signup,1.4
Measurement & modeling (2),party,Independent,policy_general,58.9
Measurement & modeling (2),party,Independent,policy_role_mean,60.775
Measurement & modeling (2),party,Independent,policy_specific_mean,63.042857142857144
Measurement & modeling (2),party,Independent,trust_multidimensional,64.75833333333334
Measurement & modeling (2),party,Independent,trust_post,57.6
Measurement & modeling (2),party,Other,behavior_mean,37.5
Measurement & modeling (2),party,Other,belief_post,78.0
Measurement & modeling (2),party,Other,concern_mean,60.0
Measurement & modeling (2),party,Other,distrust_post,22.0
Measurement & modeling (2),party,Other,donation_ams,2.5
Measurement & modeling (2),party,Other,funding_perceptions,50.0
Measurement & modeling (2),party,Other,inst_trust_mean,55.6
Measurement & modeling (2),party,Other,newsletter_signup,1.8
Measurement & modeling (2),party,Other,policy_general,58.0
Measurement & modeling (2),party,Other,policy_role_mean,62.5
Measurement & modeling (2),party,Other,policy_specific_mean,62.142857142857146
Measurement & modeling (2),party,Other,trust_multidimensional,69.91666666666667
Measurement & modeling (2),party,Other,trust_post,65.0
Measurement & modeling (2),party,Republican,behavior_mean,28.666666666666668
Measurement & modeling (2),party,Republican,belief_post,44.0
Measurement & modeling (2),party,Republican,concern_mean,36.666666666666664
Measurement & modeling (2),party,Republican,distrust_post,45.0
Measurement & modeling (2),party,Republican,donation_ams,1.5
Measurement & modeling (2),party,Republican,funding_perceptions,28.0
Measurement & modeling (2),party,Republican,inst_trust_mean,37.0
Measurement & modeling (2),party,Republican,newsletter_signup,1.9
Measurement & modeling (2),party,Republican,policy_general,32.0
Measurement & modeling (2),party,Republican,policy_role_mean,38.25
Measurement & modeling (2),party,Republican,policy_specific_mean,46.0
Measurement & modeling (2),party,Republican,trust_multidimensional,43.75
Measurement & modeling (2),party,Republican,trust_post,35.0
Measurement & modeling (2),race,Asian / Asian American,behavior_mean,42.13333333333333
Measurement & modeling (2),race,Asian / Asian American,belief_post,87.6
Measurement & modeling (2),race,Asian / Asian American,concern_mean,71.5
Measurement & modeling (2),race,Asian / Asian American,distrust_post,18.5
Measurement & modeling (2),race,Asian / Asian American,donation_ams,3.2
Measurement & modeling (2),race,Asian / Asian American,funding_perceptions,67.6
Measurement & modeling (2),race,Asian / Asian American,inst_trust_mean,70.28
Measurement & modeling (2),race,Asian / Asian American,newsletter_signup,1.7
Measurement & modeling (2),race,Asian / Asian American,policy_general,71.2
Measurement & modeling (2),race,Asian / Asian American,policy_role_mean,72.275
Measurement & modeling (2),race,Asian / Asian American,policy_specific_mean,71.98571428571428
Measurement & modeling (2),race,Asian / Asian American,trust_multidimensional,76.50833333333334
Measurement & modeling (2),race,Asian / Asian American,trust_post,74.1
Measurement & modeling (2),race,Black / African American,behavior_mean,39.78333333333333
Measurement & modeling (2),race,Black / African American,belief_post,86.7
Measurement & modeling (2),race,Black / African American,concern_mean,71.13333333333334
Measurement & modeling (2),race,Black / African American,distrust_post,18.5
Measurement & modeling (2),race,Black / African American,donation_ams,2.1
Measurement & modeling (2),race,Black / African American,funding_perceptions,67.6
Measurement & modeling (2),race,Black / African American,inst_trust_mean,58.58
Measurement & modeling (2),race,Black / African American,newsletter_signup,1.4
Measurement & modeling (2),race,Black / African American,policy_general,78.4
Measurement & modeling (2),race,Black / African American,policy_role_mean,75.05
Measurement & modeling (2),race,Black / African American,policy_specific_mean,70.04285714285714
Measurement & modeling (2),race,Black / African American,trust_multidimensional,72.64999999999999
Measurement & modeling (2),race,Black / African American,trust_post,70.2
Measurement & modeling (2),race,Hispanic / Latino,behavior_mean,39.833333333333336
Measurement & modeling (2),race,Hispanic / Latino,belief_post,84.2
Measurement & modeling (2),race,Hispanic / Latino,concern_mean,72.89999999999999
Measurement & modeling (2),race,Hispanic / Latino,distrust_post,21.6
Measurement & modeling (2),race,Hispanic / Latino,donation_ams,1.8
Measurement & modeling (2),race,Hispanic / Latino,funding_perceptions,61.5
Measurement & modeling (2),race,Hispanic / Latino,inst_trust_mean,61.52
Measurement & modeling (2),race,Hispanic / Latino,newsletter_signup,1.85
Measurement & modeling (2),race,Hispanic / Latino,policy_general,77.5
Measurement & modeling (2),race,Hispanic / Latino,policy_role_mean,72.7
Measurement & modeling (2),race,Hispanic / Latino,policy_specific_mean,73.78571428571429
Measurement & modeling (2),race,Hispanic / Latino,trust_multidimensional,67.35833333333333
Measurement & modeling (2),race,Hispanic / Latino,trust_post,68.4
Measurement & modeling (2),race,Other,behavior_mean,41.18333333333333
Measurement & modeling (2),race,Other,belief_post,82.6
Measurement & modeling (2),race,Other,concern_mean,68.96666666666665
Measurement & modeling (2),race,Other,distrust_post,17.4
Measurement & modeling (2),race,Other,donation_ams,1.4
Measurement & modeling (2),race,Other,funding_perceptions,64.8
Measurement & modeling (2),race,Other,inst_trust_mean,60.46
Measurement & modeling (2),race,Other,newsletter_signup,1.6
Measurement & modeling (2),race,Other,policy_general,69.8
Measurement & modeling (2),race,Other,policy_role_mean,68.0
Measurement & modeling (2),race,Other,policy_specific_mean,68.07142857142857
Measurement & modeling (2),race,Other,trust_multidimensional,74.35000000000001
Measurement & modeling (2),race,Other,trust_post,72.5
Measurement & modeling (2),race,White / Caucasian,behavior_mean,38.71666666666667
Measurement & modeling (2),race,White / Caucasian,belief_post,79.6
Measurement & modeling (2),race,White / Caucasian,concern_mean,65.0
Measurement & modeling (2),race,White / Caucasian,distrust_post,21.5
Measurement & modeling (2),race,White / Caucasian,donation_ams,2.4
Measurement & modeling (2),race,White / Caucasian,funding_perceptions,55.8
Measurement & modeling (2),race,White / Caucasian,inst_trust_mean,58.08
Measurement & modeling (2),race,White / Caucasian,newsletter_signup,1.85
Measurement & modeling (2),race,White / Caucasian,policy_general,64.8
Measurement & modeling (2),race,White / Caucasian,policy_role_mean,65.25
Measurement & modeling (2),race,White / Caucasian,policy_specific_mean,65.24285714285715
Measurement & modeling (2),race,White / Caucasian,trust_multidimensional,68.36666666666666
Measurement & modeling (2),race,White / Caucasian,trust_post,68.5
Model accuracy,age_band,18-29,behavior_mean,51.666666666666664
Model accuracy,age_band,18-29,belief_post,92.0
Model accuracy,age_band,18-29,concern_mean,82.66666666666667
Model accuracy,age_band,18-29,distrust_post,22.0
Model accuracy,age_band,18-29,donation_ams,2.0
Model accuracy,age_band,18-29,funding_perceptions,70.0
Model accuracy,age_band,18-29,inst_trust_mean,64.2
Model accuracy,age_band,18-29,newsletter_signup,1.4
Model accuracy,age_band,18-29,policy_general,80.0
Model accuracy,age_band,18-29,policy_role_mean,78.25
Model accuracy,age_band,18-29,policy_specific_mean,75.71428571428571
Model accuracy,age_band,18-29,trust_multidimensional,78.66666666666667
Model accuracy,age_band,18-29,trust_post,78.0
Model accuracy,age_band,30-44,behavior_mean,42.75
Model accuracy,age_band,30-44,belief_post,89.4
Model accuracy,age_band,30-44,concern_mean,71.93333333333332
Model accuracy,age_band,30-44,distrust_post,16.8
Model accuracy,age_band,30-44,donation_ams,1.4
Model accuracy,age_band,30-44,funding_perceptions,58.5
Model accuracy,age_band,30-44,inst_trust_mean,64.42
Model accuracy,age_band,30-44,newsletter_signup,1.3
Model accuracy,age_band,30-44,policy_general,72.6
Model accuracy,age_band,30-44,policy_role_mean,72.1
Model accuracy,age_band,30-44,policy_specific_mean,67.21428571428571
Model accuracy,age_band,30-44,trust_multidimensional,76.25833333333334
Model accuracy,age_band,30-44,trust_post,77.1
Model accuracy,age_band,45-59,behavior_mean,38.166666666666664
Model accuracy,age_band,45-59,belief_post,84.0
Model accuracy,age_band,45-59,concern_mean,67.33333333333333
Model accuracy,age_band,45-59,distrust_post,25.0
Model accuracy,age_band,45-59,donation_ams,1.5
Model accuracy,age_band,45-59,funding_perceptions,58.0
Model accuracy,age_band,45-59,inst_trust_mean,61.4
Model accuracy,age_band,45-59,newsletter_signup,1.8
Model accuracy,age_band,45-59,policy_general,66.0
Model accuracy,age_band,45-59,policy_role_mean,66.5
Model accuracy,age_band,45-59,policy_specific_mean,65.28571428571429
Model accuracy,age_band,45-59,trust_multidimensional,69.83333333333333
Model accuracy,age_band,45-59,trust_post,70.0
Model accuracy,age_band,60+,behavior_mean,33.85
Model accuracy,age_band,60+,belief_post,87.6
Model accuracy,age_band,60+,concern_mean,64.53333333333333
Model accuracy,age_band,60+,distrust_post,23.5
Model accuracy,age_band,60+,donation_ams,1.4
Model accuracy,age_band,60+,funding_perceptions,55.2
Model accuracy,age_band,60+,inst_trust_mean,60.54
Model accuracy,age_band,60+,newsletter_signup,1.8
Model accuracy,age_band,60+,policy_general,67.4
Model accuracy,age_band,60+,policy_role_mean,65.1
Model accuracy,age_band,60+,policy_specific_mean,62.971428571428575
Model accuracy,age_band,60+,trust_multidimensional,69.14166666666667
Model accuracy,age_band,60+,trust_post,71.2
Model accuracy,education,Bachelor's degree,behavior_mean,40.833333333333336
Model accuracy,education,Bachelor's degree,belief_post,92.0
Model accuracy,education,Bachelor's degree,concern_mean,73.33333333333333
Model accuracy,education,Bachelor's degree,distrust_post,15.0
Model accuracy,education,Bachelor's degree,donation_ams,1.5
Model accuracy,education,Bachelor's degree,funding_perceptions,65.0
Model accuracy,education,Bachelor's degree,inst_trust_mean,66.4
Model accuracy,education,Bachelor's degree,newsletter_signup,1.3
Model accuracy,education,Bachelor's degree,policy_general,78.0
Model accuracy,education,Bachelor's degree,policy_role_mean,72.5
Model accuracy,education,Bachelor's degree,policy_specific_mean,70.57142857142857
Model accuracy,education,Bachelor's degree,trust_multidimensional,75.0
Model accuracy,education,Bachelor's degree,trust_post,75.0
Model accuracy,education,Doctorate degree / Ph.D.,behavior_mean,48.833333333333336
Model accuracy,education,Doctorate degree / Ph.D.,belief_post,93.0
Model accuracy,education,Doctorate degree / Ph.D.,concern_mean,76.66666666666667
Model accuracy,education,Doctorate degree / Ph.D.,distrust_post,12.0
Model accuracy,education,Doctorate degree / Ph.D.,donation_ams,3.0
Model accuracy,education,Doctorate degree / Ph.D.,funding_perceptions,65.0
Model accuracy,education,Doctorate degree / Ph.D.,inst_trust_mean,72.8
Model accuracy,education,Doctorate degree / Ph.D.,newsletter_signup,1.4
Model accuracy,education,Doctorate degree / Ph.D.,policy_general,80.0
Model accuracy,education,Doctorate degree / Ph.D.,policy_role_mean,78.75
Model accuracy,education,Doctorate degree / Ph.D.,policy_specific_mean,77.28571428571429
Model accuracy,education,Doctorate degree / Ph.D.,trust_multidimensional,81.33333333333333
Model accuracy,education,Doctorate degree / Ph.D.,trust_post,82.0
Model accuracy,education,High school diploma / GED,behavior_mean,32.416666666666664
Model accuracy,education,High school diploma / GED,belief_post,79.2
Model accuracy,education,High school diploma / GED,concern_mean,59.96666666666667
Model accuracy,education,High school diploma / GED,distrust_post,34.2
Model accuracy,education,High school diploma / GED,donation_ams,0.8
Model accuracy,education,High school diploma / GED,funding_perceptions,46.0
Model accuracy,education,High school diploma / GED,inst_trust_mean,53.44
Model accuracy,education,High school diploma / GED,newsletter_signup,1.2
Model accuracy,education,High school diploma / GED,policy_general,66.4
Model accuracy,education,High school diploma / GED,policy_role_mean,63.7
Model accuracy,education,High school diploma / GED,policy_specific_mean,63.6
Model accuracy,education,High school diploma / GED,trust_multidimensional,60.61666666666667
Model accuracy,education,High school diploma / GED,trust_post,63.5
Model accuracy,education,Less than high school,behavior_mean,28.666666666666668
Model accuracy,education,Less than high school,belief_post,58.0
Model accuracy,education,Less than high school,concern_mean,41.0
Model accuracy,education,Less than high school,distrust_post,35.0
Model accuracy,education,Less than high school,donation_ams,0.5
Model accuracy,education,Less than high school,funding_perceptions,35.0
Model accuracy,education,Less than high school,inst_trust_mean,42.0
Model accuracy,education,Less than high school,newsletter_signup,1.9
Model accuracy,education,Less than high school,policy_general,45.0
Model accuracy,education,Less than high school,policy_role_mean,54.5
Model accuracy,education,Less than high school,policy_specific_mean,53.57142857142857
Model accuracy,education,Less than high school,trust_multidimensional,50.333333333333336
Model accuracy,education,Less than high school,trust_post,47.0
Model accuracy,education,Master's degree / Professional degree,behavior_mean,53.833333333333336
Model accuracy,education,Master's degree / Professional degree,belief_post,94.0
Model accuracy,education,Master's degree / Professional degree,concern_mean,82.0
Model accuracy,education,Master's degree / Professional degree,distrust_post,15.0
Model accuracy,education,Master's degree / Professional degree,donation_ams,2.5
Model accuracy,education,Master's degree / Professional degree,funding_perceptions,70.0
Model accuracy,education,Master's degree / Professional degree,inst_trust_mean,76.2
Model accuracy,education,Master's degree / Professional degree,newsletter_signup,1.6
Model accuracy,education,Master's degree / Professional degree,policy_general,78.0
Model accuracy,education,Master's degree / Professional degree,policy_role_mean,73.5
Model accuracy,education,Master's degree / Professional degree,policy_specific_mean,77.14285714285714
Model accuracy,education,Master's degree / Professional degree,trust_multidimensional,78.66666666666667
Model accuracy,education,Master's degree / Professional degree,trust_post,80.0
Model accuracy,education,Some college or Associate's degree,behavior_mean,41.833333333333336
Model accuracy,education,Some college or Associate's degree,belief_post,89.0
Model accuracy,education,Some college or Associate's degree,concern_mean,67.0
Model accuracy,education,Some college or Associate's degree,distrust_post,19.0
Model accuracy,education,Some college or Associate's degree,donation_ams,1.4
Model accuracy,education,Some college or Associate's degree,funding_perceptions,58.0
Model accuracy,education,Some college or Associate's degree,inst_trust_mean,63.4
Model accuracy,education,Some college or Associate's degree,newsletter_signup,1.6
Model accuracy,education,Some college or Associate's degree,policy_general,68.0
Model accuracy,education,Some college or Associate's degree,policy_role_mean,68.0
Model accuracy,education,Some college or Associate's degree,policy_specific_mean,67.42857142857143
Model accuracy,education,Some college or Associate's degree,trust_multidimensional,72.58333333333333
Model accuracy,education,Some college or Associate's degree,trust_post,71.0
Model accuracy,gender,Female,behavior_mean,53.199999999999996
Model accuracy,gender,Female,belief_post,89.2
Model accuracy,gender,Female,concern_mean,73.26666666666667
Model accuracy,gender,Female,distrust_post,18.4
Model accuracy,gender,Female,donation_ams,3.2
Model accuracy,gender,Female,funding_perceptions,73.5
Model accuracy,gender,Female,inst_trust_mean,67.42
Model accuracy,gender,Female,newsletter_signup,1.35
Model accuracy,gender,Female,policy_general,77.4
Model accuracy,gender,Female,policy_role_mean,76.55
Model accuracy,gender,Female,policy_specific_mean,75.92857142857143
Model accuracy,gender,Female,trust_multidimensional,80.26666666666667
Model accuracy,gender,Female,trust_post,81.6
Model accuracy,gender,Male,behavior_mean,33.733333333333334
Model accuracy,gender,Male,belief_post,84.6
Model accuracy,gender,Male,concern_mean,66.36666666666667
Model accuracy,gender,Male,distrust_post,19.5
Model accuracy,gender,Male,donation_ams,1.2
Model accuracy,gender,Male,funding_perceptions,61.6
Model accuracy,gender,Male,inst_trust_mean,62.839999999999996
Model accuracy,gender,Male,newsletter_signup,1.8
Model accuracy,gender,Male,policy_general,64.2
Model accuracy,gender,Male,policy_role_mean,69.6
Model accuracy,gender,Male,policy_specific_mean,65.9
Model accuracy,gender,Male,trust_multidimensional,73.51666666666667
Model accuracy,gender,Male,trust_post,71.2
Model accuracy,gender,Other,behavior_mean,48.75
Model accuracy,gender,Other,belief_post,91.0
Model accuracy,gender,Other,concern_mean,78.66666666666667
Model accuracy,gender,Other,distrust_post,23.0
Model accuracy,gender,Other,donation_ams,2.2
Model accuracy,gender,Other,funding_perceptions,67.5
Model accuracy,gender,Other,inst_trust_mean,66.7
Model accuracy,gender,Other,newsletter_signup,1.8
Model accuracy,gender,Other,policy_general,81.5
Model accuracy,gender,Other,policy_role_mean,76.375
Model accuracy,gender,Other,policy_specific_mean,77.5
Model accuracy,gender,Other,trust_multidimensional,76.89166666666667
Model accuracy,gender,Other,trust_post,77.0
Model accuracy,income,"$100,000 to $167,999",behavior_mean,36.0
Model accuracy,income,"$100,000 to $167,999",belief_post,88.0
Model accuracy,income,"$100,000 to $167,999",concern_mean,71.0
Model accuracy,income,"$100,000 to $167,999",distrust_post,14.0
Model accuracy,income,"$100,000 to $167,999",donation_ams,1.5
Model accuracy,income,"$100,000 to $167,999",funding_perceptions,58.0
Model accuracy,income,"$100,000 to $167,999",inst_trust_mean,67.0
Model accuracy,income,"$100,000 to $167,999",newsletter_signup,1.2
Model accuracy,income,"$100,000 to $167,999",policy_general,72.0
Model accuracy,income,"$100,000 to $167,999",policy_role_mean,71.25
Model accuracy,income,"$100,000 to $167,999",policy_specific_mean,67.71428571428571
Model accuracy,income,"$100,000 to $167,999",trust_multidimensional,73.75
Model accuracy,income,"$100,000 to $167,999",trust_post,76.0
Model accuracy,income,"$168,000 or more",behavior_mean,50.0
Model accuracy,income,"$168,000 or more",belief_post,92.0
Model accuracy,income,"$168,000 or more",concern_mean,71.66666666666667
Model accuracy,income,"$168,000 or more",distrust_post,15.0
Model accuracy,income,"$168,000 or more",donation_ams,3.5
Model accuracy,income,"$168,000 or more",funding_perceptions,55.0
Model accuracy,income,"$168,000 or more",inst_trust_mean,70.0
Model accuracy,income,"$168,000 or more",newsletter_signup,1.3
Model accuracy,income,"$168,000 or more",policy_general,78.0
Model accuracy,income,"$168,000 or more",policy_role_mean,74.25
Model accuracy,income,"$168,000 or more",policy_specific_mean,74.71428571428571
Model accuracy,income,"$168,000 or more",trust_multidimensional,76.75
Model accuracy,income,"$168,000 or more",trust_post,79.0
Model accuracy,income,"$30,000 to $55,999",behavior_mean,37.166666666666664
Model accuracy,income,"$30,000 to $55,999",belief_post,79.0
Model accuracy,income,"$30,000 to $55,999",concern_mean,64.0
Model accuracy,income,"$30,000 to $55,999",distrust_post,24.0
Model accuracy,income,"$30,000 to $55,999",donation_ams,1.5
Model accuracy,income,"$30,000 to $55,999",funding_perceptions,46.0
Model accuracy,income,"$30,000 to $55,999",inst_trust_mean,56.2
Model accuracy,income,"$30,000 to $55,999",newsletter_signup,1.8
Model accuracy,income,"$30,000 to $55,999",policy_general,63.0
Model accuracy,income,"$30,000 to $55,999",policy_role_mean,63.75
Model accuracy,income,"$30,000 to $55,999",policy_specific_mean,64.0
Model accuracy,income,"$30,000 to $55,999",trust_multidimensional,67.75
Model accuracy,income,"$30,000 to $55,999",trust_post,69.0
Model accuracy,income,"$56,000 to $99,999",behavior_mean,38.833333333333336
Model accuracy,income,"$56,000 to $99,999",belief_post,88.0
Model accuracy,income,"$56,000 to $99,999",concern_mean,62.666666666666664
Model accuracy,income,"$56,000 to $99,999",distrust_post,25.0
Model accuracy,income,"$56,000 to $99,999",donation_ams,2.5
Model accuracy,income,"$56,000 to $99,999",funding_perceptions,52.0
Model accuracy,income,"$56,000 to $99,999",inst_trust_mean,57.4
Model accuracy,income,"$56,000 to $99,999",newsletter_signup,1.6
Model accuracy,income,"$56,000 to $99,999",policy_general,62.0
Model accuracy,income,"$56,000 to $99,999",policy_role_mean,65.75
Model accuracy,income,"$56,000 to $99,999",policy_specific_mean,63.57142857142857
Model accuracy,income,"$56,000 to $99,999",trust_multidimensional,68.66666666666667
Model accuracy,income,"$56,000 to $99,999",trust_post,70.0
Model accuracy,income,"Less than $30,000",behavior_mean,33.6
Model accuracy,income,"Less than $30,000",belief_post,76.8
Model accuracy,income,"Less than $30,000",concern_mean,67.10000000000001
Model accuracy,income,"Less than $30,000",distrust_post,34.5
Model accuracy,income,"Less than $30,000",donation_ams,0.8
Model accuracy,income,"Less than $30,000",funding_perceptions,58.0
Model accuracy,income,"Less than $30,000",inst_trust_mean,55.42
Model accuracy,income,"Less than $30,000",newsletter_signup,1.8
Model accuracy,income,"Less than $30,000",policy_general,61.2
Model accuracy,income,"Less than $30,000",policy_role_mean,62.4
Model accuracy,income,"Less than $30,000",policy_specific_mean,62.91428571428571
Model accuracy,income,"Less than $30,000",trust_multidimensional,66.89999999999999
Model accuracy,income,"Less than $30,000",trust_post,65.5
Model accuracy,party,Democrat,behavior_mean,54.0
Model accuracy,party,Democrat,belief_post,92.0
Model accuracy,party,Democrat,concern_mean,82.66666666666667
Model accuracy,party,Democrat,distrust_post,14.0
Model accuracy,party,Democrat,donation_ams,3.5
Model accuracy,party,Democrat,funding_perceptions,75.0
Model accuracy,party,Democrat,inst_trust_mean,72.6
Model accuracy,party,Democrat,newsletter_signup,1.3
Model accuracy,party,Democrat,policy_general,86.0
Model accuracy,party,Democrat,policy_role_mean,77.75
Model accuracy,party,Democrat,policy_specific_mean,80.85714285714286
Model accuracy,party,Democrat,trust_multidimensional,78.08333333333333
Model accuracy,party,Democrat,trust_post,78.0
Model accuracy,party,Independent,behavior_mean,38.666666666666664
Model accuracy,party,Independent,belief_post,82.0
Model accuracy,party,Independent,concern_mean,57.333333333333336
Model accuracy,party,Independent,distrust_post,35.0
Model accuracy,party,Independent,donation_ams,1.2
Model accuracy,party,Independent,funding_perceptions,54.0
Model accuracy,party,Independent,inst_trust_mean,56.8
Model accuracy,party,Independent,newsletter_signup,1.7
Model accuracy,party,Independent,policy_general,58.0
Model accuracy,party,Independent,policy_role_mean,60.0
Model accuracy,party,Independent,policy_specific_mean,61.714285714285715
Model accuracy,party,Independent,trust_multidimensional,65.08333333333333
Model accuracy,party,Independent,trust_post,58.0
Model accuracy,party,Other,behavior_mean,36.5
Model accuracy,party,Other,belief_post,78.0
Model accuracy,party,Other,concern_mean,62.666666666666664
Model accuracy,party,Other,distrust_post,32.0
Model accuracy,party,Other,donation_ams,1.5
Model accuracy,party,Other,funding_perceptions,55.0
Model accuracy,party,Other,inst_trust_mean,57.4
Model accuracy,party,Other,newsletter_signup,1.4
Model accuracy,party,Other,policy_general,62.0
Model accuracy,party,Other,policy_role_mean,63.5
Model accuracy,party,Other,policy_specific_mean,62.57142857142857
Model accuracy,party,Other,trust_multidimensional,66.08333333333333
Model accuracy,party,Other,trust_post,64.0
Model accuracy,party,Republican,behavior_mean,31.666666666666668
Model accuracy,party,Republican,belief_post,63.0
Model accuracy,party,Republican,concern_mean,35.333333333333336
Model accuracy,party,Republican,distrust_post,44.0
Model accuracy,party,Republican,donation_ams,1.2
Model accuracy,party,Republican,funding_perceptions,32.0
Model accuracy,party,Republican,inst_trust_mean,39.2
Model accuracy,party,Republican,newsletter_signup,1.85
Model accuracy,party,Republican,policy_general,32.0
Model accuracy,party,Republican,policy_role_mean,42.5
Model accuracy,party,Republican,policy_specific_mean,50.42857142857143
Model accuracy,party,Republican,trust_multidimensional,49.166666666666664
Model accuracy,party,Republican,trust_post,41.0
Model accuracy,race,Asian / Asian American,behavior_mean,44.68333333333334
Model accuracy,race,Asian / Asian American,belief_post,89.4
Model accuracy,race,Asian / Asian American,concern_mean,73.16666666666667
Model accuracy,race,Asian / Asian American,distrust_post,14.2
Model accuracy,race,Asian / Asian American,donation_ams,3.2
Model accuracy,race,Asian / Asian American,funding_perceptions,67.5
Model accuracy,race,Asian / Asian American,inst_trust_mean,67.44
Model accuracy,race,Asian / Asian American,newsletter_signup,1.8
Model accuracy,race,Asian / Asian American,policy_general,74.2
Model accuracy,race,Asian / Asian American,policy_role_mean,71.4
Model accuracy,race,Asian / Asian American,policy_specific_mean,72.17142857142856
Model accuracy,race,Asian / Asian American,trust_multidimensional,75.95
Model accuracy,race,Asian / Asian American,trust_post,76.8
Model accuracy,race,Black / African American,behavior_mean,43.21666666666667
Model accuracy,race,Black / African American,belief_post,89.7
Model accuracy,race,Black / African American,concern_mean,78.0
Model accuracy,race,Black / African American,distrust_post,24.8
Model accuracy,race,Black / African American,donation_ams,2.1
Model accuracy,race,Black / African American,funding_perceptions,63.6
Model accuracy,race,Black / African American,inst_trust_mean,64.28
Model accuracy,race,Black / African American,newsletter_signup,1.4
Model accuracy,race,Black / African American,policy_general,78.2
Model accuracy,race,Black / African American,policy_role_mean,73.725
Model accuracy,race,Black / African American,policy_specific_mean,71.61428571428571
Model accuracy,race,Black / African American,trust_multidimensional,72.97500000000001
Model accuracy,race,Black / African American,trust_post,72.3
Model accuracy,race,Hispanic / Latino,behavior_mean,41.666666666666664
Model accuracy,race,Hispanic / Latino,belief_post,88.0
Model accuracy,race,Hispanic / Latino,concern_mean,72.66666666666667
Model accuracy,race,Hispanic / Latino,distrust_post,20.0
Model accuracy,race,Hispanic / Latino,donation_ams,1.5
Model accuracy,race,Hispanic / Latino,funding_perceptions,65.0
Model accuracy,race,Hispanic / Latino,inst_trust_mean,61.6
Model accuracy,race,Hispanic / Latino,newsletter_signup,1.4
Model accuracy,race,Hispanic / Latino,policy_general,76.0
Model accuracy,race,Hispanic / Latino,policy_role_mean,70.0
Model accuracy,race,Hispanic / Latino,policy_specific_mean,66.85714285714286
Model accuracy,race,Hispanic / Latino,trust_multidimensional,72.83333333333333
Model accuracy,race,Hispanic / Latino,trust_post,72.0
Model accuracy,race,Other,behavior_mean,44.5
Model accuracy,race,Other,belief_post,88.0
Model accuracy,race,Other,concern_mean,74.33333333333333
Model accuracy,race,Other,distrust_post,15.0
Model accuracy,race,Other,donation_ams,1.5
Model accuracy,race,Other,funding_perceptions,65.0
Model accuracy,race,Other,inst_trust_mean,64.0
Model accuracy,race,Other,newsletter_signup,1.6
Model accuracy,race,Other,policy_general,74.0
Model accuracy,race,Other,policy_role_mean,75.5
Model accuracy,race,Other,policy_specific_mean,70.0
Model accuracy,race,Other,trust_multidimensional,74.83333333333333
Model accuracy,race,Other,trust_post,76.0
Model accuracy,race,White / Caucasian,behavior_mean,37.166666666666664
Model accuracy,race,White / Caucasian,belief_post,84.0
Model accuracy,race,White / Caucasian,concern_mean,64.33333333333333
Model accuracy,race,White / Caucasian,distrust_post,18.0
Model accuracy,race,White / Caucasian,donation_ams,2.5
Model accuracy,race,White / Caucasian,funding_perceptions,48.0
Model accuracy,race,White / Caucasian,inst_trust_mean,58.4
Model accuracy,race,White / Caucasian,newsletter_signup,1.7
Model accuracy,race,White / Caucasian,policy_general,66.0
Model accuracy,race,White / Caucasian,policy_role_mean,67.0
Model accuracy,race,White / Caucasian,policy_specific_mean,64.0
Model accuracy,race,White / Caucasian,trust_multidimensional,68.16666666666667
Model accuracy,race,White / Caucasian,trust_post,68.0
Oil industry misinformation,age_band,18-29,behavior_mean,52.5
Oil industry misinformation,age_band,18-29,belief_post,90.0
Oil industry misinformation,age_band,18-29,concern_mean,84.33333333333333
Oil industry misinformation,age_band,18-29,distrust_post,12.0
Oil industry misinformation,age_band,18-29,donation_ams,3.0
Oil industry misinformation,age_band,18-29,funding_perceptions,70.0
Oil industry misinformation,age_band,18-29,inst_trust_mean,65.4
Oil industry misinformation,age_band,18-29,newsletter_signup,1.3
Oil industry misinformation,age_band,18-29,policy_general,85.0
Oil industry misinformation,age_band,18-29,policy_role_mean,78.25
Oil industry misinformation,age_band,18-29,policy_specific_mean,74.57142857142857
Oil industry misinformation,age_band,18-29,trust_multidimensional,79.66666666666667
Oil industry misinformation,age_band,18-29,trust_post,80.0
Oil industry misinformation,age_band,30-44,behavior_mean,48.25
Oil industry misinformation,age_band,30-44,belief_post,89.2
Oil industry misinformation,age_band,30-44,concern_mean,77.33333333333333
Oil industry misinformation,age_band,30-44,distrust_post,14.2
Oil industry misinformation,age_band,30-44,donation_ams,2.1
Oil industry misinformation,age_band,30-44,funding_perceptions,71.5
Oil industry misinformation,age_band,30-44,inst_trust_mean,64.34
Oil industry misinformation,age_band,30-44,newsletter_signup,1.4
Oil industry misinformation,age_band,30-44,policy_general,76.4
Oil industry misinformation,age_band,30-44,policy_role_mean,76.15
Oil industry misinformation,age_band,30-44,policy_specific_mean,74.71428571428571
Oil industry misinformation,age_band,30-44,trust_multidimensional,77.68333333333334
Oil industry misinformation,age_band,30-44,trust_post,77.5
Oil industry misinformation,age_band,45-59,behavior_mean,37.63333333333333
Oil industry misinformation,age_band,45-59,belief_post,86.2
Oil industry misinformation,age_band,45-59,concern_mean,73.16666666666667
Oil industry misinformation,age_band,45-59,distrust_post,16.4
Oil industry misinformation,age_band,45-59,donation_ams,1.8
Oil industry misinformation,age_band,45-59,funding_perceptions,67.5
Oil industry misinformation,age_band,45-59,inst_trust_mean,62.1
Oil industry misinformation,age_band,45-59,newsletter_signup,1.75
Oil industry misinformation,age_band,45-59,policy_general,77.4
Oil industry misinformation,age_band,45-59,policy_role_mean,71.8
Oil industry misinformation,age_band,45-59,policy_specific_mean,71.52857142857142
Oil industry misinformation,age_band,45-59,trust_multidimensional,73.35833333333333
Oil industry misinformation,age_band,45-59,trust_post,74.6
Oil industry misinformation,age_band,60+,behavior_mean,42.583333333333336
Oil industry misinformation,age_band,60+,belief_post,86.2
Oil industry misinformation,age_band,60+,concern_mean,73.26666666666667
Oil industry misinformation,age_band,60+,distrust_post,16.5
Oil industry misinformation,age_band,60+,donation_ams,1.8
Oil industry misinformation,age_band,60+,funding_perceptions,67.6
Oil industry misinformation,age_band,60+,inst_trust_mean,62.220000000000006
Oil industry misinformation,age_band,60+,newsletter_signup,1.7
Oil industry misinformation,age_band,60+,policy_general,74.5
Oil industry misinformation,age_band,60+,policy_role_mean,76.1
Oil industry misinformation,age_band,60+,policy_specific_mean,66.02857142857142
Oil industry misinformation,age_band,60+,trust_multidimensional,77.27499999999999
Oil industry misinformation,age_band,60+,trust_post,74.8
Oil industry misinformation,education,Bachelor's degree,behavior_mean,53.0
Oil industry misinformation,education,Bachelor's degree,belief_post,92.0
Oil industry misinformation,education,Bachelor's degree,concern_mean,76.0
Oil industry misinformation,education,Bachelor's degree,distrust_post,10.0
Oil industry misinformation,education,Bachelor's degree,donation_ams,1.5
Oil industry misinformation,education,Bachelor's degree,funding_perceptions,78.0
Oil industry misinformation,education,Bachelor's degree,inst_trust_mean,65.8
Oil industry misinformation,education,Bachelor's degree,newsletter_signup,1.8
Oil industry misinformation,education,Bachelor's degree,policy_general,78.0
Oil industry misinformation,education,Bachelor's degree,policy_role_mean,77.5
Oil industry misinformation,education,Bachelor's degree,policy_specific_mean,74.85714285714286
Oil industry misinformation,education,Bachelor's degree,trust_multidimensional,80.33333333333333
Oil industry misinformation,education,Bachelor's degree,trust_post,85.0
Oil industry misinformation,education,Doctorate degree / Ph.D.,behavior_mean,62.5
Oil industry misinformation,education,Doctorate degree / Ph.D.,belief_post,95.0
Oil industry misinformation,education,Doctorate degree / Ph.D.,concern_mean,86.0
Oil industry misinformation,education,Doctorate degree / Ph.D.,distrust_post,12.0
Oil industry misinformation,education,Doctorate degree / Ph.D.,donation_ams,4.5
Oil industry misinformation,education,Doctorate degree / Ph.D.,funding_perceptions,75.0
Oil industry misinformation,education,Doctorate degree / Ph.D.,inst_trust_mean,73.8
Oil industry misinformation,education,Doctorate degree / Ph.D.,newsletter_signup,1.3
Oil industry misinformation,education,Doctorate degree / Ph.D.,policy_general,85.0
Oil industry misinformation,education,Doctorate degree / Ph.D.,policy_role_mean,78.75
Oil industry misinformation,education,Doctorate degree / Ph.D.,policy_specific_mean,81.71428571428571
Oil industry misinformation,education,Doctorate degree / Ph.D.,trust_multidimensional,83.33333333333333
Oil industry misinformation,education,Doctorate degree / Ph.D.,trust_post,85.0
Oil industry misinformation,education,High school diploma / GED,behavior_mean,36.550000000000004
Oil industry misinformation,education,High school diploma / GED,belief_post,88.4
Oil industry misinformation,education,High school diploma / GED,concern_mean,70.13333333333334
Oil industry misinformation,education,High school diploma / GED,distrust_post,14.2
Oil industry misinformation,education,High school diploma / GED,donation_ams,2.4
Oil industry misinformation,education,High school diploma / GED,funding_perceptions,67.5
Oil industry misinformation,education,High school diploma / GED,inst_trust_mean,61.9
Oil industry misinformation,education,High school diploma / GED,newsletter_signup,1.3
Oil industry misinformation,education,High school diploma / GED,policy_general,77.9
Oil industry misinformation,education,High school diploma / GED,policy_role_mean,73.175
Oil industry misinformation,education,High school diploma / GED,policy_specific_mean,70.8
Oil industry misinformation,education,High school diploma / GED,trust_multidimensional,75.44166666666666
Oil industry misinformation,education,High school diploma / GED,trust_post,75.6
Oil industry misinformation,education,Less than high school,behavior_mean,38.5
Oil industry misinformation,education,Less than high school,belief_post,80.0
Oil industry misinformation,education,Less than high school,concern_mean,67.33333333333333
Oil industry misinformation,education,Less than high school,distrust_post,28.0
Oil industry misinformation,education,Less than high school,donation_ams,1.2
Oil industry misinformation,education,Less than high school,funding_perceptions,68.0
Oil industry misinformation,education,Less than high school,inst_trust_mean,53.0
Oil industry misinformation,education,Less than high school,newsletter_signup,1.1
Oil industry misinformation,education,Less than high school,policy_general,73.0
Oil industry misinformation,education,Less than high school,policy_role_mean,66.5
Oil industry misinformation,education,Less than high school,policy_specific_mean,66.85714285714286
Oil industry misinformation,education,Less than high school,trust_multidimensional,71.0
Oil industry misinformation,education,Less than high school,trust_post,68.0
Oil industry misinformation,education,Master's degree / Professional degree,behavior_mean,55.333333333333336
Oil industry misinformation,education,Master's degree / Professional degree,belief_post,94.0
Oil industry misinformation,education,Master's degree / Professional degree,concern_mean,78.66666666666667
Oil industry misinformation,education,Master's degree / Professional degree,distrust_post,12.0
Oil industry misinformation,education,Master's degree / Professional degree,donation_ams,2.1
Oil industry misinformation,education,Master's degree / Professional degree,funding_perceptions,72.0
Oil industry misinformation,education,Master's degree / Professional degree,inst_trust_mean,72.6
Oil industry misinformation,education,Master's degree / Professional degree,newsletter_signup,1.8
Oil industry misinformation,education,Master's degree / Professional degree,policy_general,82.0
Oil industry misinformation,education,Master's degree / Professional degree,policy_role_mean,74.75
Oil industry misinformation,education,Master's degree / Professional degree,policy_specific_mean,75.57142857142857
Oil industry misinformation,education,Master's degree / Professional degree,trust_multidimensional,79.25
Oil industry misinformation,education,Master's degree / Professional degree,trust_post,86.0
Oil industry misinformation,education,Some college or Associate's degree,behavior_mean,42.0
Oil industry misinformation,education,Some college or Associate's degree,belief_post,88.0
Oil industry misinformation,education,Some college or Associate's degree,concern_mean,72.66666666666667
Oil industry misinformation,education,Some college or Associate's degree,distrust_post,12.0
Oil industry misinformation,education,Some college or Associate's degree,donation_ams,1.2
Oil industry misinformation,education,Some college or Associate's degree,funding_perceptions,75.0
Oil industry misinformation,education,Some college or Associate's degree,inst_trust_mean,65.6
Oil industry misinformation,education,Some college or Associate's degree,newsletter_signup,1.85
Oil industry misinformation,education,Some college or Associate's degree,policy_general,78.0
Oil industry misinformation,education,Some college or Associate's degree,policy_role_mean,71.0
Oil industry misinformation,education,Some college or Associate's degree,policy_specific_mean,73.14285714285714
Oil industry misinformation,education,Some college or Associate's degree,trust_multidimensional,75.5
Oil industry misinformation,education,Some college or Associate's degree,trust_post,78.0
Oil industry misinformation,gender,Female,behavior_mean,53.916666666666664
Oil industry misinformation,gender,Female,belief_post,91.2
Oil industry misinformation,gender,Female,concern_mean,82.7
Oil industry misinformation,gender,Female,distrust_post,11.4
Oil industry misinformation,gender,Female,donation_ams,4.2
Oil industry misinformation,gender,Female,funding_perceptions,81.5
Oil industry misinformation,gender,Female,inst_trust_mean,71.88
Oil industry misinformation,gender,Female,newsletter_signup,1.4
Oil industry misinformation,gender,Female,policy_general,87.6
Oil industry misinformation,gender,Female,policy_role_mean,83.175
Oil industry misinformation,gender,Female,policy_specific_mean,77.11428571428571
Oil industry misinformation,gender,Female,trust_multidimensional,83.60833333333333
Oil industry misinformation,gender,Female,trust_post,85.2
Oil industry misinformation,gender,Male,behavior_mean,44.63333333333333
Oil industry misinformation,gender,Male,belief_post,88.7
Oil industry misinformation,gender,Male,concern_mean,74.16666666666667
Oil industry misinformation,gender,Male,distrust_post,18.5
Oil industry misinformation,gender,Male,donation_ams,1.8
Oil industry misinformation,gender,Male,funding_perceptions,67.6
Oil industry misinformation,gender,Male,inst_trust_mean,65.22
Oil industry misinformation,gender,Male,newsletter_signup,1.3
Oil industry misinformation,gender,Male,policy_general,76.8
Oil industry misinformation,gender,Male,policy_role_mean,78.425
Oil industry misinformation,gender,Male,policy_specific_mean,75.92857142857143
Oil industry misinformation,gender,Male,trust_multidimensional,75.05833333333334
Oil industry misinformation,gender,Male,trust_post,74.2
Oil industry misinformation,gender,Other,behavior_mean,51.0
Oil industry misinformation,gender,Other,belief_post,94.0
Oil industry misinformation,gender,Other,concern_mean,82.66666666666667
Oil industry misinformation,gender,Other,distrust_post,12.0
Oil industry misinformation,gender,Other,donation_ams,4.2
Oil industry misinformation,gender,Other,funding_perceptions,72.0
Oil industry misinformation,gender,Other,inst_trust_mean,68.2
Oil industry misinformation,gender,Other,newsletter_signup,1.4
Oil industry misinformation,gender,Other,policy_general,86.0
Oil industry misinformation,gender,Other,policy_role_mean,78.5
Oil industry misinformation,gender,Other,policy_specific_mean,76.85714285714286
Oil industry misinformation,gender,Other,trust_multidimensional,79.5
Oil industry misinformation,gender,Other,trust_post,82.0
Oil industry misinformation,income,"$100,000 to $167,999",behavior_mean,50.01666666666667
Oil industry misinformation,income,"$100,000 to $167,999",belief_post,88.6
Oil industry misinformation,income,"$100,000 to $167,999",concern_mean,74.26666666666667
Oil industry misinformation,income,"$100,000 to $167,999",distrust_post,7.4
Oil industry misinformation,income,"$100,000 to $167,999",donation_ams,2.8
Oil industry misinformation,income,"$100,000 to $167,999",funding_perceptions,75.5
Oil industry misinformation,income,"$100,000 to $167,999",inst_trust_mean,69.3
Oil industry misinformation,income,"$100,000 to $167,999",newsletter_signup,1.4
Oil industry misinformation,income,"$100,000 to $167,999",policy_general,77.8
Oil industry misinformation,income,"$100,000 to $167,999",policy_role_mean,72.2
Oil industry misinformation,income,"$100,000 to $167,999",policy_specific_mean,70.84285714285714
Oil industry misinformation,income,"$100,000 to $167,999",trust_multidimensional,78.925
Oil industry misinformation,income,"$100,000 to $167,999",trust_post,83.1
Oil industry misinformation,income,"$168,000 or more",behavior_mean,51.0
Oil industry misinformation,income,"$168,000 or more",belief_post,91.0
Oil industry misinformation,income,"$168,000 or more",concern_mean,78.66666666666667
Oil industry misinformation,income,"$168,000 or more",distrust_post,14.0
Oil industry misinformation,income,"$168,000 or more",donation_ams,3.5
Oil industry misinformation,income,"$168,000 or more",funding_perceptions,68.0
Oil industry misinformation,income,"$168,000 or more",inst_trust_mean,66.6
Oil industry misinformation,income,"$168,000 or more",newsletter_signup,1.8
Oil industry misinformation,income,"$168,000 or more",policy_general,81.0
Oil industry misinformation,income,"$168,000 or more",policy_role_mean,77.25
Oil industry misinformation,income,"$168,000 or more",policy_specific_mean,74.71428571428571
Oil industry misinformation,income,"$168,000 or more",trust_multidimensional,77.16666666666667
Oil industry misinformation,income,"$168,000 or more",trust_post,79.0
Oil industry misinformation,income,"$30,000 to $55,999",behavior_mean,36.5
Oil industry misinformation,income,"$30,000 to $55,999",belief_post,86.0
Oil industry misinformation,income,"$30,000 to $55,999",concern_mean,74.0
Oil industry misinformation,income,"$30,000 to $55,999",distrust_post,22.0
Oil industry misinformation,income,"$30,000 to $55,999",donation_ams,0.8
Oil industry misinformation,income,"$30,000 to $55,999",funding_perceptions,70.0
Oil industry misinformation,income,"$30,000 to $55,999",inst_trust_mean,57.4
Oil industry misinformation,income,"$30,000 to $55,999",newsletter_signup,1.5
Oil industry misinformation,income,"$30,000 to $55,999",policy_general,74.0
Oil industry misinformation,income,"$30,000 to $55,999",policy_role_mean,74.5
Oil industry misinformation,income,"$30,000 to $55,999",policy_specific_mean,67.71428571428571
Oil industry misinformation,income,"$30,000 to $55,999",trust_multidimensional,70.66666666666667
Oil industry misinformation,income,"$30,000 to $55,999",trust_post,74.0
Oil industry misinformation,income,"$56,000 to $99,999",behavior_mean,42.5
Oil industry misinformation,income,"$56,000 to $99,999",belief_post,88.0
Oil industry misinformation,income,"$56,000 to $99,999",concern_mean,72.66666666666667
Oil industry misinformation,income,"$56,000 to $99,999",distrust_post,12.0
Oil industry misinformation,income,"$56,000 to $99,999",donation_ams,2.0
Oil industry misinformation,income,"$56,000 to $99,999",funding_perceptions,65.0
Oil industry misinformation,income,"$56,000 to $99,999",inst_trust_mean,65.4
Oil industry misinformation,income,"$56,000 to $99,999",newsletter_signup,1.3
Oil industry misinformation,income,"$56,000 to $99,999",policy_general,78.0
Oil industry misinformation,income,"$56,000 to $99,999",policy_role_mean,71.75
Oil industry misinformation,income,"$56,000 to $99,999",policy_specific_mean,68.85714285714286
Oil industry misinformation,income,"$56,000 to $99,999",trust_multidimensional,76.58333333333333
Oil industry misinformation,income,"$56,000 to $99,999",trust_post,82.0
Oil industry misinformation,income,"Less than $30,000",behavior_mean,39.233333333333334
Oil industry misinformation,income,"Less than $30,000",belief_post,83.6
Oil industry misinformation,income,"Less than $30,000",concern_mean,76.03333333333335
Oil industry misinformation,income,"Less than $30,000",distrust_post,22.2
Oil industry misinformation,income,"Less than $30,000",donation_ams,1.2
Oil industry misinformation,income,"Less than $30,000",funding_perceptions,57.5
Oil industry misinformation,income,"Less than $30,000",inst_trust_mean,59.620000000000005
Oil industry misinformation,income,"Less than $30,000",newsletter_signup,1.8
Oil industry misinformation,income,"Less than $30,000",policy_general,76.4
Oil industry misinformation,income,"Less than $30,000",policy_role_mean,74.45
Oil industry misinformation,income,"Less than $30,000",policy_specific_mean,68.28571428571429
Oil industry misinformation,income,"Less than $30,000",trust_multidimensional,76.05
Oil industry misinformation,income,"Less than $30,000",trust_post,77.8
Oil industry misinformation,party,Democrat,behavior_mean,51.166666666666664
Oil industry misinformation,party,Democrat,belief_post,93.0
Oil industry misinformation,party,Democrat,concern_mean,83.66666666666667
Oil industry misinformation,party,Democrat,distrust_post,14.0
Oil industry misinformation,party,Democrat,donation_ams,3.2
Oil industry misinformation,party,Democrat,funding_perceptions,78.0
Oil industry misinformation,party,Democrat,inst_trust_mean,73.0
Oil industry misinformation,party,Democrat,newsletter_signup,1.4
Oil industry misinformation,party,Democrat,policy_general,87.0
Oil industry misinformation,party,Democrat,policy_role_mean,75.75
Oil industry misinformation,party,Democrat,policy_specific_mean,79.14285714285714
Oil industry misinformation,party,Democrat,trust_multidimensional,80.0
Oil industry misinformation,party,Democrat,trust_post,83.0
Oil industry misinformation,party,Independent,behavior_mean,37.833333333333336
Oil industry misinformation,party,Independent,belief_post,84.0
Oil industry misinformation,party,Independent,concern_mean,71.33333333333333
Oil industry misinformation,party,Independent,distrust_post,16.0
Oil industry misinformation,party,Independent,donation_ams,1.2
Oil industry misinformation,party,Independent,funding_perceptions,62.0
Oil industry misinformation,party,Independent,inst_trust_mean,58.4
Oil industry misinformation,party,Independent,newsletter_signup,1.85
Oil industry misinformation,party,Independent,policy_general,74.0
Oil industry misinformation,party,Independent,policy_role_mean,67.5
Oil industry misinformation,party,Independent,policy_specific_mean,65.42857142857143
Oil industry misinformation,party,Independent,trust_multidimensional,70.33333333333333
Oil industry misinformation,party,Independent,trust_post,74.0
Oil industry misinformation,party,Other,behavior_mean,46.23333333333333
Oil industry misinformation,party,Other,belief_post,91.2
Oil industry misinformation,party,Other,concern_mean,73.60000000000001
Oil industry misinformation,party,Other,distrust_post,11.4
Oil industry misinformation,party,Other,donation_ams,3.2
Oil industry misinformation,party,Other,funding_perceptions,67.5
Oil industry misinformation,party,Other,inst_trust_mean,63.5
Oil industry misinformation,party,Other,newsletter_signup,1.3
Oil industry misinformation,party,Other,policy_general,79.8
Oil industry misinformation,party,Other,policy_role_mean,77.85
Oil industry misinformation,party,Other,policy_specific_mean,74.08571428571429
Oil industry misinformation,party,Other,trust_multidimensional,76.14166666666667
Oil industry misinformation,party,Other,trust_post,82.6
Oil industry misinformation,party,Republican,behavior_mean,34.166666666666664
Oil industry misinformation,party,Republican,belief_post,65.0
Oil industry misinformation,party,Republican,concern_mean,48.333333333333336
Oil industry misinformation,party,Republican,distrust_post,45.0
Oil industry misinformation,party,Republican,donation_ams,1.5
Oil industry misinformation,party,Republican,funding_perceptions,40.0
Oil industry misinformation,party,Republican,inst_trust_mean,42.4
Oil industry misinformation,party,Republican,newsletter_signup,1.8
Oil industry misinformation,party,Republican,policy_general,40.0
Oil industry misinformation,party,Republican,policy_role_mean,43.75
Oil industry misinformation,party,Republican,policy_specific_mean,50.714285714285715
Oil industry misinformation,party,Republican,trust_multidimensional,53.666666666666664
Oil industry misinformation,party,Republican,trust_post,45.0
Oil industry misinformation,race,Asian / Asian American,behavior_mean,54.88333333333333
Oil industry misinformation,race,Asian / Asian American,belief_post,89.2
Oil industry misinformation,race,Asian / Asian American,concern_mean,78.03333333333335
Oil industry misinformation,race,Asian / Asian American,distrust_post,22.4
Oil industry misinformation,race,Asian / Asian American,donation_ams,2.4
Oil industry misinformation,race,Asian / Asian American,funding_perceptions,67.5
Oil industry misinformation,race,Asian / Asian American,inst_trust_mean,67.88
Oil industry misinformation,race,Asian / Asian American,newsletter_signup,1.8
Oil industry misinformation,race,Asian / Asian American,policy_general,77.4
Oil industry misinformation,race,Asian / Asian American,policy_role_mean,77.425
Oil industry misinformation,race,Asian / Asian American,policy_specific_mean,74.92857142857143
Oil industry misinformation,race,Asian / Asian American,trust_multidimensional,79.27499999999999
Oil industry misinformation,race,Asian / Asian American,trust_post,77.6
Oil industry misinformation,race,Black / African American,behavior_mean,45.449999999999996
Oil industry misinformation,race,Black / African American,belief_post,91.5
Oil industry misinformation,race,Black / African American,concern_mean,79.83333333333333
Oil industry misinformation,race,Black / African American,distrust_post,12.4
Oil industry misinformation,race,Black / African American,donation_ams,2.8
Oil industry misinformation,race,Black / African American,funding_perceptions,71.5
Oil industry misinformation,race,Black / African American,inst_trust_mean,67.3
Oil industry misinformation,race,Black / African American,newsletter_signup,1.6
Oil industry misinformation,race,Black / African American,policy_general,84.2
Oil industry misinformation,race,Black / African American,policy_role_mean,78.55
Oil industry misinformation,race,Black / African American,policy_specific_mean,76.44285714285715
Oil industry misinformation,race,Black / African American,trust_multidimensional,78.73333333333333
Oil industry misinformation,race,Black / African American,trust_post,78.2
Oil industry misinformation,race,Hispanic / Latino,behavior_mean,46.15
Oil industry misinformation,race,Hispanic / Latino,belief_post,89.7
Oil industry misinformation,race,Hispanic / Latino,concern_mean,80.83333333333333
Oil industry misinformation,race,Hispanic / Latino,distrust_post,12.8
Oil industry misinformation,race,Hispanic / Latino,donation_ams,3.4
Oil industry misinformation,race,Hispanic / Latino,funding_perceptions,75.5
Oil industry misinformation,race,Hispanic / Latino,inst_trust_mean,63.879999999999995
Oil industry misinformation,race,Hispanic / Latino,newsletter_signup,1.35
Oil industry misinformation,race,Hispanic / Latino,policy_general,81.3
Oil industry misinformation,race,Hispanic / Latino,policy_role_mean,76.025
Oil industry misinformation,race,Hispanic / Latino,policy_specific_mean,71.98571428571428
Oil industry misinformation,race,Hispanic / Latino,trust_multidimensional,80.20833333333333
Oil industry misinformation,race,Hispanic / Latino,trust_post,84.2
Oil industry misinformation,race,Other,behavior_mean,52.38333333333333
Oil industry misinformation,race,Other,belief_post,88.4
Oil industry misinformation,race,Other,concern_mean,76.86666666666667
Oil industry misinformation,race,Other,distrust_post,17.2
Oil industry misinformation,race,Other,donation_ams,3.2
Oil industry misinformation,race,Other,funding_perceptions,67.5
Oil industry misinformation,race,Other,inst_trust_mean,61.9
Oil industry misinformation,race,Other,newsletter_signup,1.4
Oil industry misinformation,race,Other,policy_general,77.6
Oil industry misinformation,race,Other,policy_role_mean,72.7
Oil industry misinformation,race,Other,policy_specific_mean,69.37142857142858
Oil industry misinformation,race,Other,trust_multidimensional,75.89166666666667
Oil industry misinformation,race,Other,trust_post,76.8
Oil industry misinformation,race,White / Caucasian,behavior_mean,37.833333333333336
Oil industry misinformation,race,White / Caucasian,belief_post,88.7
Oil industry misinformation,race,White / Caucasian,concern_mean,72.83333333333333
Oil industry misinformation,race,White / Caucasian,distrust_post,23.8
Oil industry misinformation,race,White / Caucasian,donation_ams,0.6
Oil industry misinformation,race,White / Caucasian,funding_perceptions,65.8
Oil industry misinformation,race,White / Caucasian,inst_trust_mean,61.779999999999994
Oil industry misinformation,race,White / Caucasian,newsletter_signup,1.4
Oil industry misinformation,race,White / Caucasian,policy_general,78.4
Oil industry misinformation,race,White / Caucasian,policy_role_mean,70.7
Oil industry misinformation,race,White / Caucasian,policy_specific_mean,65.48571428571428
Oil industry misinformation,race,White / Caucasian,trust_multidimensional,73.5
Oil industry misinformation,race,White / Caucasian,trust_post,72.6
Peer-review,age_band,18-29,behavior_mean,49.93333333333334
Peer-review,age_band,18-29,belief_post,91.5
Peer-review,age_band,18-29,concern_mean,81.26666666666667
Peer-review,age_band,18-29,distrust_post,14.2
Peer-review,age_band,18-29,donation_ams,3.8
Peer-review,age_band,18-29,funding_perceptions,71.5
Peer-review,age_band,18-29,inst_trust_mean,69.34
Peer-review,age_band,18-29,newsletter_signup,1.3
Peer-review,age_band,18-29,policy_general,82.8
Peer-review,age_band,18-29,policy_role_mean,77.825
Peer-review,age_band,18-29,policy_specific_mean,73.87142857142858
Peer-review,age_band,18-29,trust_multidimensional,80.8
Peer-review,age_band,18-29,trust_post,81.6
Peer-review,age_band,30-44,behavior_mean,46.06666666666666
Peer-review,age_band,30-44,belief_post,89.4
Peer-review,age_band,30-44,concern_mean,74.16666666666667
Peer-review,age_band,30-44,distrust_post,14.2
Peer-review,age_band,30-44,donation_ams,3.2
Peer-review,age_band,30-44,funding_perceptions,61.5
Peer-review,age_band,30-44,inst_trust_mean,63.279999999999994
Peer-review,age_band,30-44,newsletter_signup,1.3
Peer-review,age_band,30-44,policy_general,74.2
Peer-review,age_band,30-44,policy_role_mean,72.1
Peer-review,age_band,30-44,policy_specific_mean,70.97142857142858
Peer-review,age_band,30-44,trust_multidimensional,75.85833333333333
Peer-review,age_band,30-44,trust_post,76.8
Peer-review,age_band,45-59,behavior_mean,36.166666666666664
Peer-review,age_band,45-59,belief_post,82.0
Peer-review,age_band,45-59,concern_mean,64.0
Peer-review,age_band,45-59,distrust_post,25.0
Peer-review,age_band,45-59,donation_ams,2.5
Peer-review,age_band,45-59,funding_perceptions,48.0
Peer-review,age_band,45-59,inst_trust_mean,59.2
Peer-review,age_band,45-59,newsletter_signup,1.6
Peer-review,age_band,45-59,policy_general,65.0
Peer-review,age_band,45-59,policy_role_mean,65.75
Peer-review,age_band,45-59,policy_specific_mean,64.42857142857143
Peer-review,age_band,45-59,trust_multidimensional,69.83333333333333
Peer-review,age_band,45-59,trust_post,70.0
Peer-review,age_band,60+,behavior_mean,32.5
Peer-review,age_band,60+,belief_post,78.0
Peer-review,age_band,60+,concern_mean,58.0
Peer-review,age_band,60+,distrust_post,22.0
Peer-review,age_band,60+,donation_ams,1.5
Peer-review,age_band,60+,funding_perceptions,46.0
Peer-review,age_band,60+,inst_trust_mean,58.0
Peer-review,age_band,60+,newsletter_signup,1.6
Peer-review,age_band,60+,policy_general,62.0
Peer-review,age_band,60+,policy_role_mean,65.25
Peer-review,age_band,60+,policy_specific_mean,62.285714285714285
Peer-review,age_band,60+,trust_multidimensional,69.58333333333333
Peer-review,age_band,60+,trust_post,70.0
Peer-review,education,Bachelor's degree,behavior_mean,46.333333333333336
Peer-review,education,Bachelor's degree,belief_post,91.0
Peer-review,education,Bachelor's degree,concern_mean,76.0
Peer-review,education,Bachelor's degree,distrust_post,12.0
Peer-review,education,Bachelor's degree,donation_ams,3.5
Peer-review,education,Bachelor's degree,funding_perceptions,65.0
Peer-review,education,Bachelor's degree,inst_trust_mean,70.2
Peer-review,education,Bachelor's degree,newsletter_signup,1.8
Peer-review,education,Bachelor's degree,policy_general,76.0
Peer-review,education,Bachelor's degree,policy_role_mean,75.75
Peer-review,education,Bachelor's degree,policy_specific_mean,73.57142857142857
Peer-review,education,Bachelor's degree,trust_multidimensional,78.5
Peer-review,education,Bachelor's degree,trust_post,80.0
Peer-review,education,Doctorate degree / Ph.D.,behavior_mean,58.63333333333333
Peer-review,education,Doctorate degree / Ph.D.,belief_post,91.8
Peer-review,education,Doctorate degree / Ph.D.,concern_mean,79.16666666666667
Peer-review,education,Doctorate degree / Ph.D.,distrust_post,11.2
Peer-review,education,Doctorate degree / Ph.D.,donation_ams,4.2
Peer-review,education,Doctorate degree / Ph.D.,funding_perceptions,67.5
Peer-review,education,Doctorate degree / Ph.D.,inst_trust_mean,78.03999999999999
Peer-review,education,Doctorate degree / Ph.D.,newsletter_signup,1.35
Peer-review,education,Doctorate degree / Ph.D.,policy_general,84.2
Peer-review,education,Doctorate degree / Ph.D.,policy_role_mean,80.3
Peer-review,education,Doctorate degree / Ph.D.,policy_specific_mean,76.11428571428571
Peer-review,education,Doctorate degree / Ph.D.,trust_multidimensional,82.35000000000001
Peer-review,education,Doctorate degree / Ph.D.,trust_post,83.4
Peer-review,education,High school diploma / GED,behavior_mean,40.5
Peer-review,education,High school diploma / GED,belief_post,74.0
Peer-review,education,High school diploma / GED,concern_mean,61.666666666666664
Peer-review,education,High school diploma / GED,distrust_post,22.0
Peer-review,education,High school diploma / GED,donation_ams,0.8
Peer-review,education,High school diploma / GED,funding_perceptions,58.0
Peer-review,education,High school diploma / GED,inst_trust_mean,55.0
Peer-review,education,High school diploma / GED,newsletter_signup,1.8
Peer-review,education,High school diploma / GED,policy_general,62.0
Peer-review,education,High school diploma / GED,policy_role_mean,66.0
Peer-review,education,High school diploma / GED,policy_specific_mean,63.142857142857146
Peer-review,education,High school diploma / GED,trust_multidimensional,68.58333333333333
Peer-review,education,High school diploma / GED,trust_post,68.0
Peer-review,education,Less than high school,behavior_mean,31.166666666666668
Peer-review,education,Less than high school,belief_post,59.0
Peer-review,education,Less than high school,concern_mean,47.666666666666664
Peer-review,education,Less than high school,distrust_post,37.0
Peer-review,education,Less than high school,donation_ams,1.5
Peer-review,education,Less than high school,funding_perceptions,46.0
Peer-review,education,Less than high school,inst_trust_mean,41.8
Peer-review,education,Less than high school,newsletter_signup,1.3
Peer-review,education,Less than high school,policy_general,48.0
Peer-review,education,Less than high school,policy_role_mean,55.5
Peer-review,education,Less than high school,policy_specific_mean,56.714285714285715
Peer-review,education,Less than high school,trust_multidimensional,59.333333333333336
Peer-review,education,Less than high school,trust_post,53.0
Peer-review,education,Master's degree / Professional degree,behavior_mean,40.333333333333336
Peer-review,education,Master's degree / Professional degree,belief_post,91.0
Peer-review,education,Master's degree / Professional degree,concern_mean,75.0
Peer-review,education,Master's degree / Professional degree,distrust_post,15.0
Peer-review,education,Master's degree / Professional degree,donation_ams,3.0
Peer-review,education,Master's degree / Professional degree,funding_perceptions,65.0
Peer-review,education,Master's degree / Professional degree,inst_trust_mean,71.4
Peer-review,education,Master's degree / Professional degree,newsletter_signup,1.6
Peer-review,education,Master's degree / Professional degree,policy_general,82.0
Peer-review,education,Master's degree / Professional degree,policy_role_mean,78.5
Peer-review,education,Master's degree / Professional degree,policy_specific_mean,76.42857142857143
Peer-review,education,Master's degree / Professional degree,trust_multidimensional,79.25
Peer-review,education,Master's degree / Professional degree,trust_post,78.0
Peer-review,education,Some college or Associate's degree,behavior_mean,39.0
Peer-review,education,Some college or Associate's degree,belief_post,86.0
Peer-review,education,Some college or Associate's degree,concern_mean,66.66666666666667
Peer-review,education,Some college or Associate's degree,distrust_post,22.0
Peer-review,education,Some college or Associate's degree,donation_ams,1.5
Peer-review,education,Some college or Associate's degree,funding_perceptions,58.0
Peer-review,education,Some college or Associate's degree,inst_trust_mean,63.4
Peer-review,education,Some college or Associate's degree,newsletter_signup,1.3
Peer-review,education,Some college or Associate's degree,policy_general,74.0
Peer-review,education,Some college or Associate's degree,policy_role_mean,68.5
Peer-review,education,Some college or Associate's degree,policy_specific_mean,68.71428571428571
Peer-review,education,Some college or Associate's degree,trust_multidimensional,77.0
Peer-review,education,Some college or Associate's degree,trust_post,76.0
Peer-review,gender,Female,behavior_mean,41.166666666666664
Peer-review,gender,Female,belief_post,88.0
Peer-review,gender,Female,concern_mean,74.33333333333333
Peer-review,gender,Female,distrust_post,18.0
Peer-review,gender,Female,donation_ams,2.5
Peer-review,gender,Female,funding_perceptions,65.0
Peer-review,gender,Female,inst_trust_mean,65.8
Peer-review,gender,Female,newsletter_signup,1.6
Peer-review,gender,Female,policy_general,75.0
Peer-review,gender,Female,policy_role_mean,73.0
Peer-review,gender,Female,policy_specific_mean,71.71428571428571
Peer-review,gender,Female,trust_multidimensional,75.25
Peer-review,gender,Female,trust_post,76.0
Peer-review,gender,Male,behavior_mean,40.5
Peer-review,gender,Male,belief_post,82.0
Peer-review,gender,Male,concern_mean,61.666666666666664
Peer-review,gender,Male,distrust_post,22.0
Peer-review,gender,Male,donation_ams,1.5
Peer-review,gender,Male,funding_perceptions,55.0
Peer-review,gender,Male,inst_trust_mean,62.0
Peer-review,gender,Male,newsletter_signup,1.7
Peer-review,gender,Male,policy_general,70.0
Peer-review,gender,Male,policy_role_mean,69.0
Peer-review,gender,Male,policy_specific_mean,67.57142857142857
Peer-review,gender,Male,trust_multidimensional,70.16666666666667
Peer-review,gender,Male,trust_post,72.0
Peer-review,gender,Other,behavior_mean,51.833333333333336
Peer-review,gender,Other,belief_post,89.0
Peer-review,gender,Other,concern_mean,76.66666666666667
Peer-review,gender,Other,distrust_post,18.0
Peer-review,gender,Other,donation_ams,2.5
Peer-review,gender,Other,funding_perceptions,58.0
Peer-review,gender,Other,inst_trust_mean,64.4
Peer-review,gender,Other,newsletter_signup,1.3
Peer-review,gender,Other,policy_general,78.0
Peer-review,gender,Other,policy_role_mean,70.25
Peer-review,gender,Other,policy_specific_mean,69.57142857142857
Peer-review,gender,Other,trust_multidimensional,71.41666666666667
Peer-review,gender,Other,trust_post,70.0
Peer-review,income,"$100,000 to $167,999",behavior_mean,43.01666666666667
Peer-review,income,"$100,000 to $167,999",belief_post,88.4
Peer-review,income,"$100,000 to $167,999",concern_mean,70.83333333333333
Peer-review,income,"$100,000 to $167,999",distrust_post,16.2
Peer-review,income,"$100,000 to $167,999",donation_ams,3.2
Peer-review,income,"$100,000 to $167,999",funding_perceptions,57.5
Peer-review,income,"$100,000 to $167,999",inst_trust_mean,65.6
Peer-review,income,"$100,000 to $167,999",newsletter_signup,1.6
Peer-review,income,"$100,000 to $167,999",policy_general,73.2
Peer-review,income,"$100,000 to $167,999",policy_role_mean,72.725
Peer-review,income,"$100,000 to $167,999",policy_specific_mean,71.87142857142858
Peer-review,income,"$100,000 to $167,999",trust_multidimensional,75.27499999999999
Peer-review,income,"$100,000 to $167,999",trust_post,76.8
Peer-review,income,"$168,000 or more",behavior_mean,49.78333333333333
Peer-review,income,"$168,000 or more",belief_post,89.2
Peer-review,income,"$168,000 or more",concern_mean,79.13333333333333
Peer-review,income,"$168,000 or more",distrust_post,14.2
Peer-review,income,"$168,000 or more",donation_ams,4.2
Peer-review,income,"$168,000 or more",funding_perceptions,61.5
Peer-review,income,"$168,000 or more",inst_trust_mean,69.8
Peer-review,income,"$168,000 or more",newsletter_signup,1.35
Peer-review,income,"$168,000 or more",policy_general,76.4
Peer-review,income,"$168,000 or more",policy_role_mean,73.375
Peer-review,income,"$168,000 or more",policy_specific_mean,72.0
Peer-review,income,"$168,000 or more",trust_multidimensional,77.31666666666666
Peer-review,income,"$168,000 or more",trust_post,79.6
Peer-review,income,"$30,000 to $55,999",behavior_mean,38.5
Peer-review,income,"$30,000 to $55,999",belief_post,82.5
Peer-review,income,"$30,000 to $55,999",concern_mean,61.0
Peer-review,income,"$30,000 to $55,999",distrust_post,22.0
Peer-review,income,"$30,000 to $55,999",donation_ams,2.4
Peer-review,income,"$30,000 to $55,999",funding_perceptions,51.5
Peer-review,income,"$30,000 to $55,999",inst_trust_mean,57.7
Peer-review,income,"$30,000 to $55,999",newsletter_signup,1.7
Peer-review,income,"$30,000 to $55,999",policy_general,65.0
Peer-review,income,"$30,000 to $55,999",policy_role_mean,66.25
Peer-review,income,"$30,000 to $55,999",policy_specific_mean,63.285714285714285
Peer-review,income,"$30,000 to $55,999",trust_multidimensional,74.16666666666667
Peer-review,income,"$30,000 to $55,999",trust_post,68.0
Peer-review,income,"$56,000 to $99,999",behavior_mean,40.9
Peer-review,income,"$56,000 to $99,999",belief_post,87.2
Peer-review,income,"$56,000 to $99,999",concern_mean,69.16666666666667
Peer-review,income,"$56,000 to $99,999",distrust_post,21.2
Peer-review,income,"$56,000 to $99,999",donation_ams,2.3
Peer-review,income,"$56,000 to $99,999",funding_perceptions,57.5
Peer-review,income,"$56,000 to $99,999",inst_trust_mean,63.46
Peer-review,income,"$56,000 to $99,999",newsletter_signup,1.4
Peer-review,income,"$56,000 to $99,999",policy_general,71.8
Peer-review,income,"$56,000 to $99,999",policy_role_mean,68.2
Peer-review,income,"$56,000 to $99,999",policy_specific_mean,65.81428571428572
Peer-review,income,"$56,000 to $99,999",trust_multidimensional,74.06666666666666
Peer-review,income,"$56,000 to $99,999",trust_post,76.4
Peer-review,income,"Less than $30,000",behavior_mean,35.0
Peer-review,income,"Less than $30,000",belief_post,78.0
Peer-review,income,"Less than $30,000",concern_mean,64.33333333333333
Peer-review,income,"Less than $30,000",distrust_post,22.0
Peer-review,income,"Less than $30,000",donation_ams,1.5
Peer-review,income,"Less than $30,000",funding_perceptions,48.0
Peer-review,income,"Less than $30,000",inst_trust_mean,53.8
Peer-review,income,"Less than $30,000",newsletter_signup,1.7
Peer-review,income,"Less than $30,000",policy_general,62.0
Peer-review,income,"Less than $30,000",policy_role_mean,63.25
Peer-review,income,"Less than $30,000",policy_specific_mean,61.142857142857146
Peer-review,income,"Less than $30,000",trust_multidimensional,67.41666666666667
Peer-review,income,"Less than $30,000",trust_post,68.0
Peer-review,party,Democrat,behavior_mean,57.5
Peer-review,party,Democrat,belief_post,90.0
Peer-review,party,Democrat,concern_mean,79.0
Peer-review,party,Democrat,distrust_post,15.0
Peer-review,party,Democrat,donation_ams,4.5
Peer-review,party,Democrat,funding_perceptions,70.0
Peer-review,party,Democrat,inst_trust_mean,72.0
Peer-review,party,Democrat,newsletter_signup,1.4
Peer-review,party,Democrat,policy_general,82.0
Peer-review,party,Democrat,policy_role_mean,79.5
Peer-review,party,Democrat,policy_specific_mean,79.0
Peer-review,party,Democrat,trust_multidimensional,79.33333333333333
Peer-review,party,Democrat,trust_post,80.0
Peer-review,party,Independent,behavior_mean,40.0
Peer-review,party,Independent,belief_post,76.0
Peer-review,party,Independent,concern_mean,61.0
Peer-review,party,Independent,distrust_post,24.0
Peer-review,party,Independent,donation_ams,2.5
Peer-review,party,Independent,funding_perceptions,47.0
Peer-review,party,Independent,inst_trust_mean,60.6
Peer-review,party,Independent,newsletter_signup,1.6
Peer-review,party,Independent,policy_general,61.0
Peer-review,party,Independent,policy_role_mean,64.25
Peer-review,party,Independent,policy_specific_mean,63.857142857142854
Peer-review,party,Independent,trust_multidimensional,70.25
Peer-review,party,Independent,trust_post,66.0
Peer-review,party,Other,behavior_mean,41.166666666666664
Peer-review,party,Other,belief_post,78.0
Peer-review,party,Other,concern_mean,61.666666666666664
Peer-review,party,Other,distrust_post,28.0
Peer-review,party,Other,donation_ams,2.5
Peer-review,party,Other,funding_perceptions,48.0
Peer-review,party,Other,inst_trust_mean,51.4
Peer-review,party,Other,newsletter_signup,1.7
Peer-review,party,Other,policy_general,58.0
Peer-review,party,Other,policy_role_mean,60.5
Peer-review,party,Other,policy_specific_mean,61.857142857142854
Peer-review,party,Other,trust_multidimensional,67.91666666666667
Peer-review,party,Other,trust_post,64.0
Peer-review,party,Republican,behavior_mean,32.5
Peer-review,party,Republican,belief_post,42.0
Peer-review,party,Republican,concern_mean,38.333333333333336
Peer-review,party,Republican,distrust_post,45.0
Peer-review,party,Republican,donation_ams,1.5
Peer-review,party,Republican,funding_perceptions,32.0
Peer-review,party,Republican,inst_trust_mean,40.2
Peer-review,party,Republican,newsletter_signup,1.85
Peer-review,party,Republican,policy_general,35.0
Peer-review,party,Republican,policy_role_mean,43.25
Peer-review,party,Republican,policy_specific_mean,49.285714285714285
Peer-review,party,Republican,trust_multidimensional,46.833333333333336
Peer-review,party,Republican,trust_post,35.0
Peer-review,race,Asian / Asian American,behavior_mean,38.416666666666664
Peer-review,race,Asian / Asian American,belief_post,87.4
Peer-review,race,Asian / Asian American,concern_mean,72.10000000000001
Peer-review,race,Asian / Asian American,distrust_post,14.8
Peer-review,race,Asian / Asian American,donation_ams,3.2
Peer-review,race,Asian / Asian American,funding_perceptions,67.5
Peer-review,race,Asian / Asian American,inst_trust_mean,69.2
Peer-review,race,Asian / Asian American,newsletter_signup,1.35
Peer-review,race,Asian / Asian American,policy_general,76.8
Peer-review,race,Asian / Asian American,policy_role_mean,73.925
Peer-review,race,Asian / Asian American,policy_specific_mean,69.84285714285714
Peer-review,race,Asian / Asian American,trust_multidimensional,77.80833333333334
Peer-review,race,Asian / Asian American,trust_post,77.2
Peer-review,race,Black / African American,behavior_mean,40.0
Peer-review,race,Black / African American,belief_post,85.0
Peer-review,race,Black / African American,concern_mean,72.66666666666667
Peer-review,race,Black / African American,distrust_post,20.0
Peer-review,race,Black / African American,donation_ams,2.0
Peer-review,race,Black / African American,funding_perceptions,75.0
Peer-review,race,Black / African American,inst_trust_mean,62.2
Peer-review,race,Black / African American,newsletter_signup,1.3
Peer-review,race,Black / African American,policy_general,80.0
Peer-review,race,Black / African American,policy_role_mean,75.0
Peer-review,race,Black / African American,policy_specific_mean,73.14285714285714
Peer-review,race,Black / African American,trust_multidimensional,75.25
Peer-review,race,Black / African American,trust_post,75.0
Peer-review,race,Hispanic / Latino,behavior_mean,41.333333333333336
Peer-review,race,Hispanic / Latino,belief_post,82.0
Peer-review,race,Hispanic / Latino,concern_mean,69.33333333333333
Peer-review,race,Hispanic / Latino,distrust_post,18.0
Peer-review,race,Hispanic / Latino,donation_ams,1.5
Peer-review,race,Hispanic / Latino,funding_perceptions,58.0
Peer-review,race,Hispanic / Latino,inst_trust_mean,62.8
Peer-review,race,Hispanic / Latino,newsletter_signup,1.2
Peer-review,race,Hispanic / Latino,policy_general,70.0
Peer-review,race,Hispanic / Latino,policy_role_mean,70.5
Peer-review,race,Hispanic / Latino,policy_specific_mean,69.71428571428571
Peer-review,race,Hispanic / Latino,trust_multidimensional,73.5
Peer-review,race,Hispanic / Latino,trust_post,73.0
Peer-review,race,Other,behavior_mean,41.06666666666667
Peer-review,race,Other,belief_post,88.4
Peer-review,race,Other,concern_mean,70.10000000000001
Peer-review,race,Other,distrust_post,21.2
Peer-review,race,Other,donation_ams,2.4
Peer-review,race,Other,funding_perceptions,57.5
Peer-review,race,Other,inst_trust_mean,61.220000000000006
Peer-review,race,Other,newsletter_signup,1.7
Peer-review,race,Other,policy_general,72.1
Peer-review,race,Other,policy_role_mean,71.35
Peer-review,race,Other,policy_specific_mean,67.61428571428571
Peer-review,race,Other,trust_multidimensional,74.99166666666666
Peer-review,race,Other,trust_post,75.4
Peer-review,race,White / Caucasian,behavior_mean,38.28333333333333
Peer-review,race,White / Caucasian,belief_post,81.6
Peer-review,race,White / Caucasian,concern_mean,63.800000000000004
Peer-review,race,White / Caucasian,distrust_post,18.5
Peer-review,race,White / Caucasian,donation_ams,2.5
Peer-review,race,White / Caucasian,funding_perceptions,47.6
Peer-review,race,White / Caucasian,inst_trust_mean,57.7
Peer-review,race,White / Caucasian,newsletter_signup,1.2
Peer-review,race,White / Caucasian,policy_general,64.8
Peer-review,race,White / Caucasian,policy_role_mean,65.05
Peer-review,race,White / Caucasian,policy_specific_mean,65.9857142857143
Peer-review,race,White / Caucasian,trust_multidimensional,70.60000000000001
Peer-review,race,White / Caucasian,trust_post,71.2
Portrait Prof. Cherry,age_band,18-29,behavior_mean,49.5
Portrait Prof. Cherry,age_band,18-29,belief_post,91.0
Portrait Prof. Cherry,age_band,18-29,concern_mean,81.33333333333333
Portrait Prof. Cherry,age_band,18-29,distrust_post,18.0
Portrait Prof. Cherry,age_band,18-29,donation_ams,2.5
Portrait Prof. Cherry,age_band,18-29,funding_perceptions,68.0
Portrait Prof. Cherry,age_band,18-29,inst_trust_mean,66.8
Portrait Prof. Cherry,age_band,18-29,newsletter_signup,1.7
Portrait Prof. Cherry,age_band,18-29,policy_general,84.0
Portrait Prof. Cherry,age_band,18-29,policy_role_mean,79.5
Portrait Prof. Cherry,age_band,18-29,policy_specific_mean,76.57142857142857
Portrait Prof. Cherry,age_band,18-29,trust_multidimensional,76.54166666666667
Portrait Prof. Cherry,age_band,18-29,trust_post,76.0
Portrait Prof. Cherry,age_band,30-44,behavior_mean,42.166666666666664
Portrait Prof. Cherry,age_band,30-44,belief_post,83.0
Portrait Prof. Cherry,age_band,30-44,concern_mean,70.33333333333333
Portrait Prof. Cherry,age_band,30-44,distrust_post,22.0
Portrait Prof. Cherry,age_band,30-44,donation_ams,1.8
Portrait Prof. Cherry,age_band,30-44,funding_perceptions,64.0
Portrait Prof. Cherry,age_band,30-44,inst_trust_mean,56.0
Portrait Prof. Cherry,age_band,30-44,newsletter_signup,1.6
Portrait Prof. Cherry,age_band,30-44,policy_general,74.0
Portrait Prof. Cherry,age_band,30-44,policy_role_mean,70.25
Portrait Prof. Cherry,age_band,30-44,policy_specific_mean,66.0
Portrait Prof. Cherry,age_band,30-44,trust_multidimensional,73.91666666666667
Portrait Prof. Cherry,age_band,30-44,trust_post,71.0
Portrait Prof. Cherry,age_band,45-59,behavior_mean,36.166666666666664
Portrait Prof. Cherry,age_band,45-59,belief_post,82.0
Portrait Prof. Cherry,age_band,45-59,concern_mean,66.66666666666667
Portrait Prof. Cherry,age_band,45-59,distrust_post,12.0
Portrait Prof. Cherry,age_band,45-59,donation_ams,2.0
Portrait Prof. Cherry,age_band,45-59,funding_perceptions,55.0
Portrait Prof. Cherry,age_band,45-59,inst_trust_mean,58.4
Portrait Prof. Cherry,age_band,45-59,newsletter_signup,1.7
Portrait Prof. Cherry,age_band,45-59,policy_general,72.0
Portrait Prof. Cherry,age_band,45-59,policy_role_mean,68.75
Portrait Prof. Cherry,age_band,45-59,policy_specific_mean,66.57142857142857
Portrait Prof. Cherry,age_band,45-59,trust_multidimensional,70.41666666666667
Portrait Prof. Cherry,age_band,45-59,trust_post,68.0
Portrait Prof. Cherry,age_band,60+,behavior_mean,29.883333333333336
Portrait Prof. Cherry,age_band,60+,belief_post,77.6
Portrait Prof. Cherry,age_band,60+,concern_mean,56.46666666666667
Portrait Prof. Cherry,age_band,60+,distrust_post,19.2
Portrait Prof. Cherry,age_band,60+,donation_ams,1.25
Portrait Prof. Cherry,age_band,60+,funding_perceptions,56.5
Portrait Prof. Cherry,age_band,60+,inst_trust_mean,60.220000000000006
Portrait Prof. Cherry,age_band,60+,newsletter_signup,1.75
Portrait Prof. Cherry,age_band,60+,policy_general,61.8
Portrait Prof. Cherry,age_band,60+,policy_role_mean,68.1
Portrait Prof. Cherry,age_band,60+,policy_specific_mean,63.48571428571429
Portrait Prof. Cherry,age_band,60+,trust_multidimensional,71.46666666666667
Portrait Prof. Cherry,age_band,60+,trust_post,65.4
Portrait Prof. Cherry,education,Bachelor's degree,behavior_mean,43.96666666666667
Portrait Prof. Cherry,education,Bachelor's degree,belief_post,88.4
Portrait Prof. Cherry,education,Bachelor's degree,concern_mean,71.43333333333334
Portrait Prof. Cherry,education,Bachelor's degree,distrust_post,19.2
Portrait Prof. Cherry,education,Bachelor's degree,donation_ams,1.7
Portrait Prof. Cherry,education,Bachelor's degree,funding_perceptions,56.5
Portrait Prof. Cherry,education,Bachelor's degree,inst_trust_mean,64.9
Portrait Prof. Cherry,education,Bachelor's degree,newsletter_signup,1.3
Portrait Prof. Cherry,education,Bachelor's degree,policy_general,77.2
Portrait Prof. Cherry,education,Bachelor's degree,policy_role_mean,72.475
Portrait Prof. Cherry,education,Bachelor's degree,policy_specific_mean,71.84285714285714
Portrait Prof. Cherry,education,Bachelor's degree,trust_multidimensional,75.56666666666666
Portrait Prof. Cherry,education,Bachelor's degree,trust_post,71.5
Portrait Prof. Cherry,education,Doctorate degree / Ph.D.,behavior_mean,56.0
Portrait Prof. Cherry,education,Doctorate degree / Ph.D.,belief_post,96.0
Portrait Prof. Cherry,education,Doctorate degree / Ph.D.,concern_mean,79.33333333333333
Portrait Prof. Cherry,education,Doctorate degree / Ph.D.,distrust_post,12.0
Portrait Prof. Cherry,education,Doctorate degree / Ph.D.,donation_ams,4.2
Portrait Prof. Cherry,education,Doctorate degree / Ph.D.,funding_perceptions,62.0
Portrait Prof. Cherry,education,Doctorate degree / Ph.D.,inst_trust_mean,76.0
Portrait Prof. Cherry,education,Doctorate degree / Ph.D.,newsletter_signup,1.4
Portrait Prof. Cherry,education,Doctorate degree / Ph.D.,policy_general,79.0
Portrait Prof. Cherry,education,Doctorate degree / Ph.D.,policy_role_mean,78.75
Portrait Prof. Cherry,education,Doctorate degree / Ph.D.,policy_specific_mean,77.42857142857143
Portrait Prof. Cherry,education,Doctorate degree / Ph.D.,trust_multidimensional,83.08333333333333
Portrait Prof. Cherry,education,Doctorate degree / Ph.D.,trust_post,81.0
Portrait Prof. Cherry,education,High school diploma / GED,behavior_mean,35.666666666666664
Portrait Prof. Cherry,education,High school diploma / GED,belief_post,72.0
Portrait Prof. Cherry,education,High school diploma / GED,concern_mean,59.0
Portrait Prof. Cherry,education,High school diploma / GED,distrust_post,25.0
Portrait Prof. Cherry,education,High school diploma / GED,donation_ams,2.5
Portrait Prof. Cherry,education,High school diploma / GED,funding_perceptions,58.0
Portrait Prof. Cherry,education,High school diploma / GED,inst_trust_mean,56.0
Portrait Prof. Cherry,education,High school diploma / GED,newsletter_signup,1.8
Portrait Prof. Cherry,education,High school diploma / GED,policy_general,60.0
Portrait Prof. Cherry,education,High school diploma / GED,policy_role_mean,65.0
Portrait Prof. Cherry,education,High school diploma / GED,policy_specific_mean,62.714285714285715
Portrait Prof. Cherry,education,High school diploma / GED,trust_multidimensional,65.0
Portrait Prof. Cherry,education,High school diploma / GED,trust_post,65.0
Portrait Prof. Cherry,education,Less than high school,behavior_mean,35.833333333333336
Portrait Prof. Cherry,education,Less than high school,belief_post,62.0
Portrait Prof. Cherry,education,Less than high school,concern_mean,46.666666666666664
Portrait Prof. Cherry,education,Less than high school,distrust_post,32.0
Portrait Prof. Cherry,education,Less than high school,donation_ams,1.5
Portrait Prof. Cherry,education,Less than high school,funding_perceptions,45.0
Portrait Prof. Cherry,education,Less than high school,inst_trust_mean,45.4
Portrait Prof. Cherry,education,Less than high school,newsletter_signup,1.8
Portrait Prof. Cherry,education,Less than high school,policy_general,55.0
Portrait Prof. Cherry,education,Less than high school,policy_role_mean,60.75
Portrait Prof. Cherry,education,Less than high school,policy_specific_mean,56.42857142857143
Portrait Prof. Cherry,education,Less than high school,trust_multidimensional,62.5
Portrait Prof. Cherry,education,Less than high school,trust_post,58.0
Portrait Prof. Cherry,education,Master's degree / Professional degree,behavior_mean,51.666666666666664
Portrait Prof. Cherry,education,Master's degree / Professional degree,belief_post,91.0
Portrait Prof. Cherry,education,Master's degree / Professional degree,concern_mean,75.66666666666667
Portrait Prof. Cherry,education,Master's degree / Professional degree,distrust_post,18.0
Portrait Prof. Cherry,education,Master's degree / Professional degree,donation_ams,3.2
Portrait Prof. Cherry,education,Master's degree / Professional degree,funding_perceptions,64.0
Portrait Prof. Cherry,education,Master's degree / Professional degree,inst_trust_mean,70.6
Portrait Prof. Cherry,education,Master's degree / Professional degree,newsletter_signup,1.35
Portrait Prof. Cherry,education,Master's degree / Professional degree,policy_general,79.0
Portrait Prof. Cherry,education,Master's degree / Professional degree,policy_role_mean,76.5
Portrait Prof. Cherry,education,Master's degree / Professional degree,policy_specific_mean,77.28571428571429
Portrait Prof. Cherry,education,Master's degree / Professional degree,trust_multidimensional,74.83333333333333
Portrait Prof. Cherry,education,Master's degree / Professional degree,trust_post,76.0
Portrait Prof. Cherry,education,Some college or Associate's degree,behavior_mean,35.0
Portrait Prof. Cherry,education,Some college or Associate's degree,belief_post,78.0
Portrait Prof. Cherry,education,Some college or Associate's degree,concern_mean,69.0
Portrait Prof. Cherry,education,Some college or Associate's degree,distrust_post,20.0
Portrait Prof. Cherry,education,Some college or Associate's degree,donation_ams,3.0
Portrait Prof. Cherry,education,Some college or Associate's degree,funding_perceptions,60.0
Portrait Prof. Cherry,education,Some college or Associate's degree,inst_trust_mean,63.0
Portrait Prof. Cherry,education,Some college or Associate's degree,newsletter_signup,1.8
Portrait Prof. Cherry,education,Some college or Associate's degree,policy_general,70.0
Portrait Prof. Cherry,education,Some college or Associate's degree,policy_role_mean,73.75
Portrait Prof. Cherry,education,Some college or Associate's degree,policy_specific_mean,65.14285714285714
Portrait Prof. Cherry,education,Some college or Associate's degree,trust_multidimensional,72.08333333333333
Portrait Prof. Cherry,education,Some college or Associate's degree,trust_post,70.0
Portrait Prof. Cherry,gender,Female,behavior_mean,42.5
Portrait Prof. Cherry,gender,Female,belief_post,88.0
Portrait Prof. Cherry,gender,Female,concern_mean,74.33333333333333
Portrait Prof. Cherry,gender,Female,distrust_post,18.0
Portrait Prof. Cherry,gender,Female,donation_ams,4.0
Portrait Prof. Cherry,gender,Female,funding_perceptions,65.0
Portrait Prof. Cherry,gender,Female,inst_trust_mean,64.0
Portrait Prof. Cherry,gender,Female,newsletter_signup,1.4
Portrait Prof. Cherry,gender,Female,policy_general,78.0
Portrait Prof. Cherry,gender,Female,policy_role_mean,72.0
Portrait Prof. Cherry,gender,Female,policy_specific_mean,69.28571428571429
Portrait Prof. Cherry,gender,Female,trust_multidimensional,76.5
Portrait Prof. Cherry,gender,Female,trust_post,72.0
Portrait Prof. Cherry,gender,Male,behavior_mean,36.333333333333336
Portrait Prof. Cherry,gender,Male,belief_post,82.0
Portrait Prof. Cherry,gender,Male,concern_mean,66.66666666666667
Portrait Prof. Cherry,gender,Male,distrust_post,25.0
Portrait Prof. Cherry,gender,Male,donation_ams,2.5
Portrait Prof. Cherry,gender,Male,funding_perceptions,58.0
Portrait Prof. Cherry,gender,Male,inst_trust_mean,61.4
Portrait Prof. Cherry,gender,Male,newsletter_signup,1.4
Portrait Prof. Cherry,gender,Male,policy_general,68.0
Portrait Prof. Cherry,gender,Male,policy_role_mean,71.75
Portrait Prof. Cherry,gender,Male,policy_specific_mean,66.14285714285714
Portrait Prof. Cherry,gender,Male,trust_multidimensional,74.58333333333333
Portrait Prof. Cherry,gender,Male,trust_post,70.0
Portrait Prof. Cherry,gender,Other,behavior_mean,42.65
Portrait Prof. Cherry,gender,Other,belief_post,84.7
Portrait Prof. Cherry,gender,Other,concern_mean,73.66666666666667
Portrait Prof. Cherry,gender,Other,distrust_post,18.5
Portrait Prof. Cherry,gender,Other,donation_ams,2.4
Portrait Prof. Cherry,gender,Other,funding_perceptions,61.8
Portrait Prof. Cherry,gender,Other,inst_trust_mean,62.0
Portrait Prof. Cherry,gender,Other,newsletter_signup,1.35
Portrait Prof. Cherry,gender,Other,policy_general,76.2
Portrait Prof. Cherry,gender,Other,policy_role_mean,71.625
Portrait Prof. Cherry,gender,Other,policy_specific_mean,69.31428571428572
Portrait Prof. Cherry,gender,Other,trust_multidimensional,74.0
Portrait Prof. Cherry,gender,Other,trust_post,70.4
Portrait Prof. Cherry,income,"$100,000 to $167,999",behavior_mean,41.333333333333336
Portrait Prof. Cherry,income,"$100,000 to $167,999",belief_post,88.0
Portrait Prof. Cherry,income,"$100,000 to $167,999",concern_mean,74.33333333333333
Portrait Prof. Cherry,income,"$100,000 to $167,999",distrust_post,18.0
Portrait Prof. Cherry,income,"$100,000 to $167,999",donation_ams,3.2
Portrait Prof. Cherry,income,"$100,000 to $167,999",funding_perceptions,58.0
Portrait Prof. Cherry,income,"$100,000 to $167,999",inst_trust_mean,67.2
Portrait Prof. Cherry,income,"$100,000 to $167,999",newsletter_signup,1.6
Portrait Prof. Cherry,income,"$100,000 to $167,999",policy_general,78.0
Portrait Prof. Cherry,income,"$100,000 to $167,999",policy_role_mean,72.5
Portrait Prof. Cherry,income,"$100,000 to $167,999",policy_specific_mean,70.0
Portrait Prof. Cherry,income,"$100,000 to $167,999",trust_multidimensional,76.58333333333333
Portrait Prof. Cherry,income,"$100,000 to $167,999",trust_post,76.0
Portrait Prof. Cherry,income,"$168,000 or more",behavior_mean,40.0
Portrait Prof. Cherry,income,"$168,000 or more",belief_post,88.0
Portrait Prof. Cherry,income,"$168,000 or more",concern_mean,69.0
Portrait Prof. Cherry,income,"$168,000 or more",distrust_post,15.0
Portrait Prof. Cherry,income,"$168,000 or more",donation_ams,3.5
Portrait Prof. Cherry,income,"$168,000 or more",funding_perceptions,60.0
Portrait Prof. Cherry,income,"$168,000 or more",inst_trust_mean,65.8
Portrait Prof. Cherry,income,"$168,000 or more",newsletter_signup,1.4
Portrait Prof. Cherry,income,"$168,000 or more",policy_general,78.0
Portrait Prof. Cherry,income,"$168,000 or more",policy_role_mean,71.0
Portrait Prof. Cherry,income,"$168,000 or more",policy_specific_mean,67.71428571428571
Portrait Prof. Cherry,income,"$168,000 or more",trust_multidimensional,76.25
Portrait Prof. Cherry,income,"$168,000 or more",trust_post,75.0
Portrait Prof. Cherry,income,"$30,000 to $55,999",behavior_mean,31.833333333333332
Portrait Prof. Cherry,income,"$30,000 to $55,999",belief_post,79.1
Portrait Prof. Cherry,income,"$30,000 to $55,999",concern_mean,60.5
Portrait Prof. Cherry,income,"$30,000 to $55,999",distrust_post,24.3
Portrait Prof. Cherry,income,"$30,000 to $55,999",donation_ams,2.8
Portrait Prof. Cherry,income,"$30,000 to $55,999",funding_perceptions,53.8
Portrait Prof. Cherry,income,"$30,000 to $55,999",inst_trust_mean,55.8
Portrait Prof. Cherry,income,"$30,000 to $55,999",newsletter_signup,1.7
Portrait Prof. Cherry,income,"$30,000 to $55,999",policy_general,63.4
Portrait Prof. Cherry,income,"$30,000 to $55,999",policy_role_mean,64.425
Portrait Prof. Cherry,income,"$30,000 to $55,999",policy_specific_mean,59.84285714285715
Portrait Prof. Cherry,income,"$30,000 to $55,999",trust_multidimensional,70.99166666666666
Portrait Prof. Cherry,income,"$30,000 to $55,999",trust_post,67.5
Portrait Prof. Cherry,income,"$56,000 to $99,999",behavior_mean,34.166666666666664
Portrait Prof. Cherry,income,"$56,000 to $99,999",belief_post,80.0
Portrait Prof. Cherry,income,"$56,000 to $99,999",concern_mean,60.666666666666664
Portrait Prof. Cherry,income,"$56,000 to $99,999",distrust_post,30.0
Portrait Prof. Cherry,income,"$56,000 to $99,999",donation_ams,1.5
Portrait Prof. Cherry,income,"$56,000 to $99,999",funding_perceptions,55.0
Portrait Prof. Cherry,income,"$56,000 to $99,999",inst_trust_mean,55.2
Portrait Prof. Cherry,income,"$56,000 to $99,999",newsletter_signup,1.6
Portrait Prof. Cherry,income,"$56,000 to $99,999",policy_general,62.0
Portrait Prof. Cherry,income,"$56,000 to $99,999",policy_role_mean,71.0
Portrait Prof. Cherry,income,"$56,000 to $99,999",policy_specific_mean,63.714285714285715
Portrait Prof. Cherry,income,"$56,000 to $99,999",trust_multidimensional,70.58333333333333
Portrait Prof. Cherry,income,"$56,000 to $99,999",trust_post,70.0
Portrait Prof. Cherry,income,"Less than $30,000",behavior_mean,33.333333333333336
Portrait Prof. Cherry,income,"Less than $30,000",belief_post,72.0
Portrait Prof. Cherry,income,"Less than $30,000",concern_mean,50.666666666666664
Portrait Prof. Cherry,income,"Less than $30,000",distrust_post,28.0
Portrait Prof. Cherry,income,"Less than $30,000",donation_ams,0.5
Portrait Prof. Cherry,income,"Less than $30,000",funding_perceptions,48.0
Portrait Prof. Cherry,income,"Less than $30,000",inst_trust_mean,44.6
Portrait Prof. Cherry,income,"Less than $30,000",newsletter_signup,1.7
Portrait Prof. Cherry,income,"Less than $30,000",policy_general,58.0
Portrait Prof. Cherry,income,"Less than $30,000",policy_role_mean,65.0
Portrait Prof. Cherry,income,"Less than $30,000",policy_specific_mean,57.142857142857146
Portrait Prof. Cherry,income,"Less than $30,000",trust_multidimensional,64.58333333333333
Portrait Prof. Cherry,income,"Less than $30,000",trust_post,62.0
Portrait Prof. Cherry,party,Democrat,behavior_mean,53.333333333333336
Portrait Prof. Cherry,party,Democrat,belief_post,92.0
Portrait Prof. Cherry,party,Democrat,concern_mean,84.66666666666667
Portrait Prof. Cherry,party,Democrat,distrust_post,15.0
Portrait Prof. Cherry,party,Democrat,donation_ams,4.5
Portrait Prof. Cherry,party,Democrat,funding_perceptions,65.0
Portrait Prof. Cherry,party,Democrat,inst_trust_mean,71.2
Portrait Prof. Cherry,party,Democrat,newsletter_signup,1.3
Portrait Prof. Cherry,party,Democrat,policy_general,88.0
Portrait Prof. Cherry,party,Democrat,policy_role_mean,81.5
Portrait Prof. Cherry,party,Democrat,policy_specific_mean,82.71428571428571
Portrait Prof. Cherry,party,Democrat,trust_multidimensional,78.75
Portrait Prof. Cherry,party,Democrat,trust_post,78.0
Portrait Prof. Cherry,party,Independent,behavior_mean,41.666666666666664
Portrait Prof. Cherry,party,Independent,belief_post,80.0
Portrait Prof. Cherry,party,Independent,concern_mean,62.666666666666664
Portrait Prof. Cherry,party,Independent,distrust_post,25.0
Portrait Prof. Cherry,party,Independent,donation_ams,3.5
Portrait Prof. Cherry,party,Independent,funding_perceptions,47.0
Portrait Prof. Cherry,party,Independent,inst_trust_mean,55.0
Portrait Prof. Cherry,party,Independent,newsletter_signup,1.6
Portrait Prof. Cherry,party,Independent,policy_general,68.0
Portrait Prof. Cherry,party,Independent,policy_role_mean,67.5
Portrait Prof. Cherry,party,Independent,policy_specific_mean,64.0
Portrait Prof. Cherry,party,Independent,trust_multidimensional,68.0
Portrait Prof. Cherry,party,Independent,trust_post,65.0
Portrait Prof. Cherry,party,Other,behavior_mean,40.0
Portrait Prof. Cherry,party,Other,belief_post,82.0
Portrait Prof. Cherry,party,Other,concern_mean,63.333333333333336
Portrait Prof. Cherry,party,Other,distrust_post,25.0
Portrait Prof. Cherry,party,Other,donation_ams,3.5
Portrait Prof. Cherry,party,Other,funding_perceptions,45.0
Portrait Prof. Cherry,party,Other,inst_trust_mean,54.0
Portrait Prof. Cherry,party,Other,newsletter_signup,1.7
Portrait Prof. Cherry,party,Other,policy_general,65.0
Portrait Prof. Cherry,party,Other,policy_role_mean,63.75
Portrait Prof. Cherry,party,Other,policy_specific_mean,66.71428571428571
Portrait Prof. Cherry,party,Other,trust_multidimensional,67.08333333333333
Portrait Prof. Cherry,party,Other,trust_post,65.0
Portrait Prof. Cherry,party,Republican,behavior_mean,32.96666666666667
Portrait Prof. Cherry,party,Republican,belief_post,43.8
Portrait Prof. Cherry,party,Republican,concern_mean,34.46666666666667
Portrait Prof. Cherry,party,Republican,distrust_post,46.2
Portrait Prof. Cherry,party,Republican,donation_ams,1.8
Portrait Prof. Cherry,party,Republican,funding_perceptions,27.599999999999994
Portrait Prof. Cherry,party,Republican,inst_trust_mean,39.760000000000005
Portrait Prof. Cherry,party,Republican,newsletter_signup,1.85
Portrait Prof. Cherry,party,Republican,policy_general,37.5
Portrait Prof. Cherry,party,Republican,policy_role_mean,46.475
Portrait Prof. Cherry,party,Republican,policy_specific_mean,45.22857142857142
Portrait Prof. Cherry,party,Republican,trust_multidimensional,46.86666666666667
Portrait Prof. Cherry,party,Republican,trust_post,38.5
Portrait Prof. Cherry,race,Asian / Asian American,behavior_mean,45.833333333333336
Portrait Prof. Cherry,race,Asian / Asian American,belief_post,88.0
Portrait Prof. Cherry,race,Asian / Asian American,concern_mean,73.66666666666667
Portrait Prof. Cherry,race,Asian / Asian American,distrust_post,18.0
Portrait Prof. Cherry,race,Asian / Asian American,donation_ams,3.5
Portrait Prof. Cherry,race,Asian / Asian American,funding_perceptions,65.0
Portrait Prof. Cherry,race,Asian / Asian American,inst_trust_mean,70.2
Portrait Prof. Cherry,race,Asian / Asian American,newsletter_signup,1.4
Portrait Prof. Cherry,race,Asian / Asian American,policy_general,76.0
Portrait Prof. Cherry,race,Asian / Asian American,policy_role_mean,73.0
Portrait Prof. Cherry,race,Asian / Asian American,policy_specific_mean,73.0
Portrait Prof. Cherry,race,Asian / Asian American,trust_multidimensional,78.25
Portrait Prof. Cherry,race,Asian / Asian American,trust_post,78.0
Portrait Prof. Cherry,race,Black / African American,behavior_mean,38.0
Portrait Prof. Cherry,race,Black / African American,belief_post,86.0
Portrait Prof. Cherry,race,Black / African American,concern_mean,68.33333333333333
Portrait Prof. Cherry,race,Black / African American,distrust_post,15.0
Portrait Prof. Cherry,race,Black / African American,donation_ams,1.5
Portrait Prof. Cherry,race,Black / African American,funding_perceptions,68.0
Portrait Prof. Cherry,race,Black / African American,inst_trust_mean,61.8
Portrait Prof. Cherry,race,Black / African American,newsletter_signup,1.3
Portrait Prof. Cherry,race,Black / African American,policy_general,79.0
Portrait Prof. Cherry,race,Black / African American,policy_role_mean,76.25
Portrait Prof. Cherry,race,Black / African American,policy_specific_mean,72.42857142857143
Portrait Prof. Cherry,race,Black / African American,trust_multidimensional,75.25
Portrait Prof. Cherry,race,Black / African American,trust_post,73.0
Portrait Prof. Cherry,race,Hispanic / Latino,behavior_mean,39.5
Portrait Prof. Cherry,race,Hispanic / Latino,belief_post,85.0
Portrait Prof. Cherry,race,Hispanic / Latino,concern_mean,73.66666666666667
Portrait Prof. Cherry,race,Hispanic / Latino,distrust_post,20.0
Portrait Prof. Cherry,race,Hispanic / Latino,donation_ams,1.2
Portrait Prof. Cherry,race,Hispanic / Latino,funding_perceptions,60.0
Portrait Prof. Cherry,race,Hispanic / Latino,inst_trust_mean,63.8
Portrait Prof. Cherry,race,Hispanic / Latino,newsletter_signup,1.6
Portrait Prof. Cherry,race,Hispanic / Latino,policy_general,75.0
Portrait Prof. Cherry,race,Hispanic / Latino,policy_role_mean,73.0
Portrait Prof. Cherry,race,Hispanic / Latino,policy_specific_mean,66.71428571428571
Portrait Prof. Cherry,race,Hispanic / Latino,trust_multidimensional,74.83333333333333
Portrait Prof. Cherry,race,Hispanic / Latino,trust_post,73.0
Portrait Prof. Cherry,race,Other,behavior_mean,39.083333333333336
Portrait Prof. Cherry,race,Other,belief_post,81.5
Portrait Prof. Cherry,race,Other,concern_mean,70.16666666666667
Portrait Prof. Cherry,race,Other,distrust_post,24.6
Portrait Prof. Cherry,race,Other,donation_ams,3.2
Portrait Prof. Cherry,race,Other,funding_perceptions,56.8
Portrait Prof. Cherry,race,Other,inst_trust_mean,55.14
Portrait Prof. Cherry,race,Other,newsletter_signup,1.8
Portrait Prof. Cherry,race,Other,policy_general,75.8
Portrait Prof. Cherry,race,Other,policy_role_mean,73.2
Portrait Prof. Cherry,race,Other,policy_specific_mean,68.25714285714285
Portrait Prof. Cherry,race,Other,trust_multidimensional,70.25833333333334
Portrait Prof. Cherry,race,Other,trust_post,70.4
Portrait Prof. Cherry,race,White / Caucasian,behavior_mean,33.333333333333336
Portrait Prof. Cherry,race,White / Caucasian,belief_post,72.0
Portrait Prof. Cherry,race,White / Caucasian,concern_mean,60.666666666666664
Portrait Prof. Cherry,race,White / Caucasian,distrust_post,28.0
Portrait Prof. Cherry,race,White / Caucasian,donation_ams,1.2
Portrait Prof. Cherry,race,White / Caucasian,funding_perceptions,47.0
Portrait Prof. Cherry,race,White / Caucasian,inst_trust_mean,51.4
Portrait Prof. Cherry,race,White / Caucasian,newsletter_signup,1.7
Portrait Prof. Cherry,race,White / Caucasian,policy_general,62.0
Portrait Prof. Cherry,race,White / Caucasian,policy_role_mean,67.5
Portrait Prof. Cherry,race,White / Caucasian,policy_specific_mean,62.0
Portrait Prof. Cherry,race,White / Caucasian,trust_multidimensional,75.375
Portrait Prof. Cherry,race,White / Caucasian,trust_post,72.0
Scientist community helpers,age_band,18-29,behavior_mean,56.0
Scientist community helpers,age_band,18-29,belief_post,93.0
Scientist community helpers,age_band,18-29,concern_mean,81.66666666666667
Scientist community helpers,age_band,18-29,distrust_post,15.0
Scientist community helpers,age_band,18-29,donation_ams,3.5
Scientist community helpers,age_band,18-29,funding_perceptions,75.0
Scientist community helpers,age_band,18-29,inst_trust_mean,69.8
Scientist community helpers,age_band,18-29,newsletter_signup,1.3
Scientist community helpers,age_band,18-29,policy_general,86.0
Scientist community helpers,age_band,18-29,policy_role_mean,79.0
Scientist community helpers,age_band,18-29,policy_specific_mean,79.85714285714286
Scientist community helpers,age_band,18-29,trust_multidimensional,79.0
Scientist community helpers,age_band,18-29,trust_post,82.0
Scientist community helpers,age_band,30-44,behavior_mean,43.916666666666664
Scientist community helpers,age_band,30-44,belief_post,87.4
Scientist community helpers,age_band,30-44,concern_mean,71.7
Scientist community helpers,age_band,30-44,distrust_post,17.2
Scientist community helpers,age_band,30-44,donation_ams,3.2
Scientist community helpers,age_band,30-44,funding_perceptions,61.5
Scientist community helpers,age_band,30-44,inst_trust_mean,61.4
Scientist community helpers,age_band,30-44,newsletter_signup,1.6
Scientist community helpers,age_band,30-44,policy_general,74.1
Scientist community helpers,age_band,30-44,policy_role_mean,69.1
Scientist community helpers,age_band,30-44,policy_specific_mean,70.27142857142857
Scientist community helpers,age_band,30-44,trust_multidimensional,75.14166666666667
Scientist community helpers,age_band,30-44,trust_post,75.5
Scientist community helpers,age_band,45-59,behavior_mean,43.166666666666664
Scientist community helpers,age_band,45-59,belief_post,86.0
Scientist community helpers,age_band,45-59,concern_mean,69.0
Scientist community helpers,age_band,45-59,distrust_post,18.0
Scientist community helpers,age_band,45-59,donation_ams,2.5
Scientist community helpers,age_band,45-59,funding_perceptions,58.0
Scientist community helpers,age_band,45-59,inst_trust_mean,66.2
Scientist community helpers,age_band,45-59,newsletter_signup,1.8
Scientist community helpers,age_band,45-59,policy_general,76.0
Scientist community helpers,age_band,45-59,policy_role_mean,69.0
Scientist community helpers,age_band,45-59,policy_specific_mean,65.14285714285714
Scientist community helpers,age_band,45-59,trust_multidimensional,71.41666666666667
Scientist community helpers,age_band,45-59,trust_post,72.0
Scientist community helpers,age_band,60+,behavior_mean,35.61666666666667
Scientist community helpers,age_band,60+,belief_post,74.1
Scientist community helpers,age_band,60+,concern_mean,57.833333333333336
Scientist community helpers,age_band,60+,distrust_post,22.8
Scientist community helpers,age_band,60+,donation_ams,3.4
Scientist community helpers,age_band,60+,funding_perceptions,46.5
Scientist community helpers,age_band,60+,inst_trust_mean,60.239999999999995
Scientist community helpers,age_band,60+,newsletter_signup,1.8
Scientist community helpers,age_band,60+,policy_general,58.6
Scientist community helpers,age_band,60+,policy_role_mean,64.2
Scientist community helpers,age_band,60+,policy_specific_mean,62.228571428571435
Scientist community helpers,age_band,60+,trust_multidimensional,67.39999999999999
Scientist community helpers,age_band,60+,trust_post,65.2
Scientist community helpers,education,Bachelor's degree,behavior_mean,47.0
Scientist community helpers,education,Bachelor's degree,belief_post,90.0
Scientist community helpers,education,Bachelor's degree,concern_mean,76.33333333333333
Scientist community helpers,education,Bachelor's degree,distrust_post,18.0
Scientist community helpers,education,Bachelor's degree,donation_ams,3.5
Scientist community helpers,education,Bachelor's degree,funding_perceptions,65.0
Scientist community helpers,education,Bachelor's degree,inst_trust_mean,68.8
Scientist community helpers,education,Bachelor's degree,newsletter_signup,1.3
Scientist community helpers,education,Bachelor's degree,policy_general,82.0
Scientist community helpers,education,Bachelor's degree,policy_role_mean,74.75
Scientist community helpers,education,Bachelor's degree,policy_specific_mean,74.57142857142857
Scientist community helpers,education,Bachelor's degree,trust_multidimensional,79.0
Scientist community helpers,education,Bachelor's degree,trust_post,78.0
Scientist community helpers,education,Doctorate degree / Ph.D.,behavior_mean,56.333333333333336
Scientist community helpers,education,Doctorate degree / Ph.D.,belief_post,93.0
Scientist community helpers,education,Doctorate degree / Ph.D.,concern_mean,79.33333333333333
Scientist community helpers,education,Doctorate degree / Ph.D.,distrust_post,14.0
Scientist community helpers,education,Doctorate degree / Ph.D.,donation_ams,4.5
Scientist community helpers,education,Doctorate degree / Ph.D.,funding_perceptions,62.0
Scientist community helpers,education,Doctorate degree / Ph.D.,inst_trust_mean,74.4
Scientist community helpers,education,Doctorate degree / Ph.D.,newsletter_signup,1.3
Scientist community helpers,education,Doctorate degree / Ph.D.,policy_general,79.0
Scientist community helpers,education,Doctorate degree / Ph.D.,policy_role_mean,78.5
Scientist community helpers,education,Doctorate degree / Ph.D.,policy_specific_mean,77.42857142857143
Scientist community helpers,education,Doctorate degree / Ph.D.,trust_multidimensional,81.91666666666667
Scientist community helpers,education,Doctorate degree / Ph.D.,trust_post,83.0
Scientist community helpers,education,High school diploma / GED,behavior_mean,29.0
Scientist community helpers,education,High school diploma / GED,belief_post,75.0
Scientist community helpers,education,High school diploma / GED,concern_mean,57.0
Scientist community helpers,education,High school diploma / GED,distrust_post,30.0
Scientist community helpers,education,High school diploma / GED,donation_ams,1.2
Scientist community helpers,education,High school diploma / GED,funding_perceptions,55.0
Scientist community helpers,education,High school diploma / GED,inst_trust_mean,58.6
Scientist community helpers,education,High school diploma / GED,newsletter_signup,1.7
Scientist community helpers,education,High school diploma / GED,policy_general,65.0
Scientist community helpers,education,High school diploma / GED,policy_role_mean,66.5
Scientist community helpers,education,High school diploma / GED,policy_specific_mean,63.142857142857146
Scientist community helpers,education,High school diploma / GED,trust_multidimensional,71.08333333333333
Scientist community helpers,education,High school diploma / GED,trust_post,70.0
Scientist community helpers,education,Less than high school,behavior_mean,31.5
Scientist community helpers,education,Less than high school,belief_post,61.0
Scientist community helpers,education,Less than high school,concern_mean,49.666666666666664
Scientist community helpers,education,Less than high school,distrust_post,45.0
Scientist community helpers,education,Less than high school,donation_ams,1.8
Scientist community helpers,education,Less than high school,funding_perceptions,46.0
Scientist community helpers,education,Less than high school,inst_trust_mean,45.8
Scientist community helpers,education,Less than high school,newsletter_signup,1.6
Scientist community helpers,education,Less than high school,policy_general,53.0
Scientist community helpers,education,Less than high school,policy_role_mean,58.25
Scientist community helpers,education,Less than high school,policy_specific_mean,56.714285714285715
Scientist community helpers,education,Less than high school,trust_multidimensional,57.833333333333336
Scientist community helpers,education,Less than high school,trust_post,55.0
Scientist community helpers,education,Master's degree / Professional degree,behavior_mean,55.333333333333336
Scientist community helpers,education,Master's degree / Professional degree,belief_post,92.0
Scientist community helpers,education,Master's degree / Professional degree,concern_mean,76.0
Scientist community helpers,education,Master's degree / Professional degree,distrust_post,9.0
Scientist community helpers,education,Master's degree / Professional degree,donation_ams,4.5
Scientist community helpers,education,Master's degree / Professional degree,funding_perceptions,68.0
Scientist community helpers,education,Master's degree / Professional degree,inst_trust_mean,72.4
Scientist community helpers,education,Master's degree / Professional degree,newsletter_signup,1.4
Scientist community helpers,education,Master's degree / Professional degree,policy_general,80.0
Scientist community helpers,education,Master's degree / Professional degree,policy_role_mean,74.5
Scientist community helpers,education,Master's degree / Professional degree,policy_specific_mean,77.28571428571429
Scientist community helpers,education,Master's degree / Professional degree,trust_multidimensional,79.58333333333333
Scientist community helpers,education,Master's degree / Professional degree,trust_post,81.0
Scientist community helpers,education,Some college or Associate's degree,behavior_mean,39.5
Scientist community helpers,education,Some college or Associate's degree,belief_post,86.0
Scientist community helpers,education,Some college or Associate's degree,concern_mean,72.33333333333333
Scientist community helpers,education,Some college or Associate's degree,distrust_post,22.5
Scientist community helpers,education,Some college or Associate's degree,donation_ams,1.5
Scientist community helpers,education,Some college or Associate's degree,funding_perceptions,58.0
Scientist community helpers,education,Some college or Associate's degree,inst_trust_mean,60.8
Scientist community helpers,education,Some college or Associate's degree,newsletter_signup,1.3
Scientist community helpers,education,Some college or Associate's degree,policy_general,76.0
Scientist community helpers,education,Some college or Associate's degree,policy_role_mean,70.75
Scientist community helpers,education,Some college or Associate's degree,policy_specific_mean,69.42857142857143
Scientist community helpers,education,Some college or Associate's degree,trust_multidimensional,70.95833333333333
Scientist community helpers,education,Some college or Associate's degree,trust_post,72.0
Scientist community helpers,gender,Female,behavior_mean,44.333333333333336
Scientist community helpers,gender,Female,belief_post,88.0
Scientist community helpers,gender,Female,concern_mean,75.33333333333333
Scientist community helpers,gender,Female,distrust_post,22.0
Scientist community helpers,gender,Female,donation_ams,4.5
Scientist community helpers,gender,Female,funding_perceptions,65.0
Scientist community helpers,gender,Female,inst_trust_mean,64.4
Scientist community helpers,gender,Female,newsletter_signup,1.7
Scientist community helpers,gender,Female,policy_general,78.0
Scientist community helpers,gender,Female,policy_role_mean,75.25
Scientist community helpers,gender,Female,policy_specific_mean,70.14285714285714
Scientist community helpers,gender,Female,trust_multidimensional,76.83333333333333
Scientist community helpers,gender,Female,trust_post,78.0
Scientist community helpers,gender,Male,behavior_mean,41.0
Scientist community helpers,gender,Male,belief_post,78.0
Scientist community helpers,gender,Male,concern_mean,60.666666666666664
Scientist community helpers,gender,Male,distrust_post,25.0
Scientist community helpers,gender,Male,donation_ams,2.5
Scientist community helpers,gender,Male,funding_perceptions,48.0
Scientist community helpers,gender,Male,inst_trust_mean,57.6
Scientist community helpers,gender,Male,newsletter_signup,1.4
Scientist community helpers,gender,Male,policy_general,65.0
Scientist community helpers,gender,Male,policy_role_mean,65.75
Scientist community helpers,gender,Male,policy_specific_mean,65.14285714285714
Scientist community helpers,gender,Male,trust_multidimensional,68.0
Scientist community helpers,gender,Male,trust_post,70.0
Scientist community helpers,gender,Other,behavior_mean,38.733333333333334
Scientist community helpers,gender,Other,belief_post,86.5
Scientist community helpers,gender,Other,concern_mean,69.16666666666667
Scientist community helpers,gender,Other,distrust_post,18.5
Scientist community helpers,gender,Other,donation_ams,2.8
Scientist community helpers,gender,Other,funding_perceptions,61.8
Scientist community helpers,gender,Other,inst_trust_mean,62.6
Scientist community helpers,gender,Other,newsletter_signup,1.8
Scientist community helpers,gender,Other,policy_general,71.8
Scientist community helpers,gender,Other,policy_role_mean,69.575
Scientist community helpers,gender,Other,policy_specific_mean,68.4
Scientist community helpers,gender,Other,trust_multidimensional,72.375
Scientist community helpers,gender,Other,trust_post,74.2
Scientist community helpers,income,"$100,000 to $167,999",behavior_mean,43.166666666666664
Scientist community helpers,income,"$100,000 to $167,999",belief_post,88.2
Scientist community helpers,income,"$100,000 to $167,999",concern_mean,70.5
Scientist community helpers,income,"$100,000 to $167,999",distrust_post,18.4
Scientist community helpers,income,"$100,000 to $167,999",donation_ams,3.5
Scientist community helpers,income,"$100,000 to $167,999",funding_perceptions,61.5
Scientist community helpers,income,"$100,000 to $167,999",inst_trust_mean,65.86
Scientist community helpers,income,"$100,000 to $167,999",newsletter_signup,1.55
Scientist community helpers,income,"$100,000 to $167,999",policy_general,74.6
Scientist community helpers,income,"$100,000 to $167,999",policy_role_mean,71.725
Scientist community helpers,income,"$100,000 to $167,999",policy_specific_mean,73.22857142857143
Scientist community helpers,income,"$100,000 to $167,999",trust_multidimensional,76.58333333333333
Scientist community helpers,income,"$100,000 to $167,999",trust_post,72.5
Scientist community helpers,income,"$168,000 or more",behavior_mean,50.083333333333336
Scientist community helpers,income,"$168,000 or more",belief_post,89.2
Scientist community helpers,income,"$168,000 or more",concern_mean,75.7
Scientist community helpers,income,"$168,000 or more",distrust_post,14.2
Scientist community helpers,income,"$168,000 or more",donation_ams,4.2
Scientist community helpers,income,"$168,000 or more",funding_perceptions,63.5
Scientist community helpers,income,"$168,000 or more",inst_trust_mean,71.46000000000001
Scientist community helpers,income,"$168,000 or more",newsletter_signup,1.4
Scientist community helpers,income,"$168,000 or more",policy_general,76.4
Scientist community helpers,income,"$168,000 or more",policy_role_mean,74.225
Scientist community helpers,income,"$168,000 or more",policy_specific_mean,75.89999999999999
Scientist community helpers,income,"$168,000 or more",trust_multidimensional,77.56666666666666
Scientist community helpers,income,"$168,000 or more",trust_post,76.8
Scientist community helpers,income,"$30,000 to $55,999",behavior_mean,34.550000000000004
Scientist community helpers,income,"$30,000 to $55,999",belief_post,78.5
Scientist community helpers,income,"$30,000 to $55,999",concern_mean,60.96666666666667
Scientist community helpers,income,"$30,000 to $55,999",distrust_post,33.3
Scientist community helpers,income,"$30,000 to $55,999",donation_ams,1.45
Scientist community helpers,income,"$30,000 to $55,999",funding_perceptions,55.8
Scientist community helpers,income,"$30,000 to $55,999",inst_trust_mean,56.92
Scientist community helpers,income,"$30,000 to $55,999",newsletter_signup,1.72
Scientist community helpers,income,"$30,000 to $55,999",policy_general,63.8
Scientist community helpers,income,"$30,000 to $55,999",policy_role_mean,65.725
Scientist community helpers,income,"$30,000 to $55,999",policy_specific_mean,61.614285714285714
Scientist community helpers,income,"$30,000 to $55,999",trust_multidimensional,68.31666666666666
Scientist community helpers,income,"$30,000 to $55,999",trust_post,66.7
Scientist community helpers,income,"$56,000 to $99,999",behavior_mean,37.699999999999996
Scientist community helpers,income,"$56,000 to $99,999",belief_post,78.6
Scientist community helpers,income,"$56,000 to $99,999",concern_mean,62.13333333333333
Scientist community helpers,income,"$56,000 to $99,999",distrust_post,18.5
Scientist community helpers,income,"$56,000 to $99,999",donation_ams,2.15
Scientist community helpers,income,"$56,000 to $99,999",funding_perceptions,57.7
Scientist community helpers,income,"$56,000 to $99,999",inst_trust_mean,60.339999999999996
Scientist community helpers,income,"$56,000 to $99,999",newsletter_signup,1.82
Scientist community helpers,income,"$56,000 to $99,999",policy_general,64.8
Scientist community helpers,income,"$56,000 to $99,999",policy_role_mean,65.625
Scientist community helpers,income,"$56,000 to $99,999",policy_specific_mean,61.65714285714286
Scientist community helpers,income,"$56,000 to $99,999",trust_multidimensional,72.28333333333333
Scientist community helpers,income,"$56,000 to $99,999",trust_post,71.2
Scientist community helpers,income,"Less than $30,000",behavior_mean,43.85
Scientist community helpers,income,"Less than $30,000",belief_post,81.5
Scientist community helpers,income,"Less than $30,000",concern_mean,68.43333333333332
Scientist community helpers,income,"Less than $30,000",distrust_post,33.6
Scientist community helpers,income,"Less than $30,000",donation_ams,1.4
Scientist community helpers,income,"Less than $30,000",funding_perceptions,55.8
Scientist community helpers,income,"Less than $30,000",inst_trust_mean,61.8
Scientist community helpers,income,"Less than $30,000",newsletter_signup,1.35
Scientist community helpers,income,"Less than $30,000",policy_general,67.8
Scientist community helpers,income,"Less than $30,000",policy_role_mean,68.45
Scientist community helpers,income,"Less than $30,000",policy_specific_mean,65.4
Scientist community helpers,income,"Less than $30,000",trust_multidimensional,70.48333333333333
Scientist community helpers,income,"Less than $30,000",trust_post,66.4
Scientist community helpers,party,Democrat,behavior_mean,53.333333333333336
Scientist community helpers,party,Democrat,belief_post,92.0
Scientist community helpers,party,Democrat,concern_mean,80.66666666666667
Scientist community helpers,party,Democrat,distrust_post,15.0
Scientist community helpers,party,Democrat,donation_ams,6.0
Scientist community helpers,party,Democrat,funding_perceptions,75.0
Scientist community helpers,party,Democrat,inst_trust_mean,74.0
Scientist community helpers,party,Democrat,newsletter_signup,1.4
Scientist community helpers,party,Democrat,policy_general,85.0
Scientist community helpers,party,Democrat,policy_role_mean,78.75
Scientist community helpers,party,Democrat,policy_specific_mean,78.57142857142857
Scientist community helpers,party,Democrat,trust_multidimensional,79.66666666666667
Scientist community helpers,party,Democrat,trust_post,80.0
Scientist community helpers,party,Independent,behavior_mean,39.666666666666664
Scientist community helpers,party,Independent,belief_post,67.0
Scientist community helpers,party,Independent,concern_mean,57.0
Scientist community helpers,party,Independent,distrust_post,26.0
Scientist community helpers,party,Independent,donation_ams,2.5
Scientist community helpers,party,Independent,funding_perceptions,48.0
Scientist community helpers,party,Independent,inst_trust_mean,52.6
Scientist community helpers,party,Independent,newsletter_signup,1.4
Scientist community helpers,party,Independent,policy_general,61.0
Scientist community helpers,party,Independent,policy_role_mean,57.75
Scientist community helpers,party,Independent,policy_specific_mean,60.0
Scientist community helpers,party,Independent,trust_multidimensional,62.25
Scientist community helpers,party,Independent,trust_post,57.0
Scientist community helpers,party,Other,behavior_mean,30.833333333333332
Scientist community helpers,party,Other,belief_post,75.0
Scientist community helpers,party,Other,concern_mean,60.0
Scientist community helpers,party,Other,distrust_post,25.0
Scientist community helpers,party,Other,donation_ams,2.0
Scientist community helpers,party,Other,funding_perceptions,50.0
Scientist community helpers,party,Other,inst_trust_mean,57.0
Scientist community helpers,party,Other,newsletter_signup,1.3
Scientist community helpers,party,Other,policy_general,65.0
Scientist community helpers,party,Other,policy_role_mean,63.75
Scientist community helpers,party,Other,policy_specific_mean,64.28571428571429
Scientist community helpers,party,Other,trust_multidimensional,67.55
Scientist community helpers,party,Other,trust_post,65.0
Scientist community helpers,party,Republican,behavior_mean,29.166666666666668
Scientist community helpers,party,Republican,belief_post,36.0
Scientist community helpers,party,Republican,concern_mean,33.666666666666664
Scientist community helpers,party,Republican,distrust_post,54.0
Scientist community helpers,party,Republican,donation_ams,1.2
Scientist community helpers,party,Republican,funding_perceptions,28.0
Scientist community helpers,party,Republican,inst_trust_mean,40.8
Scientist community helpers,party,Republican,newsletter_signup,1.88
Scientist community helpers,party,Republican,policy_general,40.0
Scientist community helpers,party,Republican,policy_role_mean,39.0
Scientist community helpers,party,Republican,policy_specific_mean,43.857142857142854
Scientist community helpers,party,Republican,trust_multidimensional,48.666666666666664
Scientist community helpers,party,Republican,trust_post,38.0
Scientist community helpers,race,Asian / Asian American,behavior_mean,41.166666666666664
Scientist community helpers,race,Asian / Asian American,belief_post,88.0
Scientist community helpers,race,Asian / Asian American,concern_mean,74.33333333333333
Scientist community helpers,race,Asian / Asian American,distrust_post,18.0
Scientist community helpers,race,Asian / Asian American,donation_ams,2.5
Scientist community helpers,race,Asian / Asian American,funding_perceptions,58.0
Scientist community helpers,race,Asian / Asian American,inst_trust_mean,68.6
Scientist community helpers,race,Asian / Asian American,newsletter_signup,1.6
Scientist community helpers,race,Asian / Asian American,policy_general,74.0
Scientist community helpers,race,Asian / Asian American,policy_role_mean,73.25
Scientist community helpers,race,Asian / Asian American,policy_specific_mean,73.42857142857143
Scientist community helpers,race,Asian / Asian American,trust_multidimensional,77.58333333333333
Scientist community helpers,race,Asian / Asian American,trust_post,76.0
Scientist community helpers,race,Black / African American,behavior_mean,42.266666666666666
Scientist community helpers,race,Black / African American,belief_post,86.2
Scientist community helpers,race,Black / African American,concern_mean,70.23333333333333
Scientist community helpers,race,Black / African American,distrust_post,19.8
Scientist community helpers,race,Black / African American,donation_ams,1.2
Scientist community helpers,race,Black / African American,funding_perceptions,57.5
Scientist community helpers,race,Black / African American,inst_trust_mean,58.67999999999999
Scientist community helpers,race,Black / African American,newsletter_signup,1.8
Scientist community helpers,race,Black / African American,policy_general,78.4
Scientist community helpers,race,Black / African American,policy_role_mean,75.35
Scientist community helpers,race,Black / African American,policy_specific_mean,72.4
Scientist community helpers,race,Black / African American,trust_multidimensional,74.84166666666667
Scientist community helpers,race,Black / African American,trust_post,70.1
Scientist community helpers,race,Hispanic / Latino,behavior_mean,38.666666666666664
Scientist community helpers,race,Hispanic / Latino,belief_post,81.5
Scientist community helpers,race,Hispanic / Latino,concern_mean,73.66666666666667
Scientist community helpers,race,Hispanic / Latino,distrust_post,22.0
Scientist community helpers,race,Hispanic / Latino,donation_ams,2.5
Scientist community helpers,race,Hispanic / Latino,funding_perceptions,65.0
Scientist community helpers,race,Hispanic / Latino,inst_trust_mean,61.5
Scientist community helpers,race,Hispanic / Latino,newsletter_signup,1.4
Scientist community helpers,race,Hispanic / Latino,policy_general,76.0
Scientist community helpers,race,Hispanic / Latino,policy_role_mean,72.0
Scientist community helpers,race,Hispanic / Latino,policy_specific_mean,69.14285714285714
Scientist community helpers,race,Hispanic / Latino,trust_multidimensional,69.25833333333334
Scientist community helpers,race,Hispanic / Latino,trust_post,71.0
Scientist community helpers,race,Other,behavior_mean,38.333333333333336
Scientist community helpers,race,Other,belief_post,82.0
Scientist community helpers,race,Other,concern_mean,69.0
Scientist community helpers,race,Other,distrust_post,22.0
Scientist community helpers,race,Other,donation_ams,1.5
Scientist community helpers,race,Other,funding_perceptions,65.0
Scientist community helpers,race,Other,inst_trust_mean,59.0
Scientist community helpers,race,Other,newsletter_signup,1.5
Scientist community helpers,race,Other,policy_general,74.0
Scientist community helpers,race,Other,policy_role_mean,71.75
Scientist community helpers,race,Other,policy_specific_mean,67.28571428571429
Scientist community helpers,race,Other,trust_multidimensional,68.75
Scientist community helpers,race,Other,trust_post,68.0
Scientist community helpers,race,White / Caucasian,behavior_mean,37.800000000000004
Scientist community helpers,race,White / Caucasian,belief_post,78.4
Scientist community helpers,race,White / Caucasian,concern_mean,61.13333333333333
Scientist community helpers,race,White / Caucasian,distrust_post,30.8
Scientist community helpers,race,White / Caucasian,donation_ams,2.4
Scientist community helpers,race,White / Caucasian,funding_perceptions,48.5
Scientist community helpers,race,White / Caucasian,inst_trust_mean,59.379999999999995
Scientist community helpers,race,White / Caucasian,newsletter_signup,1.8
Scientist community helpers,race,White / Caucasian,policy_general,63.2
Scientist community helpers,race,White / Caucasian,policy_role_mean,67.5
Scientist community helpers,race,White / Caucasian,policy_specific_mean,64.04285714285714
Scientist community helpers,race,White / Caucasian,trust_multidimensional,73.35833333333333
Scientist community helpers,race,White / Caucasian,trust_post,69.2
Social justice,age_band,18-29,behavior_mean,58.9
Social justice,age_band,18-29,belief_post,92.1
Social justice,age_band,18-29,concern_mean,86.66666666666667
Social justice,age_band,18-29,distrust_post,14.5
Social justice,age_band,18-29,donation_ams,3.2
Social justice,age_band,18-29,funding_perceptions,71.6
Social justice,age_band,18-29,inst_trust_mean,67.52000000000001
Social justice,age_band,18-29,newsletter_signup,1.4
Social justice,age_band,18-29,policy_general,86.7
Social justice,age_band,18-29,policy_role_mean,80.425
Social justice,age_band,18-29,policy_specific_mean,81.41428571428571
Social justice,age_band,18-29,trust_multidimensional,79.34166666666667
Social justice,age_band,18-29,trust_post,80.2
Social justice,age_band,30-44,behavior_mean,52.666666666666664
Social justice,age_band,30-44,belief_post,92.0
Social justice,age_band,30-44,concern_mean,80.0
Social justice,age_band,30-44,distrust_post,10.0
Social justice,age_band,30-44,donation_ams,4.0
Social justice,age_band,30-44,funding_perceptions,75.0
Social justice,age_band,30-44,inst_trust_mean,67.0
Social justice,age_band,30-44,newsletter_signup,1.4
Social justice,age_band,30-44,policy_general,80.0
Social justice,age_band,30-44,policy_role_mean,75.75
Social justice,age_band,30-44,policy_specific_mean,75.71428571428571
Social justice,age_band,30-44,trust_multidimensional,80.5
Social justice,age_band,30-44,trust_post,85.0
Social justice,age_band,45-59,behavior_mean,39.949999999999996
Social justice,age_band,45-59,belief_post,88.2
Social justice,age_band,45-59,concern_mean,71.53333333333333
Social justice,age_band,45-59,distrust_post,17.4
Social justice,age_band,45-59,donation_ams,3.2
Social justice,age_band,45-59,funding_perceptions,71.5
Social justice,age_band,45-59,inst_trust_mean,62.21999999999999
Social justice,age_band,45-59,newsletter_signup,1.6
Social justice,age_band,45-59,policy_general,76.4
Social justice,age_band,45-59,policy_role_mean,73.175
Social justice,age_band,45-59,policy_specific_mean,69.91428571428571
Social justice,age_band,45-59,trust_multidimensional,75.81666666666666
Social justice,age_band,45-59,trust_post,72.6
Social justice,age_band,60+,behavior_mean,36.0
Social justice,age_band,60+,belief_post,84.0
Social justice,age_band,60+,concern_mean,70.66666666666667
Social justice,age_band,60+,distrust_post,22.0
Social justice,age_band,60+,donation_ams,1.2
Social justice,age_band,60+,funding_perceptions,58.0
Social justice,age_band,60+,inst_trust_mean,58.6
Social justice,age_band,60+,newsletter_signup,1.7
Social justice,age_band,60+,policy_general,72.0
Social justice,age_band,60+,policy_role_mean,70.0
Social justice,age_band,60+,policy_specific_mean,66.28571428571429
Social justice,age_band,60+,trust_multidimensional,75.0
Social justice,age_band,60+,trust_post,68.0
Social justice,education,Bachelor's degree,behavior_mean,43.333333333333336
Social justice,education,Bachelor's degree,belief_post,90.0
Social justice,education,Bachelor's degree,concern_mean,73.33333333333333
Social justice,education,Bachelor's degree,distrust_post,15.0
Social justice,education,Bachelor's degree,donation_ams,4.5
Social justice,education,Bachelor's degree,funding_perceptions,70.0
Social justice,education,Bachelor's degree,inst_trust_mean,70.4
Social justice,education,Bachelor's degree,newsletter_signup,1.3
Social justice,education,Bachelor's degree,policy_general,78.0
Social justice,education,Bachelor's degree,policy_role_mean,75.0
Social justice,education,Bachelor's degree,policy_specific_mean,74.57142857142857
Social justice,education,Bachelor's degree,trust_multidimensional,78.0
Social justice,education,Bachelor's degree,trust_post,80.0
Social justice,education,Doctorate degree / Ph.D.,behavior_mean,54.0
Social justice,education,Doctorate degree / Ph.D.,belief_post,95.0
Social justice,education,Doctorate degree / Ph.D.,concern_mean,80.0
Social justice,education,Doctorate degree / Ph.D.,distrust_post,15.0
Social justice,education,Doctorate degree / Ph.D.,donation_ams,4.5
Social justice,education,Doctorate degree / Ph.D.,funding_perceptions,75.0
Social justice,education,Doctorate degree / Ph.D.,inst_trust_mean,73.8
Social justice,education,Doctorate degree / Ph.D.,newsletter_signup,1.3
Social justice,education,Doctorate degree / Ph.D.,policy_general,85.0
Social justice,education,Doctorate degree / Ph.D.,policy_role_mean,78.75
Social justice,education,Doctorate degree / Ph.D.,policy_specific_mean,78.14285714285714
Social justice,education,Doctorate degree / Ph.D.,trust_multidimensional,82.5
Social justice,education,Doctorate degree / Ph.D.,trust_post,80.0
Social justice,education,High school diploma / GED,behavior_mean,35.5
Social justice,education,High school diploma / GED,belief_post,82.0
Social justice,education,High school diploma / GED,concern_mean,67.33333333333333
Social justice,education,High school diploma / GED,distrust_post,20.0
Social justice,education,High school diploma / GED,donation_ams,2.5
Social justice,education,High school diploma / GED,funding_perceptions,65.0
Social justice,education,High school diploma / GED,inst_trust_mean,58.2
Social justice,education,High school diploma / GED,newsletter_signup,1.4
Social justice,education,High school diploma / GED,policy_general,68.0
Social justice,education,High school diploma / GED,policy_role_mean,72.0
Social justice,education,High school diploma / GED,policy_specific_mean,66.85714285714286
Social justice,education,High school diploma / GED,trust_multidimensional,70.25
Social justice,education,High school diploma / GED,trust_post,72.0
Social justice,education,Less than high school,behavior_mean,41.5
Social justice,education,Less than high school,belief_post,82.0
Social justice,education,Less than high school,concern_mean,64.33333333333333
Social justice,education,Less than high school,distrust_post,15.0
Social justice,education,Less than high school,donation_ams,2.5
Social justice,education,Less than high school,funding_perceptions,65.0
Social justice,education,Less than high school,inst_trust_mean,50.8
Social justice,education,Less than high school,newsletter_signup,1.8
Social justice,education,Less than high school,policy_general,72.0
Social justice,education,Less than high school,policy_role_mean,69.5
Social justice,education,Less than high school,policy_specific_mean,63.0
Social justice,education,Less than high school,trust_multidimensional,69.25
Social justice,education,Less than high school,trust_post,70.0
Social justice,education,Master's degree / Professional degree,behavior_mean,49.73333333333333
Social justice,education,Master's degree / Professional degree,belief_post,91.2
Social justice,education,Master's degree / Professional degree,concern_mean,79.76666666666667
Social justice,education,Master's degree / Professional degree,distrust_post,14.6
Social justice,education,Master's degree / Professional degree,donation_ams,3.2
Social justice,education,Master's degree / Professional degree,funding_perceptions,67.5
Social justice,education,Master's degree / Professional degree,inst_trust_mean,70.22
Social justice,education,Master's degree / Professional degree,newsletter_signup,1.4
Social justice,education,Master's degree / Professional degree,policy_general,86.4
Social justice,education,Master's degree / Professional degree,policy_role_mean,78.44999999999999
Social justice,education,Master's degree / Professional degree,policy_specific_mean,76.44285714285715
Social justice,education,Master's degree / Professional degree,trust_multidimensional,80.175
Social justice,education,Master's degree / Professional degree,trust_post,82.4
Social justice,education,Some college or Associate's degree,behavior_mean,42.666666666666664
Social justice,education,Some college or Associate's degree,belief_post,88.0
Social justice,education,Some college or Associate's degree,concern_mean,75.66666666666667
Social justice,education,Some college or Associate's degree,distrust_post,25.0
Social justice,education,Some college or Associate's degree,donation_ams,3.5
Social justice,education,Some college or Associate's degree,funding_perceptions,65.0
Social justice,education,Some college or Associate's degree,inst_trust_mean,62.4
Social justice,education,Some college or Associate's degree,newsletter_signup,1.4
Social justice,education,Some college or Associate's degree,policy_general,78.0
Social justice,education,Some college or Associate's degree,policy_role_mean,74.25
Social justice,education,Some college or Associate's degree,policy_specific_mean,69.57142857142857
Social justice,education,Some college or Associate's degree,trust_multidimensional,74.08333333333333
Social justice,education,Some college or Associate's degree,trust_post,75.0
Social justice,gender,Female,behavior_mean,48.833333333333336
Social justice,gender,Female,belief_post,89.2
Social justice,gender,Female,concern_mean,82.16666666666667
Social justice,gender,Female,distrust_post,14.2
Social justice,gender,Female,donation_ams,4.2
Social justice,gender,Female,funding_perceptions,71.5
Social justice,gender,Female,inst_trust_mean,70.56
Social justice,gender,Female,newsletter_signup,1.35
Social justice,gender,Female,policy_general,82.4
Social justice,gender,Female,policy_role_mean,76.45
Social justice,gender,Female,policy_specific_mean,78.14285714285714
Social justice,gender,Female,trust_multidimensional,76.64999999999999
Social justice,gender,Female,trust_post,81.5
Social justice,gender,Male,behavior_mean,41.833333333333336
Social justice,gender,Male,belief_post,91.0
Social justice,gender,Male,concern_mean,75.0
Social justice,gender,Male,distrust_post,14.0
Social justice,gender,Male,donation_ams,2.5
Social justice,gender,Male,funding_perceptions,68.0
Social justice,gender,Male,inst_trust_mean,60.8
Social justice,gender,Male,newsletter_signup,1.4
Social justice,gender,Male,policy_general,82.0
Social justice,gender,Male,policy_role_mean,75.0
Social justice,gender,Male,policy_specific_mean,70.28571428571429
Social justice,gender,Male,trust_multidimensional,74.75
Social justice,gender,Male,trust_post,76.0
Social justice,gender,Other,behavior_mean,54.050000000000004
Social justice,gender,Other,belief_post,92.4
Social justice,gender,Other,concern_mean,80.76666666666667
Social justice,gender,Other,distrust_post,12.3
Social justice,gender,Other,donation_ams,4.2
Social justice,gender,Other,funding_perceptions,81.5
Social justice,gender,Other,inst_trust_mean,69.34
Social justice,gender,Other,newsletter_signup,1.3
Social justice,gender,Other,policy_general,84.6
Social justice,gender,Other,policy_role_mean,79.4
Social justice,gender,Other,policy_specific_mean,79.44285714285715
Social justice,gender,Other,trust_multidimensional,80.40833333333333
Social justice,gender,Other,trust_post,81.7
Social justice,income,"$100,000 to $167,999",behavior_mean,41.56666666666667
Social justice,income,"$100,000 to $167,999",belief_post,91.2
Social justice,income,"$100,000 to $167,999",concern_mean,73.89999999999999
Social justice,income,"$100,000 to $167,999",distrust_post,14.2
Social justice,income,"$100,000 to $167,999",donation_ams,2.4
Social justice,income,"$100,000 to $167,999",funding_perceptions,58.5
Social justice,income,"$100,000 to $167,999",inst_trust_mean,65.52000000000001
Social justice,income,"$100,000 to $167,999",newsletter_signup,1.5
Social justice,income,"$100,000 to $167,999",policy_general,79.4
Social justice,income,"$100,000 to $167,999",policy_role_mean,76.45
Social justice,income,"$100,000 to $167,999",policy_specific_mean,72.95714285714286
Social justice,income,"$100,000 to $167,999",trust_multidimensional,78.75
Social justice,income,"$100,000 to $167,999",trust_post,76.8
Social justice,income,"$168,000 or more",behavior_mean,45.5
Social justice,income,"$168,000 or more",belief_post,88.0
Social justice,income,"$168,000 or more",concern_mean,68.66666666666667
Social justice,income,"$168,000 or more",distrust_post,12.0
Social justice,income,"$168,000 or more",donation_ams,3.5
Social justice,income,"$168,000 or more",funding_perceptions,70.0
Social justice,income,"$168,000 or more",inst_trust_mean,64.8
Social justice,income,"$168,000 or more",newsletter_signup,1.3
Social justice,income,"$168,000 or more",policy_general,78.0
Social justice,income,"$168,000 or more",policy_role_mean,74.75
Social justice,income,"$168,000 or more",policy_specific_mean,67.85714285714286
Social justice,income,"$168,000 or more",trust_multidimensional,73.75
Social justice,income,"$168,000 or more",trust_post,76.0
Social justice,income,"$30,000 to $55,999",behavior_mean,36.666666666666664
Social justice,income,"$30,000 to $55,999",belief_post,88.0
Social justice,income,"$30,000 to $55,999",concern_mean,73.33333333333333
Social justice,income,"$30,000 to $55,999",distrust_post,18.0
Social justice,income,"$30,000 to $55,999",donation_ams,2.5
Social justice,income,"$30,000 to $55,999",funding_perceptions,65.0
Social justice,income,"$30,000 to $55,999",inst_trust_mean,59.0
Social justice,income,"$30,000 to $55,999",newsletter_signup,1.7
Social justice,income,"$30,000 to $55,999",policy_general,78.0
Social justice,income,"$30,000 to $55,999",policy_role_mean,72.5
Social justice,income,"$30,000 to $55,999",policy_specific_mean,70.57142857142857
Social justice,income,"$30,000 to $55,999",trust_multidimensional,73.75
Social justice,income,"$30,000 to $55,999",trust_post,72.0
Social justice,income,"$56,000 to $99,999",behavior_mean,44.333333333333336
Social justice,income,"$56,000 to $99,999",belief_post,88.0
Social justice,income,"$56,000 to $99,999",concern_mean,71.0
Social justice,income,"$56,000 to $99,999",distrust_post,18.0
Social justice,income,"$56,000 to $99,999",donation_ams,2.0
Social justice,income,"$56,000 to $99,999",funding_perceptions,65.0
Social justice,income,"$56,000 to $99,999",inst_trust_mean,65.8
Social justice,income,"$56,000 to $99,999",newsletter_signup,1.6
Social justice,income,"$56,000 to $99,999",policy_general,78.0
Social justice,income,"$56,000 to $99,999",policy_role_mean,75.5
Social justice,income,"$56,000 to $99,999",policy_specific_mean,68.85714285714286
Social justice,income,"$56,000 to $99,999",trust_multidimensional,74.41666666666667
Social justice,income,"$56,000 to $99,999",trust_post,76.0
Social justice,income,"Less than $30,000",behavior_mean,37.333333333333336
Social justice,income,"Less than $30,000",belief_post,88.0
Social justice,income,"Less than $30,000",concern_mean,72.0
Social justice,income,"Less than $30,000",distrust_post,12.0
Social justice,income,"Less than $30,000",donation_ams,1.5
Social justice,income,"Less than $30,000",funding_perceptions,70.0
Social justice,income,"Less than $30,000",inst_trust_mean,51.2
Social justice,income,"Less than $30,000",newsletter_signup,1.3
Social justice,income,"Less than $30,000",policy_general,75.0
Social justice,income,"Less than $30,000",policy_role_mean,71.0
Social justice,income,"Less than $30,000",policy_specific_mean,67.42857142857143
Social justice,income,"Less than $30,000",trust_multidimensional,73.91666666666667
Social justice,income,"Less than $30,000",trust_post,75.0
Social justice,party,Democrat,behavior_mean,49.333333333333336
Social justice,party,Democrat,belief_post,92.0
Social justice,party,Democrat,concern_mean,79.0
Social justice,party,Democrat,distrust_post,15.0
Social justice,party,Democrat,donation_ams,4.0
Social justice,party,Democrat,funding_perceptions,75.0
Social justice,party,Democrat,inst_trust_mean,71.8
Social justice,party,Democrat,newsletter_signup,1.4
Social justice,party,Democrat,policy_general,88.0
Social justice,party,Democrat,policy_role_mean,78.75
Social justice,party,Democrat,policy_specific_mean,80.28571428571429
Social justice,party,Democrat,trust_multidimensional,78.41666666666667
Social justice,party,Democrat,trust_post,80.0
Social justice,party,Independent,behavior_mean,41.166666666666664
Social justice,party,Independent,belief_post,82.0
Social justice,party,Independent,concern_mean,61.666666666666664
Social justice,party,Independent,distrust_post,28.0
Social justice,party,Independent,donation_ams,1.5
Social justice,party,Independent,funding_perceptions,58.0
Social justice,party,Independent,inst_trust_mean,57.8
Social justice,party,Independent,newsletter_signup,1.7
Social justice,party,Independent,policy_general,66.0
Social justice,party,Independent,policy_role_mean,65.5
Social justice,party,Independent,policy_specific_mean,63.42857142857143
Social justice,party,Independent,trust_multidimensional,68.16666666666667
Social justice,party,Independent,trust_post,68.0
Social justice,party,Other,behavior_mean,49.166666666666664
Social justice,party,Other,belief_post,88.0
Social justice,party,Other,concern_mean,76.66666666666667
Social justice,party,Other,distrust_post,25.0
Social justice,party,Other,donation_ams,4.0
Social justice,party,Other,funding_perceptions,60.0
Social justice,party,Other,inst_trust_mean,58.0
Social justice,party,Other,newsletter_signup,1.3
Social justice,party,Other,policy_general,78.0
Social justice,party,Other,policy_role_mean,73.25
Social justice,party,Other,policy_specific_mean,71.42857142857143
Social justice,party,Other,trust_multidimensional,76.5
Social justice,party,Other,trust_post,75.0
Social justice,party,Republican,behavior_mean,32.333333333333336
Social justice,party,Republican,belief_post,61.0
Social justice,party,Republican,concern_mean,40.333333333333336
Social justice,party,Republican,distrust_post,46.0
Social justice,party,Republican,donation_ams,1.2
Social justice,party,Republican,funding_perceptions,32.0
Social justice,party,Republican,inst_trust_mean,42.6
Social justice,party,Republican,newsletter_signup,1.85
Social justice,party,Republican,policy_general,44.0
Social justice,party,Republican,policy_role_mean,49.5
Social justice,party,Republican,policy_specific_mean,46.285714285714285
Social justice,party,Republican,trust_multidimensional,48.75
Social justice,party,Republican,trust_post,42.0
Social justice,race,Asian / Asian American,behavior_mean,44.5
Social justice,race,Asian / Asian American,belief_post,91.5
Social justice,race,Asian / Asian American,concern_mean,77.66666666666667
Social justice,race,Asian / Asian American,distrust_post,21.0
Social justice,race,Asian / Asian American,donation_ams,2.4
Social justice,race,Asian / Asian American,funding_perceptions,68.0
Social justice,race,Asian / Asian American,inst_trust_mean,71.7
Social justice,race,Asian / Asian American,newsletter_signup,1.3
Social justice,race,Asian / Asian American,policy_general,78.0
Social justice,race,Asian / Asian American,policy_role_mean,75.75
Social justice,race,Asian / Asian American,policy_specific_mean,73.57142857142857
Social justice,race,Asian / Asian American,trust_multidimensional,77.45833333333333
Social justice,race,Asian / Asian American,trust_post,79.0
Social justice,race,Black / African American,behavior_mean,46.300000000000004
Social justice,race,Black / African American,belief_post,89.7
Social justice,race,Black / African American,concern_mean,77.7
Social justice,race,Black / African American,distrust_post,16.2
Social justice,race,Black / African American,donation_ams,3.2
Social justice,race,Black / African American,funding_perceptions,71.5
Social justice,race,Black / African American,inst_trust_mean,50.72
Social justice,race,Black / African American,newsletter_signup,1.35
Social justice,race,Black / African American,policy_general,84.2
Social justice,race,Black / African American,policy_role_mean,76.45
Social justice,race,Black / African American,policy_specific_mean,75.34285714285714
Social justice,race,Black / African American,trust_multidimensional,74.45
Social justice,race,Black / African American,trust_post,75.4
Social justice,race,Hispanic / Latino,behavior_mean,44.0
Social justice,race,Hispanic / Latino,belief_post,92.0
Social justice,race,Hispanic / Latino,concern_mean,76.66666666666667
Social justice,race,Hispanic / Latino,distrust_post,15.0
Social justice,race,Hispanic / Latino,donation_ams,2.1
Social justice,race,Hispanic / Latino,funding_perceptions,70.0
Social justice,race,Hispanic / Latino,inst_trust_mean,64.8
Social justice,race,Hispanic / Latino,newsletter_signup,1.6
Social justice,race,Hispanic / Latino,policy_general,84.0
Social justice,race,Hispanic / Latino,policy_role_mean,77.0
Social justice,race,Hispanic / Latino,policy_specific_mean,70.57142857142857
Social justice,race,Hispanic / Latino,trust_multidimensional,75.25
Social justice,race,Hispanic / Latino,trust_post,76.0
Social justice,race,Other,behavior_mean,41.199999999999996
Social justice,race,Other,belief_post,89.2
Social justice,race,Other,concern_mean,78.53333333333333
Social justice,race,Other,distrust_post,14.2
Social justice,race,Other,donation_ams,3.2
Social justice,race,Other,funding_perceptions,71.5
Social justice,race,Other,inst_trust_mean,60.839999999999996
Social justice,race,Other,newsletter_signup,1.6
Social justice,race,Other,policy_general,81.4
Social justice,race,Other,policy_role_mean,75.55
Social justice,race,Other,policy_specific_mean,75.7
Social justice,race,Other,trust_multidimensional,74.625
Social justice,race,Other,trust_post,75.4
Social justice,race,White / Caucasian,behavior_mean,42.833333333333336
Social justice,race,White / Caucasian,belief_post,86.0
Social justice,race,White / Caucasian,concern_mean,70.33333333333333
Social justice,race,White / Caucasian,distrust_post,24.0
Social justice,race,White / Caucasian,donation_ams,2.4
Social justice,race,White / Caucasian,funding_perceptions,68.0
Social justice,race,White / Caucasian,inst_trust_mean,60.6
Social justice,race,White / Caucasian,newsletter_signup,1.42
Social justice,race,White / Caucasian,policy_general,76.0
Social justice,race,White / Caucasian,policy_role_mean,69.5
Social justice,race,White / Caucasian,policy_specific_mean,68.14285714285714
Social justice,race,White / Caucasian,trust_multidimensional,68.0
Social justice,race,White / Caucasian,trust_post,72.0
control,age_band,18-29,behavior_mean,59.01666666666667
control,age_band,18-29,belief_post,89.5
control,age_band,18-29,concern_mean,85.10000000000001
control,age_band,18-29,distrust_post,18.5
control,age_band,18-29,donation_ams,4.2
control,age_band,18-29,funding_perceptions,65.8
control,age_band,18-29,inst_trust_mean,67.9
control,age_band,18-29,newsletter_signup,1.3
control,age_band,18-29,policy_general,81.7
control,age_band,18-29,policy_role_mean,75.625
control,age_band,18-29,policy_specific_mean,75.98571428571428
control,age_band,18-29,trust_multidimensional,76.80833333333334
control,age_band,18-29,trust_post,76.3
control,age_band,30-44,behavior_mean,38.13333333333333
control,age_band,30-44,belief_post,84.6
control,age_band,30-44,concern_mean,70.86666666666666
control,age_band,30-44,distrust_post,16.5
control,age_band,30-44,donation_ams,1.2
control,age_band,30-44,funding_perceptions,57.6
control,age_band,30-44,inst_trust_mean,64.76
control,age_band,30-44,newsletter_signup,1.7
control,age_band,30-44,policy_general,76.3
control,age_band,30-44,policy_role_mean,70.875
control,age_band,30-44,policy_specific_mean,69.32857142857144
control,age_band,30-44,trust_multidimensional,72.18333333333334
control,age_band,30-44,trust_post,71.2
control,age_band,45-59,behavior_mean,38.0
control,age_band,45-59,belief_post,82.0
control,age_band,45-59,concern_mean,62.666666666666664
control,age_band,45-59,distrust_post,24.0
control,age_band,45-59,donation_ams,2.5
control,age_band,45-59,funding_perceptions,58.0
control,age_band,45-59,inst_trust_mean,62.0
control,age_band,45-59,newsletter_signup,1.6
control,age_band,45-59,policy_general,65.0
control,age_band,45-59,policy_role_mean,66.0
control,age_band,45-59,policy_specific_mean,67.85714285714286
control,age_band,45-59,trust_multidimensional,66.58333333333333
control,age_band,45-59,trust_post,66.0
control,age_band,60+,behavior_mean,37.81666666666667
control,age_band,60+,belief_post,76.5
control,age_band,60+,concern_mean,64.76666666666667
control,age_band,60+,distrust_post,26.2
control,age_band,60+,donation_ams,1.8
control,age_band,60+,funding_perceptions,45.8
control,age_band,60+,inst_trust_mean,63.0
control,age_band,60+,newsletter_signup,1.7
control,age_band,60+,policy_general,61.4
control,age_band,60+,policy_role_mean,62.925000000000004
control,age_band,60+,policy_specific_mean,61.528571428571425
control,age_band,60+,trust_multidimensional,64.20833333333333
control,age_band,60+,trust_post,63.8
control,education,Bachelor's degree,behavior_mean,42.166666666666664
control,education,Bachelor's degree,belief_post,86.0
control,education,Bachelor's degree,concern_mean,70.66666666666667
control,education,Bachelor's degree,distrust_post,18.0
control,education,Bachelor's degree,donation_ams,2.5
control,education,Bachelor's degree,funding_perceptions,58.0
control,education,Bachelor's degree,inst_trust_mean,69.0
control,education,Bachelor's degree,newsletter_signup,1.4
control,education,Bachelor's degree,policy_general,78.0
control,education,Bachelor's degree,policy_role_mean,72.5
control,education,Bachelor's degree,policy_specific_mean,72.42857142857143
control,education,Bachelor's degree,trust_multidimensional,73.33333333333333
control,education,Bachelor's degree,trust_post,74.0
control,education,Doctorate degree / Ph.D.,behavior_mean,56.0
control,education,Doctorate degree / Ph.D.,belief_post,93.0
control,education,Doctorate degree / Ph.D.,concern_mean,79.66666666666667
control,education,Doctorate degree / Ph.D.,distrust_post,14.0
control,education,Doctorate degree / Ph.D.,donation_ams,4.5
control,education,Doctorate degree / Ph.D.,funding_perceptions,62.0
control,education,Doctorate degree / Ph.D.,inst_trust_mean,72.0
control,education,Doctorate degree / Ph.D.,newsletter_signup,1.2
control,education,Doctorate degree / Ph.D.,policy_general,78.0
control,education,Doctorate degree / Ph.D.,policy_role_mean,74.75
control,education,Doctorate degree / Ph.D.,policy_specific_mean,75.42857142857143
control,education,Doctorate degree / Ph.D.,trust_multidimensional,79.0
control,education,Doctorate degree / Ph.D.,trust_post,81.0
control,education,High school diploma / GED,behavior_mean,32.833333333333336
control,education,High school diploma / GED,belief_post,78.0
control,education,High school diploma / GED,concern_mean,60.0
control,education,High school diploma / GED,distrust_post,25.0
control,education,High school diploma / GED,donation_ams,0.5
control,education,High school diploma / GED,funding_perceptions,48.0
control,education,High school diploma / GED,inst_trust_mean,53.4
control,education,High school diploma / GED,newsletter_signup,1.8
control,education,High school diploma / GED,policy_general,68.0
control,education,High school diploma / GED,policy_role_mean,62.25
control,education,High school diploma / GED,policy_specific_mean,62.857142857142854
control,education,High school diploma / GED,trust_multidimensional,65.0
control,education,High school diploma / GED,trust_post,60.0
control,education,Less than high school,behavior_mean,35.4
control,education,Less than high school,belief_post,61.8
control,education,Less than high school,concern_mean,42.56666666666667
control,education,Less than high school,distrust_post,34.5
control,education,Less than high school,donation_ams,1.4
control,education,Less than high school,funding_perceptions,43.6
control,education,Less than high school,inst_trust_mean,46.160000000000004
control,education,Less than high school,newsletter_signup,1.7
control,education,Less than high school,policy_general,51.2
control,education,Less than high school,policy_role_mean,55.05
control,education,Less than high school,policy_specific_mean,52.07142857142857
control,education,Less than high school,trust_multidimensional,51.93333333333334
control,education,Less than high school,trust_post,46.2
control,education,Master's degree / Professional degree,behavior_mean,49.166666666666664
control,education,Master's degree / Professional degree,belief_post,92.0
control,education,Master's degree / Professional degree,concern_mean,75.0
control,education,Master's degree / Professional degree,distrust_post,12.0
control,education,Master's degree / Professional degree,donation_ams,3.5
control,education,Master's degree / Professional degree,funding_perceptions,65.0
control,education,Master's degree / Professional degree,inst_trust_mean,73.8
control,education,Master's degree / Professional degree,newsletter_signup,1.4
control,education,Master's degree / Professional degree,policy_general,78.0
control,education,Master's degree / Professional degree,policy_role_mean,73.5
control,education,Master's degree / Professional degree,policy_specific_mean,74.85714285714286
control,education,Master's degree / Professional degree,trust_multidimensional,80.08333333333333
control,education,Master's degree / Professional degree,trust_post,78.0
control,education,Some college or Associate's degree,behavior_mean,34.166666666666664
control,education,Some college or Associate's degree,belief_post,80.0
control,education,Some college or Associate's degree,concern_mean,65.0
control,education,Some college or Associate's degree,distrust_post,22.0
control,education,Some college or Associate's degree,donation_ams,1.2
control,education,Some college or Associate's degree,funding_perceptions,58.0
control,education,Some college or Associate's degree,inst_trust_mean,63.8
control,education,Some college or Associate's degree,newsletter_signup,1.7
control,education,Some college or Associate's degree,policy_general,65.0
control,education,Some college or Associate's degree,policy_role_mean,70.0
control,education,Some college or Associate's degree,policy_specific_mean,64.71428571428571
control,education,Some college or Associate's degree,trust_multidimensional,72.66666666666667
control,education,Some college or Associate's degree,trust_post,68.0
control,gender,Female,behavior_mean,41.016666666666666
control,gender,Female,belief_post,86.2
control,gender,Female,concern_mean,74.53333333333333
control,gender,Female,distrust_post,18.2
control,gender,Female,donation_ams,1.8
control,gender,Female,funding_perceptions,63.5
control,gender,Female,inst_trust_mean,65.82000000000001
control,gender,Female,newsletter_signup,1.8
control,gender,Female,policy_general,82.4
control,gender,Female,policy_role_mean,73.6
control,gender,Female,policy_specific_mean,72.01428571428572
control,gender,Female,trust_multidimensional,75.90833333333333
control,gender,Female,trust_post,72.4
control,gender,Male,behavior_mean,35.5
control,gender,Male,belief_post,78.0
control,gender,Male,concern_mean,64.33333333333333
control,gender,Male,distrust_post,25.0
control,gender,Male,donation_ams,1.5
control,gender,Male,funding_perceptions,55.0
control,gender,Male,inst_trust_mean,61.0
control,gender,Male,newsletter_signup,1.9
control,gender,Male,policy_general,65.0
control,gender,Male,policy_role_mean,65.0
control,gender,Male,policy_specific_mean,65.14285714285714
control,gender,Male,trust_multidimensional,68.16666666666667
control,gender,Male,trust_post,65.0
control,gender,Other,behavior_mean,46.166666666666664
control,gender,Other,belief_post,88.0
control,gender,Other,concern_mean,72.66666666666667
control,gender,Other,distrust_post,24.0
control,gender,Other,donation_ams,1.5
control,gender,Other,funding_perceptions,65.0
control,gender,Other,inst_trust_mean,66.8
control,gender,Other,newsletter_signup,1.3
control,gender,Other,policy_general,78.0
control,gender,Other,policy_role_mean,71.75
control,gender,Other,policy_specific_mean,75.42857142857143
control,gender,Other,trust_multidimensional,73.75
control,gender,Other,trust_post,76.0
control,income,"$100,000 to $167,999",behavior_mean,43.333333333333336
control,income,"$100,000 to $167,999",belief_post,85.0
control,income,"$100,000 to $167,999",concern_mean,73.66666666666667
control,income,"$100,000 to $167,999",distrust_post,15.0
control,income,"$100,000 to $167,999",donation_ams,4.0
control,income,"$100,000 to $167,999",funding_perceptions,65.0
control,income,"$100,000 to $167,999",inst_trust_mean,68.6
control,income,"$100,000 to $167,999",newsletter_signup,1.4
control,income,"$100,000 to $167,999",policy_general,78.0
control,income,"$100,000 to $167,999",policy_role_mean,71.25
control,income,"$100,000 to $167,999",policy_specific_mean,69.28571428571429
control,income,"$100,000 to $167,999",trust_multidimensional,73.41666666666667
control,income,"$100,000 to $167,999",trust_post,72.0
control,income,"$168,000 or more",behavior_mean,42.5
control,income,"$168,000 or more",belief_post,89.0
control,income,"$168,000 or more",concern_mean,72.66666666666667
control,income,"$168,000 or more",distrust_post,18.0
control,income,"$168,000 or more",donation_ams,4.5
control,income,"$168,000 or more",funding_perceptions,58.0
control,income,"$168,000 or more",inst_trust_mean,69.4
control,income,"$168,000 or more",newsletter_signup,1.3
control,income,"$168,000 or more",policy_general,78.0
control,income,"$168,000 or more",policy_role_mean,70.0
control,income,"$168,000 or more",policy_specific_mean,69.85714285714286
control,income,"$168,000 or more",trust_multidimensional,75.08333333333333
control,income,"$168,000 or more",trust_post,76.0
control,income,"$30,000 to $55,999",behavior_mean,35.666666666666664
control,income,"$30,000 to $55,999",belief_post,78.0
control,income,"$30,000 to $55,999",concern_mean,61.0
control,income,"$30,000 to $55,999",distrust_post,22.0
control,income,"$30,000 to $55,999",donation_ams,1.5
control,income,"$30,000 to $55,999",funding_perceptions,58.0
control,income,"$30,000 to $55,999",inst_trust_mean,56.4
control,income,"$30,000 to $55,999",newsletter_signup,1.8
control,income,"$30,000 to $55,999",policy_general,66.0
control,income,"$30,000 to $55,999",policy_role_mean,66.0
control,income,"$30,000 to $55,999",policy_specific_mean,62.714285714285715
control,income,"$30,000 to $55,999",trust_multidimensional,67.91666666666667
control,income,"$30,000 to $55,999",trust_post,64.0
control,income,"$56,000 to $99,999",behavior_mean,36.916666666666664
control,income,"$56,000 to $99,999",belief_post,84.3
control,income,"$56,000 to $99,999",concern_mean,64.56666666666666
control,income,"$56,000 to $99,999",distrust_post,18.5
control,income,"$56,000 to $99,999",donation_ams,2.4
control,income,"$56,000 to $99,999",funding_perceptions,51.3
control,income,"$56,000 to $99,999",inst_trust_mean,62.96
control,income,"$56,000 to $99,999",newsletter_signup,1.6
control,income,"$56,000 to $99,999",policy_general,69.8
control,income,"$56,000 to $99,999",policy_role_mean,67.9
control,income,"$56,000 to $99,999",policy_specific_mean,67.0
control,income,"$56,000 to $99,999",trust_multidimensional,71.39166666666667
control,income,"$56,000 to $99,999",trust_post,67.2
control,income,"Less than $30,000",behavior_mean,31.0
control,income,"Less than $30,000",belief_post,68.0
control,income,"Less than $30,000",concern_mean,58.666666666666664
control,income,"Less than $30,000",distrust_post,32.0
control,income,"Less than $30,000",donation_ams,0.8
control,income,"Less than $30,000",funding_perceptions,48.0
control,income,"Less than $30,000",inst_trust_mean,50.8
control,income,"Less than $30,000",newsletter_signup,1.8
control,income,"Less than $30,000",policy_general,55.0
control,income,"Less than $30,000",policy_role_mean,59.75
control,income,"Less than $30,000",policy_specific_mean,59.285714285714285
control,income,"Less than $30,000",trust_multidimensional,61.375
control,income,"Less than $30,000",trust_post,58.0
control,party,Democrat,behavior_mean,60.0
control,party,Democrat,belief_post,92.0
control,party,Democrat,concern_mean,83.66666666666667
control,party,Democrat,distrust_post,15.0
control,party,Democrat,donation_ams,4.5
control,party,Democrat,funding_perceptions,65.0
control,party,Democrat,inst_trust_mean,77.0
control,party,Democrat,newsletter_signup,1.4
control,party,Democrat,policy_general,84.0
control,party,Democrat,policy_role_mean,82.0
control,party,Democrat,policy_specific_mean,80.28571428571429
control,party,Democrat,trust_multidimensional,82.08333333333333
control,party,Democrat,trust_post,82.0
control,party,Independent,behavior_mean,39.166666666666664
control,party,Independent,belief_post,75.0
control,party,Independent,concern_mean,61.666666666666664
control,party,Independent,distrust_post,25.0
control,party,Independent,donation_ams,2.0
control,party,Independent,funding_perceptions,45.0
control,party,Independent,inst_trust_mean,55.0
control,party,Independent,newsletter_signup,1.5
control,party,Independent,policy_general,60.0
control,party,Independent,policy_role_mean,61.25
control,party,Independent,policy_specific_mean,62.857142857142854
control,party,Independent,trust_multidimensional,65.0
control,party,Independent,trust_post,60.0
control,party,Other,behavior_mean,36.0
control,party,Other,belief_post,78.0
control,party,Other,concern_mean,61.666666666666664
control,party,Other,distrust_post,32.0
control,party,Other,donation_ams,2.5
control,party,Other,funding_perceptions,48.0
control,party,Other,inst_trust_mean,55.2
control,party,Other,newsletter_signup,1.8
control,party,Other,policy_general,62.0
control,party,Other,policy_role_mean,60.5
control,party,Other,policy_specific_mean,61.857142857142854
control,party,Other,trust_multidimensional,65.54166666666667
control,party,Other,trust_post,58.0
control,party,Republican,behavior_mean,31.333333333333332
control,party,Republican,belief_post,49.0
control,party,Republican,concern_mean,35.666666666666664
control,party,Republican,distrust_post,68.0
control,party,Republican,donation_ams,1.2
control,party,Republican,funding_perceptions,36.0
control,party,Republican,inst_trust_mean,38.2
control,party,Republican,newsletter_signup,1.9
control,party,Republican,policy_general,36.0
control,party,Republican,policy_role_mean,43.25
control,party,Republican,policy_specific_mean,47.285714285714285
control,party,Republican,trust_multidimensional,41.333333333333336
control,party,Republican,trust_post,32.0
control,race,Asian / Asian American,behavior_mean,39.0
control,race,Asian / Asian American,belief_post,88.5
control,race,Asian / Asian American,concern_mean,73.33333333333333
control,race,Asian / Asian American,distrust_post,11.0
control,race,Asian / Asian American,donation_ams,2.5
control,race,Asian / Asian American,funding_perceptions,64.0
control,race,Asian / Asian American,inst_trust_mean,66.4
control,race,Asian / Asian American,newsletter_signup,1.6
control,race,Asian / Asian American,policy_general,79.0
control,race,Asian / Asian American,policy_role_mean,69.75
control,race,Asian / Asian American,policy_specific_mean,73.64285714285714
control,race,Asian / Asian American,trust_multidimensional,77.875
control,race,Asian / Asian American,trust_post,79.0
control,race,Black / African American,behavior_mean,39.5
control,race,Black / African American,belief_post,86.0
control,race,Black / African American,concern_mean,72.66666666666667
control,race,Black / African American,distrust_post,22.0
control,race,Black / African American,donation_ams,1.2
control,race,Black / African American,funding_perceptions,62.0
control,race,Black / African American,inst_trust_mean,61.2
control,race,Black / African American,newsletter_signup,1.7
control,race,Black / African American,policy_general,79.0
control,race,Black / African American,policy_role_mean,74.75
control,race,Black / African American,policy_specific_mean,71.42857142857143
control,race,Black / African American,trust_multidimensional,73.91666666666667
control,race,Black / African American,trust_post,70.0
control,race,Hispanic / Latino,behavior_mean,35.666666666666664
control,race,Hispanic / Latino,belief_post,86.0
control,race,Hispanic / Latino,concern_mean,70.33333333333333
control,race,Hispanic / Latino,distrust_post,24.0
control,race,Hispanic / Latino,donation_ams,2.5
control,race,Hispanic / Latino,funding_perceptions,64.0
control,race,Hispanic / Latino,inst_trust_mean,62.0
control,race,Hispanic / Latino,newsletter_signup,1.7
control,race,Hispanic / Latino,policy_general,76.0
control,race,Hispanic / Latino,policy_role_mean,69.5
control,race,Hispanic / Latino,policy_specific_mean,70.57142857142857
control,race,Hispanic / Latino,trust_multidimensional,72.91666666666667
control,race,Hispanic / Latino,trust_post,71.0
control,race,Other,behavior_mean,37.166666666666664
control,race,Other,belief_post,82.0
control,race,Other,concern_mean,72.0
control,race,Other,distrust_post,22.0
control,race,Other,donation_ams,1.5
control,race,Other,funding_perceptions,65.0
control,race,Other,inst_trust_mean,63.2
control,race,Other,newsletter_signup,1.8
control,race,Other,policy_general,72.0
control,race,Other,policy_role_mean,70.0
control,race,Other,policy_specific_mean,66.14285714285714
control,race,Other,trust_multidimensional,71.75
control,race,Other,trust_post,68.0
control,race,White / Caucasian,behavior_mean,35.666666666666664
control,race,White / Caucasian,belief_post,78.0
control,race,White / Caucasian,concern_mean,62.666666666666664
control,race,White / Caucasian,distrust_post,30.0
control,race,White / Caucasian,donation_ams,1.5
control,race,White / Caucasian,funding_perceptions,45.0
control,race,White / Caucasian,inst_trust_mean,54.6
control,race,White / Caucasian,newsletter_signup,1.8
control,race,White / Caucasian,policy_general,68.0
control,race,White / Caucasian,policy_role_mean,64.25
control,race,White / Caucasian,policy_specific_mean,62.57142857142857
control,race,White / Caucasian,trust_multidimensional,67.25
control,race,White / Caucasian,trust_post,64.0
