condition,moderator,moderator_level,outcome,mean
Consensus,age_band,18-29,behavior_mean,83.33333333333333
Consensus,age_band,18-29,belief_post,90.0
Consensus,age_band,18-29,concern_mean,90.0
Consensus,age_band,18-29,distrust_post,20.0
Consensus,age_band,18-29,donation_ams,6.0
Consensus,age_band,18-29,funding_perceptions,60.0
Consensus,age_band,18-29,inst_trust_mean,71.0
Consensus,age_band,18-29,newsletter_signup,30.0
Consensus,age_band,18-29,policy_general,90.0
Consensus,age_band,18-29,policy_role_mean,87.5
Consensus,age_band,18-29,policy_specific_mean,92.14285714285714
Consensus,age_band,18-29,trust_multidimensional,75.83333333333333
Consensus,age_band,18-29,trust_post,80.0
Consensus,age_band,30-44,behavior_mean,61.666666666666664
Consensus,age_band,30-44,belief_post,95.0
Consensus,age_band,30-44,concern_mean,85.0
Consensus,age_band,30-44,distrust_post,15.0
Consensus,age_band,30-44,donation_ams,5.0
Consensus,age_band,30-44,funding_perceptions,60.0
Consensus,age_band,30-44,inst_trust_mean,89.0
Consensus,age_band,30-44,newsletter_signup,45.0
Consensus,age_band,30-44,policy_general,90.0
Consensus,age_band,30-44,policy_role_mean,86.25
Consensus,age_band,30-44,policy_specific_mean,75.71428571428571
Consensus,age_band,30-44,trust_multidimensional,83.33333333333333
Consensus,age_band,30-44,trust_post,70.0
Consensus,age_band,45-59,behavior_mean,44.166666666666664
Consensus,age_band,45-59,belief_post,90.0
Consensus,age_band,45-59,concern_mean,71.66666666666667
Consensus,age_band,45-59,distrust_post,20.0
Consensus,age_band,45-59,donation_ams,4.0
Consensus,age_band,45-59,funding_perceptions,50.0
Consensus,age_band,45-59,inst_trust_mean,76.0
Consensus,age_band,45-59,newsletter_signup,3.0
Consensus,age_band,45-59,policy_general,65.0
Consensus,age_band,45-59,policy_role_mean,70.0
Consensus,age_band,45-59,policy_specific_mean,73.57142857142857
Consensus,age_band,45-59,trust_multidimensional,71.66666666666667
Consensus,age_band,45-59,trust_post,80.0
Consensus,age_band,60+,behavior_mean,42.5
Consensus,age_band,60+,belief_post,90.0
Consensus,age_band,60+,concern_mean,85.0
Consensus,age_band,60+,distrust_post,15.0
Consensus,age_band,60+,donation_ams,3.0
Consensus,age_band,60+,funding_perceptions,55.0
Consensus,age_band,60+,inst_trust_mean,77.0
Consensus,age_band,60+,newsletter_signup,30.0
Consensus,age_band,60+,policy_general,70.0
Consensus,age_band,60+,policy_role_mean,66.25
Consensus,age_band,60+,policy_specific_mean,71.42857142857143
Consensus,age_band,60+,trust_multidimensional,69.16666666666667
Consensus,age_band,60+,trust_post,80.0
Consensus,education,Bachelor's degree,behavior_mean,64.16666666666667
Consensus,education,Bachelor's degree,belief_post,95.0
Consensus,education,Bachelor's degree,concern_mean,78.33333333333333
Consensus,education,Bachelor's degree,distrust_post,15.0
Consensus,education,Bachelor's degree,donation_ams,4.0
Consensus,education,Bachelor's degree,funding_perceptions,50.0
Consensus,education,Bachelor's degree,inst_trust_mean,81.0
Consensus,education,Bachelor's degree,newsletter_signup,60.0
Consensus,education,Bachelor's degree,policy_general,80.0
Consensus,education,Bachelor's degree,policy_role_mean,85.0
Consensus,education,Bachelor's degree,policy_specific_mean,72.14285714285714
Consensus,education,Bachelor's degree,trust_multidimensional,75.0
Consensus,education,Bachelor's degree,trust_post,75.0
Consensus,education,Doctorate degree / Ph.D.,behavior_mean,80.0
Consensus,education,Doctorate degree / Ph.D.,belief_post,95.0
Consensus,education,Doctorate degree / Ph.D.,concern_mean,91.66666666666667
Consensus,education,Doctorate degree / Ph.D.,distrust_post,10.0
Consensus,education,Doctorate degree / Ph.D.,donation_ams,7.0
Consensus,education,Doctorate degree / Ph.D.,funding_perceptions,60.0
Consensus,education,Doctorate degree / Ph.D.,inst_trust_mean,84.0
Consensus,education,Doctorate degree / Ph.D.,newsletter_signup,60.0
Consensus,education,Doctorate degree / Ph.D.,policy_general,90.0
Consensus,education,Doctorate degree / Ph.D.,policy_role_mean,85.0
Consensus,education,Doctorate degree / Ph.D.,policy_specific_mean,87.14285714285714
Consensus,education,Doctorate degree / Ph.D.,trust_multidimensional,81.66666666666667
Consensus,education,Doctorate degree / Ph.D.,trust_post,85.0
Consensus,education,High school diploma / GED,behavior_mean,50.833333333333336
Consensus,education,High school diploma / GED,belief_post,90.0
Consensus,education,High school diploma / GED,concern_mean,76.66666666666667
Consensus,education,High school diploma / GED,distrust_post,35.0
Consensus,education,High school diploma / GED,donation_ams,4.0
Consensus,education,High school diploma / GED,funding_perceptions,50.0
Consensus,education,High school diploma / GED,inst_trust_mean,73.0
Consensus,education,High school diploma / GED,newsletter_signup,30.0
Consensus,education,High school diploma / GED,policy_general,70.0
Consensus,education,High school diploma / GED,policy_role_mean,73.75
Consensus,education,High school diploma / GED,policy_specific_mean,61.42857142857143
Consensus,education,High school diploma / GED,trust_multidimensional,72.08333333333333
Consensus,education,High school diploma / GED,trust_post,75.0
Consensus,education,Less than high school,behavior_mean,44.166666666666664
Consensus,education,Less than high school,belief_post,70.0
Consensus,education,Less than high school,concern_mean,70.0
Consensus,education,Less than high school,distrust_post,45.0
Consensus,education,Less than high school,donation_ams,5.0
Consensus,education,Less than high school,funding_perceptions,60.0
Consensus,education,Less than high school,inst_trust_mean,56.0
Consensus,education,Less than high school,newsletter_signup,30.0
Consensus,education,Less than high school,policy_general,75.0
Consensus,education,Less than high school,policy_role_mean,62.5
Consensus,education,Less than high school,policy_specific_mean,66.42857142857143
Consensus,education,Less than high school,trust_multidimensional,52.5
Consensus,education,Less than high school,trust_post,55.0
Consensus,education,Master's degree / Professional degree,behavior_mean,73.33333333333333
Consensus,education,Master's degree / Professional degree,belief_post,95.0
Consensus,education,Master's degree / Professional degree,concern_mean,85.0
Consensus,education,Master's degree / Professional degree,distrust_post,15.0
Consensus,education,Master's degree / Professional degree,donation_ams,6.0
Consensus,education,Master's degree / Professional degree,funding_perceptions,70.0
Consensus,education,Master's degree / Professional degree,inst_trust_mean,81.0
Consensus,education,Master's degree / Professional degree,newsletter_signup,50.0
Consensus,education,Master's degree / Professional degree,policy_general,90.0
Consensus,education,Master's degree / Professional degree,policy_role_mean,90.0
Consensus,education,Master's degree / Professional degree,policy_specific_mean,83.57142857142857
Consensus,education,Master's degree / Professional degree,trust_multidimensional,80.0
Consensus,education,Master's degree / Professional degree,trust_post,75.0
Consensus,education,Some college or Associate's degree,behavior_mean,69.16666666666667
Consensus,education,Some college or Associate's degree,belief_post,85.0
Consensus,education,Some college or Associate's degree,concern_mean,78.33333333333333
Consensus,education,Some college or Associate's degree,distrust_post,20.0
Consensus,education,Some college or Associate's degree,donation_ams,5.0
Consensus,education,Some college or Associate's degree,funding_perceptions,60.0
Consensus,education,Some college or Associate's degree,inst_trust_mean,75.0
Consensus,education,Some college or Associate's degree,newsletter_signup,35.0
Consensus,education,Some college or Associate's degree,policy_general,80.0
Consensus,education,Some college or Associate's degree,policy_role_mean,77.5
Consensus,education,Some college or Associate's degree,policy_specific_mean,71.42857142857143
Consensus,education,Some college or Associate's degree,trust_multidimensional,69.16666666666667
Consensus,education,Some college or Associate's degree,trust_post,70.0
Consensus,gender,Female,behavior_mean,70.83333333333333
Consensus,gender,Female,belief_post,95.0
Consensus,gender,Female,concern_mean,86.66666666666667
Consensus,gender,Female,distrust_post,10.0
Consensus,gender,Female,donation_ams,5.0
Consensus,gender,Female,funding_perceptions,60.0
Consensus,gender,Female,inst_trust_mean,82.0
Consensus,gender,Female,newsletter_signup,2.0
Consensus,gender,Female,policy_general,90.0
Consensus,gender,Female,policy_role_mean,86.25
Consensus,gender,Female,policy_specific_mean,88.57142857142857
Consensus,gender,Female,trust_multidimensional,82.5
Consensus,gender,Female,trust_post,85.0
Consensus,gender,Male,behavior_mean,50.833333333333336
Consensus,gender,Male,belief_post,85.0
Consensus,gender,Male,concern_mean,75.0
Consensus,gender,Male,distrust_post,20.0
Consensus,gender,Male,donation_ams,5.0
Consensus,gender,Male,funding_perceptions,60.0
Consensus,gender,Male,inst_trust_mean,76.0
Consensus,gender,Male,newsletter_signup,30.0
Consensus,gender,Male,policy_general,70.0
Consensus,gender,Male,policy_role_mean,73.75
Consensus,gender,Male,policy_specific_mean,70.0
Consensus,gender,Male,trust_multidimensional,72.08333333333333
Consensus,gender,Male,trust_post,70.0
Consensus,gender,Other,behavior_mean,58.333333333333336
Consensus,gender,Other,belief_post,90.0
Consensus,gender,Other,concern_mean,81.66666666666667
Consensus,gender,Other,distrust_post,20.0
Consensus,gender,Other,donation_ams,40.0
Consensus,gender,Other,funding_perceptions,50.0
Consensus,gender,Other,inst_trust_mean,79.0
Consensus,gender,Other,newsletter_signup,30.0
Consensus,gender,Other,policy_general,85.0
Consensus,gender,Other,policy_role_mean,82.5
Consensus,gender,Other,policy_specific_mean,75.0
Consensus,gender,Other,trust_multidimensional,77.5
Consensus,gender,Other,trust_post,70.0
Consensus,income,"$100,000 to $167,999",behavior_mean,65.83333333333333
Consensus,income,"$100,000 to $167,999",belief_post,90.0
Consensus,income,"$100,000 to $167,999",concern_mean,78.33333333333333
Consensus,income,"$100,000 to $167,999",distrust_post,20.0
Consensus,income,"$100,000 to $167,999",donation_ams,5.0
Consensus,income,"$100,000 to $167,999",funding_perceptions,60.0
Consensus,income,"$100,000 to $167,999",inst_trust_mean,75.0
Consensus,income,"$100,000 to $167,999",newsletter_signup,40.0
Consensus,income,"$100,000 to $167,999",policy_general,75.0
Consensus,income,"$100,000 to $167,999",policy_role_mean,80.0
Consensus,income,"$100,000 to $167,999",policy_specific_mean,73.57142857142857
Consensus,income,"$100,000 to $167,999",trust_multidimensional,73.75
Consensus,income,"$100,000 to $167,999",trust_post,65.0
Consensus,income,"$168,000 or more",behavior_mean,79.16666666666667
Consensus,income,"$168,000 or more",belief_post,90.0
Consensus,income,"$168,000 or more",concern_mean,88.33333333333333
Consensus,income,"$168,000 or more",distrust_post,25.0
Consensus,income,"$168,000 or more",donation_ams,7.0
Consensus,income,"$168,000 or more",funding_perceptions,60.0
Consensus,income,"$168,000 or more",inst_trust_mean,79.0
Consensus,income,"$168,000 or more",newsletter_signup,1.0
Consensus,income,"$168,000 or more",policy_general,90.0
Consensus,income,"$168,000 or more",policy_role_mean,85.0
Consensus,income,"$168,000 or more",policy_specific_mean,87.85714285714286
Consensus,income,"$168,000 or more",trust_multidimensional,79.58333333333333
Consensus,income,"$168,000 or more",trust_post,75.0
Consensus,income,"$30,000 to $55,999",behavior_mean,37.5
Consensus,income,"$30,000 to $55,999",belief_post,80.0
Consensus,income,"$30,000 to $55,999",concern_mean,61.666666666666664
Consensus,income,"$30,000 to $55,999",distrust_post,35.0
Consensus,income,"$30,000 to $55,999",donation_ams,3.0
Consensus,income,"$30,000 to $55,999",funding_perceptions,50.0
Consensus,income,"$30,000 to $55,999",inst_trust_mean,71.0
Consensus,income,"$30,000 to $55,999",newsletter_signup,30.0
Consensus,income,"$30,000 to $55,999",policy_general,60.0
Consensus,income,"$30,000 to $55,999",policy_role_mean,68.75
Consensus,income,"$30,000 to $55,999",policy_specific_mean,56.42857142857143
Consensus,income,"$30,000 to $55,999",trust_multidimensional,61.25
Consensus,income,"$30,000 to $55,999",trust_post,65.0
Consensus,income,"$56,000 to $99,999",behavior_mean,44.166666666666664
Consensus,income,"$56,000 to $99,999",belief_post,85.0
Consensus,income,"$56,000 to $99,999",concern_mean,68.33333333333333
Consensus,income,"$56,000 to $99,999",distrust_post,25.0
Consensus,income,"$56,000 to $99,999",donation_ams,4.0
Consensus,income,"$56,000 to $99,999",funding_perceptions,60.0
Consensus,income,"$56,000 to $99,999",inst_trust_mean,71.0
Consensus,income,"$56,000 to $99,999",newsletter_signup,2.0
Consensus,income,"$56,000 to $99,999",policy_general,70.0
Consensus,income,"$56,000 to $99,999",policy_role_mean,68.75
Consensus,income,"$56,000 to $99,999",policy_specific_mean,60.714285714285715
Consensus,income,"$56,000 to $99,999",trust_multidimensional,67.91666666666667
Consensus,income,"$56,000 to $99,999",trust_post,75.0
Consensus,income,"Less than $30,000",behavior_mean,39.166666666666664
Consensus,income,"Less than $30,000",belief_post,85.0
Consensus,income,"Less than $30,000",concern_mean,76.66666666666667
Consensus,income,"Less than $30,000",distrust_post,35.0
Consensus,income,"Less than $30,000",donation_ams,5.0
Consensus,income,"Less than $30,000",funding_perceptions,50.0
Consensus,income,"Less than $30,000",inst_trust_mean,62.0
Consensus,income,"Less than $30,000",newsletter_signup,30.0
Consensus,income,"Less than $30,000",policy_general,80.0
Consensus,income,"Less than $30,000",policy_role_mean,62.5
Consensus,income,"Less than $30,000",policy_specific_mean,49.285714285714285
Consensus,income,"Less than $30,000",trust_multidimensional,66.66666666666667
Consensus,income,"Less than $30,000",trust_post,65.0
Consensus,party,Democrat,behavior_mean,72.5
Consensus,party,Democrat,belief_post,90.0
Consensus,party,Democrat,concern_mean,90.0
Consensus,party,Democrat,distrust_post,15.0
Consensus,party,Democrat,donation_ams,6.0
Consensus,party,Democrat,funding_perceptions,70.0
Consensus,party,Democrat,inst_trust_mean,89.0
Consensus,party,Democrat,newsletter_signup,2.0
Consensus,party,Democrat,policy_general,95.0
Consensus,party,Democrat,policy_role_mean,92.5
Consensus,party,Democrat,policy_specific_mean,86.42857142857143
Consensus,party,Democrat,trust_multidimensional,78.75
Consensus,party,Democrat,trust_post,85.0
Consensus,party,Independent,behavior_mean,60.0
Consensus,party,Independent,belief_post,90.0
Consensus,party,Independent,concern_mean,81.66666666666667
Consensus,party,Independent,distrust_post,20.0
Consensus,party,Independent,donation_ams,5.0
Consensus,party,Independent,funding_perceptions,60.0
Consensus,party,Independent,inst_trust_mean,68.0
Consensus,party,Independent,newsletter_signup,50.0
Consensus,party,Independent,policy_general,65.0
Consensus,party,Independent,policy_role_mean,66.25
Consensus,party,Independent,policy_specific_mean,70.0
Consensus,party,Independent,trust_multidimensional,75.41666666666667
Consensus,party,Independent,trust_post,75.0
Consensus,party,Other,behavior_mean,46.666666666666664
Consensus,party,Other,belief_post,65.0
Consensus,party,Other,concern_mean,58.333333333333336
Consensus,party,Other,distrust_post,15.0
Consensus,party,Other,donation_ams,35.0
Consensus,party,Other,funding_perceptions,45.0
Consensus,party,Other,inst_trust_mean,66.0
Consensus,party,Other,newsletter_signup,50.0
Consensus,party,Other,policy_general,55.0
Consensus,party,Other,policy_role_mean,52.5
Consensus,party,Other,policy_specific_mean,54.285714285714285
Consensus,party,Other,trust_multidimensional,71.66666666666667
Consensus,party,Other,trust_post,60.0
Consensus,party,Republican,behavior_mean,34.166666666666664
Consensus,party,Republican,belief_post,40.0
Consensus,party,Republican,concern_mean,45.0
Consensus,party,Republican,distrust_post,35.0
Consensus,party,Republican,donation_ams,3.0
Consensus,party,Republican,funding_perceptions,50.0
Consensus,party,Republican,inst_trust_mean,39.0
Consensus,party,Republican,newsletter_signup,30.0
Consensus,party,Republican,policy_general,35.0
Consensus,party,Republican,policy_role_mean,36.25
Consensus,party,Republican,policy_specific_mean,49.285714285714285
Consensus,party,Republican,trust_multidimensional,44.166666666666664
Consensus,party,Republican,trust_post,45.0
Consensus,race,Asian / Asian American,behavior_mean,59.166666666666664
Consensus,race,Asian / Asian American,belief_post,85.0
Consensus,race,Asian / Asian American,concern_mean,75.0
Consensus,race,Asian / Asian American,distrust_post,35.0
Consensus,race,Asian / Asian American,donation_ams,4.0
Consensus,race,Asian / Asian American,funding_perceptions,70.0
Consensus,race,Asian / Asian American,inst_trust_mean,69.0
Consensus,race,Asian / Asian American,newsletter_signup,30.0
Consensus,race,Asian / Asian American,policy_general,75.0
Consensus,race,Asian / Asian American,policy_role_mean,75.0
Consensus,race,Asian / Asian American,policy_specific_mean,66.42857142857143
Consensus,race,Asian / Asian American,trust_multidimensional,66.66666666666667
Consensus,race,Asian / Asian American,trust_post,65.0
Consensus,race,Black / African American,behavior_mean,50.0
Consensus,race,Black / African American,belief_post,80.0
Consensus,race,Black / African American,concern_mean,76.66666666666667
Consensus,race,Black / African American,distrust_post,45.0
Consensus,race,Black / African American,donation_ams,40.0
Consensus,race,Black / African American,funding_perceptions,50.0
Consensus,race,Black / African American,inst_trust_mean,51.0
Consensus,race,Black / African American,newsletter_signup,30.0
Consensus,race,Black / African American,policy_general,75.0
Consensus,race,Black / African American,policy_role_mean,57.5
Consensus,race,Black / African American,policy_specific_mean,64.28571428571429
Consensus,race,Black / African American,trust_multidimensional,51.666666666666664
Consensus,race,Black / African American,trust_post,50.0
Consensus,race,Hispanic / Latino,behavior_mean,63.333333333333336
Consensus,race,Hispanic / Latino,belief_post,85.0
Consensus,race,Hispanic / Latino,concern_mean,80.0
Consensus,race,Hispanic / Latino,distrust_post,35.0
Consensus,race,Hispanic / Latino,donation_ams,5.0
Consensus,race,Hispanic / Latino,funding_perceptions,60.0
Consensus,race,Hispanic / Latino,inst_trust_mean,54.0
Consensus,race,Hispanic / Latino,newsletter_signup,45.0
Consensus,race,Hispanic / Latino,policy_general,80.0
Consensus,race,Hispanic / Latino,policy_role_mean,70.0
Consensus,race,Hispanic / Latino,policy_specific_mean,72.14285714285714
Consensus,race,Hispanic / Latino,trust_multidimensional,65.83333333333333
Consensus,race,Hispanic / Latino,trust_post,65.0
Consensus,race,Other,behavior_mean,51.666666666666664
Consensus,race,Other,belief_post,75.0
Consensus,race,Other,concern_mean,71.66666666666667
Consensus,race,Other,distrust_post,20.0
Consensus,race,Other,donation_ams,5.0
Consensus,race,Other,funding_perceptions,55.0
Consensus,race,Other,inst_trust_mean,66.0
Consensus,race,Other,newsletter_signup,30.0
Consensus,race,Other,policy_general,70.0
Consensus,race,Other,policy_role_mean,72.5
Consensus,race,Other,policy_specific_mean,66.42857142857143
Consensus,race,Other,trust_multidimensional,63.333333333333336
Consensus,race,Other,trust_post,68.0
Consensus,race,White / Caucasian,behavior_mean,55.833333333333336
Consensus,race,White / Caucasian,belief_post,90.0
Consensus,race,White / Caucasian,concern_mean,80.0
Consensus,race,White / Caucasian,distrust_post,15.0
Consensus,race,White / Caucasian,donation_ams,40.0
Consensus,race,White / Caucasian,funding_perceptions,50.0
Consensus,race,White / Caucasian,inst_trust_mean,75.0
Consensus,race,White / Caucasian,newsletter_signup,2.0
Consensus,race,White / Caucasian,policy_general,70.0
Consensus,race,White / Caucasian,policy_role_mean,77.5
Consensus,race,White / Caucasian,policy_specific_mean,72.85714285714286
Consensus,race,White / Caucasian,trust_multidimensional,70.83333333333333
Consensus,race,White / Caucasian,trust_post,75.0
Corporate reliance,age_band,18-29,behavior_mean,65.83333333333333
Corporate reliance,age_band,18-29,belief_post,95.0
Corporate reliance,age_band,18-29,concern_mean,78.33333333333333
Corporate reliance,age_band,18-29,distrust_post,10.0
Corporate reliance,age_band,18-29,donation_ams,6.0
Corporate reliance,age_band,18-29,funding_perceptions,60.0
Corporate reliance,age_band,18-29,inst_trust_mean,76.0
Corporate reliance,age_band,18-29,newsletter_signup,55.0
Corporate reliance,age_band,18-29,policy_general,85.0
Corporate reliance,age_band,18-29,policy_role_mean,82.5
Corporate reliance,age_band,18-29,policy_specific_mean,82.14285714285714
Corporate reliance,age_band,18-29,trust_multidimensional,75.0
Corporate reliance,age_band,18-29,trust_post,80.0
Corporate reliance,age_band,30-44,behavior_mean,64.16666666666667
Corporate reliance,age_band,30-44,belief_post,95.0
Corporate reliance,age_band,30-44,concern_mean,85.0
Corporate reliance,age_band,30-44,distrust_post,10.0
Corporate reliance,age_band,30-44,donation_ams,5.0
Corporate reliance,age_band,30-44,funding_perceptions,60.0
Corporate reliance,age_band,30-44,inst_trust_mean,73.0
Corporate reliance,age_band,30-44,newsletter_signup,30.0
Corporate reliance,age_band,30-44,policy_general,80.0
Corporate reliance,age_band,30-44,policy_role_mean,82.5
Corporate reliance,age_band,30-44,policy_specific_mean,72.85714285714286
Corporate reliance,age_band,30-44,trust_multidimensional,81.66666666666667
Corporate reliance,age_band,30-44,trust_post,80.0
Corporate reliance,age_band,45-59,behavior_mean,49.166666666666664
Corporate reliance,age_band,45-59,belief_post,90.0
Corporate reliance,age_band,45-59,concern_mean,78.33333333333333
Corporate reliance,age_band,45-59,distrust_post,25.0
Corporate reliance,age_band,45-59,donation_ams,5.0
Corporate reliance,age_band,45-59,funding_perceptions,50.0
Corporate reliance,age_band,45-59,inst_trust_mean,77.0
Corporate reliance,age_band,45-59,newsletter_signup,2.0
Corporate reliance,age_band,45-59,policy_general,70.0
Corporate reliance,age_band,45-59,policy_role_mean,70.0
Corporate reliance,age_band,45-59,policy_specific_mean,73.57142857142857
Corporate reliance,age_band,45-59,trust_multidimensional,70.83333333333333
Corporate reliance,age_band,45-59,trust_post,75.0
Corporate reliance,age_band,60+,behavior_mean,45.833333333333336
Corporate reliance,age_band,60+,belief_post,85.0
Corporate reliance,age_band,60+,concern_mean,75.0
Corporate reliance,age_band,60+,distrust_post,20.0
Corporate reliance,age_band,60+,donation_ams,3.0
Corporate reliance,age_band,60+,funding_perceptions,70.0
Corporate reliance,age_band,60+,inst_trust_mean,75.0
Corporate reliance,age_band,60+,newsletter_signup,30.0
Corporate reliance,age_band,60+,policy_general,75.0
Corporate reliance,age_band,60+,policy_role_mean,72.5
Corporate reliance,age_band,60+,policy_specific_mean,70.0
Corporate reliance,age_band,60+,trust_multidimensional,62.916666666666664
Corporate reliance,age_band,60+,trust_post,70.0
Corporate reliance,education,Bachelor's degree,behavior_mean,70.83333333333333
Corporate reliance,education,Bachelor's degree,belief_post,95.0
Corporate reliance,education,Bachelor's degree,concern_mean,85.0
Corporate reliance,education,Bachelor's degree,distrust_post,10.0
Corporate reliance,education,Bachelor's degree,donation_ams,6.0
Corporate reliance,education,Bachelor's degree,funding_perceptions,60.0
Corporate reliance,education,Bachelor's degree,inst_trust_mean,81.0
Corporate reliance,education,Bachelor's degree,newsletter_signup,30.0
Corporate reliance,education,Bachelor's degree,policy_general,85.0
Corporate reliance,education,Bachelor's degree,policy_role_mean,88.75
Corporate reliance,education,Bachelor's degree,policy_specific_mean,79.28571428571429
Corporate reliance,education,Bachelor's degree,trust_multidimensional,76.66666666666667
Corporate reliance,education,Bachelor's degree,trust_post,85.0
Corporate reliance,education,Doctorate degree / Ph.D.,behavior_mean,70.0
Corporate reliance,education,Doctorate degree / Ph.D.,belief_post,95.0
Corporate reliance,education,Doctorate degree / Ph.D.,concern_mean,88.33333333333333
Corporate reliance,education,Doctorate degree / Ph.D.,distrust_post,10.0
Corporate reliance,education,Doctorate degree / Ph.D.,donation_ams,7.0
Corporate reliance,education,Doctorate degree / Ph.D.,funding_perceptions,50.0
Corporate reliance,education,Doctorate degree / Ph.D.,inst_trust_mean,89.0
Corporate reliance,education,Doctorate degree / Ph.D.,newsletter_signup,1.0
Corporate reliance,education,Doctorate degree / Ph.D.,policy_general,90.0
Corporate reliance,education,Doctorate degree / Ph.D.,policy_role_mean,91.25
Corporate reliance,education,Doctorate degree / Ph.D.,policy_specific_mean,82.14285714285714
Corporate reliance,education,Doctorate degree / Ph.D.,trust_multidimensional,86.25
Corporate reliance,education,Doctorate degree / Ph.D.,trust_post,90.0
Corporate reliance,education,High school diploma / GED,behavior_mean,38.333333333333336
Corporate reliance,education,High school diploma / GED,belief_post,80.0
Corporate reliance,education,High school diploma / GED,concern_mean,60.0
Corporate reliance,education,High school diploma / GED,distrust_post,20.0
Corporate reliance,education,High school diploma / GED,donation_ams,3.0
Corporate reliance,education,High school diploma / GED,funding_perceptions,60.0
Corporate reliance,education,High school diploma / GED,inst_trust_mean,73.0
Corporate reliance,education,High school diploma / GED,newsletter_signup,30.0
Corporate reliance,education,High school diploma / GED,policy_general,65.0
Corporate reliance,education,High school diploma / GED,policy_role_mean,68.75
Corporate reliance,education,High school diploma / GED,policy_specific_mean,58.57142857142857
Corporate reliance,education,High school diploma / GED,trust_multidimensional,64.58333333333333
Corporate reliance,education,High school diploma / GED,trust_post,70.0
Corporate reliance,education,Less than high school,behavior_mean,37.5
Corporate reliance,education,Less than high school,belief_post,75.0
Corporate reliance,education,Less than high school,concern_mean,61.666666666666664
Corporate reliance,education,Less than high school,distrust_post,35.0
Corporate reliance,education,Less than high school,donation_ams,5.0
Corporate reliance,education,Less than high school,funding_perceptions,50.0
Corporate reliance,education,Less than high school,inst_trust_mean,52.0
Corporate reliance,education,Less than high school,newsletter_signup,30.0
Corporate reliance,education,Less than high school,policy_general,40.0
Corporate reliance,education,Less than high school,policy_role_mean,53.75
Corporate reliance,education,Less than high school,policy_specific_mean,43.57142857142857
Corporate reliance,education,Less than high school,trust_multidimensional,46.25
Corporate reliance,education,Less than high school,trust_post,45.0
Corporate reliance,education,Master's degree / Professional degree,behavior_mean,75.83333333333333
Corporate reliance,education,Master's degree / Professional degree,belief_post,95.0
Corporate reliance,education,Master's degree / Professional degree,concern_mean,85.0
Corporate reliance,education,Master's degree / Professional degree,distrust_post,15.0
Corporate reliance,education,Master's degree / Professional degree,donation_ams,5.0
Corporate reliance,education,Master's degree / Professional degree,funding_perceptions,50.0
Corporate reliance,education,Master's degree / Professional degree,inst_trust_mean,87.0
Corporate reliance,education,Master's degree / Professional degree,newsletter_signup,60.0
Corporate reliance,education,Master's degree / Professional degree,policy_general,85.0
Corporate reliance,education,Master's degree / Professional degree,policy_role_mean,85.0
Corporate reliance,education,Master's degree / Professional degree,policy_specific_mean,83.57142857142857
Corporate reliance,education,Master's degree / Professional degree,trust_multidimensional,82.5
Corporate reliance,education,Master's degree / Professional degree,trust_post,90.0
Corporate reliance,education,Some college or Associate's degree,behavior_mean,60.0
Corporate reliance,education,Some college or Associate's degree,belief_post,90.0
Corporate reliance,education,Some college or Associate's degree,concern_mean,75.0
Corporate reliance,education,Some college or Associate's degree,distrust_post,15.0
Corporate reliance,education,Some college or Associate's degree,donation_ams,4.0
Corporate reliance,education,Some college or Associate's degree,funding_perceptions,50.0
Corporate reliance,education,Some college or Associate's degree,inst_trust_mean,73.0
Corporate reliance,education,Some college or Associate's degree,newsletter_signup,30.0
Corporate reliance,education,Some college or Associate's degree,policy_general,70.0
Corporate reliance,education,Some college or Associate's degree,policy_role_mean,80.0
Corporate reliance,education,Some college or Associate's degree,policy_specific_mean,66.42857142857143
Corporate reliance,education,Some college or Associate's degree,trust_multidimensional,73.33333333333333
Corporate reliance,education,Some college or Associate's degree,trust_post,80.0
Corporate reliance,gender,Female,behavior_mean,65.0
Corporate reliance,gender,Female,belief_post,95.0
Corporate reliance,gender,Female,concern_mean,83.33333333333333
Corporate reliance,gender,Female,distrust_post,10.0
Corporate reliance,gender,Female,donation_ams,5.0
Corporate reliance,gender,Female,funding_perceptions,70.0
Corporate reliance,gender,Female,inst_trust_mean,81.0
Corporate reliance,gender,Female,newsletter_signup,30.0
Corporate reliance,gender,Female,policy_general,80.0
Corporate reliance,gender,Female,policy_role_mean,82.5
Corporate reliance,gender,Female,policy_specific_mean,69.28571428571429
Corporate reliance,gender,Female,trust_multidimensional,77.91666666666667
Corporate reliance,gender,Female,trust_post,85.0
Corporate reliance,gender,Male,behavior_mean,52.5
Corporate reliance,gender,Male,belief_post,85.0
Corporate reliance,gender,Male,concern_mean,70.0
Corporate reliance,gender,Male,distrust_post,15.0
Corporate reliance,gender,Male,donation_ams,5.0
Corporate reliance,gender,Male,funding_perceptions,50.0
Corporate reliance,gender,Male,inst_trust_mean,69.0
Corporate reliance,gender,Male,newsletter_signup,2.0
Corporate reliance,gender,Male,policy_general,70.0
Corporate reliance,gender,Male,policy_role_mean,71.25
Corporate reliance,gender,Male,policy_specific_mean,74.28571428571429
Corporate reliance,gender,Male,trust_multidimensional,67.91666666666667
Corporate reliance,gender,Male,trust_post,75.0
Corporate reliance,gender,Other,behavior_mean,60.0
Corporate reliance,gender,Other,belief_post,90.0
Corporate reliance,gender,Other,concern_mean,85.0
Corporate reliance,gender,Other,distrust_post,20.0
Corporate reliance,gender,Other,donation_ams,5.0
Corporate reliance,gender,Other,funding_perceptions,50.0
Corporate reliance,gender,Other,inst_trust_mean,80.0
Corporate reliance,gender,Other,newsletter_signup,30.0
Corporate reliance,gender,Other,policy_general,80.0
Corporate reliance,gender,Other,policy_role_mean,83.75
Corporate reliance,gender,Other,policy_specific_mean,83.57142857142857
Corporate reliance,gender,Other,trust_multidimensional,69.58333333333333
Corporate reliance,gender,Other,trust_post,80.0
Corporate reliance,income,"$100,000 to $167,999",behavior_mean,57.5
Corporate reliance,income,"$100,000 to $167,999",belief_post,90.0
Corporate reliance,income,"$100,000 to $167,999",concern_mean,73.33333333333333
Corporate reliance,income,"$100,000 to $167,999",distrust_post,20.0
Corporate reliance,income,"$100,000 to $167,999",donation_ams,4.0
Corporate reliance,income,"$100,000 to $167,999",funding_perceptions,50.0
Corporate reliance,income,"$100,000 to $167,999",inst_trust_mean,73.0
Corporate reliance,income,"$100,000 to $167,999",newsletter_signup,30.0
Corporate reliance,income,"$100,000 to $167,999",policy_general,75.0
Corporate reliance,income,"$100,000 to $167,999",policy_role_mean,83.75
Corporate reliance,income,"$100,000 to $167,999",policy_specific_mean,75.71428571428571
Corporate reliance,income,"$100,000 to $167,999",trust_multidimensional,76.66666666666667
Corporate reliance,income,"$100,000 to $167,999",trust_post,70.0
Corporate reliance,income,"$168,000 or more",behavior_mean,75.83333333333333
Corporate reliance,income,"$168,000 or more",belief_post,70.0
Corporate reliance,income,"$168,000 or more",concern_mean,85.0
Corporate reliance,income,"$168,000 or more",distrust_post,10.0
Corporate reliance,income,"$168,000 or more",donation_ams,7.0
Corporate reliance,income,"$168,000 or more",funding_perceptions,50.0
Corporate reliance,income,"$168,000 or more",inst_trust_mean,78.0
Corporate reliance,income,"$168,000 or more",newsletter_signup,1.0
Corporate reliance,income,"$168,000 or more",policy_general,75.0
Corporate reliance,income,"$168,000 or more",policy_role_mean,81.25
Corporate reliance,income,"$168,000 or more",policy_specific_mean,82.14285714285714
Corporate reliance,income,"$168,000 or more",trust_multidimensional,80.41666666666667
Corporate reliance,income,"$168,000 or more",trust_post,85.0
Corporate reliance,income,"$30,000 to $55,999",behavior_mean,42.5
Corporate reliance,income,"$30,000 to $55,999",belief_post,90.0
Corporate reliance,income,"$30,000 to $55,999",concern_mean,73.33333333333333
Corporate reliance,income,"$30,000 to $55,999",distrust_post,25.0
Corporate reliance,income,"$30,000 to $55,999",donation_ams,5.0
Corporate reliance,income,"$30,000 to $55,999",funding_perceptions,60.0
Corporate reliance,income,"$30,000 to $55,999",inst_trust_mean,74.0
Corporate reliance,income,"$30,000 to $55,999",newsletter_signup,30.0
Corporate reliance,income,"$30,000 to $55,999",policy_general,70.0
Corporate reliance,income,"$30,000 to $55,999",policy_role_mean,76.25
Corporate reliance,income,"$30,000 to $55,999",policy_specific_mean,66.42857142857143
Corporate reliance,income,"$30,000 to $55,999",trust_multidimensional,72.91666666666667
Corporate reliance,income,"$30,000 to $55,999",trust_post,75.0
Corporate reliance,income,"$56,000 to $99,999",behavior_mean,52.5
Corporate reliance,income,"$56,000 to $99,999",belief_post,90.0
Corporate reliance,income,"$56,000 to $99,999",concern_mean,70.0
Corporate reliance,income,"$56,000 to $99,999",distrust_post,20.0
Corporate reliance,income,"$56,000 to $99,999",donation_ams,5.0
Corporate reliance,income,"$56,000 to $99,999",funding_perceptions,50.0
Corporate reliance,income,"$56,000 to $99,999",inst_trust_mean,75.0
Corporate reliance,income,"$56,000 to $99,999",newsletter_signup,2.0
Corporate reliance,income,"$56,000 to $99,999",policy_general,75.0
Corporate reliance,income,"$56,000 to $99,999",policy_role_mean,77.5
Corporate reliance,income,"$56,000 to $99,999",policy_specific_mean,72.14285714285714
Corporate reliance,income,"$56,000 to $99,999",trust_multidimensional,77.5
Corporate reliance,income,"$56,000 to $99,999",trust_post,70.0
Corporate reliance,income,"Less than $30,000",behavior_mean,39.166666666666664
Corporate reliance,income,"Less than $30,000",belief_post,80.0
Corporate reliance,income,"Less than $30,000",concern_mean,75.0
Corporate reliance,income,"Less than $30,000",distrust_post,20.0
Corporate reliance,income,"Less than $30,000",donation_ams,1.0
Corporate reliance,income,"Less than $30,000",funding_perceptions,30.0
Corporate reliance,income,"Less than $30,000",inst_trust_mean,50.0
Corporate reliance,income,"Less than $30,000",newsletter_signup,30.0
Corporate reliance,income,"Less than $30,000",policy_general,75.0
Corporate reliance,income,"Less than $30,000",policy_role_mean,55.0
Corporate reliance,income,"Less than $30,000",policy_specific_mean,47.142857142857146
Corporate reliance,income,"Less than $30,000",trust_multidimensional,61.666666666666664
Corporate reliance,income,"Less than $30,000",trust_post,65.0
Corporate reliance,party,Democrat,behavior_mean,75.0
Corporate reliance,party,Democrat,belief_post,95.0
Corporate reliance,party,Democrat,concern_mean,85.0
Corporate reliance,party,Democrat,distrust_post,10.0
Corporate reliance,party,Democrat,donation_ams,6.0
Corporate reliance,party,Democrat,funding_perceptions,70.0
Corporate reliance,party,Democrat,inst_trust_mean,84.0
Corporate reliance,party,Democrat,newsletter_signup,1.0
Corporate reliance,party,Democrat,policy_general,90.0
Corporate reliance,party,Democrat,policy_role_mean,92.5
Corporate reliance,party,Democrat,policy_specific_mean,88.57142857142857
Corporate reliance,party,Democrat,trust_multidimensional,81.25
Corporate reliance,party,Democrat,trust_post,85.0
Corporate reliance,party,Independent,behavior_mean,47.5
Corporate reliance,party,Independent,belief_post,80.0
Corporate reliance,party,Independent,concern_mean,60.0
Corporate reliance,party,Independent,distrust_post,25.0
Corporate reliance,party,Independent,donation_ams,5.0
Corporate reliance,party,Independent,funding_perceptions,60.0
Corporate reliance,party,Independent,inst_trust_mean,61.0
Corporate reliance,party,Independent,newsletter_signup,30.0
Corporate reliance,party,Independent,policy_general,55.0
Corporate reliance,party,Independent,policy_role_mean,66.25
Corporate reliance,party,Independent,policy_specific_mean,55.0
Corporate reliance,party,Independent,trust_multidimensional,62.5
Corporate reliance,party,Independent,trust_post,65.0
Corporate reliance,party,Other,behavior_mean,48.333333333333336
Corporate reliance,party,Other,belief_post,90.0
Corporate reliance,party,Other,concern_mean,80.0
Corporate reliance,party,Other,distrust_post,10.0
Corporate reliance,party,Other,donation_ams,5.0
Corporate reliance,party,Other,funding_perceptions,60.0
Corporate reliance,party,Other,inst_trust_mean,82.0
Corporate reliance,party,Other,newsletter_signup,2.0
Corporate reliance,party,Other,policy_general,80.0
Corporate reliance,party,Other,policy_role_mean,85.0
Corporate reliance,party,Other,policy_specific_mean,77.14285714285714
Corporate reliance,party,Other,trust_multidimensional,74.16666666666667
Corporate reliance,party,Other,trust_post,85.0
Corporate reliance,party,Republican,behavior_mean,36.666666666666664
Corporate reliance,party,Republican,belief_post,65.0
Corporate reliance,party,Republican,concern_mean,45.0
Corporate reliance,party,Republican,distrust_post,30.0
Corporate reliance,party,Republican,donation_ams,3.0
Corporate reliance,party,Republican,funding_perceptions,50.0
Corporate reliance,party,Republican,inst_trust_mean,59.0
Corporate reliance,party,Republican,newsletter_signup,2.0
Corporate reliance,party,Republican,policy_general,30.0
Corporate reliance,party,Republican,policy_role_mean,62.5
Corporate reliance,party,Republican,policy_specific_mean,53.57142857142857
Corporate reliance,party,Republican,trust_multidimensional,63.75
Corporate reliance,party,Republican,trust_post,60.0
Corporate reliance,race,Asian / Asian American,behavior_mean,38.333333333333336
Corporate reliance,race,Asian / Asian American,belief_post,85.0
Corporate reliance,race,Asian / Asian American,concern_mean,75.0
Corporate reliance,race,Asian / Asian American,distrust_post,25.0
Corporate reliance,race,Asian / Asian American,donation_ams,5.0
Corporate reliance,race,Asian / Asian American,funding_perceptions,60.0
Corporate reliance,race,Asian / Asian American,inst_trust_mean,70.0
Corporate reliance,race,Asian / Asian American,newsletter_signup,30.0
Corporate reliance,race,Asian / Asian American,policy_general,65.0
Corporate reliance,race,Asian / Asian American,policy_role_mean,71.25
Corporate reliance,race,Asian / Asian American,policy_specific_mean,63.57142857142857
Corporate reliance,race,Asian / Asian American,trust_multidimensional,67.33333333333333
Corporate reliance,race,Asian / Asian American,trust_post,70.0
Corporate reliance,race,Black / African American,behavior_mean,47.5
Corporate reliance,race,Black / African American,belief_post,75.0
Corporate reliance,race,Black / African American,concern_mean,78.33333333333333
Corporate reliance,race,Black / African American,distrust_post,35.0
Corporate reliance,race,Black / African American,donation_ams,30.0
Corporate reliance,race,Black / African American,funding_perceptions,60.0
Corporate reliance,race,Black / African American,inst_trust_mean,60.0
Corporate reliance,race,Black / African American,newsletter_signup,30.0
Corporate reliance,race,Black / African American,policy_general,60.0
Corporate reliance,race,Black / African American,policy_role_mean,75.0
Corporate reliance,race,Black / African American,policy_specific_mean,68.57142857142857
Corporate reliance,race,Black / African American,trust_multidimensional,55.416666666666664
Corporate reliance,race,Black / African American,trust_post,55.0
Corporate reliance,race,Hispanic / Latino,behavior_mean,57.5
Corporate reliance,race,Hispanic / Latino,belief_post,90.0
Corporate reliance,race,Hispanic / Latino,concern_mean,83.33333333333333
Corporate reliance,race,Hispanic / Latino,distrust_post,25.0
Corporate reliance,race,Hispanic / Latino,donation_ams,5.0
Corporate reliance,race,Hispanic / Latino,funding_perceptions,60.0
Corporate reliance,race,Hispanic / Latino,inst_trust_mean,76.0
Corporate reliance,race,Hispanic / Latino,newsletter_signup,35.0
Corporate reliance,race,Hispanic / Latino,policy_general,80.0
Corporate reliance,race,Hispanic / Latino,policy_role_mean,78.75
Corporate reliance,race,Hispanic / Latino,policy_specific_mean,70.0
Corporate reliance,race,Hispanic / Latino,trust_multidimensional,67.91666666666667
Corporate reliance,race,Hispanic / Latino,trust_post,75.0
Corporate reliance,race,Other,behavior_mean,52.5
Corporate reliance,race,Other,belief_post,85.0
Corporate reliance,race,Other,concern_mean,81.66666666666667
Corporate reliance,race,Other,distrust_post,25.0
Corporate reliance,race,Other,donation_ams,5.0
Corporate reliance,race,Other,funding_perceptions,80.0
Corporate reliance,race,Other,inst_trust_mean,78.0
Corporate reliance,race,Other,newsletter_signup,30.0
Corporate reliance,race,Other,policy_general,70.0
Corporate reliance,race,Other,policy_role_mean,66.25
Corporate reliance,race,Other,policy_specific_mean,75.0
Corporate reliance,race,Other,trust_multidimensional,77.08333333333333
Corporate reliance,race,Other,trust_post,75.0
Corporate reliance,race,White / Caucasian,behavior_mean,64.16666666666667
Corporate reliance,race,White / Caucasian,belief_post,95.0
Corporate reliance,race,White / Caucasian,concern_mean,90.0
Corporate reliance,race,White / Caucasian,distrust_post,10.0
Corporate reliance,race,White / Caucasian,donation_ams,5.0
Corporate reliance,race,White / Caucasian,funding_perceptions,40.0
Corporate reliance,race,White / Caucasian,inst_trust_mean,80.0
Corporate reliance,race,White / Caucasian,newsletter_signup,3.0
Corporate reliance,race,White / Caucasian,policy_general,80.0
Corporate reliance,race,White / Caucasian,policy_role_mean,77.5
Corporate reliance,race,White / Caucasian,policy_specific_mean,73.57142857142857
Corporate reliance,race,White / Caucasian,trust_multidimensional,77.5
Corporate reliance,race,White / Caucasian,trust_post,85.0
Extreme weather predictions,age_band,18-29,behavior_mean,60.833333333333336
Extreme weather predictions,age_band,18-29,belief_post,60.0
Extreme weather predictions,age_band,18-29,concern_mean,83.33333333333333
Extreme weather predictions,age_band,18-29,distrust_post,30.0
Extreme weather predictions,age_band,18-29,donation_ams,5.0
Extreme weather predictions,age_band,18-29,funding_perceptions,50.0
Extreme weather predictions,age_band,18-29,inst_trust_mean,59.0
Extreme weather predictions,age_band,18-29,newsletter_signup,30.0
Extreme weather predictions,age_band,18-29,policy_general,70.0
Extreme weather predictions,age_band,18-29,policy_role_mean,66.25
Extreme weather predictions,age_band,18-29,policy_specific_mean,72.14285714285714
Extreme weather predictions,age_band,18-29,trust_multidimensional,53.75
Extreme weather predictions,age_band,18-29,trust_post,35.0
Extreme weather predictions,age_band,30-44,behavior_mean,57.5
Extreme weather predictions,age_band,30-44,belief_post,90.0
Extreme weather predictions,age_band,30-44,concern_mean,93.33333333333333
Extreme weather predictions,age_band,30-44,distrust_post,30.0
Extreme weather predictions,age_band,30-44,donation_ams,5.0
Extreme weather predictions,age_band,30-44,funding_perceptions,60.0
Extreme weather predictions,age_band,30-44,inst_trust_mean,77.0
Extreme weather predictions,age_band,30-44,newsletter_signup,50.0
Extreme weather predictions,age_band,30-44,policy_general,85.0
Extreme weather predictions,age_band,30-44,policy_role_mean,82.5
Extreme weather predictions,age_band,30-44,policy_specific_mean,73.57142857142857
Extreme weather predictions,age_band,30-44,trust_multidimensional,79.16666666666667
Extreme weather predictions,age_band,30-44,trust_post,75.0
Extreme weather predictions,age_band,45-59,behavior_mean,45.833333333333336
Extreme weather predictions,age_band,45-59,belief_post,80.0
Extreme weather predictions,age_band,45-59,concern_mean,70.0
Extreme weather predictions,age_band,45-59,distrust_post,35.0
Extreme weather predictions,age_band,45-59,donation_ams,3.0
Extreme weather predictions,age_band,45-59,funding_perceptions,60.0
Extreme weather predictions,age_band,45-59,inst_trust_mean,66.0
Extreme weather predictions,age_band,45-59,newsletter_signup,30.0
Extreme weather predictions,age_band,45-59,policy_general,70.0
Extreme weather predictions,age_band,45-59,policy_role_mean,73.75
Extreme weather predictions,age_band,45-59,policy_specific_mean,61.42857142857143
Extreme weather predictions,age_band,45-59,trust_multidimensional,57.5
Extreme weather predictions,age_band,45-59,trust_post,60.0
Extreme weather predictions,age_band,60+,behavior_mean,35.0
Extreme weather predictions,age_band,60+,belief_post,75.0
Extreme weather predictions,age_band,60+,concern_mean,68.33333333333333
Extreme weather predictions,age_band,60+,distrust_post,35.0
Extreme weather predictions,age_band,60+,donation_ams,2.0
Extreme weather predictions,age_band,60+,funding_perceptions,50.0
Extreme weather predictions,age_band,60+,inst_trust_mean,76.0
Extreme weather predictions,age_band,60+,newsletter_signup,2.0
Extreme weather predictions,age_band,60+,policy_general,65.0
Extreme weather predictions,age_band,60+,policy_role_mean,66.25
Extreme weather predictions,age_band,60+,policy_specific_mean,55.0
Extreme weather predictions,age_band,60+,trust_multidimensional,57.5
Extreme weather predictions,age_band,60+,trust_post,60.0
Extreme weather predictions,education,Bachelor's degree,behavior_mean,62.5
Extreme weather predictions,education,Bachelor's degree,belief_post,90.0
Extreme weather predictions,education,Bachelor's degree,concern_mean,81.66666666666667
Extreme weather predictions,education,Bachelor's degree,distrust_post,15.0
Extreme weather predictions,education,Bachelor's degree,donation_ams,5.0
Extreme weather predictions,education,Bachelor's degree,funding_perceptions,60.0
Extreme weather predictions,education,Bachelor's degree,inst_trust_mean,81.0
Extreme weather predictions,education,Bachelor's degree,newsletter_signup,3.0
Extreme weather predictions,education,Bachelor's degree,policy_general,85.0
Extreme weather predictions,education,Bachelor's degree,policy_role_mean,86.25
Extreme weather predictions,education,Bachelor's degree,policy_specific_mean,83.57142857142857
Extreme weather predictions,education,Bachelor's degree,trust_multidimensional,82.66666666666667
Extreme weather predictions,education,Bachelor's degree,trust_post,80.0
Extreme weather predictions,education,Doctorate degree / Ph.D.,behavior_mean,62.5
Extreme weather predictions,education,Doctorate degree / Ph.D.,belief_post,90.0
Extreme weather predictions,education,Doctorate degree / Ph.D.,concern_mean,81.66666666666667
Extreme weather predictions,education,Doctorate degree / Ph.D.,distrust_post,20.0
Extreme weather predictions,education,Doctorate degree / Ph.D.,donation_ams,70.0
Extreme weather predictions,education,Doctorate degree / Ph.D.,funding_perceptions,60.0
Extreme weather predictions,education,Doctorate degree / Ph.D.,inst_trust_mean,82.0
Extreme weather predictions,education,Doctorate degree / Ph.D.,newsletter_signup,35.0
Extreme weather predictions,education,Doctorate degree / Ph.D.,policy_general,85.0
Extreme weather predictions,education,Doctorate degree / Ph.D.,policy_role_mean,85.0
Extreme weather predictions,education,Doctorate degree / Ph.D.,policy_specific_mean,70.71428571428571
Extreme weather predictions,education,Doctorate degree / Ph.D.,trust_multidimensional,77.5
Extreme weather predictions,education,Doctorate degree / Ph.D.,trust_post,85.0
Extreme weather predictions,education,High school diploma / GED,behavior_mean,37.5
Extreme weather predictions,education,High school diploma / GED,belief_post,65.0
Extreme weather predictions,education,High school diploma / GED,concern_mean,65.0
Extreme weather predictions,education,High school diploma / GED,distrust_post,30.0
Extreme weather predictions,education,High school diploma / GED,donation_ams,4.0
Extreme weather predictions,education,High school diploma / GED,funding_perceptions,55.0
Extreme weather predictions,education,High school diploma / GED,inst_trust_mean,71.0
Extreme weather predictions,education,High school diploma / GED,newsletter_signup,50.0
Extreme weather predictions,education,High school diploma / GED,policy_general,75.0
Extreme weather predictions,education,High school diploma / GED,policy_role_mean,80.0
Extreme weather predictions,education,High school diploma / GED,policy_specific_mean,77.85714285714286
Extreme weather predictions,education,High school diploma / GED,trust_multidimensional,75.41666666666667
Extreme weather predictions,education,High school diploma / GED,trust_post,70.0
Extreme weather predictions,education,Less than high school,behavior_mean,40.833333333333336
Extreme weather predictions,education,Less than high school,belief_post,40.0
Extreme weather predictions,education,Less than high school,concern_mean,61.666666666666664
Extreme weather predictions,education,Less than high school,distrust_post,30.0
Extreme weather predictions,education,Less than high school,donation_ams,30.0
Extreme weather predictions,education,Less than high school,funding_perceptions,50.0
Extreme weather predictions,education,Less than high school,inst_trust_mean,47.0
Extreme weather predictions,education,Less than high school,newsletter_signup,30.0
Extreme weather predictions,education,Less than high school,policy_general,40.0
Extreme weather predictions,education,Less than high school,policy_role_mean,33.75
Extreme weather predictions,education,Less than high school,policy_specific_mean,42.142857142857146
Extreme weather predictions,education,Less than high school,trust_multidimensional,43.333333333333336
Extreme weather predictions,education,Less than high school,trust_post,30.0
Extreme weather predictions,education,Master's degree / Professional degree,behavior_mean,66.66666666666667
Extreme weather predictions,education,Master's degree / Professional degree,belief_post,95.0
Extreme weather predictions,education,Master's degree / Professional degree,concern_mean,86.66666666666667
Extreme weather predictions,education,Master's degree / Professional degree,distrust_post,10.0
Extreme weather predictions,education,Master's degree / Professional degree,donation_ams,5.0
Extreme weather predictions,education,Master's degree / Professional degree,funding_perceptions,60.0
Extreme weather predictions,education,Master's degree / Professional degree,inst_trust_mean,80.0
Extreme weather predictions,education,Master's degree / Professional degree,newsletter_signup,30.0
Extreme weather predictions,education,Master's degree / Professional degree,policy_general,90.0
Extreme weather predictions,education,Master's degree / Professional degree,policy_role_mean,82.5
Extreme weather predictions,education,Master's degree / Professional degree,policy_specific_mean,83.57142857142857
Extreme weather predictions,education,Master's degree / Professional degree,trust_multidimensional,80.41666666666667
Extreme weather predictions,education,Master's degree / Professional degree,trust_post,85.0
Extreme weather predictions,education,Some college or Associate's degree,behavior_mean,38.333333333333336
Extreme weather predictions,education,Some college or Associate's degree,belief_post,75.0
Extreme weather predictions,education,Some college or Associate's degree,concern_mean,55.0
Extreme weather predictions,education,Some college or Associate's degree,distrust_post,35.0
Extreme weather predictions,education,Some college or Associate's degree,donation_ams,4.0
Extreme weather predictions,education,Some college or Associate's degree,funding_perceptions,60.0
Extreme weather predictions,education,Some college or Associate's degree,inst_trust_mean,66.0
Extreme weather predictions,education,Some college or Associate's degree,newsletter_signup,30.0
Extreme weather predictions,education,Some college or Associate's degree,policy_general,65.0
Extreme weather predictions,education,Some college or Associate's degree,policy_role_mean,62.5
Extreme weather predictions,education,Some college or Associate's degree,policy_specific_mean,59.285714285714285
Extreme weather predictions,education,Some college or Associate's degree,trust_multidimensional,60.0
Extreme weather predictions,education,Some college or Associate's degree,trust_post,60.0
Extreme weather predictions,gender,Female,behavior_mean,63.333333333333336
Extreme weather predictions,gender,Female,belief_post,90.0
Extreme weather predictions,gender,Female,concern_mean,88.33333333333333
Extreme weather predictions,gender,Female,distrust_post,30.0
Extreme weather predictions,gender,Female,donation_ams,40.0
Extreme weather predictions,gender,Female,funding_perceptions,50.0
Extreme weather predictions,gender,Female,inst_trust_mean,81.0
Extreme weather predictions,gender,Female,newsletter_signup,45.0
Extreme weather predictions,gender,Female,policy_general,80.0
Extreme weather predictions,gender,Female,policy_role_mean,80.0
Extreme weather predictions,gender,Female,policy_specific_mean,81.42857142857143
Extreme weather predictions,gender,Female,trust_multidimensional,76.25
Extreme weather predictions,gender,Female,trust_post,75.0
Extreme weather predictions,gender,Male,behavior_mean,55.0
Extreme weather predictions,gender,Male,belief_post,85.0
Extreme weather predictions,gender,Male,concern_mean,80.0
Extreme weather predictions,gender,Male,distrust_post,35.0
Extreme weather predictions,gender,Male,donation_ams,4.0
Extreme weather predictions,gender,Male,funding_perceptions,55.0
Extreme weather predictions,gender,Male,inst_trust_mean,76.0
Extreme weather predictions,gender,Male,newsletter_signup,3.0
Extreme weather predictions,gender,Male,policy_general,70.0
Extreme weather predictions,gender,Male,policy_role_mean,77.5
Extreme weather predictions,gender,Male,policy_specific_mean,70.71428571428571
Extreme weather predictions,gender,Male,trust_multidimensional,67.91666666666667
Extreme weather predictions,gender,Male,trust_post,65.0
Extreme weather predictions,gender,Other,behavior_mean,40.833333333333336
Extreme weather predictions,gender,Other,belief_post,80.0
Extreme weather predictions,gender,Other,concern_mean,78.33333333333333
Extreme weather predictions,gender,Other,distrust_post,30.0
Extreme weather predictions,gender,Other,donation_ams,5.0
Extreme weather predictions,gender,Other,funding_perceptions,60.0
Extreme weather predictions,gender,Other,inst_trust_mean,70.0
Extreme weather predictions,gender,Other,newsletter_signup,30.0
Extreme weather predictions,gender,Other,policy_general,85.0
Extreme weather predictions,gender,Other,policy_role_mean,75.0
Extreme weather predictions,gender,Other,policy_specific_mean,69.28571428571429
Extreme weather predictions,gender,Other,trust_multidimensional,67.91666666666667
Extreme weather predictions,gender,Other,trust_post,60.0
Extreme weather predictions,income,"$100,000 to $167,999",behavior_mean,67.5
Extreme weather predictions,income,"$100,000 to $167,999",belief_post,90.0
Extreme weather predictions,income,"$100,000 to $167,999",concern_mean,85.0
Extreme weather predictions,income,"$100,000 to $167,999",distrust_post,20.0
Extreme weather predictions,income,"$100,000 to $167,999",donation_ams,5.0
Extreme weather predictions,income,"$100,000 to $167,999",funding_perceptions,60.0
Extreme weather predictions,income,"$100,000 to $167,999",inst_trust_mean,80.0
Extreme weather predictions,income,"$100,000 to $167,999",newsletter_signup,40.0
Extreme weather predictions,income,"$100,000 to $167,999",policy_general,85.0
Extreme weather predictions,income,"$100,000 to $167,999",policy_role_mean,85.0
Extreme weather predictions,income,"$100,000 to $167,999",policy_specific_mean,81.42857142857143
Extreme weather predictions,income,"$100,000 to $167,999",trust_multidimensional,74.16666666666667
Extreme weather predictions,income,"$100,000 to $167,999",trust_post,70.0
Extreme weather predictions,income,"$168,000 or more",behavior_mean,60.0
Extreme weather predictions,income,"$168,000 or more",belief_post,95.0
Extreme weather predictions,income,"$168,000 or more",concern_mean,85.0
Extreme weather predictions,income,"$168,000 or more",distrust_post,20.0
Extreme weather predictions,income,"$168,000 or more",donation_ams,5.0
Extreme weather predictions,income,"$168,000 or more",funding_perceptions,40.0
Extreme weather predictions,income,"$168,000 or more",inst_trust_mean,82.0
Extreme weather predictions,income,"$168,000 or more",newsletter_signup,40.0
Extreme weather predictions,income,"$168,000 or more",policy_general,85.0
Extreme weather predictions,income,"$168,000 or more",policy_role_mean,95.0
Extreme weather predictions,income,"$168,000 or more",policy_specific_mean,82.14285714285714
Extreme weather predictions,income,"$168,000 or more",trust_multidimensional,85.0
Extreme weather predictions,income,"$168,000 or more",trust_post,75.0
Extreme weather predictions,income,"$30,000 to $55,999",behavior_mean,37.5
Extreme weather predictions,income,"$30,000 to $55,999",belief_post,80.0
Extreme weather predictions,income,"$30,000 to $55,999",concern_mean,60.0
Extreme weather predictions,income,"$30,000 to $55,999",distrust_post,35.0
Extreme weather predictions,income,"$30,000 to $55,999",donation_ams,3.0
Extreme weather predictions,income,"$30,000 to $55,999",funding_perceptions,45.0
Extreme weather predictions,income,"$30,000 to $55,999",inst_trust_mean,66.0
Extreme weather predictions,income,"$30,000 to $55,999",newsletter_signup,3.0
Extreme weather predictions,income,"$30,000 to $55,999",policy_general,65.0
Extreme weather predictions,income,"$30,000 to $55,999",policy_role_mean,61.25
Extreme weather predictions,income,"$30,000 to $55,999",policy_specific_mean,64.28571428571429
Extreme weather predictions,income,"$30,000 to $55,999",trust_multidimensional,59.166666666666664
Extreme weather predictions,income,"$30,000 to $55,999",trust_post,40.0
Extreme weather predictions,income,"$56,000 to $99,999",behavior_mean,44.166666666666664
Extreme weather predictions,income,"$56,000 to $99,999",belief_post,70.0
Extreme weather predictions,income,"$56,000 to $99,999",concern_mean,61.666666666666664
Extreme weather predictions,income,"$56,000 to $99,999",distrust_post,30.0
Extreme weather predictions,income,"$56,000 to $99,999",donation_ams,3.0
Extreme weather predictions,income,"$56,000 to $99,999",funding_perceptions,60.0
Extreme weather predictions,income,"$56,000 to $99,999",inst_trust_mean,70.0
Extreme weather predictions,income,"$56,000 to $99,999",newsletter_signup,35.0
Extreme weather predictions,income,"$56,000 to $99,999",policy_general,75.0
Extreme weather predictions,income,"$56,000 to $99,999",policy_role_mean,75.0
Extreme weather predictions,income,"$56,000 to $99,999",policy_specific_mean,72.14285714285714
Extreme weather predictions,income,"$56,000 to $99,999",trust_multidimensional,61.25
Extreme weather predictions,income,"$56,000 to $99,999",trust_post,65.0
Extreme weather predictions,income,"Less than $30,000",behavior_mean,30.0
Extreme weather predictions,income,"Less than $30,000",belief_post,65.0
Extreme weather predictions,income,"Less than $30,000",concern_mean,43.333333333333336
Extreme weather predictions,income,"Less than $30,000",distrust_post,45.0
Extreme weather predictions,income,"Less than $30,000",donation_ams,2.0
Extreme weather predictions,income,"Less than $30,000",funding_perceptions,40.0
Extreme weather predictions,income,"Less than $30,000",inst_trust_mean,49.0
Extreme weather predictions,income,"Less than $30,000",newsletter_signup,30.0
Extreme weather predictions,income,"Less than $30,000",policy_general,45.0
Extreme weather predictions,income,"Less than $30,000",policy_role_mean,52.5
Extreme weather predictions,income,"Less than $30,000",policy_specific_mean,36.42857142857143
Extreme weather predictions,income,"Less than $30,000",trust_multidimensional,43.333333333333336
Extreme weather predictions,income,"Less than $30,000",trust_post,40.0
Extreme weather predictions,party,Democrat,behavior_mean,70.83333333333333
Extreme weather predictions,party,Democrat,belief_post,95.0
Extreme weather predictions,party,Democrat,concern_mean,85.0
Extreme weather predictions,party,Democrat,distrust_post,10.0
Extreme weather predictions,party,Democrat,donation_ams,4.0
Extreme weather predictions,party,Democrat,funding_perceptions,70.0
Extreme weather predictions,party,Democrat,inst_trust_mean,88.0
Extreme weather predictions,party,Democrat,newsletter_signup,40.0
Extreme weather predictions,party,Democrat,policy_general,90.0
Extreme weather predictions,party,Democrat,policy_role_mean,88.75
Extreme weather predictions,party,Democrat,policy_specific_mean,85.71428571428571
Extreme weather predictions,party,Democrat,trust_multidimensional,72.5
Extreme weather predictions,party,Democrat,trust_post,85.0
Extreme weather predictions,party,Independent,behavior_mean,48.333333333333336
Extreme weather predictions,party,Independent,belief_post,80.0
Extreme weather predictions,party,Independent,concern_mean,76.66666666666667
Extreme weather predictions,party,Independent,distrust_post,35.0
Extreme weather predictions,party,Independent,donation_ams,5.0
Extreme weather predictions,party,Independent,funding_perceptions,45.0
Extreme weather predictions,party,Independent,inst_trust_mean,74.0
Extreme weather predictions,party,Independent,newsletter_signup,50.0
Extreme weather predictions,party,Independent,policy_general,65.0
Extreme weather predictions,party,Independent,policy_role_mean,75.0
Extreme weather predictions,party,Independent,policy_specific_mean,61.42857142857143
Extreme weather predictions,party,Independent,trust_multidimensional,63.75
Extreme weather predictions,party,Independent,trust_post,65.0
Extreme weather predictions,party,Other,behavior_mean,66.66666666666667
Extreme weather predictions,party,Other,belief_post,90.0
Extreme weather predictions,party,Other,concern_mean,83.33333333333333
Extreme weather predictions,party,Other,distrust_post,30.0
Extreme weather predictions,party,Other,donation_ams,5.0
Extreme weather predictions,party,Other,funding_perceptions,60.0
Extreme weather predictions,party,Other,inst_trust_mean,73.0
Extreme weather predictions,party,Other,newsletter_signup,50.0
Extreme weather predictions,party,Other,policy_general,75.0
Extreme weather predictions,party,Other,policy_role_mean,81.25
Extreme weather predictions,party,Other,policy_specific_mean,78.57142857142857
Extreme weather predictions,party,Other,trust_multidimensional,82.5
Extreme weather predictions,party,Other,trust_post,75.0
Extreme weather predictions,party,Republican,behavior_mean,31.666666666666668
Extreme weather predictions,party,Republican,belief_post,30.0
Extreme weather predictions,party,Republican,concern_mean,48.333333333333336
Extreme weather predictions,party,Republican,distrust_post,35.0
Extreme weather predictions,party,Republican,donation_ams,20.0
Extreme weather predictions,party,Republican,funding_perceptions,55.0
Extreme weather predictions,party,Republican,inst_trust_mean,40.0
Extreme weather predictions,party,Republican,newsletter_signup,30.0
Extreme weather predictions,party,Republican,policy_general,30.0
Extreme weather predictions,party,Republican,policy_role_mean,25.0
Extreme weather predictions,party,Republican,policy_specific_mean,37.142857142857146
Extreme weather predictions,party,Republican,trust_multidimensional,43.75
Extreme weather predictions,party,Republican,trust_post,45.0
Extreme weather predictions,race,Asian / Asian American,behavior_mean,50.0
Extreme weather predictions,race,Asian / Asian American,belief_post,80.0
Extreme weather predictions,race,Asian / Asian American,concern_mean,75.0
Extreme weather predictions,race,Asian / Asian American,distrust_post,30.0
Extreme weather predictions,race,Asian / Asian American,donation_ams,5.0
Extreme weather predictions,race,Asian / Asian American,funding_perceptions,60.0
Extreme weather predictions,race,Asian / Asian American,inst_trust_mean,65.0
Extreme weather predictions,race,Asian / Asian American,newsletter_signup,40.0
Extreme weather predictions,race,Asian / Asian American,policy_general,75.0
Extreme weather predictions,race,Asian / Asian American,policy_role_mean,70.0
Extreme weather predictions,race,Asian / Asian American,policy_specific_mean,67.85714285714286
Extreme weather predictions,race,Asian / Asian American,trust_multidimensional,66.08333333333333
Extreme weather predictions,race,Asian / Asian American,trust_post,65.0
Extreme weather predictions,race,Black / African American,behavior_mean,53.333333333333336
Extreme weather predictions,race,Black / African American,belief_post,80.0
Extreme weather predictions,race,Black / African American,concern_mean,78.33333333333333
Extreme weather predictions,race,Black / African American,distrust_post,40.0
Extreme weather predictions,race,Black / African American,donation_ams,40.0
Extreme weather predictions,race,Black / African American,funding_perceptions,50.0
Extreme weather predictions,race,Black / African American,inst_trust_mean,54.0
Extreme weather predictions,race,Black / African American,newsletter_signup,2.0
Extreme weather predictions,race,Black / African American,policy_general,75.0
Extreme weather predictions,race,Black / African American,policy_role_mean,70.0
Extreme weather predictions,race,Black / African American,policy_specific_mean,64.28571428571429
Extreme weather predictions,race,Black / African American,trust_multidimensional,53.75
Extreme weather predictions,race,Black / African American,trust_post,55.0
Extreme weather predictions,race,Hispanic / Latino,behavior_mean,49.166666666666664
Extreme weather predictions,race,Hispanic / Latino,belief_post,80.0
Extreme weather predictions,race,Hispanic / Latino,concern_mean,75.0
Extreme weather predictions,race,Hispanic / Latino,distrust_post,25.0
Extreme weather predictions,race,Hispanic / Latino,donation_ams,4.0
Extreme weather predictions,race,Hispanic / Latino,funding_perceptions,50.0
Extreme weather predictions,race,Hispanic / Latino,inst_trust_mean,68.0
Extreme weather predictions,race,Hispanic / Latino,newsletter_signup,30.0
Extreme weather predictions,race,Hispanic / Latino,policy_general,70.0
Extreme weather predictions,race,Hispanic / Latino,policy_role_mean,76.25
Extreme weather predictions,race,Hispanic / Latino,policy_specific_mean,65.71428571428571
Extreme weather predictions,race,Hispanic / Latino,trust_multidimensional,55.416666666666664
Extreme weather predictions,race,Hispanic / Latino,trust_post,65.0
Extreme weather predictions,race,Other,behavior_mean,40.0
Extreme weather predictions,race,Other,belief_post,65.0
Extreme weather predictions,race,Other,concern_mean,60.0
Extreme weather predictions,race,Other,distrust_post,45.0
Extreme weather predictions,race,Other,donation_ams,5.0
Extreme weather predictions,race,Other,funding_perceptions,50.0
Extreme weather predictions,race,Other,inst_trust_mean,59.0
Extreme weather predictions,race,Other,newsletter_signup,2.0
Extreme weather predictions,race,Other,policy_general,55.0
Extreme weather predictions,race,Other,policy_role_mean,60.0
Extreme weather predictions,race,Other,policy_specific_mean,53.57142857142857
Extreme weather predictions,race,Other,trust_multidimensional,52.916666666666664
Extreme weather predictions,race,Other,trust_post,45.0
Extreme weather predictions,race,White / Caucasian,behavior_mean,41.666666666666664
Extreme weather predictions,race,White / Caucasian,belief_post,75.0
Extreme weather predictions,race,White / Caucasian,concern_mean,61.666666666666664
Extreme weather predictions,race,White / Caucasian,distrust_post,30.0
Extreme weather predictions,race,White / Caucasian,donation_ams,4.0
Extreme weather predictions,race,White / Caucasian,funding_perceptions,60.0
Extreme weather predictions,race,White / Caucasian,inst_trust_mean,60.0
Extreme weather predictions,race,White / Caucasian,newsletter_signup,30.0
Extreme weather predictions,race,White / Caucasian,policy_general,65.0
Extreme weather predictions,race,White / Caucasian,policy_role_mean,71.25
Extreme weather predictions,race,White / Caucasian,policy_specific_mean,59.285714285714285
Extreme weather predictions,race,White / Caucasian,trust_multidimensional,56.666666666666664
Extreme weather predictions,race,White / Caucasian,trust_post,55.0
Former skeptics,age_band,18-29,behavior_mean,68.33333333333333
Former skeptics,age_band,18-29,belief_post,90.0
Former skeptics,age_band,18-29,concern_mean,88.33333333333333
Former skeptics,age_band,18-29,distrust_post,20.0
Former skeptics,age_band,18-29,donation_ams,4.0
Former skeptics,age_band,18-29,funding_perceptions,50.0
Former skeptics,age_band,18-29,inst_trust_mean,76.0
Former skeptics,age_band,18-29,newsletter_signup,3.0
Former skeptics,age_band,18-29,policy_general,80.0
Former skeptics,age_band,18-29,policy_role_mean,71.25
Former skeptics,age_band,18-29,policy_specific_mean,75.0
Former skeptics,age_band,18-29,trust_multidimensional,74.16666666666667
Former skeptics,age_band,18-29,trust_post,70.0
Former skeptics,age_band,30-44,behavior_mean,66.66666666666667
Former skeptics,age_band,30-44,belief_post,90.0
Former skeptics,age_band,30-44,concern_mean,85.0
Former skeptics,age_band,30-44,distrust_post,20.0
Former skeptics,age_band,30-44,donation_ams,5.0
Former skeptics,age_band,30-44,funding_perceptions,50.0
Former skeptics,age_band,30-44,inst_trust_mean,84.0
Former skeptics,age_band,30-44,newsletter_signup,3.0
Former skeptics,age_band,30-44,policy_general,75.0
Former skeptics,age_band,30-44,policy_role_mean,78.75
Former skeptics,age_band,30-44,policy_specific_mean,77.85714285714286
Former skeptics,age_band,30-44,trust_multidimensional,84.16666666666667
Former skeptics,age_band,30-44,trust_post,85.0
Former skeptics,age_band,45-59,behavior_mean,45.0
Former skeptics,age_band,45-59,belief_post,90.0
Former skeptics,age_band,45-59,concern_mean,68.33333333333333
Former skeptics,age_band,45-59,distrust_post,35.0
Former skeptics,age_band,45-59,donation_ams,3.0
Former skeptics,age_band,45-59,funding_perceptions,60.0
Former skeptics,age_band,45-59,inst_trust_mean,69.0
Former skeptics,age_band,45-59,newsletter_signup,2.0
Former skeptics,age_band,45-59,policy_general,55.0
Former skeptics,age_band,45-59,policy_role_mean,51.25
Former skeptics,age_band,45-59,policy_specific_mean,60.714285714285715
Former skeptics,age_band,45-59,trust_multidimensional,66.66666666666667
Former skeptics,age_band,45-59,trust_post,65.0
Former skeptics,age_band,60+,behavior_mean,40.0
Former skeptics,age_band,60+,belief_post,90.0
Former skeptics,age_band,60+,concern_mean,61.666666666666664
Former skeptics,age_band,60+,distrust_post,55.0
Former skeptics,age_band,60+,donation_ams,40.0
Former skeptics,age_band,60+,funding_perceptions,60.0
Former skeptics,age_band,60+,inst_trust_mean,58.0
Former skeptics,age_band,60+,newsletter_signup,10.0
Former skeptics,age_band,60+,policy_general,30.0
Former skeptics,age_band,60+,policy_role_mean,45.0
Former skeptics,age_band,60+,policy_specific_mean,60.714285714285715
Former skeptics,age_band,60+,trust_multidimensional,60.833333333333336
Former skeptics,age_band,60+,trust_post,45.0
Former skeptics,education,Bachelor's degree,behavior_mean,59.166666666666664
Former skeptics,education,Bachelor's degree,belief_post,95.0
Former skeptics,education,Bachelor's degree,concern_mean,80.0
Former skeptics,education,Bachelor's degree,distrust_post,10.0
Former skeptics,education,Bachelor's degree,donation_ams,5.0
Former skeptics,education,Bachelor's degree,funding_perceptions,60.0
Former skeptics,education,Bachelor's degree,inst_trust_mean,77.0
Former skeptics,education,Bachelor's degree,newsletter_signup,2.0
Former skeptics,education,Bachelor's degree,policy_general,70.0
Former skeptics,education,Bachelor's degree,policy_role_mean,82.5
Former skeptics,education,Bachelor's degree,policy_specific_mean,73.57142857142857
Former skeptics,education,Bachelor's degree,trust_multidimensional,81.66666666666667
Former skeptics,education,Bachelor's degree,trust_post,80.0
Former skeptics,education,High school diploma / GED,behavior_mean,45.833333333333336
Former skeptics,education,High school diploma / GED,belief_post,80.0
Former skeptics,education,High school diploma / GED,concern_mean,76.66666666666667
Former skeptics,education,High school diploma / GED,distrust_post,30.0
Former skeptics,education,High school diploma / GED,donation_ams,40.0
Former skeptics,education,High school diploma / GED,funding_perceptions,50.0
Former skeptics,education,High school diploma / GED,inst_trust_mean,72.0
Former skeptics,education,High school diploma / GED,newsletter_signup,30.0
Former skeptics,education,High school diploma / GED,policy_general,60.0
Former skeptics,education,High school diploma / GED,policy_role_mean,58.75
Former skeptics,education,High school diploma / GED,policy_specific_mean,58.57142857142857
Former skeptics,education,High school diploma / GED,trust_multidimensional,63.75
Former skeptics,education,High school diploma / GED,trust_post,60.0
Former skeptics,education,Less than high school,behavior_mean,35.0
Former skeptics,education,Less than high school,belief_post,30.0
Former skeptics,education,Less than high school,concern_mean,50.0
Former skeptics,education,Less than high school,distrust_post,40.0
Former skeptics,education,Less than high school,donation_ams,20.0
Former skeptics,education,Less than high school,funding_perceptions,60.0
Former skeptics,education,Less than high school,inst_trust_mean,36.0
Former skeptics,education,Less than high school,newsletter_signup,2.0
Former skeptics,education,Less than high school,policy_general,30.0
Former skeptics,education,Less than high school,policy_role_mean,31.25
Former skeptics,education,Less than high school,policy_specific_mean,44.285714285714285
Former skeptics,education,Less than high school,trust_multidimensional,36.25
Former skeptics,education,Less than high school,trust_post,40.0
Former skeptics,education,Master's degree / Professional degree,behavior_mean,65.0
Former skeptics,education,Master's degree / Professional degree,belief_post,90.0
Former skeptics,education,Master's degree / Professional degree,concern_mean,91.66666666666667
Former skeptics,education,Master's degree / Professional degree,distrust_post,15.0
Former skeptics,education,Master's degree / Professional degree,donation_ams,6.0
Former skeptics,education,Master's degree / Professional degree,funding_perceptions,60.0
Former skeptics,education,Master's degree / Professional degree,inst_trust_mean,84.0
Former skeptics,education,Master's degree / Professional degree,newsletter_signup,35.0
Former skeptics,education,Master's degree / Professional degree,policy_general,85.0
Former skeptics,education,Master's degree / Professional degree,policy_role_mean,86.25
Former skeptics,education,Master's degree / Professional degree,policy_specific_mean,86.42857142857143
Former skeptics,education,Master's degree / Professional degree,trust_multidimensional,78.33333333333333
Former skeptics,education,Master's degree / Professional degree,trust_post,65.0
Former skeptics,education,Some college or Associate's degree,behavior_mean,51.666666666666664
Former skeptics,education,Some college or Associate's degree,belief_post,90.0
Former skeptics,education,Some college or Associate's degree,concern_mean,70.0
Former skeptics,education,Some college or Associate's degree,distrust_post,20.0
Former skeptics,education,Some college or Associate's degree,donation_ams,4.0
Former skeptics,education,Some college or Associate's degree,funding_perceptions,70.0
Former skeptics,education,Some college or Associate's degree,inst_trust_mean,84.0
Former skeptics,education,Some college or Associate's degree,newsletter_signup,50.0
Former skeptics,education,Some college or Associate's degree,policy_general,70.0
Former skeptics,education,Some college or Associate's degree,policy_role_mean,81.25
Former skeptics,education,Some college or Associate's degree,policy_specific_mean,72.85714285714286
Former skeptics,education,Some college or Associate's degree,trust_multidimensional,72.91666666666667
Former skeptics,education,Some college or Associate's degree,trust_post,70.0
Former skeptics,gender,Female,behavior_mean,52.5
Former skeptics,gender,Female,belief_post,90.0
Former skeptics,gender,Female,concern_mean,76.66666666666667
Former skeptics,gender,Female,distrust_post,20.0
Former skeptics,gender,Female,donation_ams,5.0
Former skeptics,gender,Female,funding_perceptions,60.0
Former skeptics,gender,Female,inst_trust_mean,75.0
Former skeptics,gender,Female,newsletter_signup,0.0
Former skeptics,gender,Female,policy_general,70.0
Former skeptics,gender,Female,policy_role_mean,71.25
Former skeptics,gender,Female,policy_specific_mean,67.14285714285714
Former skeptics,gender,Female,trust_multidimensional,70.41666666666667
Former skeptics,gender,Female,trust_post,70.0
Former skeptics,gender,Male,behavior_mean,36.666666666666664
Former skeptics,gender,Male,belief_post,85.0
Former skeptics,gender,Male,concern_mean,51.666666666666664
Former skeptics,gender,Male,distrust_post,55.0
Former skeptics,gender,Male,donation_ams,20.0
Former skeptics,gender,Male,funding_perceptions,70.0
Former skeptics,gender,Male,inst_trust_mean,56.0
Former skeptics,gender,Male,newsletter_signup,2.0
Former skeptics,gender,Male,policy_general,30.0
Former skeptics,gender,Male,policy_role_mean,33.75
Former skeptics,gender,Male,policy_specific_mean,52.142857142857146
Former skeptics,gender,Male,trust_multidimensional,49.166666666666664
Former skeptics,gender,Male,trust_post,45.0
Former skeptics,gender,Other,behavior_mean,57.5
Former skeptics,gender,Other,belief_post,95.0
Former skeptics,gender,Other,concern_mean,90.0
Former skeptics,gender,Other,distrust_post,30.0
Former skeptics,gender,Other,donation_ams,40.0
Former skeptics,gender,Other,funding_perceptions,35.0
Former skeptics,gender,Other,inst_trust_mean,79.0
Former skeptics,gender,Other,newsletter_signup,30.0
Former skeptics,gender,Other,policy_general,90.0
Former skeptics,gender,Other,policy_role_mean,90.0
Former skeptics,gender,Other,policy_specific_mean,72.14285714285714
Former skeptics,gender,Other,trust_multidimensional,87.08333333333333
Former skeptics,gender,Other,trust_post,75.0
Former skeptics,income,"$100,000 to $167,999",behavior_mean,45.0
Former skeptics,income,"$100,000 to $167,999",belief_post,90.0
Former skeptics,income,"$100,000 to $167,999",concern_mean,75.0
Former skeptics,income,"$100,000 to $167,999",distrust_post,30.0
Former skeptics,income,"$100,000 to $167,999",donation_ams,4.0
Former skeptics,income,"$100,000 to $167,999",funding_perceptions,55.0
Former skeptics,income,"$100,000 to $167,999",inst_trust_mean,71.0
Former skeptics,income,"$100,000 to $167,999",newsletter_signup,30.0
Former skeptics,income,"$100,000 to $167,999",policy_general,60.0
Former skeptics,income,"$100,000 to $167,999",policy_role_mean,65.0
Former skeptics,income,"$100,000 to $167,999",policy_specific_mean,60.714285714285715
Former skeptics,income,"$100,000 to $167,999",trust_multidimensional,67.91666666666667
Former skeptics,income,"$100,000 to $167,999",trust_post,70.0
Former skeptics,income,"$168,000 or more",behavior_mean,78.33333333333333
Former skeptics,income,"$168,000 or more",belief_post,95.0
Former skeptics,income,"$168,000 or more",concern_mean,90.0
Former skeptics,income,"$168,000 or more",distrust_post,10.0
Former skeptics,income,"$168,000 or more",donation_ams,6.0
Former skeptics,income,"$168,000 or more",funding_perceptions,30.0
Former skeptics,income,"$168,000 or more",inst_trust_mean,83.0
Former skeptics,income,"$168,000 or more",newsletter_signup,2.0
Former skeptics,income,"$168,000 or more",policy_general,80.0
Former skeptics,income,"$168,000 or more",policy_role_mean,86.25
Former skeptics,income,"$168,000 or more",policy_specific_mean,82.14285714285714
Former skeptics,income,"$168,000 or more",trust_multidimensional,82.5
Former skeptics,income,"$168,000 or more",trust_post,80.0
Former skeptics,income,"$30,000 to $55,999",behavior_mean,46.666666666666664
Former skeptics,income,"$30,000 to $55,999",belief_post,85.0
Former skeptics,income,"$30,000 to $55,999",concern_mean,53.333333333333336
Former skeptics,income,"$30,000 to $55,999",distrust_post,25.0
Former skeptics,income,"$30,000 to $55,999",donation_ams,5.0
Former skeptics,income,"$30,000 to $55,999",funding_perceptions,50.0
Former skeptics,income,"$30,000 to $55,999",inst_trust_mean,73.0
Former skeptics,income,"$30,000 to $55,999",newsletter_signup,30.0
Former skeptics,income,"$30,000 to $55,999",policy_general,65.0
Former skeptics,income,"$30,000 to $55,999",policy_role_mean,71.25
Former skeptics,income,"$30,000 to $55,999",policy_specific_mean,57.857142857142854
Former skeptics,income,"$30,000 to $55,999",trust_multidimensional,64.58333333333333
Former skeptics,income,"$30,000 to $55,999",trust_post,70.0
Former skeptics,income,"$56,000 to $99,999",behavior_mean,38.333333333333336
Former skeptics,income,"$56,000 to $99,999",belief_post,90.0
Former skeptics,income,"$56,000 to $99,999",concern_mean,71.66666666666667
Former skeptics,income,"$56,000 to $99,999",distrust_post,25.0
Former skeptics,income,"$56,000 to $99,999",donation_ams,4.0
Former skeptics,income,"$56,000 to $99,999",funding_perceptions,50.0
Former skeptics,income,"$56,000 to $99,999",inst_trust_mean,74.0
Former skeptics,income,"$56,000 to $99,999",newsletter_signup,30.0
Former skeptics,income,"$56,000 to $99,999",policy_general,65.0
Former skeptics,income,"$56,000 to $99,999",policy_role_mean,67.5
Former skeptics,income,"$56,000 to $99,999",policy_specific_mean,60.714285714285715
Former skeptics,income,"$56,000 to $99,999",trust_multidimensional,76.25
Former skeptics,income,"$56,000 to $99,999",trust_post,75.0
Former skeptics,income,"Less than $30,000",behavior_mean,31.666666666666668
Former skeptics,income,"Less than $30,000",belief_post,55.0
Former skeptics,income,"Less than $30,000",concern_mean,60.0
Former skeptics,income,"Less than $30,000",distrust_post,35.0
Former skeptics,income,"Less than $30,000",donation_ams,2.0
Former skeptics,income,"Less than $30,000",funding_perceptions,50.0
Former skeptics,income,"Less than $30,000",inst_trust_mean,43.0
Former skeptics,income,"Less than $30,000",newsletter_signup,1.0
Former skeptics,income,"Less than $30,000",policy_general,30.0
Former skeptics,income,"Less than $30,000",policy_role_mean,38.75
Former skeptics,income,"Less than $30,000",policy_specific_mean,40.0
Former skeptics,income,"Less than $30,000",trust_multidimensional,45.0
Former skeptics,income,"Less than $30,000",trust_post,40.0
Former skeptics,party,Democrat,behavior_mean,68.33333333333333
Former skeptics,party,Democrat,belief_post,95.0
Former skeptics,party,Democrat,concern_mean,90.0
Former skeptics,party,Democrat,distrust_post,10.0
Former skeptics,party,Democrat,donation_ams,6.0
Former skeptics,party,Democrat,funding_perceptions,70.0
Former skeptics,party,Democrat,inst_trust_mean,86.0
Former skeptics,party,Democrat,newsletter_signup,50.0
Former skeptics,party,Democrat,policy_general,90.0
Former skeptics,party,Democrat,policy_role_mean,90.0
Former skeptics,party,Democrat,policy_specific_mean,87.85714285714286
Former skeptics,party,Democrat,trust_multidimensional,80.41666666666667
Former skeptics,party,Democrat,trust_post,80.0
Former skeptics,party,Independent,behavior_mean,54.166666666666664
Former skeptics,party,Independent,belief_post,85.0
Former skeptics,party,Independent,concern_mean,71.66666666666667
Former skeptics,party,Independent,distrust_post,35.0
Former skeptics,party,Independent,donation_ams,5.0
Former skeptics,party,Independent,funding_perceptions,50.0
Former skeptics,party,Independent,inst_trust_mean,73.0
Former skeptics,party,Independent,newsletter_signup,2.0
Former skeptics,party,Independent,policy_general,70.0
Former skeptics,party,Independent,policy_role_mean,67.5
Former skeptics,party,Independent,policy_specific_mean,67.14285714285714
Former skeptics,party,Independent,trust_multidimensional,68.75
Former skeptics,party,Independent,trust_post,65.0
Former skeptics,party,Other,behavior_mean,43.333333333333336
Former skeptics,party,Other,belief_post,90.0
Former skeptics,party,Other,concern_mean,51.666666666666664
Former skeptics,party,Other,distrust_post,20.0
Former skeptics,party,Other,donation_ams,3.0
Former skeptics,party,Other,funding_perceptions,60.0
Former skeptics,party,Other,inst_trust_mean,65.0
Former skeptics,party,Other,newsletter_signup,1.0
Former skeptics,party,Other,policy_general,30.0
Former skeptics,party,Other,policy_role_mean,41.25
Former skeptics,party,Other,policy_specific_mean,62.142857142857146
Former skeptics,party,Other,trust_multidimensional,75.0
Former skeptics,party,Other,trust_post,70.0
Former skeptics,party,Republican,behavior_mean,35.833333333333336
Former skeptics,party,Republican,belief_post,65.0
Former skeptics,party,Republican,concern_mean,61.666666666666664
Former skeptics,party,Republican,distrust_post,35.0
Former skeptics,party,Republican,donation_ams,3.0
Former skeptics,party,Republican,funding_perceptions,40.0
Former skeptics,party,Republican,inst_trust_mean,49.0
Former skeptics,party,Republican,newsletter_signup,1.0
Former skeptics,party,Republican,policy_general,30.0
Former skeptics,party,Republican,policy_role_mean,41.25
Former skeptics,party,Republican,policy_specific_mean,50.714285714285715
Former skeptics,party,Republican,trust_multidimensional,47.916666666666664
Former skeptics,party,Republican,trust_post,45.0
Former skeptics,race,Asian / Asian American,behavior_mean,52.5
Former skeptics,race,Asian / Asian American,belief_post,80.0
Former skeptics,race,Asian / Asian American,concern_mean,70.0
Former skeptics,race,Asian / Asian American,distrust_post,30.0
Former skeptics,race,Asian / Asian American,donation_ams,40.0
Former skeptics,race,Asian / Asian American,funding_perceptions,50.0
Former skeptics,race,Asian / Asian American,inst_trust_mean,74.0
Former skeptics,race,Asian / Asian American,newsletter_signup,30.0
Former skeptics,race,Asian / Asian American,policy_general,60.0
Former skeptics,race,Asian / Asian American,policy_role_mean,67.5
Former skeptics,race,Asian / Asian American,policy_specific_mean,59.285714285714285
Former skeptics,race,Asian / Asian American,trust_multidimensional,69.16666666666667
Former skeptics,race,Asian / Asian American,trust_post,65.0
Former skeptics,race,Black / African American,behavior_mean,42.5
Former skeptics,race,Black / African American,belief_post,80.0
Former skeptics,race,Black / African American,concern_mean,78.33333333333333
Former skeptics,race,Black / African American,distrust_post,30.0
Former skeptics,race,Black / African American,donation_ams,5.0
Former skeptics,race,Black / African American,funding_perceptions,50.0
Former skeptics,race,Black / African American,inst_trust_mean,57.0
Former skeptics,race,Black / African American,newsletter_signup,2.0
Former skeptics,race,Black / African American,policy_general,60.0
Former skeptics,race,Black / African American,policy_role_mean,67.5
Former skeptics,race,Black / African American,policy_specific_mean,67.14285714285714
Former skeptics,race,Black / African American,trust_multidimensional,62.083333333333336
Former skeptics,race,Black / African American,trust_post,60.0
Former skeptics,race,Hispanic / Latino,behavior_mean,45.833333333333336
Former skeptics,race,Hispanic / Latino,belief_post,90.0
Former skeptics,race,Hispanic / Latino,concern_mean,85.0
Former skeptics,race,Hispanic / Latino,distrust_post,25.0
Former skeptics,race,Hispanic / Latino,donation_ams,4.0
Former skeptics,race,Hispanic / Latino,funding_perceptions,50.0
Former skeptics,race,Hispanic / Latino,inst_trust_mean,78.0
Former skeptics,race,Hispanic / Latino,newsletter_signup,2.0
Former skeptics,race,Hispanic / Latino,policy_general,70.0
Former skeptics,race,Hispanic / Latino,policy_role_mean,72.5
Former skeptics,race,Hispanic / Latino,policy_specific_mean,70.0
Former skeptics,race,Hispanic / Latino,trust_multidimensional,75.83333333333333
Former skeptics,race,Hispanic / Latino,trust_post,75.0
Former skeptics,race,Other,behavior_mean,42.5
Former skeptics,race,Other,belief_post,80.0
Former skeptics,race,Other,concern_mean,65.0
Former skeptics,race,Other,distrust_post,35.0
Former skeptics,race,Other,donation_ams,4.0
Former skeptics,race,Other,funding_perceptions,50.0
Former skeptics,race,Other,inst_trust_mean,70.0
Former skeptics,race,Other,newsletter_signup,2.0
Former skeptics,race,Other,policy_general,55.0
Former skeptics,race,Other,policy_role_mean,48.75
Former skeptics,race,Other,policy_specific_mean,54.285714285714285
Former skeptics,race,Other,trust_multidimensional,67.08333333333333
Former skeptics,race,Other,trust_post,65.0
Former skeptics,race,White / Caucasian,behavior_mean,54.166666666666664
Former skeptics,race,White / Caucasian,belief_post,90.0
Former skeptics,race,White / Caucasian,concern_mean,85.0
Former skeptics,race,White / Caucasian,distrust_post,25.0
Former skeptics,race,White / Caucasian,donation_ams,5.0
Former skeptics,race,White / Caucasian,funding_perceptions,60.0
Former skeptics,race,White / Caucasian,inst_trust_mean,76.0
Former skeptics,race,White / Caucasian,newsletter_signup,3.0
Former skeptics,race,White / Caucasian,policy_general,65.0
Former skeptics,race,White / Caucasian,policy_role_mean,71.25
Former skeptics,race,White / Caucasian,policy_specific_mean,72.85714285714286
Former skeptics,race,White / Caucasian,trust_multidimensional,77.5
Former skeptics,race,White / Caucasian,trust_post,65.0
Funding,age_band,18-29,behavior_mean,70.83333333333333
Funding,age_band,18-29,belief_post,85.0
Funding,age_band,18-29,concern_mean,80.0
Funding,age_band,18-29,distrust_post,30.0
Funding,age_band,18-29,donation_ams,5.0
Funding,age_band,18-29,funding_perceptions,60.0
Funding,age_band,18-29,inst_trust_mean,63.0
Funding,age_band,18-29,newsletter_signup,3.0
Funding,age_band,18-29,policy_general,80.0
Funding,age_band,18-29,policy_role_mean,72.5
Funding,age_band,18-29,policy_specific_mean,74.28571428571429
Funding,age_band,18-29,trust_multidimensional,65.41666666666667
Funding,age_band,18-29,trust_post,60.0
Funding,age_band,30-44,behavior_mean,56.666666666666664
Funding,age_band,30-44,belief_post,85.0
Funding,age_band,30-44,concern_mean,78.33333333333333
Funding,age_band,30-44,distrust_post,20.0
Funding,age_band,30-44,donation_ams,5.0
Funding,age_band,30-44,funding_perceptions,60.0
Funding,age_band,30-44,inst_trust_mean,75.0
Funding,age_band,30-44,newsletter_signup,40.0
Funding,age_band,30-44,policy_general,80.0
Funding,age_band,30-44,policy_role_mean,77.5
Funding,age_band,30-44,policy_specific_mean,74.28571428571429
Funding,age_band,30-44,trust_multidimensional,70.41666666666667
Funding,age_band,30-44,trust_post,70.0
Funding,age_band,45-59,behavior_mean,52.5
Funding,age_band,45-59,belief_post,80.0
Funding,age_band,45-59,concern_mean,78.33333333333333
Funding,age_band,45-59,distrust_post,20.0
Funding,age_band,45-59,donation_ams,40.0
Funding,age_band,45-59,funding_perceptions,70.0
Funding,age_band,45-59,inst_trust_mean,75.0
Funding,age_band,45-59,newsletter_signup,25.0
Funding,age_band,45-59,policy_general,75.0
Funding,age_band,45-59,policy_role_mean,72.5
Funding,age_band,45-59,policy_specific_mean,68.57142857142857
Funding,age_band,45-59,trust_multidimensional,60.416666666666664
Funding,age_band,45-59,trust_post,70.0
Funding,age_band,60+,behavior_mean,38.333333333333336
Funding,age_band,60+,belief_post,60.0
Funding,age_band,60+,concern_mean,68.33333333333333
Funding,age_band,60+,distrust_post,30.0
Funding,age_band,60+,donation_ams,4.0
Funding,age_band,60+,funding_perceptions,50.0
Funding,age_band,60+,inst_trust_mean,67.0
Funding,age_band,60+,newsletter_signup,3.0
Funding,age_band,60+,policy_general,65.0
Funding,age_band,60+,policy_role_mean,71.25
Funding,age_band,60+,policy_specific_mean,61.42857142857143
Funding,age_band,60+,trust_multidimensional,62.916666666666664
Funding,age_band,60+,trust_post,55.0
Funding,education,Bachelor's degree,behavior_mean,56.666666666666664
Funding,education,Bachelor's degree,belief_post,90.0
Funding,education,Bachelor's degree,concern_mean,80.0
Funding,education,Bachelor's degree,distrust_post,20.0
Funding,education,Bachelor's degree,donation_ams,5.0
Funding,education,Bachelor's degree,funding_perceptions,60.0
Funding,education,Bachelor's degree,inst_trust_mean,75.0
Funding,education,Bachelor's degree,newsletter_signup,30.0
Funding,education,Bachelor's degree,policy_general,80.0
Funding,education,Bachelor's degree,policy_role_mean,73.75
Funding,education,Bachelor's degree,policy_specific_mean,69.28571428571429
Funding,education,Bachelor's degree,trust_multidimensional,67.5
Funding,education,Bachelor's degree,trust_post,70.0
Funding,education,Doctorate degree / Ph.D.,behavior_mean,82.5
Funding,education,Doctorate degree / Ph.D.,belief_post,95.0
Funding,education,Doctorate degree / Ph.D.,concern_mean,91.66666666666667
Funding,education,Doctorate degree / Ph.D.,distrust_post,5.0
Funding,education,Doctorate degree / Ph.D.,donation_ams,8.0
Funding,education,Doctorate degree / Ph.D.,funding_perceptions,60.0
Funding,education,Doctorate degree / Ph.D.,inst_trust_mean,91.0
Funding,education,Doctorate degree / Ph.D.,newsletter_signup,1.0
Funding,education,Doctorate degree / Ph.D.,policy_general,90.0
Funding,education,Doctorate degree / Ph.D.,policy_role_mean,92.5
Funding,education,Doctorate degree / Ph.D.,policy_specific_mean,85.0
Funding,education,Doctorate degree / Ph.D.,trust_multidimensional,83.33333333333333
Funding,education,Doctorate degree / Ph.D.,trust_post,90.0
Funding,education,High school diploma / GED,behavior_mean,42.5
Funding,education,High school diploma / GED,belief_post,75.0
Funding,education,High school diploma / GED,concern_mean,61.666666666666664
Funding,education,High school diploma / GED,distrust_post,35.0
Funding,education,High school diploma / GED,donation_ams,3.0
Funding,education,High school diploma / GED,funding_perceptions,50.0
Funding,education,High school diploma / GED,inst_trust_mean,68.0
Funding,education,High school diploma / GED,newsletter_signup,30.0
Funding,education,High school diploma / GED,policy_general,70.0
Funding,education,High school diploma / GED,policy_role_mean,65.0
Funding,education,High school diploma / GED,policy_specific_mean,66.42857142857143
Funding,education,High school diploma / GED,trust_multidimensional,60.0
Funding,education,High school diploma / GED,trust_post,65.0
Funding,education,Less than high school,behavior_mean,32.5
Funding,education,Less than high school,belief_post,55.0
Funding,education,Less than high school,concern_mean,55.0
Funding,education,Less than high school,distrust_post,40.0
Funding,education,Less than high school,donation_ams,3.0
Funding,education,Less than high school,funding_perceptions,50.0
Funding,education,Less than high school,inst_trust_mean,41.0
Funding,education,Less than high school,newsletter_signup,50.0
Funding,education,Less than high school,policy_general,30.0
Funding,education,Less than high school,policy_role_mean,47.5
Funding,education,Less than high school,policy_specific_mean,47.142857142857146
Funding,education,Less than high school,trust_multidimensional,43.333333333333336
Funding,education,Less than high school,trust_post,45.0
Funding,education,Master's degree / Professional degree,behavior_mean,69.16666666666667
Funding,education,Master's degree / Professional degree,belief_post,95.0
Funding,education,Master's degree / Professional degree,concern_mean,85.0
Funding,education,Master's degree / Professional degree,distrust_post,15.0
Funding,education,Master's degree / Professional degree,donation_ams,60.0
Funding,education,Master's degree / Professional degree,funding_perceptions,60.0
Funding,education,Master's degree / Professional degree,inst_trust_mean,77.0
Funding,education,Master's degree / Professional degree,newsletter_signup,30.0
Funding,education,Master's degree / Professional degree,policy_general,75.0
Funding,education,Master's degree / Professional degree,policy_role_mean,85.0
Funding,education,Master's degree / Professional degree,policy_specific_mean,79.28571428571429
Funding,education,Master's degree / Professional degree,trust_multidimensional,80.0
Funding,education,Master's degree / Professional degree,trust_post,85.0
Funding,education,Some college or Associate's degree,behavior_mean,49.166666666666664
Funding,education,Some college or Associate's degree,belief_post,80.0
Funding,education,Some college or Associate's degree,concern_mean,61.666666666666664
Funding,education,Some college or Associate's degree,distrust_post,20.0
Funding,education,Some college or Associate's degree,donation_ams,40.0
Funding,education,Some college or Associate's degree,funding_perceptions,55.0
Funding,education,Some college or Associate's degree,inst_trust_mean,70.0
Funding,education,Some college or Associate's degree,newsletter_signup,30.0
Funding,education,Some college or Associate's degree,policy_general,75.0
Funding,education,Some college or Associate's degree,policy_role_mean,77.5
Funding,education,Some college or Associate's degree,policy_specific_mean,70.71428571428571
Funding,education,Some college or Associate's degree,trust_multidimensional,65.0
Funding,education,Some college or Associate's degree,trust_post,65.0
Funding,gender,Female,behavior_mean,64.16666666666667
Funding,gender,Female,belief_post,85.0
Funding,gender,Female,concern_mean,80.0
Funding,gender,Female,distrust_post,20.0
Funding,gender,Female,donation_ams,4.0
Funding,gender,Female,funding_perceptions,50.0
Funding,gender,Female,inst_trust_mean,79.0
Funding,gender,Female,newsletter_signup,40.0
Funding,gender,Female,policy_general,80.0
Funding,gender,Female,policy_role_mean,77.5
Funding,gender,Female,policy_specific_mean,77.85714285714286
Funding,gender,Female,trust_multidimensional,71.25
Funding,gender,Female,trust_post,80.0
Funding,gender,Male,behavior_mean,55.0
Funding,gender,Male,belief_post,90.0
Funding,gender,Male,concern_mean,81.66666666666667
Funding,gender,Male,distrust_post,30.0
Funding,gender,Male,donation_ams,5.0
Funding,gender,Male,funding_perceptions,60.0
Funding,gender,Male,inst_trust_mean,73.0
Funding,gender,Male,newsletter_signup,2.0
Funding,gender,Male,policy_general,65.0
Funding,gender,Male,policy_role_mean,81.25
Funding,gender,Male,policy_specific_mean,75.71428571428571
Funding,gender,Male,trust_multidimensional,82.5
Funding,gender,Male,trust_post,70.0
Funding,gender,Other,behavior_mean,41.666666666666664
Funding,gender,Other,belief_post,75.0
Funding,gender,Other,concern_mean,66.66666666666667
Funding,gender,Other,distrust_post,35.0
Funding,gender,Other,donation_ams,3.0
Funding,gender,Other,funding_perceptions,60.0
Funding,gender,Other,inst_trust_mean,67.0
Funding,gender,Other,newsletter_signup,40.0
Funding,gender,Other,policy_general,70.0
Funding,gender,Other,policy_role_mean,76.25
Funding,gender,Other,policy_specific_mean,64.28571428571429
Funding,gender,Other,trust_multidimensional,61.666666666666664
Funding,gender,Other,trust_post,65.0
Funding,income,"$100,000 to $167,999",behavior_mean,66.66666666666667
Funding,income,"$100,000 to $167,999",belief_post,85.0
Funding,income,"$100,000 to $167,999",concern_mean,76.66666666666667
Funding,income,"$100,000 to $167,999",distrust_post,20.0
Funding,income,"$100,000 to $167,999",donation_ams,5.0
Funding,income,"$100,000 to $167,999",funding_perceptions,60.0
Funding,income,"$100,000 to $167,999",inst_trust_mean,78.0
Funding,income,"$100,000 to $167,999",newsletter_signup,30.0
Funding,income,"$100,000 to $167,999",policy_general,80.0
Funding,income,"$100,000 to $167,999",policy_role_mean,77.5
Funding,income,"$100,000 to $167,999",policy_specific_mean,69.28571428571429
Funding,income,"$100,000 to $167,999",trust_multidimensional,67.91666666666667
Funding,income,"$100,000 to $167,999",trust_post,75.0
Funding,income,"$168,000 or more",behavior_mean,73.33333333333333
Funding,income,"$168,000 or more",belief_post,95.0
Funding,income,"$168,000 or more",concern_mean,85.0
Funding,income,"$168,000 or more",distrust_post,15.0
Funding,income,"$168,000 or more",donation_ams,6.0
Funding,income,"$168,000 or more",funding_perceptions,50.0
Funding,income,"$168,000 or more",inst_trust_mean,79.0
Funding,income,"$168,000 or more",newsletter_signup,50.0
Funding,income,"$168,000 or more",policy_general,80.0
Funding,income,"$168,000 or more",policy_role_mean,86.25
Funding,income,"$168,000 or more",policy_specific_mean,85.71428571428571
Funding,income,"$168,000 or more",trust_multidimensional,83.75
Funding,income,"$168,000 or more",trust_post,80.0
Funding,income,"$30,000 to $55,999",behavior_mean,34.166666666666664
Funding,income,"$30,000 to $55,999",belief_post,75.0
Funding,income,"$30,000 to $55,999",concern_mean,55.0
Funding,income,"$30,000 to $55,999",distrust_post,35.0
Funding,income,"$30,000 to $55,999",donation_ams,3.0
Funding,income,"$30,000 to $55,999",funding_perceptions,60.0
Funding,income,"$30,000 to $55,999",inst_trust_mean,63.0
Funding,income,"$30,000 to $55,999",newsletter_signup,30.0
Funding,income,"$30,000 to $55,999",policy_general,60.0
Funding,income,"$30,000 to $55,999",policy_role_mean,61.25
Funding,income,"$30,000 to $55,999",policy_specific_mean,57.142857142857146
Funding,income,"$30,000 to $55,999",trust_multidimensional,54.583333333333336
Funding,income,"$30,000 to $55,999",trust_post,65.0
Funding,income,"$56,000 to $99,999",behavior_mean,67.5
Funding,income,"$56,000 to $99,999",belief_post,90.0
Funding,income,"$56,000 to $99,999",concern_mean,68.33333333333333
Funding,income,"$56,000 to $99,999",distrust_post,25.0
Funding,income,"$56,000 to $99,999",donation_ams,5.0
Funding,income,"$56,000 to $99,999",funding_perceptions,70.0
Funding,income,"$56,000 to $99,999",inst_trust_mean,70.0
Funding,income,"$56,000 to $99,999",newsletter_signup,40.0
Funding,income,"$56,000 to $99,999",policy_general,80.0
Funding,income,"$56,000 to $99,999",policy_role_mean,77.5
Funding,income,"$56,000 to $99,999",policy_specific_mean,77.85714285714286
Funding,income,"$56,000 to $99,999",trust_multidimensional,67.5
Funding,income,"$56,000 to $99,999",trust_post,60.0
Funding,income,"Less than $30,000",behavior_mean,35.833333333333336
Funding,income,"Less than $30,000",belief_post,50.0
Funding,income,"Less than $30,000",concern_mean,60.0
Funding,income,"Less than $30,000",distrust_post,30.0
Funding,income,"Less than $30,000",donation_ams,5.0
Funding,income,"Less than $30,000",funding_perceptions,30.0
Funding,income,"Less than $30,000",inst_trust_mean,39.0
Funding,income,"Less than $30,000",newsletter_signup,30.0
Funding,income,"Less than $30,000",policy_general,50.0
Funding,income,"Less than $30,000",policy_role_mean,37.5
Funding,income,"Less than $30,000",policy_specific_mean,39.285714285714285
Funding,income,"Less than $30,000",trust_multidimensional,42.5
Funding,income,"Less than $30,000",trust_post,45.0
Funding,party,Democrat,behavior_mean,75.83333333333333
Funding,party,Democrat,belief_post,95.0
Funding,party,Democrat,concern_mean,91.66666666666667
Funding,party,Democrat,distrust_post,10.0
Funding,party,Democrat,donation_ams,6.0
Funding,party,Democrat,funding_perceptions,80.0
Funding,party,Democrat,inst_trust_mean,89.0
Funding,party,Democrat,newsletter_signup,50.0
Funding,party,Democrat,policy_general,95.0
Funding,party,Democrat,policy_role_mean,95.0
Funding,party,Democrat,policy_specific_mean,89.28571428571429
Funding,party,Democrat,trust_multidimensional,88.33333333333333
Funding,party,Democrat,trust_post,85.0
Funding,party,Independent,behavior_mean,40.833333333333336
Funding,party,Independent,belief_post,70.0
Funding,party,Independent,concern_mean,63.333333333333336
Funding,party,Independent,distrust_post,35.0
Funding,party,Independent,donation_ams,4.0
Funding,party,Independent,funding_perceptions,60.0
Funding,party,Independent,inst_trust_mean,68.0
Funding,party,Independent,newsletter_signup,3.0
Funding,party,Independent,policy_general,60.0
Funding,party,Independent,policy_role_mean,61.25
Funding,party,Independent,policy_specific_mean,59.285714285714285
Funding,party,Independent,trust_multidimensional,53.75
Funding,party,Independent,trust_post,65.0
Funding,party,Other,behavior_mean,50.833333333333336
Funding,party,Other,belief_post,90.0
Funding,party,Other,concern_mean,78.33333333333333
Funding,party,Other,distrust_post,30.0
Funding,party,Other,donation_ams,4.0
Funding,party,Other,funding_perceptions,60.0
Funding,party,Other,inst_trust_mean,75.0
Funding,party,Other,newsletter_signup,30.0
Funding,party,Other,policy_general,70.0
Funding,party,Other,policy_role_mean,72.5
Funding,party,Other,policy_specific_mean,65.71428571428571
Funding,party,Other,trust_multidimensional,70.83333333333333
Funding,party,Other,trust_post,65.0
Funding,party,Republican,behavior_mean,36.666666666666664
Funding,party,Republican,belief_post,55.0
Funding,party,Republican,concern_mean,55.0
Funding,party,Republican,distrust_post,40.0
Funding,party,Republican,donation_ams,3.0
Funding,party,Republican,funding_perceptions,55.0
Funding,party,Republican,inst_trust_mean,38.0
Funding,party,Republican,newsletter_signup,30.0
Funding,party,Republican,policy_general,20.0
Funding,party,Republican,policy_role_mean,51.25
Funding,party,Republican,policy_specific_mean,49.285714285714285
Funding,party,Republican,trust_multidimensional,40.833333333333336
Funding,party,Republican,trust_post,40.0
Funding,race,Asian / Asian American,behavior_mean,55.0
Funding,race,Asian / Asian American,belief_post,85.0
Funding,race,Asian / Asian American,concern_mean,75.0
Funding,race,Asian / Asian American,distrust_post,25.0
Funding,race,Asian / Asian American,donation_ams,40.0
Funding,race,Asian / Asian American,funding_perceptions,50.0
Funding,race,Asian / Asian American,inst_trust_mean,78.0
Funding,race,Asian / Asian American,newsletter_signup,30.0
Funding,race,Asian / Asian American,policy_general,70.0
Funding,race,Asian / Asian American,policy_role_mean,75.0
Funding,race,Asian / Asian American,policy_specific_mean,67.14285714285714
Funding,race,Asian / Asian American,trust_multidimensional,75.83333333333333
Funding,race,Asian / Asian American,trust_post,75.0
Funding,race,Black / African American,behavior_mean,63.333333333333336
Funding,race,Black / African American,belief_post,70.0
Funding,race,Black / African American,concern_mean,76.66666666666667
Funding,race,Black / African American,distrust_post,55.0
Funding,race,Black / African American,donation_ams,40.0
Funding,race,Black / African American,funding_perceptions,50.0
Funding,race,Black / African American,inst_trust_mean,41.0
Funding,race,Black / African American,newsletter_signup,45.0
Funding,race,Black / African American,policy_general,80.0
Funding,race,Black / African American,policy_role_mean,67.5
Funding,race,Black / African American,policy_specific_mean,73.57142857142857
Funding,race,Black / African American,trust_multidimensional,49.583333333333336
Funding,race,Black / African American,trust_post,45.0
Funding,race,Hispanic / Latino,behavior_mean,60.833333333333336
Funding,race,Hispanic / Latino,belief_post,80.0
Funding,race,Hispanic / Latino,concern_mean,80.0
Funding,race,Hispanic / Latino,distrust_post,35.0
Funding,race,Hispanic / Latino,donation_ams,5.0
Funding,race,Hispanic / Latino,funding_perceptions,60.0
Funding,race,Hispanic / Latino,inst_trust_mean,62.0
Funding,race,Hispanic / Latino,newsletter_signup,30.0
Funding,race,Hispanic / Latino,policy_general,75.0
Funding,race,Hispanic / Latino,policy_role_mean,71.25
Funding,race,Hispanic / Latino,policy_specific_mean,70.0
Funding,race,Hispanic / Latino,trust_multidimensional,56.666666666666664
Funding,race,Hispanic / Latino,trust_post,65.0
Funding,race,Other,behavior_mean,45.833333333333336
Funding,race,Other,belief_post,85.0
Funding,race,Other,concern_mean,70.0
Funding,race,Other,distrust_post,35.0
Funding,race,Other,donation_ams,3.0
Funding,race,Other,funding_perceptions,60.0
Funding,race,Other,inst_trust_mean,72.0
Funding,race,Other,newsletter_signup,40.0
Funding,race,Other,policy_general,65.0
Funding,race,Other,policy_role_mean,73.75
Funding,race,Other,policy_specific_mean,70.71428571428571
Funding,race,Other,trust_multidimensional,67.5
Funding,race,Other,trust_post,65.0
Funding,race,White / Caucasian,behavior_mean,46.666666666666664
Funding,race,White / Caucasian,belief_post,85.0
Funding,race,White / Caucasian,concern_mean,81.66666666666667
Funding,race,White / Caucasian,distrust_post,25.0
Funding,race,White / Caucasian,donation_ams,3.0
Funding,race,White / Caucasian,funding_perceptions,70.0
Funding,race,White / Caucasian,inst_trust_mean,76.0
Funding,race,White / Caucasian,newsletter_signup,35.0
Funding,race,White / Caucasian,policy_general,70.0
Funding,race,White / Caucasian,policy_role_mean,75.0
Funding,race,White / Caucasian,policy_specific_mean,72.85714285714286
Funding,race,White / Caucasian,trust_multidimensional,75.0
Funding,race,White / Caucasian,trust_post,75.0
High public trust,age_band,18-29,behavior_mean,67.5
High public trust,age_band,18-29,belief_post,90.0
High public trust,age_band,18-29,concern_mean,76.66666666666667
High public trust,age_band,18-29,distrust_post,20.0
High public trust,age_band,18-29,donation_ams,5.0
High public trust,age_band,18-29,funding_perceptions,60.0
High public trust,age_band,18-29,inst_trust_mean,73.0
High public trust,age_band,18-29,newsletter_signup,30.0
High public trust,age_band,18-29,policy_general,75.0
High public trust,age_band,18-29,policy_role_mean,71.25
High public trust,age_band,18-29,policy_specific_mean,66.42857142857143
High public trust,age_band,18-29,trust_multidimensional,75.41666666666667
High public trust,age_band,18-29,trust_post,70.0
High public trust,age_band,30-44,behavior_mean,58.333333333333336
High public trust,age_band,30-44,belief_post,85.0
High public trust,age_band,30-44,concern_mean,71.66666666666667
High public trust,age_band,30-44,distrust_post,15.0
High public trust,age_band,30-44,donation_ams,40.0
High public trust,age_band,30-44,funding_perceptions,45.0
High public trust,age_band,30-44,inst_trust_mean,74.0
High public trust,age_band,30-44,newsletter_signup,45.0
High public trust,age_band,30-44,policy_general,65.0
High public trust,age_band,30-44,policy_role_mean,75.75
High public trust,age_band,30-44,policy_specific_mean,70.0
High public trust,age_band,30-44,trust_multidimensional,79.66666666666667
High public trust,age_band,30-44,trust_post,80.0
High public trust,age_band,45-59,behavior_mean,38.333333333333336
High public trust,age_band,45-59,belief_post,85.0
High public trust,age_band,45-59,concern_mean,56.666666666666664
High public trust,age_band,45-59,distrust_post,15.0
High public trust,age_band,45-59,donation_ams,4.0
High public trust,age_band,45-59,funding_perceptions,45.0
High public trust,age_band,45-59,inst_trust_mean,75.0
High public trust,age_band,45-59,newsletter_signup,30.0
High public trust,age_band,45-59,policy_general,60.0
High public trust,age_band,45-59,policy_role_mean,62.5
High public trust,age_band,45-59,policy_specific_mean,52.142857142857146
High public trust,age_band,45-59,trust_multidimensional,70.66666666666667
High public trust,age_band,45-59,trust_post,75.0
High public trust,age_band,60+,behavior_mean,43.333333333333336
High public trust,age_band,60+,belief_post,85.0
High public trust,age_band,60+,concern_mean,80.0
High public trust,age_band,60+,distrust_post,15.0
High public trust,age_band,60+,donation_ams,5.0
High public trust,age_band,60+,funding_perceptions,50.0
High public trust,age_band,60+,inst_trust_mean,76.0
High public trust,age_band,60+,newsletter_signup,30.0
High public trust,age_band,60+,policy_general,70.0
High public trust,age_band,60+,policy_role_mean,75.0
High public trust,age_band,60+,policy_specific_mean,72.85714285714286
High public trust,age_band,60+,trust_multidimensional,80.83333333333333
High public trust,age_band,60+,trust_post,80.0
High public trust,education,Bachelor's degree,behavior_mean,60.0
High public trust,education,Bachelor's degree,belief_post,85.0
High public trust,education,Bachelor's degree,concern_mean,75.0
High public trust,education,Bachelor's degree,distrust_post,20.0
High public trust,education,Bachelor's degree,donation_ams,50.0
High public trust,education,Bachelor's degree,funding_perceptions,60.0
High public trust,education,Bachelor's degree,inst_trust_mean,75.0
High public trust,education,Bachelor's degree,newsletter_signup,50.0
High public trust,education,Bachelor's degree,policy_general,75.0
High public trust,education,Bachelor's degree,policy_role_mean,80.0
High public trust,education,Bachelor's degree,policy_specific_mean,77.85714285714286
High public trust,education,Bachelor's degree,trust_multidimensional,80.83333333333333
High public trust,education,Bachelor's degree,trust_post,80.0
High public trust,education,Doctorate degree / Ph.D.,behavior_mean,76.66666666666667
High public trust,education,Doctorate degree / Ph.D.,belief_post,95.0
High public trust,education,Doctorate degree / Ph.D.,concern_mean,86.66666666666667
High public trust,education,Doctorate degree / Ph.D.,distrust_post,5.0
High public trust,education,Doctorate degree / Ph.D.,donation_ams,7.0
High public trust,education,Doctorate degree / Ph.D.,funding_perceptions,60.0
High public trust,education,Doctorate degree / Ph.D.,inst_trust_mean,91.0
High public trust,education,Doctorate degree / Ph.D.,newsletter_signup,50.0
High public trust,education,Doctorate degree / Ph.D.,policy_general,90.0
High public trust,education,Doctorate degree / Ph.D.,policy_role_mean,92.5
High public trust,education,Doctorate degree / Ph.D.,policy_specific_mean,80.71428571428571
High public trust,education,Doctorate degree / Ph.D.,trust_multidimensional,83.75
High public trust,education,Doctorate degree / Ph.D.,trust_post,95.0
High public trust,education,High school diploma / GED,behavior_mean,39.166666666666664
High public trust,education,High school diploma / GED,belief_post,85.0
High public trust,education,High school diploma / GED,concern_mean,65.0
High public trust,education,High school diploma / GED,distrust_post,20.0
High public trust,education,High school diploma / GED,donation_ams,4.0
High public trust,education,High school diploma / GED,funding_perceptions,50.0
High public trust,education,High school diploma / GED,inst_trust_mean,75.0
High public trust,education,High school diploma / GED,newsletter_signup,3.0
High public trust,education,High school diploma / GED,policy_general,65.0
High public trust,education,High school diploma / GED,policy_role_mean,75.0
High public trust,education,High school diploma / GED,policy_specific_mean,67.14285714285714
High public trust,education,High school diploma / GED,trust_multidimensional,74.58333333333333
High public trust,education,High school diploma / GED,trust_post,80.0
High public trust,education,Less than high school,behavior_mean,41.666666666666664
High public trust,education,Less than high school,belief_post,85.0
High public trust,education,Less than high school,concern_mean,80.0
High public trust,education,Less than high school,distrust_post,20.0
High public trust,education,Less than high school,donation_ams,5.0
High public trust,education,Less than high school,funding_perceptions,60.0
High public trust,education,Less than high school,inst_trust_mean,64.0
High public trust,education,Less than high school,newsletter_signup,30.0
High public trust,education,Less than high school,policy_general,70.0
High public trust,education,Less than high school,policy_role_mean,71.25
High public trust,education,Less than high school,policy_specific_mean,66.42857142857143
High public trust,education,Less than high school,trust_multidimensional,58.75
High public trust,education,Less than high school,trust_post,65.0
High public trust,education,Master's degree / Professional degree,behavior_mean,70.83333333333333
High public trust,education,Master's degree / Professional degree,belief_post,90.0
High public trust,education,Master's degree / Professional degree,concern_mean,80.0
High public trust,education,Master's degree / Professional degree,distrust_post,10.0
High public trust,education,Master's degree / Professional degree,donation_ams,5.0
High public trust,education,Master's degree / Professional degree,funding_perceptions,50.0
High public trust,education,Master's degree / Professional degree,inst_trust_mean,82.0
High public trust,education,Master's degree / Professional degree,newsletter_signup,30.0
High public trust,education,Master's degree / Professional degree,policy_general,85.0
High public trust,education,Master's degree / Professional degree,policy_role_mean,87.5
High public trust,education,Master's degree / Professional degree,policy_specific_mean,85.71428571428571
High public trust,education,Master's degree / Professional degree,trust_multidimensional,76.25
High public trust,education,Master's degree / Professional degree,trust_post,85.0
High public trust,education,Some college or Associate's degree,behavior_mean,63.333333333333336
High public trust,education,Some college or Associate's degree,belief_post,90.0
High public trust,education,Some college or Associate's degree,concern_mean,76.66666666666667
High public trust,education,Some college or Associate's degree,distrust_post,25.0
High public trust,education,Some college or Associate's degree,donation_ams,4.0
High public trust,education,Some college or Associate's degree,funding_perceptions,50.0
High public trust,education,Some college or Associate's degree,inst_trust_mean,76.0
High public trust,education,Some college or Associate's degree,newsletter_signup,45.0
High public trust,education,Some college or Associate's degree,policy_general,80.0
High public trust,education,Some college or Associate's degree,policy_role_mean,81.25
High public trust,education,Some college or Associate's degree,policy_specific_mean,72.85714285714286
High public trust,education,Some college or Associate's degree,trust_multidimensional,75.83333333333333
High public trust,education,Some college or Associate's degree,trust_post,75.0
High public trust,gender,Female,behavior_mean,75.0
High public trust,gender,Female,belief_post,90.0
High public trust,gender,Female,concern_mean,88.33333333333333
High public trust,gender,Female,distrust_post,15.0
High public trust,gender,Female,donation_ams,6.0
High public trust,gender,Female,funding_perceptions,70.0
High public trust,gender,Female,inst_trust_mean,82.0
High public trust,gender,Female,newsletter_signup,2.0
High public trust,gender,Female,policy_general,85.0
High public trust,gender,Female,policy_role_mean,81.25
High public trust,gender,Female,policy_specific_mean,83.57142857142857
High public trust,gender,Female,trust_multidimensional,77.08333333333333
High public trust,gender,Female,trust_post,80.0
High public trust,gender,Male,behavior_mean,53.333333333333336
High public trust,gender,Male,belief_post,90.0
High public trust,gender,Male,concern_mean,80.0
High public trust,gender,Male,distrust_post,10.0
High public trust,gender,Male,donation_ams,4.0
High public trust,gender,Male,funding_perceptions,50.0
High public trust,gender,Male,inst_trust_mean,79.0
High public trust,gender,Male,newsletter_signup,30.0
High public trust,gender,Male,policy_general,60.0
High public trust,gender,Male,policy_role_mean,80.0
High public trust,gender,Male,policy_specific_mean,63.57142857142857
High public trust,gender,Male,trust_multidimensional,72.5
High public trust,gender,Male,trust_post,85.0
High public trust,gender,Other,behavior_mean,53.333333333333336
High public trust,gender,Other,belief_post,90.0
High public trust,gender,Other,concern_mean,76.66666666666667
High public trust,gender,Other,distrust_post,10.0
High public trust,gender,Other,donation_ams,5.0
High public trust,gender,Other,funding_perceptions,70.0
High public trust,gender,Other,inst_trust_mean,86.0
High public trust,gender,Other,newsletter_signup,0.0
High public trust,gender,Other,policy_general,80.0
High public trust,gender,Other,policy_role_mean,80.0
High public trust,gender,Other,policy_specific_mean,70.71428571428571
High public trust,gender,Other,trust_multidimensional,86.66666666666667
High public trust,gender,Other,trust_post,85.0
High public trust,income,"$100,000 to $167,999",behavior_mean,56.666666666666664
High public trust,income,"$100,000 to $167,999",belief_post,85.0
High public trust,income,"$100,000 to $167,999",concern_mean,81.66666666666667
High public trust,income,"$100,000 to $167,999",distrust_post,20.0
High public trust,income,"$100,000 to $167,999",donation_ams,5.0
High public trust,income,"$100,000 to $167,999",funding_perceptions,50.0
High public trust,income,"$100,000 to $167,999",inst_trust_mean,77.0
High public trust,income,"$100,000 to $167,999",newsletter_signup,3.0
High public trust,income,"$100,000 to $167,999",policy_general,75.0
High public trust,income,"$100,000 to $167,999",policy_role_mean,77.5
High public trust,income,"$100,000 to $167,999",policy_specific_mean,65.71428571428571
High public trust,income,"$100,000 to $167,999",trust_multidimensional,69.16666666666667
High public trust,income,"$100,000 to $167,999",trust_post,70.0
High public trust,income,"$168,000 or more",behavior_mean,80.83333333333333
High public trust,income,"$168,000 or more",belief_post,90.0
High public trust,income,"$168,000 or more",concern_mean,90.0
High public trust,income,"$168,000 or more",distrust_post,10.0
High public trust,income,"$168,000 or more",donation_ams,6.0
High public trust,income,"$168,000 or more",funding_perceptions,50.0
High public trust,income,"$168,000 or more",inst_trust_mean,81.0
High public trust,income,"$168,000 or more",newsletter_signup,30.0
High public trust,income,"$168,000 or more",policy_general,80.0
High public trust,income,"$168,000 or more",policy_role_mean,86.25
High public trust,income,"$168,000 or more",policy_specific_mean,83.57142857142857
High public trust,income,"$168,000 or more",trust_multidimensional,75.83333333333333
High public trust,income,"$168,000 or more",trust_post,85.0
High public trust,income,"$30,000 to $55,999",behavior_mean,40.833333333333336
High public trust,income,"$30,000 to $55,999",belief_post,90.0
High public trust,income,"$30,000 to $55,999",concern_mean,60.0
High public trust,income,"$30,000 to $55,999",distrust_post,25.0
High public trust,income,"$30,000 to $55,999",donation_ams,4.0
High public trust,income,"$30,000 to $55,999",funding_perceptions,50.0
High public trust,income,"$30,000 to $55,999",inst_trust_mean,74.0
High public trust,income,"$30,000 to $55,999",newsletter_signup,3.0
High public trust,income,"$30,000 to $55,999",policy_general,70.0
High public trust,income,"$30,000 to $55,999",policy_role_mean,72.0
High public trust,income,"$30,000 to $55,999",policy_specific_mean,64.28571428571429
High public trust,income,"$30,000 to $55,999",trust_multidimensional,70.83333333333333
High public trust,income,"$30,000 to $55,999",trust_post,75.0
High public trust,income,"$56,000 to $99,999",behavior_mean,56.666666666666664
High public trust,income,"$56,000 to $99,999",belief_post,90.0
High public trust,income,"$56,000 to $99,999",concern_mean,68.33333333333333
High public trust,income,"$56,000 to $99,999",distrust_post,10.0
High public trust,income,"$56,000 to $99,999",donation_ams,3.0
High public trust,income,"$56,000 to $99,999",funding_perceptions,50.0
High public trust,income,"$56,000 to $99,999",inst_trust_mean,78.0
High public trust,income,"$56,000 to $99,999",newsletter_signup,40.0
High public trust,income,"$56,000 to $99,999",policy_general,75.0
High public trust,income,"$56,000 to $99,999",policy_role_mean,85.0
High public trust,income,"$56,000 to $99,999",policy_specific_mean,71.42857142857143
High public trust,income,"$56,000 to $99,999",trust_multidimensional,80.41666666666667
High public trust,income,"$56,000 to $99,999",trust_post,85.0
High public trust,income,"Less than $30,000",behavior_mean,40.0
High public trust,income,"Less than $30,000",belief_post,75.0
High public trust,income,"Less than $30,000",concern_mean,60.0
High public trust,income,"Less than $30,000",distrust_post,30.0
High public trust,income,"Less than $30,000",donation_ams,3.0
High public trust,income,"Less than $30,000",funding_perceptions,30.0
High public trust,income,"Less than $30,000",inst_trust_mean,47.0
High public trust,income,"Less than $30,000",newsletter_signup,30.0
High public trust,income,"Less than $30,000",policy_general,50.0
High public trust,income,"Less than $30,000",policy_role_mean,63.75
High public trust,income,"Less than $30,000",policy_specific_mean,50.714285714285715
High public trust,income,"Less than $30,000",trust_multidimensional,63.333333333333336
High public trust,income,"Less than $30,000",trust_post,65.0
High public trust,party,Democrat,behavior_mean,80.0
High public trust,party,Democrat,belief_post,95.0
High public trust,party,Democrat,concern_mean,85.0
High public trust,party,Democrat,distrust_post,10.0
High public trust,party,Democrat,donation_ams,6.0
High public trust,party,Democrat,funding_perceptions,70.0
High public trust,party,Democrat,inst_trust_mean,79.0
High public trust,party,Democrat,newsletter_signup,50.0
High public trust,party,Democrat,policy_general,90.0
High public trust,party,Democrat,policy_role_mean,90.0
High public trust,party,Democrat,policy_specific_mean,92.85714285714286
High public trust,party,Democrat,trust_multidimensional,80.41666666666667
High public trust,party,Democrat,trust_post,80.0
High public trust,party,Independent,behavior_mean,49.166666666666664
High public trust,party,Independent,belief_post,75.0
High public trust,party,Independent,concern_mean,61.666666666666664
High public trust,party,Independent,distrust_post,30.0
High public trust,party,Independent,donation_ams,4.0
High public trust,party,Independent,funding_perceptions,60.0
High public trust,party,Independent,inst_trust_mean,69.0
High public trust,party,Independent,newsletter_signup,40.0
High public trust,party,Independent,policy_general,60.0
High public trust,party,Independent,policy_role_mean,61.25
High public trust,party,Independent,policy_specific_mean,62.857142857142854
High public trust,party,Independent,trust_multidimensional,67.91666666666667
High public trust,party,Independent,trust_post,70.0
High public trust,party,Other,behavior_mean,43.333333333333336
High public trust,party,Other,belief_post,85.0
High public trust,party,Other,concern_mean,68.33333333333333
High public trust,party,Other,distrust_post,15.0
High public trust,party,Other,donation_ams,5.0
High public trust,party,Other,funding_perceptions,60.0
High public trust,party,Other,inst_trust_mean,72.0
High public trust,party,Other,newsletter_signup,2.0
High public trust,party,Other,policy_general,70.0
High public trust,party,Other,policy_role_mean,75.0
High public trust,party,Other,policy_specific_mean,67.85714285714286
High public trust,party,Other,trust_multidimensional,73.33333333333333
High public trust,party,Other,trust_post,75.0
High public trust,party,Republican,behavior_mean,25.0
High public trust,party,Republican,belief_post,40.0
High public trust,party,Republican,concern_mean,40.0
High public trust,party,Republican,distrust_post,40.0
High public trust,party,Republican,donation_ams,30.0
High public trust,party,Republican,funding_perceptions,40.0
High public trust,party,Republican,inst_trust_mean,42.0
High public trust,party,Republican,newsletter_signup,2.0
High public trust,party,Republican,policy_general,15.0
High public trust,party,Republican,policy_role_mean,26.25
High public trust,party,Republican,policy_specific_mean,41.42857142857143
High public trust,party,Republican,trust_multidimensional,45.833333333333336
High public trust,party,Republican,trust_post,50.0
High public trust,race,Asian / Asian American,behavior_mean,63.333333333333336
High public trust,race,Asian / Asian American,belief_post,90.0
High public trust,race,Asian / Asian American,concern_mean,78.33333333333333
High public trust,race,Asian / Asian American,distrust_post,15.0
High public trust,race,Asian / Asian American,donation_ams,5.0
High public trust,race,Asian / Asian American,funding_perceptions,55.0
High public trust,race,Asian / Asian American,inst_trust_mean,76.0
High public trust,race,Asian / Asian American,newsletter_signup,1.0
High public trust,race,Asian / Asian American,policy_general,70.0
High public trust,race,Asian / Asian American,policy_role_mean,75.0
High public trust,race,Asian / Asian American,policy_specific_mean,77.14285714285714
High public trust,race,Asian / Asian American,trust_multidimensional,69.16666666666667
High public trust,race,Asian / Asian American,trust_post,85.0
High public trust,race,Black / African American,behavior_mean,62.5
High public trust,race,Black / African American,belief_post,90.0
High public trust,race,Black / African American,concern_mean,90.0
High public trust,race,Black / African American,distrust_post,25.0
High public trust,race,Black / African American,donation_ams,5.0
High public trust,race,Black / African American,funding_perceptions,60.0
High public trust,race,Black / African American,inst_trust_mean,49.0
High public trust,race,Black / African American,newsletter_signup,40.0
High public trust,race,Black / African American,policy_general,85.0
High public trust,race,Black / African American,policy_role_mean,83.75
High public trust,race,Black / African American,policy_specific_mean,74.28571428571429
High public trust,race,Black / African American,trust_multidimensional,71.25
High public trust,race,Black / African American,trust_post,75.0
High public trust,race,Hispanic / Latino,behavior_mean,52.5
High public trust,race,Hispanic / Latino,belief_post,85.0
High public trust,race,Hispanic / Latino,concern_mean,73.33333333333333
High public trust,race,Hispanic / Latino,distrust_post,15.0
High public trust,race,Hispanic / Latino,donation_ams,5.0
High public trust,race,Hispanic / Latino,funding_perceptions,50.0
High public trust,race,Hispanic / Latino,inst_trust_mean,67.0
High public trust,race,Hispanic / Latino,newsletter_signup,3.0
High public trust,race,Hispanic / Latino,policy_general,70.0
High public trust,race,Hispanic / Latino,policy_role_mean,75.0
High public trust,race,Hispanic / Latino,policy_specific_mean,64.28571428571429
High public trust,race,Hispanic / Latino,trust_multidimensional,77.91666666666667
High public trust,race,Hispanic / Latino,trust_post,75.0
High public trust,race,Other,behavior_mean,56.666666666666664
High public trust,race,Other,belief_post,80.0
High public trust,race,Other,concern_mean,70.0
High public trust,race,Other,distrust_post,10.0
High public trust,race,Other,donation_ams,5.0
High public trust,race,Other,funding_perceptions,50.0
High public trust,race,Other,inst_trust_mean,79.0
High public trust,race,Other,newsletter_signup,40.0
High public trust,race,Other,policy_general,70.0
High public trust,race,Other,policy_role_mean,75.0
High public trust,race,Other,policy_specific_mean,70.0
High public trust,race,Other,trust_multidimensional,73.75
High public trust,race,Other,trust_post,85.0
High public trust,race,White / Caucasian,behavior_mean,48.333333333333336
High public trust,race,White / Caucasian,belief_post,95.0
High public trust,race,White / Caucasian,concern_mean,81.66666666666667
High public trust,race,White / Caucasian,distrust_post,15.0
High public trust,race,White / Caucasian,donation_ams,5.0
High public trust,race,White / Caucasian,funding_perceptions,60.0
High public trust,race,White / Caucasian,inst_trust_mean,83.0
High public trust,race,White / Caucasian,newsletter_signup,40.0
High public trust,race,White / Caucasian,policy_general,80.0
High public trust,race,White / Caucasian,policy_role_mean,82.5
High public trust,race,White / Caucasian,policy_specific_mean,75.71428571428571
High public trust,race,White / Caucasian,trust_multidimensional,90.0
High public trust,race,White / Caucasian,trust_post,85.0
Interview Prof. Maraun,age_band,18-29,behavior_mean,81.66666666666667
Interview Prof. Maraun,age_band,18-29,belief_post,90.0
Interview Prof. Maraun,age_band,18-29,concern_mean,91.66666666666667
Interview Prof. Maraun,age_band,18-29,distrust_post,20.0
Interview Prof. Maraun,age_band,18-29,donation_ams,6.0
Interview Prof. Maraun,age_band,18-29,funding_perceptions,50.0
Interview Prof. Maraun,age_band,18-29,inst_trust_mean,82.0
Interview Prof. Maraun,age_band,18-29,newsletter_signup,40.0
Interview Prof. Maraun,age_band,18-29,policy_general,85.0
Interview Prof. Maraun,age_band,18-29,policy_role_mean,90.0
Interview Prof. Maraun,age_band,18-29,policy_specific_mean,86.42857142857143
Interview Prof. Maraun,age_band,18-29,trust_multidimensional,80.41666666666667
Interview Prof. Maraun,age_band,18-29,trust_post,75.0
Interview Prof. Maraun,age_band,30-44,behavior_mean,58.333333333333336
Interview Prof. Maraun,age_band,30-44,belief_post,80.0
Interview Prof. Maraun,age_band,30-44,concern_mean,75.0
Interview Prof. Maraun,age_band,30-44,distrust_post,15.0
Interview Prof. Maraun,age_band,30-44,donation_ams,5.0
Interview Prof. Maraun,age_band,30-44,funding_perceptions,60.0
Interview Prof. Maraun,age_band,30-44,inst_trust_mean,74.0
Interview Prof. Maraun,age_band,30-44,newsletter_signup,1.0
Interview Prof. Maraun,age_band,30-44,policy_general,70.0
Interview Prof. Maraun,age_band,30-44,policy_role_mean,65.0
Interview Prof. Maraun,age_band,30-44,policy_specific_mean,68.57142857142857
Interview Prof. Maraun,age_band,30-44,trust_multidimensional,77.08333333333333
Interview Prof. Maraun,age_band,30-44,trust_post,75.0
Interview Prof. Maraun,age_band,45-59,behavior_mean,49.166666666666664
Interview Prof. Maraun,age_band,45-59,belief_post,70.0
Interview Prof. Maraun,age_band,45-59,concern_mean,76.66666666666667
Interview Prof. Maraun,age_band,45-59,distrust_post,15.0
Interview Prof. Maraun,age_band,45-59,donation_ams,5.0
Interview Prof. Maraun,age_band,45-59,funding_perceptions,50.0
Interview Prof. Maraun,age_band,45-59,inst_trust_mean,70.0
Interview Prof. Maraun,age_band,45-59,newsletter_signup,3.0
Interview Prof. Maraun,age_band,45-59,policy_general,65.0
Interview Prof. Maraun,age_band,45-59,policy_role_mean,75.0
Interview Prof. Maraun,age_band,45-59,policy_specific_mean,65.0
Interview Prof. Maraun,age_band,45-59,trust_multidimensional,74.16666666666667
Interview Prof. Maraun,age_band,45-59,trust_post,75.0
Interview Prof. Maraun,age_band,60+,behavior_mean,63.333333333333336
Interview Prof. Maraun,age_band,60+,belief_post,85.0
Interview Prof. Maraun,age_band,60+,concern_mean,91.66666666666667
Interview Prof. Maraun,age_band,60+,distrust_post,10.0
Interview Prof. Maraun,age_band,60+,donation_ams,60.0
Interview Prof. Maraun,age_band,60+,funding_perceptions,60.0
Interview Prof. Maraun,age_band,60+,inst_trust_mean,78.0
Interview Prof. Maraun,age_band,60+,newsletter_signup,30.0
Interview Prof. Maraun,age_band,60+,policy_general,80.0
Interview Prof. Maraun,age_band,60+,policy_role_mean,71.25
Interview Prof. Maraun,age_band,60+,policy_specific_mean,76.42857142857143
Interview Prof. Maraun,age_band,60+,trust_multidimensional,80.41666666666667
Interview Prof. Maraun,age_band,60+,trust_post,75.0
Interview Prof. Maraun,education,Bachelor's degree,behavior_mean,63.333333333333336
Interview Prof. Maraun,education,Bachelor's degree,belief_post,95.0
Interview Prof. Maraun,education,Bachelor's degree,concern_mean,83.33333333333333
Interview Prof. Maraun,education,Bachelor's degree,distrust_post,10.0
Interview Prof. Maraun,education,Bachelor's degree,donation_ams,5.0
Interview Prof. Maraun,education,Bachelor's degree,funding_perceptions,80.0
Interview Prof. Maraun,education,Bachelor's degree,inst_trust_mean,84.0
Interview Prof. Maraun,education,Bachelor's degree,newsletter_signup,50.0
Interview Prof. Maraun,education,Bachelor's degree,policy_general,85.0
Interview Prof. Maraun,education,Bachelor's degree,policy_role_mean,86.25
Interview Prof. Maraun,education,Bachelor's degree,policy_specific_mean,79.28571428571429
Interview Prof. Maraun,education,Bachelor's degree,trust_multidimensional,84.58333333333333
Interview Prof. Maraun,education,Bachelor's degree,trust_post,85.0
Interview Prof. Maraun,education,Doctorate degree / Ph.D.,behavior_mean,80.83333333333333
Interview Prof. Maraun,education,Doctorate degree / Ph.D.,belief_post,95.0
Interview Prof. Maraun,education,Doctorate degree / Ph.D.,concern_mean,91.66666666666667
Interview Prof. Maraun,education,Doctorate degree / Ph.D.,distrust_post,10.0
Interview Prof. Maraun,education,Doctorate degree / Ph.D.,donation_ams,8.0
Interview Prof. Maraun,education,Doctorate degree / Ph.D.,funding_perceptions,70.0
Interview Prof. Maraun,education,Doctorate degree / Ph.D.,inst_trust_mean,83.0
Interview Prof. Maraun,education,Doctorate degree / Ph.D.,newsletter_signup,2.0
Interview Prof. Maraun,education,Doctorate degree / Ph.D.,policy_general,90.0
Interview Prof. Maraun,education,Doctorate degree / Ph.D.,policy_role_mean,82.5
Interview Prof. Maraun,education,Doctorate degree / Ph.D.,policy_specific_mean,88.57142857142857
Interview Prof. Maraun,education,Doctorate degree / Ph.D.,trust_multidimensional,79.58333333333333
Interview Prof. Maraun,education,Doctorate degree / Ph.D.,trust_post,85.0
Interview Prof. Maraun,education,High school diploma / GED,behavior_mean,55.833333333333336
Interview Prof. Maraun,education,High school diploma / GED,belief_post,70.0
Interview Prof. Maraun,education,High school diploma / GED,concern_mean,70.0
Interview Prof. Maraun,education,High school diploma / GED,distrust_post,20.0
Interview Prof. Maraun,education,High school diploma / GED,donation_ams,40.0
Interview Prof. Maraun,education,High school diploma / GED,funding_perceptions,50.0
Interview Prof. Maraun,education,High school diploma / GED,inst_trust_mean,69.0
Interview Prof. Maraun,education,High school diploma / GED,newsletter_signup,30.0
Interview Prof. Maraun,education,High school diploma / GED,policy_general,60.0
Interview Prof. Maraun,education,High school diploma / GED,policy_role_mean,72.5
Interview Prof. Maraun,education,High school diploma / GED,policy_specific_mean,66.42857142857143
Interview Prof. Maraun,education,High school diploma / GED,trust_multidimensional,64.58333333333333
Interview Prof. Maraun,education,High school diploma / GED,trust_post,65.0
Interview Prof. Maraun,education,Less than high school,behavior_mean,35.0
Interview Prof. Maraun,education,Less than high school,belief_post,55.0
Interview Prof. Maraun,education,Less than high school,concern_mean,51.666666666666664
Interview Prof. Maraun,education,Less than high school,distrust_post,55.0
Interview Prof. Maraun,education,Less than high school,donation_ams,3.0
Interview Prof. Maraun,education,Less than high school,funding_perceptions,50.0
Interview Prof. Maraun,education,Less than high school,inst_trust_mean,49.0
Interview Prof. Maraun,education,Less than high school,newsletter_signup,30.0
Interview Prof. Maraun,education,Less than high school,policy_general,65.0
Interview Prof. Maraun,education,Less than high school,policy_role_mean,57.5
Interview Prof. Maraun,education,Less than high school,policy_specific_mean,58.57142857142857
Interview Prof. Maraun,education,Less than high school,trust_multidimensional,55.833333333333336
Interview Prof. Maraun,education,Less than high school,trust_post,40.0
Interview Prof. Maraun,education,Master's degree / Professional degree,behavior_mean,75.0
Interview Prof. Maraun,education,Master's degree / Professional degree,belief_post,95.0
Interview Prof. Maraun,education,Master's degree / Professional degree,concern_mean,91.66666666666667
Interview Prof. Maraun,education,Master's degree / Professional degree,distrust_post,20.0
Interview Prof. Maraun,education,Master's degree / Professional degree,donation_ams,7.0
Interview Prof. Maraun,education,Master's degree / Professional degree,funding_perceptions,50.0
Interview Prof. Maraun,education,Master's degree / Professional degree,inst_trust_mean,91.0
Interview Prof. Maraun,education,Master's degree / Professional degree,newsletter_signup,80.0
Interview Prof. Maraun,education,Master's degree / Professional degree,policy_general,90.0
Interview Prof. Maraun,education,Master's degree / Professional degree,policy_role_mean,91.25
Interview Prof. Maraun,education,Master's degree / Professional degree,policy_specific_mean,86.42857142857143
Interview Prof. Maraun,education,Master's degree / Professional degree,trust_multidimensional,80.0
Interview Prof. Maraun,education,Master's degree / Professional degree,trust_post,75.0
Interview Prof. Maraun,education,Some college or Associate's degree,behavior_mean,55.833333333333336
Interview Prof. Maraun,education,Some college or Associate's degree,belief_post,85.0
Interview Prof. Maraun,education,Some college or Associate's degree,concern_mean,76.66666666666667
Interview Prof. Maraun,education,Some college or Associate's degree,distrust_post,25.0
Interview Prof. Maraun,education,Some college or Associate's degree,donation_ams,5.0
Interview Prof. Maraun,education,Some college or Associate's degree,funding_perceptions,60.0
Interview Prof. Maraun,education,Some college or Associate's degree,inst_trust_mean,75.0
Interview Prof. Maraun,education,Some college or Associate's degree,newsletter_signup,3.0
Interview Prof. Maraun,education,Some college or Associate's degree,policy_general,75.0
Interview Prof. Maraun,education,Some college or Associate's degree,policy_role_mean,76.25
Interview Prof. Maraun,education,Some college or Associate's degree,policy_specific_mean,72.85714285714286
Interview Prof. Maraun,education,Some college or Associate's degree,trust_multidimensional,74.58333333333333
Interview Prof. Maraun,education,Some college or Associate's degree,trust_post,75.0
Interview Prof. Maraun,gender,Female,behavior_mean,73.33333333333333
Interview Prof. Maraun,gender,Female,belief_post,90.0
Interview Prof. Maraun,gender,Female,concern_mean,86.66666666666667
Interview Prof. Maraun,gender,Female,distrust_post,10.0
Interview Prof. Maraun,gender,Female,donation_ams,5.0
Interview Prof. Maraun,gender,Female,funding_perceptions,50.0
Interview Prof. Maraun,gender,Female,inst_trust_mean,76.0
Interview Prof. Maraun,gender,Female,newsletter_signup,30.0
Interview Prof. Maraun,gender,Female,policy_general,80.0
Interview Prof. Maraun,gender,Female,policy_role_mean,82.5
Interview Prof. Maraun,gender,Female,policy_specific_mean,67.85714285714286
Interview Prof. Maraun,gender,Female,trust_multidimensional,81.66666666666667
Interview Prof. Maraun,gender,Female,trust_post,85.0
Interview Prof. Maraun,gender,Male,behavior_mean,68.33333333333333
Interview Prof. Maraun,gender,Male,belief_post,95.0
Interview Prof. Maraun,gender,Male,concern_mean,91.66666666666667
Interview Prof. Maraun,gender,Male,distrust_post,10.0
Interview Prof. Maraun,gender,Male,donation_ams,5.0
Interview Prof. Maraun,gender,Male,funding_perceptions,50.0
Interview Prof. Maraun,gender,Male,inst_trust_mean,82.0
Interview Prof. Maraun,gender,Male,newsletter_signup,30.0
Interview Prof. Maraun,gender,Male,policy_general,80.0
Interview Prof. Maraun,gender,Male,policy_role_mean,81.25
Interview Prof. Maraun,gender,Male,policy_specific_mean,83.57142857142857
Interview Prof. Maraun,gender,Male,trust_multidimensional,81.66666666666667
Interview Prof. Maraun,gender,Male,trust_post,85.0
Interview Prof. Maraun,gender,Other,behavior_mean,55.0
Interview Prof. Maraun,gender,Other,belief_post,90.0
Interview Prof. Maraun,gender,Other,concern_mean,83.33333333333333
Interview Prof. Maraun,gender,Other,distrust_post,15.0
Interview Prof. Maraun,gender,Other,donation_ams,5.0
Interview Prof. Maraun,gender,Other,funding_perceptions,50.0
Interview Prof. Maraun,gender,Other,inst_trust_mean,75.0
Interview Prof. Maraun,gender,Other,newsletter_signup,3.0
Interview Prof. Maraun,gender,Other,policy_general,80.0
Interview Prof. Maraun,gender,Other,policy_role_mean,78.75
Interview Prof. Maraun,gender,Other,policy_specific_mean,77.85714285714286
Interview Prof. Maraun,gender,Other,trust_multidimensional,76.25
Interview Prof. Maraun,gender,Other,trust_post,75.0
Interview Prof. Maraun,income,"$100,000 to $167,999",behavior_mean,65.0
Interview Prof. Maraun,income,"$100,000 to $167,999",belief_post,85.0
Interview Prof. Maraun,income,"$100,000 to $167,999",concern_mean,81.66666666666667
Interview Prof. Maraun,income,"$100,000 to $167,999",distrust_post,10.0
Interview Prof. Maraun,income,"$100,000 to $167,999",donation_ams,3.0
Interview Prof. Maraun,income,"$100,000 to $167,999",funding_perceptions,50.0
Interview Prof. Maraun,income,"$100,000 to $167,999",inst_trust_mean,80.0
Interview Prof. Maraun,income,"$100,000 to $167,999",newsletter_signup,50.0
Interview Prof. Maraun,income,"$100,000 to $167,999",policy_general,75.0
Interview Prof. Maraun,income,"$100,000 to $167,999",policy_role_mean,83.75
Interview Prof. Maraun,income,"$100,000 to $167,999",policy_specific_mean,78.57142857142857
Interview Prof. Maraun,income,"$100,000 to $167,999",trust_multidimensional,75.83333333333333
Interview Prof. Maraun,income,"$100,000 to $167,999",trust_post,80.0
Interview Prof. Maraun,income,"$168,000 or more",behavior_mean,76.66666666666667
Interview Prof. Maraun,income,"$168,000 or more",belief_post,90.0
Interview Prof. Maraun,income,"$168,000 or more",concern_mean,86.66666666666667
Interview Prof. Maraun,income,"$168,000 or more",distrust_post,10.0
Interview Prof. Maraun,income,"$168,000 or more",donation_ams,7.0
Interview Prof. Maraun,income,"$168,000 or more",funding_perceptions,70.0
Interview Prof. Maraun,income,"$168,000 or more",inst_trust_mean,82.0
Interview Prof. Maraun,income,"$168,000 or more",newsletter_signup,1.0
Interview Prof. Maraun,income,"$168,000 or more",policy_general,90.0
Interview Prof. Maraun,income,"$168,000 or more",policy_role_mean,81.25
Interview Prof. Maraun,income,"$168,000 or more",policy_specific_mean,78.57142857142857
Interview Prof. Maraun,income,"$168,000 or more",trust_multidimensional,80.41666666666667
Interview Prof. Maraun,income,"$168,000 or more",trust_post,80.0
Interview Prof. Maraun,income,"$30,000 to $55,999",behavior_mean,43.333333333333336
Interview Prof. Maraun,income,"$30,000 to $55,999",belief_post,85.0
Interview Prof. Maraun,income,"$30,000 to $55,999",concern_mean,70.0
Interview Prof. Maraun,income,"$30,000 to $55,999",distrust_post,25.0
Interview Prof. Maraun,income,"$30,000 to $55,999",donation_ams,5.0
Interview Prof. Maraun,income,"$30,000 to $55,999",funding_perceptions,60.0
Interview Prof. Maraun,income,"$30,000 to $55,999",inst_trust_mean,67.0
Interview Prof. Maraun,income,"$30,000 to $55,999",newsletter_signup,30.0
Interview Prof. Maraun,income,"$30,000 to $55,999",policy_general,65.0
Interview Prof. Maraun,income,"$30,000 to $55,999",policy_role_mean,58.75
Interview Prof. Maraun,income,"$30,000 to $55,999",policy_specific_mean,61.42857142857143
Interview Prof. Maraun,income,"$30,000 to $55,999",trust_multidimensional,67.08333333333333
Interview Prof. Maraun,income,"$30,000 to $55,999",trust_post,75.0
Interview Prof. Maraun,income,"$56,000 to $99,999",behavior_mean,45.0
Interview Prof. Maraun,income,"$56,000 to $99,999",belief_post,85.0
Interview Prof. Maraun,income,"$56,000 to $99,999",concern_mean,75.0
Interview Prof. Maraun,income,"$56,000 to $99,999",distrust_post,25.0
Interview Prof. Maraun,income,"$56,000 to $99,999",donation_ams,4.0
Interview Prof. Maraun,income,"$56,000 to $99,999",funding_perceptions,60.0
Interview Prof. Maraun,income,"$56,000 to $99,999",inst_trust_mean,73.0
Interview Prof. Maraun,income,"$56,000 to $99,999",newsletter_signup,30.0
Interview Prof. Maraun,income,"$56,000 to $99,999",policy_general,65.0
Interview Prof. Maraun,income,"$56,000 to $99,999",policy_role_mean,66.25
Interview Prof. Maraun,income,"$56,000 to $99,999",policy_specific_mean,60.0
Interview Prof. Maraun,income,"$56,000 to $99,999",trust_multidimensional,71.66666666666667
Interview Prof. Maraun,income,"$56,000 to $99,999",trust_post,70.0
Interview Prof. Maraun,income,"Less than $30,000",behavior_mean,35.833333333333336
Interview Prof. Maraun,income,"Less than $30,000",belief_post,50.0
Interview Prof. Maraun,income,"Less than $30,000",concern_mean,60.0
Interview Prof. Maraun,income,"Less than $30,000",distrust_post,35.0
Interview Prof. Maraun,income,"Less than $30,000",donation_ams,3.0
Interview Prof. Maraun,income,"Less than $30,000",funding_perceptions,25.0
Interview Prof. Maraun,income,"Less than $30,000",inst_trust_mean,45.0
Interview Prof. Maraun,income,"Less than $30,000",newsletter_signup,30.0
Interview Prof. Maraun,income,"Less than $30,000",policy_general,50.0
Interview Prof. Maraun,income,"Less than $30,000",policy_role_mean,52.5
Interview Prof. Maraun,income,"Less than $30,000",policy_specific_mean,42.857142857142854
Interview Prof. Maraun,income,"Less than $30,000",trust_multidimensional,50.833333333333336
Interview Prof. Maraun,income,"Less than $30,000",trust_post,45.0
Interview Prof. Maraun,party,Democrat,behavior_mean,70.0
Interview Prof. Maraun,party,Democrat,belief_post,95.0
Interview Prof. Maraun,party,Democrat,concern_mean,90.0
Interview Prof. Maraun,party,Democrat,distrust_post,30.0
Interview Prof. Maraun,party,Democrat,donation_ams,5.0
Interview Prof. Maraun,party,Democrat,funding_perceptions,80.0
Interview Prof. Maraun,party,Democrat,inst_trust_mean,72.0
Interview Prof. Maraun,party,Democrat,newsletter_signup,2.0
Interview Prof. Maraun,party,Democrat,policy_general,85.0
Interview Prof. Maraun,party,Democrat,policy_role_mean,80.0
Interview Prof. Maraun,party,Democrat,policy_specific_mean,87.85714285714286
Interview Prof. Maraun,party,Democrat,trust_multidimensional,79.58333333333333
Interview Prof. Maraun,party,Democrat,trust_post,75.0
Interview Prof. Maraun,party,Independent,behavior_mean,56.666666666666664
Interview Prof. Maraun,party,Independent,belief_post,95.0
Interview Prof. Maraun,party,Independent,concern_mean,80.0
Interview Prof. Maraun,party,Independent,distrust_post,20.0
Interview Prof. Maraun,party,Independent,donation_ams,4.0
Interview Prof. Maraun,party,Independent,funding_perceptions,50.0
Interview Prof. Maraun,party,Independent,inst_trust_mean,71.0
Interview Prof. Maraun,party,Independent,newsletter_signup,30.0
Interview Prof. Maraun,party,Independent,policy_general,75.0
Interview Prof. Maraun,party,Independent,policy_role_mean,67.5
Interview Prof. Maraun,party,Independent,policy_specific_mean,60.0
Interview Prof. Maraun,party,Independent,trust_multidimensional,81.66666666666667
Interview Prof. Maraun,party,Independent,trust_post,70.0
Interview Prof. Maraun,party,Other,behavior_mean,48.333333333333336
Interview Prof. Maraun,party,Other,belief_post,85.0
Interview Prof. Maraun,party,Other,concern_mean,70.0
Interview Prof. Maraun,party,Other,distrust_post,15.0
Interview Prof. Maraun,party,Other,donation_ams,5.0
Interview Prof. Maraun,party,Other,funding_perceptions,50.0
Interview Prof. Maraun,party,Other,inst_trust_mean,74.0
Interview Prof. Maraun,party,Other,newsletter_signup,2.0
Interview Prof. Maraun,party,Other,policy_general,70.0
Interview Prof. Maraun,party,Other,policy_role_mean,72.5
Interview Prof. Maraun,party,Other,policy_specific_mean,65.0
Interview Prof. Maraun,party,Other,trust_multidimensional,77.91666666666667
Interview Prof. Maraun,party,Other,trust_post,80.0
Interview Prof. Maraun,party,Republican,behavior_mean,37.5
Interview Prof. Maraun,party,Republican,belief_post,20.0
Interview Prof. Maraun,party,Republican,concern_mean,53.333333333333336
Interview Prof. Maraun,party,Republican,distrust_post,60.0
Interview Prof. Maraun,party,Republican,donation_ams,10.0
Interview Prof. Maraun,party,Republican,funding_perceptions,50.0
Interview Prof. Maraun,party,Republican,inst_trust_mean,36.0
Interview Prof. Maraun,party,Republican,newsletter_signup,10.0
Interview Prof. Maraun,party,Republican,policy_general,20.0
Interview Prof. Maraun,party,Republican,policy_role_mean,37.5
Interview Prof. Maraun,party,Republican,policy_specific_mean,49.285714285714285
Interview Prof. Maraun,party,Republican,trust_multidimensional,45.833333333333336
Interview Prof. Maraun,party,Republican,trust_post,35.0
Interview Prof. Maraun,race,Asian / Asian American,behavior_mean,61.666666666666664
Interview Prof. Maraun,race,Asian / Asian American,belief_post,85.0
Interview Prof. Maraun,race,Asian / Asian American,concern_mean,78.33333333333333
Interview Prof. Maraun,race,Asian / Asian American,distrust_post,15.0
Interview Prof. Maraun,race,Asian / Asian American,donation_ams,5.0
Interview Prof. Maraun,race,Asian / Asian American,funding_perceptions,60.0
Interview Prof. Maraun,race,Asian / Asian American,inst_trust_mean,77.0
Interview Prof. Maraun,race,Asian / Asian American,newsletter_signup,3.0
Interview Prof. Maraun,race,Asian / Asian American,policy_general,70.0
Interview Prof. Maraun,race,Asian / Asian American,policy_role_mean,75.0
Interview Prof. Maraun,race,Asian / Asian American,policy_specific_mean,69.28571428571429
Interview Prof. Maraun,race,Asian / Asian American,trust_multidimensional,79.16666666666667
Interview Prof. Maraun,race,Asian / Asian American,trust_post,75.0
Interview Prof. Maraun,race,Black / African American,behavior_mean,60.0
Interview Prof. Maraun,race,Black / African American,belief_post,80.0
Interview Prof. Maraun,race,Black / African American,concern_mean,85.0
Interview Prof. Maraun,race,Black / African American,distrust_post,35.0
Interview Prof. Maraun,race,Black / African American,donation_ams,6.0
Interview Prof. Maraun,race,Black / African American,funding_perceptions,50.0
Interview Prof. Maraun,race,Black / African American,inst_trust_mean,57.0
Interview Prof. Maraun,race,Black / African American,newsletter_signup,40.0
Interview Prof. Maraun,race,Black / African American,policy_general,85.0
Interview Prof. Maraun,race,Black / African American,policy_role_mean,73.75
Interview Prof. Maraun,race,Black / African American,policy_specific_mean,79.28571428571429
Interview Prof. Maraun,race,Black / African American,trust_multidimensional,63.333333333333336
Interview Prof. Maraun,race,Black / African American,trust_post,65.0
Interview Prof. Maraun,race,Hispanic / Latino,behavior_mean,60.833333333333336
Interview Prof. Maraun,race,Hispanic / Latino,belief_post,90.0
Interview Prof. Maraun,race,Hispanic / Latino,concern_mean,81.66666666666667
Interview Prof. Maraun,race,Hispanic / Latino,distrust_post,25.0
Interview Prof. Maraun,race,Hispanic / Latino,donation_ams,4.0
Interview Prof. Maraun,race,Hispanic / Latino,funding_perceptions,60.0
Interview Prof. Maraun,race,Hispanic / Latino,inst_trust_mean,66.0
Interview Prof. Maraun,race,Hispanic / Latino,newsletter_signup,30.0
Interview Prof. Maraun,race,Hispanic / Latino,policy_general,70.0
Interview Prof. Maraun,race,Hispanic / Latino,policy_role_mean,75.0
Interview Prof. Maraun,race,Hispanic / Latino,policy_specific_mean,73.57142857142857
Interview Prof. Maraun,race,Hispanic / Latino,trust_multidimensional,73.33333333333333
Interview Prof. Maraun,race,Hispanic / Latino,trust_post,65.0
Interview Prof. Maraun,race,Other,behavior_mean,49.166666666666664
Interview Prof. Maraun,race,Other,belief_post,85.0
Interview Prof. Maraun,race,Other,concern_mean,80.0
Interview Prof. Maraun,race,Other,distrust_post,20.0
Interview Prof. Maraun,race,Other,donation_ams,5.0
Interview Prof. Maraun,race,Other,funding_perceptions,50.0
Interview Prof. Maraun,race,Other,inst_trust_mean,74.0
Interview Prof. Maraun,race,Other,newsletter_signup,3.0
Interview Prof. Maraun,race,Other,policy_general,70.0
Interview Prof. Maraun,race,Other,policy_role_mean,77.5
Interview Prof. Maraun,race,Other,policy_specific_mean,66.42857142857143
Interview Prof. Maraun,race,Other,trust_multidimensional,78.33333333333333
Interview Prof. Maraun,race,Other,trust_post,70.0
Interview Prof. Maraun,race,White / Caucasian,behavior_mean,67.5
Interview Prof. Maraun,race,White / Caucasian,belief_post,85.0
Interview Prof. Maraun,race,White / Caucasian,concern_mean,78.33333333333333
Interview Prof. Maraun,race,White / Caucasian,distrust_post,10.0
Interview Prof. Maraun,race,White / Caucasian,donation_ams,6.0
Interview Prof. Maraun,race,White / Caucasian,funding_perceptions,70.0
Interview Prof. Maraun,race,White / Caucasian,inst_trust_mean,75.0
Interview Prof. Maraun,race,White / Caucasian,newsletter_signup,3.0
Interview Prof. Maraun,race,White / Caucasian,policy_general,75.0
Interview Prof. Maraun,race,White / Caucasian,policy_role_mean,82.5
Interview Prof. Maraun,race,White / Caucasian,policy_specific_mean,82.85714285714286
Interview Prof. Maraun,race,White / Caucasian,trust_multidimensional,78.75
Interview Prof. Maraun,race,White / Caucasian,trust_post,85.0
Interview Prof. Sebille,age_band,18-29,behavior_mean,78.33333333333333
Interview Prof. Sebille,age_band,18-29,belief_post,90.0
Interview Prof. Sebille,age_band,18-29,concern_mean,91.66666666666667
Interview Prof. Sebille,age_band,18-29,distrust_post,15.0
Interview Prof. Sebille,age_band,18-29,donation_ams,6.0
Interview Prof. Sebille,age_band,18-29,funding_perceptions,50.0
Interview Prof. Sebille,age_band,18-29,inst_trust_mean,83.0
Interview Prof. Sebille,age_band,18-29,newsletter_signup,50.0
Interview Prof. Sebille,age_band,18-29,policy_general,90.0
Interview Prof. Sebille,age_band,18-29,policy_role_mean,91.25
Interview Prof. Sebille,age_band,18-29,policy_specific_mean,85.71428571428571
Interview Prof. Sebille,age_band,18-29,trust_multidimensional,82.5
Interview Prof. Sebille,age_band,18-29,trust_post,85.0
Interview Prof. Sebille,age_band,30-44,behavior_mean,67.5
Interview Prof. Sebille,age_band,30-44,belief_post,95.0
Interview Prof. Sebille,age_band,30-44,concern_mean,93.33333333333333
Interview Prof. Sebille,age_band,30-44,distrust_post,10.0
Interview Prof. Sebille,age_band,30-44,donation_ams,6.0
Interview Prof. Sebille,age_band,30-44,funding_perceptions,60.0
Interview Prof. Sebille,age_band,30-44,inst_trust_mean,81.0
Interview Prof. Sebille,age_band,30-44,newsletter_signup,50.0
Interview Prof. Sebille,age_band,30-44,policy_general,90.0
Interview Prof. Sebille,age_band,30-44,policy_role_mean,86.25
Interview Prof. Sebille,age_band,30-44,policy_specific_mean,81.42857142857143
Interview Prof. Sebille,age_band,30-44,trust_multidimensional,80.41666666666667
Interview Prof. Sebille,age_band,30-44,trust_post,85.0
Interview Prof. Sebille,age_band,45-59,behavior_mean,51.666666666666664
Interview Prof. Sebille,age_band,45-59,belief_post,90.0
Interview Prof. Sebille,age_band,45-59,concern_mean,85.0
Interview Prof. Sebille,age_band,45-59,distrust_post,10.0
Interview Prof. Sebille,age_band,45-59,donation_ams,5.0
Interview Prof. Sebille,age_band,45-59,funding_perceptions,40.0
Interview Prof. Sebille,age_band,45-59,inst_trust_mean,75.0
Interview Prof. Sebille,age_band,45-59,newsletter_signup,40.0
Interview Prof. Sebille,age_band,45-59,policy_general,80.0
Interview Prof. Sebille,age_band,45-59,policy_role_mean,86.25
Interview Prof. Sebille,age_band,45-59,policy_specific_mean,77.14285714285714
Interview Prof. Sebille,age_band,45-59,trust_multidimensional,75.83333333333333
Interview Prof. Sebille,age_band,45-59,trust_post,85.0
Interview Prof. Sebille,age_band,60+,behavior_mean,48.333333333333336
Interview Prof. Sebille,age_band,60+,belief_post,90.0
Interview Prof. Sebille,age_band,60+,concern_mean,80.0
Interview Prof. Sebille,age_band,60+,distrust_post,20.0
Interview Prof. Sebille,age_band,60+,donation_ams,4.0
Interview Prof. Sebille,age_band,60+,funding_perceptions,70.0
Interview Prof. Sebille,age_band,60+,inst_trust_mean,70.0
Interview Prof. Sebille,age_band,60+,newsletter_signup,30.0
Interview Prof. Sebille,age_band,60+,policy_general,85.0
Interview Prof. Sebille,age_band,60+,policy_role_mean,73.75
Interview Prof. Sebille,age_band,60+,policy_specific_mean,67.85714285714286
Interview Prof. Sebille,age_band,60+,trust_multidimensional,69.16666666666667
Interview Prof. Sebille,age_band,60+,trust_post,75.0
Interview Prof. Sebille,education,Bachelor's degree,behavior_mean,67.5
Interview Prof. Sebille,education,Bachelor's degree,belief_post,90.0
Interview Prof. Sebille,education,Bachelor's degree,concern_mean,81.66666666666667
Interview Prof. Sebille,education,Bachelor's degree,distrust_post,15.0
Interview Prof. Sebille,education,Bachelor's degree,donation_ams,7.0
Interview Prof. Sebille,education,Bachelor's degree,funding_perceptions,60.0
Interview Prof. Sebille,education,Bachelor's degree,inst_trust_mean,81.0
Interview Prof. Sebille,education,Bachelor's degree,newsletter_signup,50.0
Interview Prof. Sebille,education,Bachelor's degree,policy_general,80.0
Interview Prof. Sebille,education,Bachelor's degree,policy_role_mean,82.5
Interview Prof. Sebille,education,Bachelor's degree,policy_specific_mean,79.28571428571429
Interview Prof. Sebille,education,Bachelor's degree,trust_multidimensional,78.16666666666667
Interview Prof. Sebille,education,Bachelor's degree,trust_post,80.0
Interview Prof. Sebille,education,Doctorate degree / Ph.D.,behavior_mean,72.5
Interview Prof. Sebille,education,Doctorate degree / Ph.D.,belief_post,98.0
Interview Prof. Sebille,education,Doctorate degree / Ph.D.,concern_mean,95.0
Interview Prof. Sebille,education,Doctorate degree / Ph.D.,distrust_post,5.0
Interview Prof. Sebille,education,Doctorate degree / Ph.D.,donation_ams,7.0
Interview Prof. Sebille,education,Doctorate degree / Ph.D.,funding_perceptions,60.0
Interview Prof. Sebille,education,Doctorate degree / Ph.D.,inst_trust_mean,92.0
Interview Prof. Sebille,education,Doctorate degree / Ph.D.,newsletter_signup,30.0
Interview Prof. Sebille,education,Doctorate degree / Ph.D.,policy_general,90.0
Interview Prof. Sebille,education,Doctorate degree / Ph.D.,policy_role_mean,91.25
Interview Prof. Sebille,education,Doctorate degree / Ph.D.,policy_specific_mean,85.71428571428571
Interview Prof. Sebille,education,Doctorate degree / Ph.D.,trust_multidimensional,88.75
Interview Prof. Sebille,education,Doctorate degree / Ph.D.,trust_post,90.0
Interview Prof. Sebille,education,High school diploma / GED,behavior_mean,46.666666666666664
Interview Prof. Sebille,education,High school diploma / GED,belief_post,90.0
Interview Prof. Sebille,education,High school diploma / GED,concern_mean,78.33333333333333
Interview Prof. Sebille,education,High school diploma / GED,distrust_post,25.0
Interview Prof. Sebille,education,High school diploma / GED,donation_ams,5.0
Interview Prof. Sebille,education,High school diploma / GED,funding_perceptions,50.0
Interview Prof. Sebille,education,High school diploma / GED,inst_trust_mean,76.0
Interview Prof. Sebille,education,High school diploma / GED,newsletter_signup,30.0
Interview Prof. Sebille,education,High school diploma / GED,policy_general,75.0
Interview Prof. Sebille,education,High school diploma / GED,policy_role_mean,75.0
Interview Prof. Sebille,education,High school diploma / GED,policy_specific_mean,70.71428571428571
Interview Prof. Sebille,education,High school diploma / GED,trust_multidimensional,80.0
Interview Prof. Sebille,education,High school diploma / GED,trust_post,75.0
Interview Prof. Sebille,education,Less than high school,behavior_mean,48.333333333333336
Interview Prof. Sebille,education,Less than high school,belief_post,85.0
Interview Prof. Sebille,education,Less than high school,concern_mean,70.0
Interview Prof. Sebille,education,Less than high school,distrust_post,35.0
Interview Prof. Sebille,education,Less than high school,donation_ams,4.0
Interview Prof. Sebille,education,Less than high school,funding_perceptions,70.0
Interview Prof. Sebille,education,Less than high school,inst_trust_mean,58.0
Interview Prof. Sebille,education,Less than high school,newsletter_signup,40.0
Interview Prof. Sebille,education,Less than high school,policy_general,80.0
Interview Prof. Sebille,education,Less than high school,policy_role_mean,67.5
Interview Prof. Sebille,education,Less than high school,policy_specific_mean,68.57142857142857
Interview Prof. Sebille,education,Less than high school,trust_multidimensional,57.5
Interview Prof. Sebille,education,Less than high school,trust_post,55.0
Interview Prof. Sebille,education,Master's degree / Professional degree,behavior_mean,68.33333333333333
Interview Prof. Sebille,education,Master's degree / Professional degree,belief_post,95.0
Interview Prof. Sebille,education,Master's degree / Professional degree,concern_mean,85.0
Interview Prof. Sebille,education,Master's degree / Professional degree,distrust_post,10.0
Interview Prof. Sebille,education,Master's degree / Professional degree,donation_ams,6.0
Interview Prof. Sebille,education,Master's degree / Professional degree,funding_perceptions,50.0
Interview Prof. Sebille,education,Master's degree / Professional degree,inst_trust_mean,88.0
Interview Prof. Sebille,education,Master's degree / Professional degree,newsletter_signup,70.0
Interview Prof. Sebille,education,Master's degree / Professional degree,policy_general,80.0
Interview Prof. Sebille,education,Master's degree / Professional degree,policy_role_mean,83.75
Interview Prof. Sebille,education,Master's degree / Professional degree,policy_specific_mean,76.42857142857143
Interview Prof. Sebille,education,Master's degree / Professional degree,trust_multidimensional,85.0
Interview Prof. Sebille,education,Master's degree / Professional degree,trust_post,85.0
Interview Prof. Sebille,education,Some college or Associate's degree,behavior_mean,54.166666666666664
Interview Prof. Sebille,education,Some college or Associate's degree,belief_post,90.0
Interview Prof. Sebille,education,Some college or Associate's degree,concern_mean,78.33333333333333
Interview Prof. Sebille,education,Some college or Associate's degree,distrust_post,15.0
Interview Prof. Sebille,education,Some college or Associate's degree,donation_ams,5.0
Interview Prof. Sebille,education,Some college or Associate's degree,funding_perceptions,50.0
Interview Prof. Sebille,education,Some college or Associate's degree,inst_trust_mean,79.0
Interview Prof. Sebille,education,Some college or Associate's degree,newsletter_signup,30.0
Interview Prof. Sebille,education,Some college or Associate's degree,policy_general,75.0
Interview Prof. Sebille,education,Some college or Associate's degree,policy_role_mean,83.75
Interview Prof. Sebille,education,Some college or Associate's degree,policy_specific_mean,74.28571428571429
Interview Prof. Sebille,education,Some college or Associate's degree,trust_multidimensional,72.5
Interview Prof. Sebille,education,Some college or Associate's degree,trust_post,80.0
Interview Prof. Sebille,gender,Female,behavior_mean,71.66666666666667
Interview Prof. Sebille,gender,Female,belief_post,95.0
Interview Prof. Sebille,gender,Female,concern_mean,91.66666666666667
Interview Prof. Sebille,gender,Female,distrust_post,10.0
Interview Prof. Sebille,gender,Female,donation_ams,5.0
Interview Prof. Sebille,gender,Female,funding_perceptions,70.0
Interview Prof. Sebille,gender,Female,inst_trust_mean,78.0
Interview Prof. Sebille,gender,Female,newsletter_signup,3.0
Interview Prof. Sebille,gender,Female,policy_general,90.0
Interview Prof. Sebille,gender,Female,policy_role_mean,90.0
Interview Prof. Sebille,gender,Female,policy_specific_mean,82.85714285714286
Interview Prof. Sebille,gender,Female,trust_multidimensional,82.91666666666667
Interview Prof. Sebille,gender,Female,trust_post,80.0
Interview Prof. Sebille,gender,Male,behavior_mean,61.666666666666664
Interview Prof. Sebille,gender,Male,belief_post,95.0
Interview Prof. Sebille,gender,Male,concern_mean,88.33333333333333
Interview Prof. Sebille,gender,Male,distrust_post,15.0
Interview Prof. Sebille,gender,Male,donation_ams,4.0
Interview Prof. Sebille,gender,Male,funding_perceptions,30.0
Interview Prof. Sebille,gender,Male,inst_trust_mean,89.0
Interview Prof. Sebille,gender,Male,newsletter_signup,3.0
Interview Prof. Sebille,gender,Male,policy_general,90.0
Interview Prof. Sebille,gender,Male,policy_role_mean,90.0
Interview Prof. Sebille,gender,Male,policy_specific_mean,80.71428571428571
Interview Prof. Sebille,gender,Male,trust_multidimensional,86.66666666666667
Interview Prof. Sebille,gender,Male,trust_post,80.0
Interview Prof. Sebille,gender,Other,behavior_mean,60.833333333333336
Interview Prof. Sebille,gender,Other,belief_post,90.0
Interview Prof. Sebille,gender,Other,concern_mean,85.0
Interview Prof. Sebille,gender,Other,distrust_post,15.0
Interview Prof. Sebille,gender,Other,donation_ams,6.0
Interview Prof. Sebille,gender,Other,funding_perceptions,50.0
Interview Prof. Sebille,gender,Other,inst_trust_mean,82.2
Interview Prof. Sebille,gender,Other,newsletter_signup,30.0
Interview Prof. Sebille,gender,Other,policy_general,80.0
Interview Prof. Sebille,gender,Other,policy_role_mean,85.0
Interview Prof. Sebille,gender,Other,policy_specific_mean,75.71428571428571
Interview Prof. Sebille,gender,Other,trust_multidimensional,77.5
Interview Prof. Sebille,gender,Other,trust_post,75.0
Interview Prof. Sebille,income,"$100,000 to $167,999",behavior_mean,66.66666666666667
Interview Prof. Sebille,income,"$100,000 to $167,999",belief_post,90.0
Interview Prof. Sebille,income,"$100,000 to $167,999",concern_mean,90.0
Interview Prof. Sebille,income,"$100,000 to $167,999",distrust_post,10.0
Interview Prof. Sebille,income,"$100,000 to $167,999",donation_ams,6.0
Interview Prof. Sebille,income,"$100,000 to $167,999",funding_perceptions,60.0
Interview Prof. Sebille,income,"$100,000 to $167,999",inst_trust_mean,88.0
Interview Prof. Sebille,income,"$100,000 to $167,999",newsletter_signup,40.0
Interview Prof. Sebille,income,"$100,000 to $167,999",policy_general,90.0
Interview Prof. Sebille,income,"$100,000 to $167,999",policy_role_mean,90.0
Interview Prof. Sebille,income,"$100,000 to $167,999",policy_specific_mean,82.14285714285714
Interview Prof. Sebille,income,"$100,000 to $167,999",trust_multidimensional,79.58333333333333
Interview Prof. Sebille,income,"$100,000 to $167,999",trust_post,85.0
Interview Prof. Sebille,income,"$168,000 or more",behavior_mean,74.16666666666667
Interview Prof. Sebille,income,"$168,000 or more",belief_post,95.0
Interview Prof. Sebille,income,"$168,000 or more",concern_mean,85.0
Interview Prof. Sebille,income,"$168,000 or more",distrust_post,10.0
Interview Prof. Sebille,income,"$168,000 or more",donation_ams,6.0
Interview Prof. Sebille,income,"$168,000 or more",funding_perceptions,50.0
Interview Prof. Sebille,income,"$168,000 or more",inst_trust_mean,91.0
Interview Prof. Sebille,income,"$168,000 or more",newsletter_signup,30.0
Interview Prof. Sebille,income,"$168,000 or more",policy_general,90.0
Interview Prof. Sebille,income,"$168,000 or more",policy_role_mean,92.5
Interview Prof. Sebille,income,"$168,000 or more",policy_specific_mean,80.71428571428571
Interview Prof. Sebille,income,"$168,000 or more",trust_multidimensional,82.91666666666667
Interview Prof. Sebille,income,"$168,000 or more",trust_post,90.0
Interview Prof. Sebille,income,"$30,000 to $55,999",behavior_mean,45.0
Interview Prof. Sebille,income,"$30,000 to $55,999",belief_post,90.0
Interview Prof. Sebille,income,"$30,000 to $55,999",concern_mean,61.666666666666664
Interview Prof. Sebille,income,"$30,000 to $55,999",distrust_post,25.0
Interview Prof. Sebille,income,"$30,000 to $55,999",donation_ams,40.0
Interview Prof. Sebille,income,"$30,000 to $55,999",funding_perceptions,50.0
Interview Prof. Sebille,income,"$30,000 to $55,999",inst_trust_mean,75.0
Interview Prof. Sebille,income,"$30,000 to $55,999",newsletter_signup,30.0
Interview Prof. Sebille,income,"$30,000 to $55,999",policy_general,85.0
Interview Prof. Sebille,income,"$30,000 to $55,999",policy_role_mean,77.5
Interview Prof. Sebille,income,"$30,000 to $55,999",policy_specific_mean,65.0
Interview Prof. Sebille,income,"$30,000 to $55,999",trust_multidimensional,72.5
Interview Prof. Sebille,income,"$30,000 to $55,999",trust_post,75.0
Interview Prof. Sebille,income,"$56,000 to $99,999",behavior_mean,55.833333333333336
Interview Prof. Sebille,income,"$56,000 to $99,999",belief_post,90.0
Interview Prof. Sebille,income,"$56,000 to $99,999",concern_mean,81.66666666666667
Interview Prof. Sebille,income,"$56,000 to $99,999",distrust_post,15.0
Interview Prof. Sebille,income,"$56,000 to $99,999",donation_ams,5.0
Interview Prof. Sebille,income,"$56,000 to $99,999",funding_perceptions,50.0
Interview Prof. Sebille,income,"$56,000 to $99,999",inst_trust_mean,79.0
Interview Prof. Sebille,income,"$56,000 to $99,999",newsletter_signup,40.0
Interview Prof. Sebille,income,"$56,000 to $99,999",policy_general,80.0
Interview Prof. Sebille,income,"$56,000 to $99,999",policy_role_mean,82.5
Interview Prof. Sebille,income,"$56,000 to $99,999",policy_specific_mean,73.57142857142857
Interview Prof. Sebille,income,"$56,000 to $99,999",trust_multidimensional,79.58333333333333
Interview Prof. Sebille,income,"$56,000 to $99,999",trust_post,85.0
Interview Prof. Sebille,income,"Less than $30,000",behavior_mean,49.166666666666664
Interview Prof. Sebille,income,"Less than $30,000",belief_post,95.0
Interview Prof. Sebille,income,"Less than $30,000",concern_mean,90.0
Interview Prof. Sebille,income,"Less than $30,000",distrust_post,15.0
Interview Prof. Sebille,income,"Less than $30,000",donation_ams,5.0
Interview Prof. Sebille,income,"Less than $30,000",funding_perceptions,70.0
Interview Prof. Sebille,income,"Less than $30,000",inst_trust_mean,65.0
Interview Prof. Sebille,income,"Less than $30,000",newsletter_signup,30.0
Interview Prof. Sebille,income,"Less than $30,000",policy_general,90.0
Interview Prof. Sebille,income,"Less than $30,000",policy_role_mean,77.5
Interview Prof. Sebille,income,"Less than $30,000",policy_specific_mean,72.85714285714286
Interview Prof. Sebille,income,"Less than $30,000",trust_multidimensional,74.0
Interview Prof. Sebille,income,"Less than $30,000",trust_post,85.0
Interview Prof. Sebille,party,Democrat,behavior_mean,75.83333333333333
Interview Prof. Sebille,party,Democrat,belief_post,95.0
Interview Prof. Sebille,party,Democrat,concern_mean,93.33333333333333
Interview Prof. Sebille,party,Democrat,distrust_post,10.0
Interview Prof. Sebille,party,Democrat,donation_ams,7.0
Interview Prof. Sebille,party,Democrat,funding_perceptions,60.0
Interview Prof. Sebille,party,Democrat,inst_trust_mean,83.0
Interview Prof. Sebille,party,Democrat,newsletter_signup,50.0
Interview Prof. Sebille,party,Democrat,policy_general,90.0
Interview Prof. Sebille,party,Democrat,policy_role_mean,90.0
Interview Prof. Sebille,party,Democrat,policy_specific_mean,88.57142857142857
Interview Prof. Sebille,party,Democrat,trust_multidimensional,84.58333333333333
Interview Prof. Sebille,party,Democrat,trust_post,88.0
Interview Prof. Sebille,party,Independent,behavior_mean,69.16666666666667
Interview Prof. Sebille,party,Independent,belief_post,90.0
Interview Prof. Sebille,party,Independent,concern_mean,80.0
Interview Prof. Sebille,party,Independent,distrust_post,10.0
Interview Prof. Sebille,party,Independent,donation_ams,6.0
Interview Prof. Sebille,party,Independent,funding_perceptions,50.0
Interview Prof. Sebille,party,Independent,inst_trust_mean,79.0
Interview Prof. Sebille,party,Independent,newsletter_signup,40.0
Interview Prof. Sebille,party,Independent,policy_general,75.0
Interview Prof. Sebille,party,Independent,policy_role_mean,80.0
Interview Prof. Sebille,party,Independent,policy_specific_mean,77.14285714285714
Interview Prof. Sebille,party,Independent,trust_multidimensional,78.75
Interview Prof. Sebille,party,Independent,trust_post,85.0
Interview Prof. Sebille,party,Other,behavior_mean,50.0
Interview Prof. Sebille,party,Other,belief_post,90.0
Interview Prof. Sebille,party,Other,concern_mean,76.66666666666667
Interview Prof. Sebille,party,Other,distrust_post,15.0
Interview Prof. Sebille,party,Other,donation_ams,4.0
Interview Prof. Sebille,party,Other,funding_perceptions,60.0
Interview Prof. Sebille,party,Other,inst_trust_mean,79.0
Interview Prof. Sebille,party,Other,newsletter_signup,30.0
Interview Prof. Sebille,party,Other,policy_general,70.0
Interview Prof. Sebille,party,Other,policy_role_mean,78.75
Interview Prof. Sebille,party,Other,policy_specific_mean,67.85714285714286
Interview Prof. Sebille,party,Other,trust_multidimensional,74.83333333333333
Interview Prof. Sebille,party,Other,trust_post,80.0
Interview Prof. Sebille,party,Republican,behavior_mean,35.0
Interview Prof. Sebille,party,Republican,belief_post,60.0
Interview Prof. Sebille,party,Republican,concern_mean,60.0
Interview Prof. Sebille,party,Republican,distrust_post,40.0
Interview Prof. Sebille,party,Republican,donation_ams,5.0
Interview Prof. Sebille,party,Republican,funding_perceptions,60.0
Interview Prof. Sebille,party,Republican,inst_trust_mean,46.0
Interview Prof. Sebille,party,Republican,newsletter_signup,2.0
Interview Prof. Sebille,party,Republican,policy_general,30.0
Interview Prof. Sebille,party,Republican,policy_role_mean,43.75
Interview Prof. Sebille,party,Republican,policy_specific_mean,48.57142857142857
Interview Prof. Sebille,party,Republican,trust_multidimensional,52.083333333333336
Interview Prof. Sebille,party,Republican,trust_post,50.0
Interview Prof. Sebille,race,Asian / Asian American,behavior_mean,68.33333333333333
Interview Prof. Sebille,race,Asian / Asian American,belief_post,95.0
Interview Prof. Sebille,race,Asian / Asian American,concern_mean,91.66666666666667
Interview Prof. Sebille,race,Asian / Asian American,distrust_post,10.0
Interview Prof. Sebille,race,Asian / Asian American,donation_ams,6.0
Interview Prof. Sebille,race,Asian / Asian American,funding_perceptions,70.0
Interview Prof. Sebille,race,Asian / Asian American,inst_trust_mean,83.0
Interview Prof. Sebille,race,Asian / Asian American,newsletter_signup,50.0
Interview Prof. Sebille,race,Asian / Asian American,policy_general,90.0
Interview Prof. Sebille,race,Asian / Asian American,policy_role_mean,90.0
Interview Prof. Sebille,race,Asian / Asian American,policy_specific_mean,87.85714285714286
Interview Prof. Sebille,race,Asian / Asian American,trust_multidimensional,83.75
Interview Prof. Sebille,race,Asian / Asian American,trust_post,85.0
Interview Prof. Sebille,race,Black / African American,behavior_mean,65.83333333333333
Interview Prof. Sebille,race,Black / African American,belief_post,90.0
Interview Prof. Sebille,race,Black / African American,concern_mean,91.66666666666667
Interview Prof. Sebille,race,Black / African American,distrust_post,30.0
Interview Prof. Sebille,race,Black / African American,donation_ams,5.0
Interview Prof. Sebille,race,Black / African American,funding_perceptions,50.0
Interview Prof. Sebille,race,Black / African American,inst_trust_mean,65.0
Interview Prof. Sebille,race,Black / African American,newsletter_signup,40.0
Interview Prof. Sebille,race,Black / African American,policy_general,90.0
Interview Prof. Sebille,race,Black / African American,policy_role_mean,87.5
Interview Prof. Sebille,race,Black / African American,policy_specific_mean,92.85714285714286
Interview Prof. Sebille,race,Black / African American,trust_multidimensional,71.66666666666667
Interview Prof. Sebille,race,Black / African American,trust_post,70.0
Interview Prof. Sebille,race,Hispanic / Latino,behavior_mean,64.16666666666667
Interview Prof. Sebille,race,Hispanic / Latino,belief_post,95.0
Interview Prof. Sebille,race,Hispanic / Latino,concern_mean,85.0
Interview Prof. Sebille,race,Hispanic / Latino,distrust_post,15.0
Interview Prof. Sebille,race,Hispanic / Latino,donation_ams,7.0
Interview Prof. Sebille,race,Hispanic / Latino,funding_perceptions,40.0
Interview Prof. Sebille,race,Hispanic / Latino,inst_trust_mean,72.0
Interview Prof. Sebille,race,Hispanic / Latino,newsletter_signup,30.0
Interview Prof. Sebille,race,Hispanic / Latino,policy_general,75.0
Interview Prof. Sebille,race,Hispanic / Latino,policy_role_mean,77.5
Interview Prof. Sebille,race,Hispanic / Latino,policy_specific_mean,77.14285714285714
Interview Prof. Sebille,race,Hispanic / Latino,trust_multidimensional,82.08333333333333
Interview Prof. Sebille,race,Hispanic / Latino,trust_post,85.0
Interview Prof. Sebille,race,Other,behavior_mean,58.333333333333336
Interview Prof. Sebille,race,Other,belief_post,85.0
Interview Prof. Sebille,race,Other,concern_mean,80.0
Interview Prof. Sebille,race,Other,distrust_post,25.0
Interview Prof. Sebille,race,Other,donation_ams,6.0
Interview Prof. Sebille,race,Other,funding_perceptions,60.0
Interview Prof. Sebille,race,Other,inst_trust_mean,69.0
Interview Prof. Sebille,race,Other,newsletter_signup,30.0
Interview Prof. Sebille,race,Other,policy_general,70.0
Interview Prof. Sebille,race,Other,policy_role_mean,72.5
Interview Prof. Sebille,race,Other,policy_specific_mean,70.71428571428571
Interview Prof. Sebille,race,Other,trust_multidimensional,66.25
Interview Prof. Sebille,race,Other,trust_post,75.0
Interview Prof. Sebille,race,White / Caucasian,behavior_mean,61.666666666666664
Interview Prof. Sebille,race,White / Caucasian,belief_post,100.0
Interview Prof. Sebille,race,White / Caucasian,concern_mean,91.66666666666667
Interview Prof. Sebille,race,White / Caucasian,distrust_post,10.0
Interview Prof. Sebille,race,White / Caucasian,donation_ams,6.0
Interview Prof. Sebille,race,White / Caucasian,funding_perceptions,70.0
Interview Prof. Sebille,race,White / Caucasian,inst_trust_mean,85.0
Interview Prof. Sebille,race,White / Caucasian,newsletter_signup,40.0
Interview Prof. Sebille,race,White / Caucasian,policy_general,90.0
Interview Prof. Sebille,race,White / Caucasian,policy_role_mean,88.75
Interview Prof. Sebille,race,White / Caucasian,policy_specific_mean,85.0
Interview Prof. Sebille,race,White / Caucasian,trust_multidimensional,80.83333333333333
Interview Prof. Sebille,race,White / Caucasian,trust_post,80.0
Measurement & modeling (1),age_band,18-29,behavior_mean,84.16666666666667
Measurement & modeling (1),age_band,18-29,belief_post,95.0
Measurement & modeling (1),age_band,18-29,concern_mean,93.33333333333333
Measurement & modeling (1),age_band,18-29,distrust_post,20.0
Measurement & modeling (1),age_band,18-29,donation_ams,6.0
Measurement & modeling (1),age_band,18-29,funding_perceptions,55.0
Measurement & modeling (1),age_band,18-29,inst_trust_mean,84.0
Measurement & modeling (1),age_band,18-29,newsletter_signup,50.0
Measurement & modeling (1),age_band,18-29,policy_general,90.0
Measurement & modeling (1),age_band,18-29,policy_role_mean,95.0
Measurement & modeling (1),age_band,18-29,policy_specific_mean,88.57142857142857
Measurement & modeling (1),age_band,18-29,trust_multidimensional,84.16666666666667
Measurement & modeling (1),age_band,18-29,trust_post,80.0
Measurement & modeling (1),age_band,30-44,behavior_mean,70.83333333333333
Measurement & modeling (1),age_band,30-44,belief_post,90.0
Measurement & modeling (1),age_band,30-44,concern_mean,85.0
Measurement & modeling (1),age_band,30-44,distrust_post,20.0
Measurement & modeling (1),age_band,30-44,donation_ams,60.0
Measurement & modeling (1),age_band,30-44,funding_perceptions,50.0
Measurement & modeling (1),age_band,30-44,inst_trust_mean,83.0
Measurement & modeling (1),age_band,30-44,newsletter_signup,30.0
Measurement & modeling (1),age_band,30-44,policy_general,70.0
Measurement & modeling (1),age_band,30-44,policy_role_mean,77.5
Measurement & modeling (1),age_band,30-44,policy_specific_mean,73.57142857142857
Measurement & modeling (1),age_band,30-44,trust_multidimensional,75.83333333333333
Measurement & modeling (1),age_band,30-44,trust_post,75.0
Measurement & modeling (1),age_band,45-59,behavior_mean,64.16666666666667
Measurement & modeling (1),age_band,45-59,belief_post,90.0
Measurement & modeling (1),age_band,45-59,concern_mean,86.66666666666667
Measurement & modeling (1),age_band,45-59,distrust_post,15.0
Measurement & modeling (1),age_band,45-59,donation_ams,6.0
Measurement & modeling (1),age_band,45-59,funding_perceptions,60.0
Measurement & modeling (1),age_band,45-59,inst_trust_mean,80.0
Measurement & modeling (1),age_band,45-59,newsletter_signup,30.0
Measurement & modeling (1),age_band,45-59,policy_general,80.0
Measurement & modeling (1),age_band,45-59,policy_role_mean,85.0
Measurement & modeling (1),age_band,45-59,policy_specific_mean,84.28571428571429
Measurement & modeling (1),age_band,45-59,trust_multidimensional,77.5
Measurement & modeling (1),age_band,45-59,trust_post,85.0
Measurement & modeling (1),age_band,60+,behavior_mean,43.333333333333336
Measurement & modeling (1),age_band,60+,belief_post,90.0
Measurement & modeling (1),age_band,60+,concern_mean,85.0
Measurement & modeling (1),age_band,60+,distrust_post,15.0
Measurement & modeling (1),age_band,60+,donation_ams,5.0
Measurement & modeling (1),age_band,60+,funding_perceptions,50.0
Measurement & modeling (1),age_band,60+,inst_trust_mean,84.0
Measurement & modeling (1),age_band,60+,newsletter_signup,50.0
Measurement & modeling (1),age_band,60+,policy_general,80.0
Measurement & modeling (1),age_band,60+,policy_role_mean,82.5
Measurement & modeling (1),age_band,60+,policy_specific_mean,73.57142857142857
Measurement & modeling (1),age_band,60+,trust_multidimensional,75.0
Measurement & modeling (1),age_band,60+,trust_post,85.0
Measurement & modeling (1),education,Bachelor's degree,behavior_mean,70.83333333333333
Measurement & modeling (1),education,Bachelor's degree,belief_post,90.0
Measurement & modeling (1),education,Bachelor's degree,concern_mean,85.0
Measurement & modeling (1),education,Bachelor's degree,distrust_post,20.0
Measurement & modeling (1),education,Bachelor's degree,donation_ams,5.0
Measurement & modeling (1),education,Bachelor's degree,funding_perceptions,60.0
Measurement & modeling (1),education,Bachelor's degree,inst_trust_mean,86.0
Measurement & modeling (1),education,Bachelor's degree,newsletter_signup,65.0
Measurement & modeling (1),education,Bachelor's degree,policy_general,85.0
Measurement & modeling (1),education,Bachelor's degree,policy_role_mean,82.5
Measurement & modeling (1),education,Bachelor's degree,policy_specific_mean,77.85714285714286
Measurement & modeling (1),education,Bachelor's degree,trust_multidimensional,79.16666666666667
Measurement & modeling (1),education,Bachelor's degree,trust_post,80.0
Measurement & modeling (1),education,Doctorate degree / Ph.D.,behavior_mean,72.5
Measurement & modeling (1),education,Doctorate degree / Ph.D.,belief_post,95.0
Measurement & modeling (1),education,Doctorate degree / Ph.D.,concern_mean,91.66666666666667
Measurement & modeling (1),education,Doctorate degree / Ph.D.,distrust_post,5.0
Measurement & modeling (1),education,Doctorate degree / Ph.D.,donation_ams,6.0
Measurement & modeling (1),education,Doctorate degree / Ph.D.,funding_perceptions,50.0
Measurement & modeling (1),education,Doctorate degree / Ph.D.,inst_trust_mean,90.0
Measurement & modeling (1),education,Doctorate degree / Ph.D.,newsletter_signup,1.0
Measurement & modeling (1),education,Doctorate degree / Ph.D.,policy_general,90.0
Measurement & modeling (1),education,Doctorate degree / Ph.D.,policy_role_mean,92.5
Measurement & modeling (1),education,Doctorate degree / Ph.D.,policy_specific_mean,88.57142857142857
Measurement & modeling (1),education,Doctorate degree / Ph.D.,trust_multidimensional,88.33333333333333
Measurement & modeling (1),education,Doctorate degree / Ph.D.,trust_post,95.0
Measurement & modeling (1),education,High school diploma / GED,behavior_mean,57.5
Measurement & modeling (1),education,High school diploma / GED,belief_post,90.0
Measurement & modeling (1),education,High school diploma / GED,concern_mean,80.0
Measurement & modeling (1),education,High school diploma / GED,distrust_post,15.0
Measurement & modeling (1),education,High school diploma / GED,donation_ams,4.0
Measurement & modeling (1),education,High school diploma / GED,funding_perceptions,45.0
Measurement & modeling (1),education,High school diploma / GED,inst_trust_mean,81.0
Measurement & modeling (1),education,High school diploma / GED,newsletter_signup,1.0
Measurement & modeling (1),education,High school diploma / GED,policy_general,70.0
Measurement & modeling (1),education,High school diploma / GED,policy_role_mean,78.75
Measurement & modeling (1),education,High school diploma / GED,policy_specific_mean,72.14285714285714
Measurement & modeling (1),education,High school diploma / GED,trust_multidimensional,77.08333333333333
Measurement & modeling (1),education,High school diploma / GED,trust_post,75.0
Measurement & modeling (1),education,Less than high school,behavior_mean,46.666666666666664
Measurement & modeling (1),education,Less than high school,belief_post,65.0
Measurement & modeling (1),education,Less than high school,concern_mean,68.33333333333333
Measurement & modeling (1),education,Less than high school,distrust_post,55.0
Measurement & modeling (1),education,Less than high school,donation_ams,2.0
Measurement & modeling (1),education,Less than high school,funding_perceptions,50.0
Measurement & modeling (1),education,Less than high school,inst_trust_mean,39.0
Measurement & modeling (1),education,Less than high school,newsletter_signup,30.0
Measurement & modeling (1),education,Less than high school,policy_general,55.0
Measurement & modeling (1),education,Less than high school,policy_role_mean,52.5
Measurement & modeling (1),education,Less than high school,policy_specific_mean,61.42857142857143
Measurement & modeling (1),education,Less than high school,trust_multidimensional,42.916666666666664
Measurement & modeling (1),education,Less than high school,trust_post,45.0
Measurement & modeling (1),education,Master's degree / Professional degree,behavior_mean,71.66666666666667
Measurement & modeling (1),education,Master's degree / Professional degree,belief_post,90.0
Measurement & modeling (1),education,Master's degree / Professional degree,concern_mean,83.33333333333333
Measurement & modeling (1),education,Master's degree / Professional degree,distrust_post,15.0
Measurement & modeling (1),education,Master's degree / Professional degree,donation_ams,6.0
Measurement & modeling (1),education,Master's degree / Professional degree,funding_perceptions,45.0
Measurement & modeling (1),education,Master's degree / Professional degree,inst_trust_mean,84.0
Measurement & modeling (1),education,Master's degree / Professional degree,newsletter_signup,30.0
Measurement & modeling (1),education,Master's degree / Professional degree,policy_general,85.0
Measurement & modeling (1),education,Master's degree / Professional degree,policy_role_mean,87.5
Measurement & modeling (1),education,Master's degree / Professional degree,policy_specific_mean,80.0
Measurement & modeling (1),education,Master's degree / Professional degree,trust_multidimensional,76.66666666666667
Measurement & modeling (1),education,Master's degree / Professional degree,trust_post,85.0
Measurement & modeling (1),education,Some college or Associate's degree,behavior_mean,66.66666666666667
Measurement & modeling (1),education,Some college or Associate's degree,belief_post,95.0
Measurement & modeling (1),education,Some college or Associate's degree,concern_mean,83.33333333333333
Measurement & modeling (1),education,Some college or Associate's degree,distrust_post,30.0
Measurement & modeling (1),education,Some college or Associate's degree,donation_ams,5.0
Measurement & modeling (1),education,Some college or Associate's degree,funding_perceptions,50.0
Measurement & modeling (1),education,Some college or Associate's degree,inst_trust_mean,89.0
Measurement & modeling (1),education,Some college or Associate's degree,newsletter_signup,30.0
Measurement & modeling (1),education,Some college or Associate's degree,policy_general,85.0
Measurement & modeling (1),education,Some college or Associate's degree,policy_role_mean,86.25
Measurement & modeling (1),education,Some college or Associate's degree,policy_specific_mean,80.0
Measurement & modeling (1),education,Some college or Associate's degree,trust_multidimensional,81.25
Measurement & modeling (1),education,Some college or Associate's degree,trust_post,75.0
Measurement & modeling (1),gender,Female,behavior_mean,75.0
Measurement & modeling (1),gender,Female,belief_post,95.0
Measurement & modeling (1),gender,Female,concern_mean,91.66666666666667
Measurement & modeling (1),gender,Female,distrust_post,20.0
Measurement & modeling (1),gender,Female,donation_ams,7.0
Measurement & modeling (1),gender,Female,funding_perceptions,50.0
Measurement & modeling (1),gender,Female,inst_trust_mean,85.0
Measurement & modeling (1),gender,Female,newsletter_signup,40.0
Measurement & modeling (1),gender,Female,policy_general,90.0
Measurement & modeling (1),gender,Female,policy_role_mean,90.0
Measurement & modeling (1),gender,Female,policy_specific_mean,90.71428571428571
Measurement & modeling (1),gender,Female,trust_multidimensional,86.25
Measurement & modeling (1),gender,Female,trust_post,85.0
Measurement & modeling (1),gender,Male,behavior_mean,38.333333333333336
Measurement & modeling (1),gender,Male,belief_post,85.0
Measurement & modeling (1),gender,Male,concern_mean,70.0
Measurement & modeling (1),gender,Male,distrust_post,20.0
Measurement & modeling (1),gender,Male,donation_ams,5.0
Measurement & modeling (1),gender,Male,funding_perceptions,60.0
Measurement & modeling (1),gender,Male,inst_trust_mean,80.0
Measurement & modeling (1),gender,Male,newsletter_signup,2.0
Measurement & modeling (1),gender,Male,policy_general,75.0
Measurement & modeling (1),gender,Male,policy_role_mean,77.5
Measurement & modeling (1),gender,Male,policy_specific_mean,62.857142857142854
Measurement & modeling (1),gender,Male,trust_multidimensional,75.0
Measurement & modeling (1),gender,Male,trust_post,65.0
Measurement & modeling (1),gender,Other,behavior_mean,65.83333333333333
Measurement & modeling (1),gender,Other,belief_post,90.0
Measurement & modeling (1),gender,Other,concern_mean,88.33333333333333
Measurement & modeling (1),gender,Other,distrust_post,10.0
Measurement & modeling (1),gender,Other,donation_ams,6.0
Measurement & modeling (1),gender,Other,funding_perceptions,70.0
Measurement & modeling (1),gender,Other,inst_trust_mean,83.0
Measurement & modeling (1),gender,Other,newsletter_signup,1.0
Measurement & modeling (1),gender,Other,policy_general,80.0
Measurement & modeling (1),gender,Other,policy_role_mean,83.75
Measurement & modeling (1),gender,Other,policy_specific_mean,82.85714285714286
Measurement & modeling (1),gender,Other,trust_multidimensional,81.66666666666667
Measurement & modeling (1),gender,Other,trust_post,75.0
Measurement & modeling (1),income,"$100,000 to $167,999",behavior_mean,63.333333333333336
Measurement & modeling (1),income,"$100,000 to $167,999",belief_post,95.0
Measurement & modeling (1),income,"$100,000 to $167,999",concern_mean,85.0
Measurement & modeling (1),income,"$100,000 to $167,999",distrust_post,10.0
Measurement & modeling (1),income,"$100,000 to $167,999",donation_ams,5.0
Measurement & modeling (1),income,"$100,000 to $167,999",funding_perceptions,55.0
Measurement & modeling (1),income,"$100,000 to $167,999",inst_trust_mean,86.0
Measurement & modeling (1),income,"$100,000 to $167,999",newsletter_signup,40.0
Measurement & modeling (1),income,"$100,000 to $167,999",policy_general,80.0
Measurement & modeling (1),income,"$100,000 to $167,999",policy_role_mean,87.0
Measurement & modeling (1),income,"$100,000 to $167,999",policy_specific_mean,84.71428571428571
Measurement & modeling (1),income,"$100,000 to $167,999",trust_multidimensional,83.25
Measurement & modeling (1),income,"$100,000 to $167,999",trust_post,90.0
Measurement & modeling (1),income,"$168,000 or more",behavior_mean,68.33333333333333
Measurement & modeling (1),income,"$168,000 or more",belief_post,85.0
Measurement & modeling (1),income,"$168,000 or more",concern_mean,81.66666666666667
Measurement & modeling (1),income,"$168,000 or more",distrust_post,15.0
Measurement & modeling (1),income,"$168,000 or more",donation_ams,6.0
Measurement & modeling (1),income,"$168,000 or more",funding_perceptions,50.0
Measurement & modeling (1),income,"$168,000 or more",inst_trust_mean,87.0
Measurement & modeling (1),income,"$168,000 or more",newsletter_signup,2.0
Measurement & modeling (1),income,"$168,000 or more",policy_general,90.0
Measurement & modeling (1),income,"$168,000 or more",policy_role_mean,86.25
Measurement & modeling (1),income,"$168,000 or more",policy_specific_mean,83.57142857142857
Measurement & modeling (1),income,"$168,000 or more",trust_multidimensional,83.75
Measurement & modeling (1),income,"$168,000 or more",trust_post,80.0
Measurement & modeling (1),income,"$30,000 to $55,999",behavior_mean,48.333333333333336
Measurement & modeling (1),income,"$30,000 to $55,999",belief_post,90.0
Measurement & modeling (1),income,"$30,000 to $55,999",concern_mean,80.0
Measurement & modeling (1),income,"$30,000 to $55,999",distrust_post,25.0
Measurement & modeling (1),income,"$30,000 to $55,999",donation_ams,5.0
Measurement & modeling (1),income,"$30,000 to $55,999",funding_perceptions,50.0
Measurement & modeling (1),income,"$30,000 to $55,999",inst_trust_mean,77.0
Measurement & modeling (1),income,"$30,000 to $55,999",newsletter_signup,3.0
Measurement & modeling (1),income,"$30,000 to $55,999",policy_general,75.0
Measurement & modeling (1),income,"$30,000 to $55,999",policy_role_mean,77.5
Measurement & modeling (1),income,"$30,000 to $55,999",policy_specific_mean,69.28571428571429
Measurement & modeling (1),income,"$30,000 to $55,999",trust_multidimensional,74.58333333333333
Measurement & modeling (1),income,"$30,000 to $55,999",trust_post,75.0
Measurement & modeling (1),income,"$56,000 to $99,999",behavior_mean,50.0
Measurement & modeling (1),income,"$56,000 to $99,999",belief_post,90.0
Measurement & modeling (1),income,"$56,000 to $99,999",concern_mean,78.33333333333333
Measurement & modeling (1),income,"$56,000 to $99,999",distrust_post,20.0
Measurement & modeling (1),income,"$56,000 to $99,999",donation_ams,5.0
Measurement & modeling (1),income,"$56,000 to $99,999",funding_perceptions,50.0
Measurement & modeling (1),income,"$56,000 to $99,999",inst_trust_mean,83.0
Measurement & modeling (1),income,"$56,000 to $99,999",newsletter_signup,30.0
Measurement & modeling (1),income,"$56,000 to $99,999",policy_general,75.0
Measurement & modeling (1),income,"$56,000 to $99,999",policy_role_mean,78.75
Measurement & modeling (1),income,"$56,000 to $99,999",policy_specific_mean,71.42857142857143
Measurement & modeling (1),income,"$56,000 to $99,999",trust_multidimensional,81.66666666666667
Measurement & modeling (1),income,"$56,000 to $99,999",trust_post,85.0
Measurement & modeling (1),income,"Less than $30,000",behavior_mean,47.5
Measurement & modeling (1),income,"Less than $30,000",belief_post,85.0
Measurement & modeling (1),income,"Less than $30,000",concern_mean,86.66666666666667
Measurement & modeling (1),income,"Less than $30,000",distrust_post,40.0
Measurement & modeling (1),income,"Less than $30,000",donation_ams,4.0
Measurement & modeling (1),income,"Less than $30,000",funding_perceptions,60.0
Measurement & modeling (1),income,"Less than $30,000",inst_trust_mean,67.0
Measurement & modeling (1),income,"Less than $30,000",newsletter_signup,30.0
Measurement & modeling (1),income,"Less than $30,000",policy_general,80.0
Measurement & modeling (1),income,"Less than $30,000",policy_role_mean,66.25
Measurement & modeling (1),income,"Less than $30,000",policy_specific_mean,59.285714285714285
Measurement & modeling (1),income,"Less than $30,000",trust_multidimensional,74.58333333333333
Measurement & modeling (1),income,"Less than $30,000",trust_post,65.0
Measurement & modeling (1),party,Democrat,behavior_mean,72.5
Measurement & modeling (1),party,Democrat,belief_post,95.0
Measurement & modeling (1),party,Democrat,concern_mean,93.33333333333333
Measurement & modeling (1),party,Democrat,distrust_post,25.0
Measurement & modeling (1),party,Democrat,donation_ams,5.0
Measurement & modeling (1),party,Democrat,funding_perceptions,80.0
Measurement & modeling (1),party,Democrat,inst_trust_mean,88.0
Measurement & modeling (1),party,Democrat,newsletter_signup,1.0
Measurement & modeling (1),party,Democrat,policy_general,90.0
Measurement & modeling (1),party,Democrat,policy_role_mean,93.75
Measurement & modeling (1),party,Democrat,policy_specific_mean,90.0
Measurement & modeling (1),party,Democrat,trust_multidimensional,85.83333333333333
Measurement & modeling (1),party,Democrat,trust_post,85.0
Measurement & modeling (1),party,Independent,behavior_mean,63.333333333333336
Measurement & modeling (1),party,Independent,belief_post,95.0
Measurement & modeling (1),party,Independent,concern_mean,85.0
Measurement & modeling (1),party,Independent,distrust_post,10.0
Measurement & modeling (1),party,Independent,donation_ams,3.0
Measurement & modeling (1),party,Independent,funding_perceptions,50.0
Measurement & modeling (1),party,Independent,inst_trust_mean,89.0
Measurement & modeling (1),party,Independent,newsletter_signup,40.0
Measurement & modeling (1),party,Independent,policy_general,80.0
Measurement & modeling (1),party,Independent,policy_role_mean,83.75
Measurement & modeling (1),party,Independent,policy_specific_mean,80.71428571428571
Measurement & modeling (1),party,Independent,trust_multidimensional,90.83333333333333
Measurement & modeling (1),party,Independent,trust_post,85.0
Measurement & modeling (1),party,Other,behavior_mean,44.166666666666664
Measurement & modeling (1),party,Other,belief_post,90.0
Measurement & modeling (1),party,Other,concern_mean,73.33333333333333
Measurement & modeling (1),party,Other,distrust_post,15.0
Measurement & modeling (1),party,Other,donation_ams,5.0
Measurement & modeling (1),party,Other,funding_perceptions,55.0
Measurement & modeling (1),party,Other,inst_trust_mean,73.0
Measurement & modeling (1),party,Other,newsletter_signup,30.0
Measurement & modeling (1),party,Other,policy_general,70.0
Measurement & modeling (1),party,Other,policy_role_mean,78.75
Measurement & modeling (1),party,Other,policy_specific_mean,73.57142857142857
Measurement & modeling (1),party,Other,trust_multidimensional,73.75
Measurement & modeling (1),party,Other,trust_post,75.0
Measurement & modeling (1),party,Republican,behavior_mean,40.0
Measurement & modeling (1),party,Republican,belief_post,30.0
Measurement & modeling (1),party,Republican,concern_mean,43.333333333333336
Measurement & modeling (1),party,Republican,distrust_post,45.0
Measurement & modeling (1),party,Republican,donation_ams,3.0
Measurement & modeling (1),party,Republican,funding_perceptions,60.0
Measurement & modeling (1),party,Republican,inst_trust_mean,51.0
Measurement & modeling (1),party,Republican,newsletter_signup,2.0
Measurement & modeling (1),party,Republican,policy_general,30.0
Measurement & modeling (1),party,Republican,policy_role_mean,32.5
Measurement & modeling (1),party,Republican,policy_specific_mean,43.57142857142857
Measurement & modeling (1),party,Republican,trust_multidimensional,62.916666666666664
Measurement & modeling (1),party,Republican,trust_post,55.0
Measurement & modeling (1),race,Asian / Asian American,behavior_mean,69.16666666666667
Measurement & modeling (1),race,Asian / Asian American,belief_post,90.0
Measurement & modeling (1),race,Asian / Asian American,concern_mean,88.33333333333333
Measurement & modeling (1),race,Asian / Asian American,distrust_post,30.0
Measurement & modeling (1),race,Asian / Asian American,donation_ams,5.0
Measurement & modeling (1),race,Asian / Asian American,funding_perceptions,50.0
Measurement & modeling (1),race,Asian / Asian American,inst_trust_mean,82.0
Measurement & modeling (1),race,Asian / Asian American,newsletter_signup,50.0
Measurement & modeling (1),race,Asian / Asian American,policy_general,85.0
Measurement & modeling (1),race,Asian / Asian American,policy_role_mean,83.75
Measurement & modeling (1),race,Asian / Asian American,policy_specific_mean,86.42857142857143
Measurement & modeling (1),race,Asian / Asian American,trust_multidimensional,77.08333333333333
Measurement & modeling (1),race,Asian / Asian American,trust_post,70.0
Measurement & modeling (1),race,Black / African American,behavior_mean,55.0
Measurement & modeling (1),race,Black / African American,belief_post,80.0
Measurement & modeling (1),race,Black / African American,concern_mean,73.33333333333333
Measurement & modeling (1),race,Black / African American,distrust_post,30.0
Measurement & modeling (1),race,Black / African American,donation_ams,40.0
Measurement & modeling (1),race,Black / African American,funding_perceptions,50.0
Measurement & modeling (1),race,Black / African American,inst_trust_mean,44.0
Measurement & modeling (1),race,Black / African American,newsletter_signup,30.0
Measurement & modeling (1),race,Black / African American,policy_general,70.0
Measurement & modeling (1),race,Black / African American,policy_role_mean,73.75
Measurement & modeling (1),race,Black / African American,policy_specific_mean,67.85714285714286
Measurement & modeling (1),race,Black / African American,trust_multidimensional,54.583333333333336
Measurement & modeling (1),race,Black / African American,trust_post,45.0
Measurement & modeling (1),race,Hispanic / Latino,behavior_mean,70.0
Measurement & modeling (1),race,Hispanic / Latino,belief_post,85.0
Measurement & modeling (1),race,Hispanic / Latino,concern_mean,85.0
Measurement & modeling (1),race,Hispanic / Latino,distrust_post,15.0
Measurement & modeling (1),race,Hispanic / Latino,donation_ams,5.0
Measurement & modeling (1),race,Hispanic / Latino,funding_perceptions,60.0
Measurement & modeling (1),race,Hispanic / Latino,inst_trust_mean,78.0
Measurement & modeling (1),race,Hispanic / Latino,newsletter_signup,2.0
Measurement & modeling (1),race,Hispanic / Latino,policy_general,85.0
Measurement & modeling (1),race,Hispanic / Latino,policy_role_mean,82.5
Measurement & modeling (1),race,Hispanic / Latino,policy_specific_mean,82.85714285714286
Measurement & modeling (1),race,Hispanic / Latino,trust_multidimensional,76.66666666666667
Measurement & modeling (1),race,Hispanic / Latino,trust_post,80.0
Measurement & modeling (1),race,Other,behavior_mean,49.166666666666664
Measurement & modeling (1),race,Other,belief_post,95.0
Measurement & modeling (1),race,Other,concern_mean,73.33333333333333
Measurement & modeling (1),race,Other,distrust_post,20.0
Measurement & modeling (1),race,Other,donation_ams,5.0
Measurement & modeling (1),race,Other,funding_perceptions,50.0
Measurement & modeling (1),race,Other,inst_trust_mean,80.0
Measurement & modeling (1),race,Other,newsletter_signup,2.0
Measurement & modeling (1),race,Other,policy_general,70.0
Measurement & modeling (1),race,Other,policy_role_mean,87.5
Measurement & modeling (1),race,Other,policy_specific_mean,67.14285714285714
Measurement & modeling (1),race,Other,trust_multidimensional,80.41666666666667
Measurement & modeling (1),race,Other,trust_post,80.0
Measurement & modeling (1),race,White / Caucasian,behavior_mean,51.666666666666664
Measurement & modeling (1),race,White / Caucasian,belief_post,95.0
Measurement & modeling (1),race,White / Caucasian,concern_mean,85.0
Measurement & modeling (1),race,White / Caucasian,distrust_post,15.0
Measurement & modeling (1),race,White / Caucasian,donation_ams,40.0
Measurement & modeling (1),race,White / Caucasian,funding_perceptions,35.0
Measurement & modeling (1),race,White / Caucasian,inst_trust_mean,90.0
Measurement & modeling (1),race,White / Caucasian,newsletter_signup,30.0
Measurement & modeling (1),race,White / Caucasian,policy_general,80.0
Measurement & modeling (1),race,White / Caucasian,policy_role_mean,82.5
Measurement & modeling (1),race,White / Caucasian,policy_specific_mean,65.0
Measurement & modeling (1),race,White / Caucasian,trust_multidimensional,80.41666666666667
Measurement & modeling (1),race,White / Caucasian,trust_post,85.0
Measurement & modeling (2),age_band,18-29,behavior_mean,74.16666666666667
Measurement & modeling (2),age_band,18-29,belief_post,90.0
Measurement & modeling (2),age_band,18-29,concern_mean,84.33333333333333
Measurement & modeling (2),age_band,18-29,distrust_post,25.0
Measurement & modeling (2),age_band,18-29,donation_ams,5.0
Measurement & modeling (2),age_band,18-29,funding_perceptions,50.0
Measurement & modeling (2),age_band,18-29,inst_trust_mean,70.0
Measurement & modeling (2),age_band,18-29,newsletter_signup,40.0
Measurement & modeling (2),age_band,18-29,policy_general,80.0
Measurement & modeling (2),age_band,18-29,policy_role_mean,87.5
Measurement & modeling (2),age_band,18-29,policy_specific_mean,78.57142857142857
Measurement & modeling (2),age_band,18-29,trust_multidimensional,74.83333333333333
Measurement & modeling (2),age_band,18-29,trust_post,75.0
Measurement & modeling (2),age_band,30-44,behavior_mean,60.833333333333336
Measurement & modeling (2),age_band,30-44,belief_post,95.0
Measurement & modeling (2),age_band,30-44,concern_mean,85.0
Measurement & modeling (2),age_band,30-44,distrust_post,15.0
Measurement & modeling (2),age_band,30-44,donation_ams,6.0
Measurement & modeling (2),age_band,30-44,funding_perceptions,70.0
Measurement & modeling (2),age_band,30-44,inst_trust_mean,85.0
Measurement & modeling (2),age_band,30-44,newsletter_signup,30.0
Measurement & modeling (2),age_band,30-44,policy_general,80.0
Measurement & modeling (2),age_band,30-44,policy_role_mean,81.25
Measurement & modeling (2),age_band,30-44,policy_specific_mean,77.85714285714286
Measurement & modeling (2),age_band,30-44,trust_multidimensional,76.25
Measurement & modeling (2),age_band,30-44,trust_post,80.0
Measurement & modeling (2),age_band,45-59,behavior_mean,66.66666666666667
Measurement & modeling (2),age_band,45-59,belief_post,95.0
Measurement & modeling (2),age_band,45-59,concern_mean,88.33333333333333
Measurement & modeling (2),age_band,45-59,distrust_post,10.0
Measurement & modeling (2),age_band,45-59,donation_ams,60.0
Measurement & modeling (2),age_band,45-59,funding_perceptions,50.0
Measurement & modeling (2),age_band,45-59,inst_trust_mean,81.0
Measurement & modeling (2),age_band,45-59,newsletter_signup,40.0
Measurement & modeling (2),age_band,45-59,policy_general,85.0
Measurement & modeling (2),age_band,45-59,policy_role_mean,86.25
Measurement & modeling (2),age_band,45-59,policy_specific_mean,80.71428571428571
Measurement & modeling (2),age_band,45-59,trust_multidimensional,86.66666666666667
Measurement & modeling (2),age_band,45-59,trust_post,85.0
Measurement & modeling (2),age_band,60+,behavior_mean,45.833333333333336
Measurement & modeling (2),age_band,60+,belief_post,95.0
Measurement & modeling (2),age_band,60+,concern_mean,83.33333333333333
Measurement & modeling (2),age_band,60+,distrust_post,10.0
Measurement & modeling (2),age_band,60+,donation_ams,40.0
Measurement & modeling (2),age_band,60+,funding_perceptions,50.0
Measurement & modeling (2),age_band,60+,inst_trust_mean,77.0
Measurement & modeling (2),age_band,60+,newsletter_signup,2.0
Measurement & modeling (2),age_band,60+,policy_general,75.0
Measurement & modeling (2),age_band,60+,policy_role_mean,72.5
Measurement & modeling (2),age_band,60+,policy_specific_mean,56.42857142857143
Measurement & modeling (2),age_band,60+,trust_multidimensional,79.58333333333333
Measurement & modeling (2),age_band,60+,trust_post,80.0
Measurement & modeling (2),education,Bachelor's degree,behavior_mean,52.5
Measurement & modeling (2),education,Bachelor's degree,belief_post,90.0
Measurement & modeling (2),education,Bachelor's degree,concern_mean,80.0
Measurement & modeling (2),education,Bachelor's degree,distrust_post,20.0
Measurement & modeling (2),education,Bachelor's degree,donation_ams,5.0
Measurement & modeling (2),education,Bachelor's degree,funding_perceptions,50.0
Measurement & modeling (2),education,Bachelor's degree,inst_trust_mean,77.0
Measurement & modeling (2),education,Bachelor's degree,newsletter_signup,30.0
Measurement & modeling (2),education,Bachelor's degree,policy_general,70.0
Measurement & modeling (2),education,Bachelor's degree,policy_role_mean,73.75
Measurement & modeling (2),education,Bachelor's degree,policy_specific_mean,67.14285714285714
Measurement & modeling (2),education,Bachelor's degree,trust_multidimensional,75.0
Measurement & modeling (2),education,Bachelor's degree,trust_post,75.0
Measurement & modeling (2),education,Doctorate degree / Ph.D.,behavior_mean,90.0
Measurement & modeling (2),education,Doctorate degree / Ph.D.,belief_post,98.0
Measurement & modeling (2),education,Doctorate degree / Ph.D.,concern_mean,96.66666666666667
Measurement & modeling (2),education,Doctorate degree / Ph.D.,distrust_post,15.0
Measurement & modeling (2),education,Doctorate degree / Ph.D.,donation_ams,8.0
Measurement & modeling (2),education,Doctorate degree / Ph.D.,funding_perceptions,50.0
Measurement & modeling (2),education,Doctorate degree / Ph.D.,inst_trust_mean,91.0
Measurement & modeling (2),education,Doctorate degree / Ph.D.,newsletter_signup,2.0
Measurement & modeling (2),education,Doctorate degree / Ph.D.,policy_general,90.0
Measurement & modeling (2),education,Doctorate degree / Ph.D.,policy_role_mean,91.25
Measurement & modeling (2),education,Doctorate degree / Ph.D.,policy_specific_mean,82.85714285714286
Measurement & modeling (2),education,Doctorate degree / Ph.D.,trust_multidimensional,82.5
Measurement & modeling (2),education,Doctorate degree / Ph.D.,trust_post,95.0
Measurement & modeling (2),education,High school diploma / GED,behavior_mean,47.5
Measurement & modeling (2),education,High school diploma / GED,belief_post,85.0
Measurement & modeling (2),education,High school diploma / GED,concern_mean,73.33333333333333
Measurement & modeling (2),education,High school diploma / GED,distrust_post,25.0
Measurement & modeling (2),education,High school diploma / GED,donation_ams,40.0
Measurement & modeling (2),education,High school diploma / GED,funding_perceptions,50.0
Measurement & modeling (2),education,High school diploma / GED,inst_trust_mean,75.0
Measurement & modeling (2),education,High school diploma / GED,newsletter_signup,30.0
Measurement & modeling (2),education,High school diploma / GED,policy_general,70.0
Measurement & modeling (2),education,High school diploma / GED,policy_role_mean,71.25
Measurement & modeling (2),education,High school diploma / GED,policy_specific_mean,65.0
Measurement & modeling (2),education,High school diploma / GED,trust_multidimensional,67.91666666666667
Measurement & modeling (2),education,High school diploma / GED,trust_post,75.0
Measurement & modeling (2),education,Less than high school,behavior_mean,38.333333333333336
Measurement & modeling (2),education,Less than high school,belief_post,75.0
Measurement & modeling (2),education,Less than high school,concern_mean,61.666666666666664
Measurement & modeling (2),education,Less than high school,distrust_post,35.0
Measurement & modeling (2),education,Less than high school,donation_ams,30.0
Measurement & modeling (2),education,Less than high school,funding_perceptions,50.0
Measurement & modeling (2),education,Less than high school,inst_trust_mean,57.0
Measurement & modeling (2),education,Less than high school,newsletter_signup,30.0
Measurement & modeling (2),education,Less than high school,policy_general,60.0
Measurement & modeling (2),education,Less than high school,policy_role_mean,67.5
Measurement & modeling (2),education,Less than high school,policy_specific_mean,66.42857142857143
Measurement & modeling (2),education,Less than high school,trust_multidimensional,50.0
Measurement & modeling (2),education,Less than high school,trust_post,40.0
Measurement & modeling (2),education,Master's degree / Professional degree,behavior_mean,70.0
Measurement & modeling (2),education,Master's degree / Professional degree,belief_post,95.0
Measurement & modeling (2),education,Master's degree / Professional degree,concern_mean,85.0
Measurement & modeling (2),education,Master's degree / Professional degree,distrust_post,10.0
Measurement & modeling (2),education,Master's degree / Professional degree,donation_ams,5.0
Measurement & modeling (2),education,Master's degree / Professional degree,funding_perceptions,65.0
Measurement & modeling (2),education,Master's degree / Professional degree,inst_trust_mean,90.0
Measurement & modeling (2),education,Master's degree / Professional degree,newsletter_signup,1.0
Measurement & modeling (2),education,Master's degree / Professional degree,policy_general,85.0
Measurement & modeling (2),education,Master's degree / Professional degree,policy_role_mean,80.0
Measurement & modeling (2),education,Master's degree / Professional degree,policy_specific_mean,73.57142857142857
Measurement & modeling (2),education,Master's degree / Professional degree,trust_multidimensional,84.58333333333333
Measurement & modeling (2),education,Master's degree / Professional degree,trust_post,90.0
Measurement & modeling (2),education,Some college or Associate's degree,behavior_mean,75.83333333333333
Measurement & modeling (2),education,Some college or Associate's degree,belief_post,90.0
Measurement & modeling (2),education,Some college or Associate's degree,concern_mean,90.0
Measurement & modeling (2),education,Some college or Associate's degree,distrust_post,10.0
Measurement & modeling (2),education,Some college or Associate's degree,donation_ams,6.0
Measurement & modeling (2),education,Some college or Associate's degree,funding_perceptions,50.0
Measurement & modeling (2),education,Some college or Associate's degree,inst_trust_mean,80.0
Measurement & modeling (2),education,Some college or Associate's degree,newsletter_signup,2.0
Measurement & modeling (2),education,Some college or Associate's degree,policy_general,85.0
Measurement & modeling (2),education,Some college or Associate's degree,policy_role_mean,85.0
Measurement & modeling (2),education,Some college or Associate's degree,policy_specific_mean,82.14285714285714
Measurement & modeling (2),education,Some college or Associate's degree,trust_multidimensional,80.41666666666667
Measurement & modeling (2),education,Some college or Associate's degree,trust_post,85.0
Measurement & modeling (2),gender,Female,behavior_mean,66.66666666666667
Measurement & modeling (2),gender,Female,belief_post,85.0
Measurement & modeling (2),gender,Female,concern_mean,88.33333333333333
Measurement & modeling (2),gender,Female,distrust_post,20.0
Measurement & modeling (2),gender,Female,donation_ams,6.0
Measurement & modeling (2),gender,Female,funding_perceptions,50.0
Measurement & modeling (2),gender,Female,inst_trust_mean,84.0
Measurement & modeling (2),gender,Female,newsletter_signup,1.0
Measurement & modeling (2),gender,Female,policy_general,80.0
Measurement & modeling (2),gender,Female,policy_role_mean,80.0
Measurement & modeling (2),gender,Female,policy_specific_mean,82.85714285714286
Measurement & modeling (2),gender,Female,trust_multidimensional,83.75
Measurement & modeling (2),gender,Female,trust_post,90.0
Measurement & modeling (2),gender,Male,behavior_mean,71.66666666666667
Measurement & modeling (2),gender,Male,belief_post,80.0
Measurement & modeling (2),gender,Male,concern_mean,90.0
Measurement & modeling (2),gender,Male,distrust_post,10.0
Measurement & modeling (2),gender,Male,donation_ams,70.0
Measurement & modeling (2),gender,Male,funding_perceptions,50.0
Measurement & modeling (2),gender,Male,inst_trust_mean,84.0
Measurement & modeling (2),gender,Male,newsletter_signup,40.0
Measurement & modeling (2),gender,Male,policy_general,80.0
Measurement & modeling (2),gender,Male,policy_role_mean,82.5
Measurement & modeling (2),gender,Male,policy_specific_mean,77.14285714285714
Measurement & modeling (2),gender,Male,trust_multidimensional,77.08333333333333
Measurement & modeling (2),gender,Male,trust_post,85.0
Measurement & modeling (2),gender,Other,behavior_mean,70.83333333333333
Measurement & modeling (2),gender,Other,belief_post,85.0
Measurement & modeling (2),gender,Other,concern_mean,83.33333333333333
Measurement & modeling (2),gender,Other,distrust_post,10.0
Measurement & modeling (2),gender,Other,donation_ams,6.0
Measurement & modeling (2),gender,Other,funding_perceptions,50.0
Measurement & modeling (2),gender,Other,inst_trust_mean,81.0
Measurement & modeling (2),gender,Other,newsletter_signup,30.0
Measurement & modeling (2),gender,Other,policy_general,80.0
Measurement & modeling (2),gender,Other,policy_role_mean,82.5
Measurement & modeling (2),gender,Other,policy_specific_mean,79.28571428571429
Measurement & modeling (2),gender,Other,trust_multidimensional,77.08333333333333
Measurement & modeling (2),gender,Other,trust_post,80.0
Measurement & modeling (2),income,"$100,000 to $167,999",behavior_mean,57.5
Measurement & modeling (2),income,"$100,000 to $167,999",belief_post,85.0
Measurement & modeling (2),income,"$100,000 to $167,999",concern_mean,78.33333333333333
Measurement & modeling (2),income,"$100,000 to $167,999",distrust_post,15.0
Measurement & modeling (2),income,"$100,000 to $167,999",donation_ams,4.0
Measurement & modeling (2),income,"$100,000 to $167,999",funding_perceptions,50.0
Measurement & modeling (2),income,"$100,000 to $167,999",inst_trust_mean,79.0
Measurement & modeling (2),income,"$100,000 to $167,999",newsletter_signup,30.0
Measurement & modeling (2),income,"$100,000 to $167,999",policy_general,75.0
Measurement & modeling (2),income,"$100,000 to $167,999",policy_role_mean,77.5
Measurement & modeling (2),income,"$100,000 to $167,999",policy_specific_mean,71.42857142857143
Measurement & modeling (2),income,"$100,000 to $167,999",trust_multidimensional,73.75
Measurement & modeling (2),income,"$100,000 to $167,999",trust_post,80.0
Measurement & modeling (2),income,"$168,000 or more",behavior_mean,80.0
Measurement & modeling (2),income,"$168,000 or more",belief_post,100.0
Measurement & modeling (2),income,"$168,000 or more",concern_mean,91.66666666666667
Measurement & modeling (2),income,"$168,000 or more",distrust_post,10.0
Measurement & modeling (2),income,"$168,000 or more",donation_ams,6.0
Measurement & modeling (2),income,"$168,000 or more",funding_perceptions,50.0
Measurement & modeling (2),income,"$168,000 or more",inst_trust_mean,82.0
Measurement & modeling (2),income,"$168,000 or more",newsletter_signup,50.0
Measurement & modeling (2),income,"$168,000 or more",policy_general,85.0
Measurement & modeling (2),income,"$168,000 or more",policy_role_mean,87.5
Measurement & modeling (2),income,"$168,000 or more",policy_specific_mean,88.57142857142857
Measurement & modeling (2),income,"$168,000 or more",trust_multidimensional,87.08333333333333
Measurement & modeling (2),income,"$168,000 or more",trust_post,85.0
Measurement & modeling (2),income,"$30,000 to $55,999",behavior_mean,45.0
Measurement & modeling (2),income,"$30,000 to $55,999",belief_post,90.0
Measurement & modeling (2),income,"$30,000 to $55,999",concern_mean,61.666666666666664
Measurement & modeling (2),income,"$30,000 to $55,999",distrust_post,15.0
Measurement & modeling (2),income,"$30,000 to $55,999",donation_ams,5.0
Measurement & modeling (2),income,"$30,000 to $55,999",funding_perceptions,60.0
Measurement & modeling (2),income,"$30,000 to $55,999",inst_trust_mean,75.0
Measurement & modeling (2),income,"$30,000 to $55,999",newsletter_signup,2.0
Measurement & modeling (2),income,"$30,000 to $55,999",policy_general,70.0
Measurement & modeling (2),income,"$30,000 to $55,999",policy_role_mean,73.75
Measurement & modeling (2),income,"$30,000 to $55,999",policy_specific_mean,70.0
Measurement & modeling (2),income,"$30,000 to $55,999",trust_multidimensional,76.66666666666667
Measurement & modeling (2),income,"$30,000 to $55,999",trust_post,75.0
Measurement & modeling (2),income,"$56,000 to $99,999",behavior_mean,60.0
Measurement & modeling (2),income,"$56,000 to $99,999",belief_post,85.0
Measurement & modeling (2),income,"$56,000 to $99,999",concern_mean,75.0
Measurement & modeling (2),income,"$56,000 to $99,999",distrust_post,15.0
Measurement & modeling (2),income,"$56,000 to $99,999",donation_ams,5.0
Measurement & modeling (2),income,"$56,000 to $99,999",funding_perceptions,50.0
Measurement & modeling (2),income,"$56,000 to $99,999",inst_trust_mean,80.0
Measurement & modeling (2),income,"$56,000 to $99,999",newsletter_signup,30.0
Measurement & modeling (2),income,"$56,000 to $99,999",policy_general,70.0
Measurement & modeling (2),income,"$56,000 to $99,999",policy_role_mean,71.25
Measurement & modeling (2),income,"$56,000 to $99,999",policy_specific_mean,72.14285714285714
Measurement & modeling (2),income,"$56,000 to $99,999",trust_multidimensional,83.33333333333333
Measurement & modeling (2),income,"$56,000 to $99,999",trust_post,85.0
Measurement & modeling (2),income,"Less than $30,000",behavior_mean,35.0
Measurement & modeling (2),income,"Less than $30,000",belief_post,65.0
Measurement & modeling (2),income,"Less than $30,000",concern_mean,60.0
Measurement & modeling (2),income,"Less than $30,000",distrust_post,45.0
Measurement & modeling (2),income,"Less than $30,000",donation_ams,3.0
Measurement & modeling (2),income,"Less than $30,000",funding_perceptions,50.0
Measurement & modeling (2),income,"Less than $30,000",inst_trust_mean,44.0
Measurement & modeling (2),income,"Less than $30,000",newsletter_signup,2.0
Measurement & modeling (2),income,"Less than $30,000",policy_general,55.0
Measurement & modeling (2),income,"Less than $30,000",policy_role_mean,53.75
Measurement & modeling (2),income,"Less than $30,000",policy_specific_mean,50.714285714285715
Measurement & modeling (2),income,"Less than $30,000",trust_multidimensional,45.833333333333336
Measurement & modeling (2),income,"Less than $30,000",trust_post,40.0
Measurement & modeling (2),party,Democrat,behavior_mean,75.83333333333333
Measurement & modeling (2),party,Democrat,belief_post,90.0
Measurement & modeling (2),party,Democrat,concern_mean,91.66666666666667
Measurement & modeling (2),party,Democrat,distrust_post,10.0
Measurement & modeling (2),party,Democrat,donation_ams,7.0
Measurement & modeling (2),party,Democrat,funding_perceptions,50.0
Measurement & modeling (2),party,Democrat,inst_trust_mean,84.0
Measurement & modeling (2),party,Democrat,newsletter_signup,60.0
Measurement & modeling (2),party,Democrat,policy_general,90.0
Measurement & modeling (2),party,Democrat,policy_role_mean,95.0
Measurement & modeling (2),party,Democrat,policy_specific_mean,91.42857142857143
Measurement & modeling (2),party,Democrat,trust_multidimensional,76.25
Measurement & modeling (2),party,Democrat,trust_post,80.0
Measurement & modeling (2),party,Independent,behavior_mean,65.83333333333333
Measurement & modeling (2),party,Independent,belief_post,85.0
Measurement & modeling (2),party,Independent,concern_mean,81.66666666666667
Measurement & modeling (2),party,Independent,distrust_post,15.0
Measurement & modeling (2),party,Independent,donation_ams,6.0
Measurement & modeling (2),party,Independent,funding_perceptions,55.0
Measurement & modeling (2),party,Independent,inst_trust_mean,75.0
Measurement & modeling (2),party,Independent,newsletter_signup,40.0
Measurement & modeling (2),party,Independent,policy_general,75.0
Measurement & modeling (2),party,Independent,policy_role_mean,77.5
Measurement & modeling (2),party,Independent,policy_specific_mean,78.57142857142857
Measurement & modeling (2),party,Independent,trust_multidimensional,77.91666666666667
Measurement & modeling (2),party,Independent,trust_post,80.0
Measurement & modeling (2),party,Other,behavior_mean,63.333333333333336
Measurement & modeling (2),party,Other,belief_post,85.0
Measurement & modeling (2),party,Other,concern_mean,81.66666666666667
Measurement & modeling (2),party,Other,distrust_post,25.0
Measurement & modeling (2),party,Other,donation_ams,5.0
Measurement & modeling (2),party,Other,funding_perceptions,40.0
Measurement & modeling (2),party,Other,inst_trust_mean,79.0
Measurement & modeling (2),party,Other,newsletter_signup,50.0
Measurement & modeling (2),party,Other,policy_general,75.0
Measurement & modeling (2),party,Other,policy_role_mean,75.0
Measurement & modeling (2),party,Other,policy_specific_mean,77.85714285714286
Measurement & modeling (2),party,Other,trust_multidimensional,75.83333333333333
Measurement & modeling (2),party,Other,trust_post,75.0
Measurement & modeling (2),party,Republican,behavior_mean,37.5
Measurement & modeling (2),party,Republican,belief_post,30.0
Measurement & modeling (2),party,Republican,concern_mean,56.666666666666664
Measurement & modeling (2),party,Republican,distrust_post,35.0
Measurement & modeling (2),party,Republican,donation_ams,3.0
Measurement & modeling (2),party,Republican,funding_perceptions,50.0
Measurement & modeling (2),party,Republican,inst_trust_mean,49.0
Measurement & modeling (2),party,Republican,newsletter_signup,30.0
Measurement & modeling (2),party,Republican,policy_general,20.0
Measurement & modeling (2),party,Republican,policy_role_mean,30.0
Measurement & modeling (2),party,Republican,policy_specific_mean,47.857142857142854
Measurement & modeling (2),party,Republican,trust_multidimensional,63.333333333333336
Measurement & modeling (2),party,Republican,trust_post,45.0
Measurement & modeling (2),race,Asian / Asian American,behavior_mean,72.5
Measurement & modeling (2),race,Asian / Asian American,belief_post,95.0
Measurement & modeling (2),race,Asian / Asian American,concern_mean,90.0
Measurement & modeling (2),race,Asian / Asian American,distrust_post,15.0
Measurement & modeling (2),race,Asian / Asian American,donation_ams,5.0
Measurement & modeling (2),race,Asian / Asian American,funding_perceptions,80.0
Measurement & modeling (2),race,Asian / Asian American,inst_trust_mean,84.0
Measurement & modeling (2),race,Asian / Asian American,newsletter_signup,40.0
Measurement & modeling (2),race,Asian / Asian American,policy_general,80.0
Measurement & modeling (2),race,Asian / Asian American,policy_role_mean,86.25
Measurement & modeling (2),race,Asian / Asian American,policy_specific_mean,83.57142857142857
Measurement & modeling (2),race,Asian / Asian American,trust_multidimensional,80.0
Measurement & modeling (2),race,Asian / Asian American,trust_post,85.0
Measurement & modeling (2),race,Black / African American,behavior_mean,57.5
Measurement & modeling (2),race,Black / African American,belief_post,85.0
Measurement & modeling (2),race,Black / African American,concern_mean,78.33333333333333
Measurement & modeling (2),race,Black / African American,distrust_post,35.0
Measurement & modeling (2),race,Black / African American,donation_ams,40.0
Measurement & modeling (2),race,Black / African American,funding_perceptions,50.0
Measurement & modeling (2),race,Black / African American,inst_trust_mean,67.0
Measurement & modeling (2),race,Black / African American,newsletter_signup,30.0
Measurement & modeling (2),race,Black / African American,policy_general,75.0
Measurement & modeling (2),race,Black / African American,policy_role_mean,71.25
Measurement & modeling (2),race,Black / African American,policy_specific_mean,70.71428571428571
Measurement & modeling (2),race,Black / African American,trust_multidimensional,67.5
Measurement & modeling (2),race,Black / African American,trust_post,65.0
Measurement & modeling (2),race,Hispanic / Latino,behavior_mean,59.166666666666664
Measurement & modeling (2),race,Hispanic / Latino,belief_post,90.0
Measurement & modeling (2),race,Hispanic / Latino,concern_mean,83.33333333333333
Measurement & modeling (2),race,Hispanic / Latino,distrust_post,25.0
Measurement & modeling (2),race,Hispanic / Latino,donation_ams,5.0
Measurement & modeling (2),race,Hispanic / Latino,funding_perceptions,60.0
Measurement & modeling (2),race,Hispanic / Latino,inst_trust_mean,63.0
Measurement & modeling (2),race,Hispanic / Latino,newsletter_signup,30.0
Measurement & modeling (2),race,Hispanic / Latino,policy_general,85.0
Measurement & modeling (2),race,Hispanic / Latino,policy_role_mean,82.5
Measurement & modeling (2),race,Hispanic / Latino,policy_specific_mean,73.57142857142857
Measurement & modeling (2),race,Hispanic / Latino,trust_multidimensional,76.66666666666667
Measurement & modeling (2),race,Hispanic / Latino,trust_post,75.0
Measurement & modeling (2),race,Other,behavior_mean,56.666666666666664
Measurement & modeling (2),race,Other,belief_post,85.0
Measurement & modeling (2),race,Other,concern_mean,73.33333333333333
Measurement & modeling (2),race,Other,distrust_post,20.0
Measurement & modeling (2),race,Other,donation_ams,5.0
Measurement & modeling (2),race,Other,funding_perceptions,50.0
Measurement & modeling (2),race,Other,inst_trust_mean,71.0
Measurement & modeling (2),race,Other,newsletter_signup,40.0
Measurement & modeling (2),race,Other,policy_general,65.0
Measurement & modeling (2),race,Other,policy_role_mean,67.5
Measurement & modeling (2),race,Other,policy_specific_mean,67.85714285714286
Measurement & modeling (2),race,Other,trust_multidimensional,77.08333333333333
Measurement & modeling (2),race,Other,trust_post,80.0
Measurement & modeling (2),race,White / Caucasian,behavior_mean,66.66666666666667
Measurement & modeling (2),race,White / Caucasian,belief_post,95.0
Measurement & modeling (2),race,White / Caucasian,concern_mean,85.0
Measurement & modeling (2),race,White / Caucasian,distrust_post,20.0
Measurement & modeling (2),race,White / Caucasian,donation_ams,60.0
Measurement & modeling (2),race,White / Caucasian,funding_perceptions,70.0
Measurement & modeling (2),race,White / Caucasian,inst_trust_mean,78.0
Measurement & modeling (2),race,White / Caucasian,newsletter_signup,30.0
Measurement & modeling (2),race,White / Caucasian,policy_general,85.0
Measurement & modeling (2),race,White / Caucasian,policy_role_mean,85.0
Measurement & modeling (2),race,White / Caucasian,policy_specific_mean,80.71428571428571
Measurement & modeling (2),race,White / Caucasian,trust_multidimensional,78.75
Measurement & modeling (2),race,White / Caucasian,trust_post,75.0
Model accuracy,age_band,18-29,behavior_mean,80.0
Model accuracy,age_band,18-29,belief_post,95.0
Model accuracy,age_band,18-29,concern_mean,90.0
Model accuracy,age_band,18-29,distrust_post,10.0
Model accuracy,age_band,18-29,donation_ams,6.0
Model accuracy,age_band,18-29,funding_perceptions,60.0
Model accuracy,age_band,18-29,inst_trust_mean,79.0
Model accuracy,age_band,18-29,newsletter_signup,3.0
Model accuracy,age_band,18-29,policy_general,90.0
Model accuracy,age_band,18-29,policy_role_mean,88.75
Model accuracy,age_band,18-29,policy_specific_mean,83.57142857142857
Model accuracy,age_band,18-29,trust_multidimensional,77.91666666666667
Model accuracy,age_band,18-29,trust_post,85.0
Model accuracy,age_band,30-44,behavior_mean,62.5
Model accuracy,age_band,30-44,belief_post,95.0
Model accuracy,age_band,30-44,concern_mean,88.33333333333333
Model accuracy,age_band,30-44,distrust_post,10.0
Model accuracy,age_band,30-44,donation_ams,5.0
Model accuracy,age_band,30-44,funding_perceptions,50.0
Model accuracy,age_band,30-44,inst_trust_mean,88.0
Model accuracy,age_band,30-44,newsletter_signup,30.0
Model accuracy,age_band,30-44,policy_general,85.0
Model accuracy,age_band,30-44,policy_role_mean,86.25
Model accuracy,age_band,30-44,policy_specific_mean,85.0
Model accuracy,age_band,30-44,trust_multidimensional,82.5
Model accuracy,age_band,30-44,trust_post,80.0
Model accuracy,age_band,45-59,behavior_mean,47.5
Model accuracy,age_band,45-59,belief_post,95.0
Model accuracy,age_band,45-59,concern_mean,83.33333333333333
Model accuracy,age_band,45-59,distrust_post,20.0
Model accuracy,age_band,45-59,donation_ams,40.0
Model accuracy,age_band,45-59,funding_perceptions,50.0
Model accuracy,age_band,45-59,inst_trust_mean,78.0
Model accuracy,age_band,45-59,newsletter_signup,2.0
Model accuracy,age_band,45-59,policy_general,75.0
Model accuracy,age_band,45-59,policy_role_mean,71.25
Model accuracy,age_band,45-59,policy_specific_mean,65.71428571428571
Model accuracy,age_band,45-59,trust_multidimensional,75.83333333333333
Model accuracy,age_band,45-59,trust_post,70.0
Model accuracy,age_band,60+,behavior_mean,35.833333333333336
Model accuracy,age_band,60+,belief_post,90.0
Model accuracy,age_band,60+,concern_mean,86.66666666666667
Model accuracy,age_band,60+,distrust_post,15.0
Model accuracy,age_band,60+,donation_ams,3.0
Model accuracy,age_band,60+,funding_perceptions,60.0
Model accuracy,age_band,60+,inst_trust_mean,69.0
Model accuracy,age_band,60+,newsletter_signup,30.0
Model accuracy,age_band,60+,policy_general,70.0
Model accuracy,age_band,60+,policy_role_mean,71.25
Model accuracy,age_band,60+,policy_specific_mean,75.0
Model accuracy,age_band,60+,trust_multidimensional,73.58333333333333
Model accuracy,age_band,60+,trust_post,75.0
Model accuracy,education,Bachelor's degree,behavior_mean,50.833333333333336
Model accuracy,education,Bachelor's degree,belief_post,95.0
Model accuracy,education,Bachelor's degree,concern_mean,81.66666666666667
Model accuracy,education,Bachelor's degree,distrust_post,10.0
Model accuracy,education,Bachelor's degree,donation_ams,5.0
Model accuracy,education,Bachelor's degree,funding_perceptions,70.0
Model accuracy,education,Bachelor's degree,inst_trust_mean,84.0
Model accuracy,education,Bachelor's degree,newsletter_signup,40.0
Model accuracy,education,Bachelor's degree,policy_general,75.0
Model accuracy,education,Bachelor's degree,policy_role_mean,85.0
Model accuracy,education,Bachelor's degree,policy_specific_mean,72.85714285714286
Model accuracy,education,Bachelor's degree,trust_multidimensional,77.5
Model accuracy,education,Bachelor's degree,trust_post,85.0
Model accuracy,education,Doctorate degree / Ph.D.,behavior_mean,76.66666666666667
Model accuracy,education,Doctorate degree / Ph.D.,belief_post,95.0
Model accuracy,education,Doctorate degree / Ph.D.,concern_mean,90.0
Model accuracy,education,Doctorate degree / Ph.D.,distrust_post,10.0
Model accuracy,education,Doctorate degree / Ph.D.,donation_ams,7.0
Model accuracy,education,Doctorate degree / Ph.D.,funding_perceptions,50.0
Model accuracy,education,Doctorate degree / Ph.D.,inst_trust_mean,87.0
Model accuracy,education,Doctorate degree / Ph.D.,newsletter_signup,30.0
Model accuracy,education,Doctorate degree / Ph.D.,policy_general,90.0
Model accuracy,education,Doctorate degree / Ph.D.,policy_role_mean,90.0
Model accuracy,education,Doctorate degree / Ph.D.,policy_specific_mean,87.85714285714286
Model accuracy,education,Doctorate degree / Ph.D.,trust_multidimensional,86.25
Model accuracy,education,Doctorate degree / Ph.D.,trust_post,90.0
Model accuracy,education,High school diploma / GED,behavior_mean,36.666666666666664
Model accuracy,education,High school diploma / GED,belief_post,85.0
Model accuracy,education,High school diploma / GED,concern_mean,76.66666666666667
Model accuracy,education,High school diploma / GED,distrust_post,25.0
Model accuracy,education,High school diploma / GED,donation_ams,3.0
Model accuracy,education,High school diploma / GED,funding_perceptions,70.0
Model accuracy,education,High school diploma / GED,inst_trust_mean,67.0
Model accuracy,education,High school diploma / GED,newsletter_signup,1.0
Model accuracy,education,High school diploma / GED,policy_general,65.0
Model accuracy,education,High school diploma / GED,policy_role_mean,75.0
Model accuracy,education,High school diploma / GED,policy_specific_mean,64.28571428571429
Model accuracy,education,High school diploma / GED,trust_multidimensional,64.16666666666667
Model accuracy,education,High school diploma / GED,trust_post,70.0
Model accuracy,education,Less than high school,behavior_mean,35.833333333333336
Model accuracy,education,Less than high school,belief_post,80.0
Model accuracy,education,Less than high school,concern_mean,71.66666666666667
Model accuracy,education,Less than high school,distrust_post,30.0
Model accuracy,education,Less than high school,donation_ams,3.0
Model accuracy,education,Less than high school,funding_perceptions,60.0
Model accuracy,education,Less than high school,inst_trust_mean,66.0
Model accuracy,education,Less than high school,newsletter_signup,2.0
Model accuracy,education,Less than high school,policy_general,65.0
Model accuracy,education,Less than high school,policy_role_mean,72.5
Model accuracy,education,Less than high school,policy_specific_mean,65.0
Model accuracy,education,Less than high school,trust_multidimensional,57.916666666666664
Model accuracy,education,Less than high school,trust_post,70.0
Model accuracy,education,Master's degree / Professional degree,behavior_mean,77.5
Model accuracy,education,Master's degree / Professional degree,belief_post,95.0
Model accuracy,education,Master's degree / Professional degree,concern_mean,88.33333333333333
Model accuracy,education,Master's degree / Professional degree,distrust_post,10.0
Model accuracy,education,Master's degree / Professional degree,donation_ams,7.0
Model accuracy,education,Master's degree / Professional degree,funding_perceptions,60.0
Model accuracy,education,Master's degree / Professional degree,inst_trust_mean,86.0
Model accuracy,education,Master's degree / Professional degree,newsletter_signup,1.0
Model accuracy,education,Master's degree / Professional degree,policy_general,85.0
Model accuracy,education,Master's degree / Professional degree,policy_role_mean,92.5
Model accuracy,education,Master's degree / Professional degree,policy_specific_mean,84.28571428571429
Model accuracy,education,Master's degree / Professional degree,trust_multidimensional,84.58333333333333
Model accuracy,education,Master's degree / Professional degree,trust_post,85.0
Model accuracy,education,Some college or Associate's degree,behavior_mean,54.166666666666664
Model accuracy,education,Some college or Associate's degree,belief_post,90.0
Model accuracy,education,Some college or Associate's degree,concern_mean,76.66666666666667
Model accuracy,education,Some college or Associate's degree,distrust_post,15.0
Model accuracy,education,Some college or Associate's degree,donation_ams,5.0
Model accuracy,education,Some college or Associate's degree,funding_perceptions,50.0
Model accuracy,education,Some college or Associate's degree,inst_trust_mean,75.0
Model accuracy,education,Some college or Associate's degree,newsletter_signup,30.0
Model accuracy,education,Some college or Associate's degree,policy_general,70.0
Model accuracy,education,Some college or Associate's degree,policy_role_mean,77.5
Model accuracy,education,Some college or Associate's degree,policy_specific_mean,70.71428571428571
Model accuracy,education,Some college or Associate's degree,trust_multidimensional,75.0
Model accuracy,education,Some college or Associate's degree,trust_post,80.0
Model accuracy,gender,Female,behavior_mean,74.16666666666667
Model accuracy,gender,Female,belief_post,95.0
Model accuracy,gender,Female,concern_mean,83.33333333333333
Model accuracy,gender,Female,distrust_post,5.0
Model accuracy,gender,Female,donation_ams,6.0
Model accuracy,gender,Female,funding_perceptions,50.0
Model accuracy,gender,Female,inst_trust_mean,87.0
Model accuracy,gender,Female,newsletter_signup,50.0
Model accuracy,gender,Female,policy_general,90.0
Model accuracy,gender,Female,policy_role_mean,90.0
Model accuracy,gender,Female,policy_specific_mean,80.71428571428571
Model accuracy,gender,Female,trust_multidimensional,79.58333333333333
Model accuracy,gender,Female,trust_post,90.0
Model accuracy,gender,Male,behavior_mean,54.166666666666664
Model accuracy,gender,Male,belief_post,90.0
Model accuracy,gender,Male,concern_mean,85.0
Model accuracy,gender,Male,distrust_post,5.0
Model accuracy,gender,Male,donation_ams,4.0
Model accuracy,gender,Male,funding_perceptions,50.0
Model accuracy,gender,Male,inst_trust_mean,83.0
Model accuracy,gender,Male,newsletter_signup,60.0
Model accuracy,gender,Male,policy_general,70.0
Model accuracy,gender,Male,policy_role_mean,86.25
Model accuracy,gender,Male,policy_specific_mean,75.0
Model accuracy,gender,Male,trust_multidimensional,80.41666666666667
Model accuracy,gender,Male,trust_post,85.0
Model accuracy,gender,Other,behavior_mean,72.5
Model accuracy,gender,Other,belief_post,95.0
Model accuracy,gender,Other,concern_mean,90.0
Model accuracy,gender,Other,distrust_post,10.0
Model accuracy,gender,Other,donation_ams,6.0
Model accuracy,gender,Other,funding_perceptions,30.0
Model accuracy,gender,Other,inst_trust_mean,89.0
Model accuracy,gender,Other,newsletter_signup,45.0
Model accuracy,gender,Other,policy_general,90.0
Model accuracy,gender,Other,policy_role_mean,88.75
Model accuracy,gender,Other,policy_specific_mean,87.85714285714286
Model accuracy,gender,Other,trust_multidimensional,82.91666666666667
Model accuracy,gender,Other,trust_post,80.0
Model accuracy,income,"$100,000 to $167,999",behavior_mean,63.333333333333336
Model accuracy,income,"$100,000 to $167,999",belief_post,100.0
Model accuracy,income,"$100,000 to $167,999",concern_mean,90.0
Model accuracy,income,"$100,000 to $167,999",distrust_post,10.0
Model accuracy,income,"$100,000 to $167,999",donation_ams,6.0
Model accuracy,income,"$100,000 to $167,999",funding_perceptions,50.0
Model accuracy,income,"$100,000 to $167,999",inst_trust_mean,85.0
Model accuracy,income,"$100,000 to $167,999",newsletter_signup,50.0
Model accuracy,income,"$100,000 to $167,999",policy_general,90.0
Model accuracy,income,"$100,000 to $167,999",policy_role_mean,90.0
Model accuracy,income,"$100,000 to $167,999",policy_specific_mean,75.71428571428571
Model accuracy,income,"$100,000 to $167,999",trust_multidimensional,82.5
Model accuracy,income,"$100,000 to $167,999",trust_post,90.0
Model accuracy,income,"$168,000 or more",behavior_mean,60.833333333333336
Model accuracy,income,"$168,000 or more",belief_post,95.0
Model accuracy,income,"$168,000 or more",concern_mean,80.0
Model accuracy,income,"$168,000 or more",distrust_post,10.0
Model accuracy,income,"$168,000 or more",donation_ams,5.0
Model accuracy,income,"$168,000 or more",funding_perceptions,60.0
Model accuracy,income,"$168,000 or more",inst_trust_mean,84.0
Model accuracy,income,"$168,000 or more",newsletter_signup,40.0
Model accuracy,income,"$168,000 or more",policy_general,75.0
Model accuracy,income,"$168,000 or more",policy_role_mean,80.0
Model accuracy,income,"$168,000 or more",policy_specific_mean,70.0
Model accuracy,income,"$168,000 or more",trust_multidimensional,78.75
Model accuracy,income,"$168,000 or more",trust_post,85.0
Model accuracy,income,"$30,000 to $55,999",behavior_mean,55.833333333333336
Model accuracy,income,"$30,000 to $55,999",belief_post,90.0
Model accuracy,income,"$30,000 to $55,999",concern_mean,85.0
Model accuracy,income,"$30,000 to $55,999",distrust_post,10.0
Model accuracy,income,"$30,000 to $55,999",donation_ams,5.0
Model accuracy,income,"$30,000 to $55,999",funding_perceptions,50.0
Model accuracy,income,"$30,000 to $55,999",inst_trust_mean,82.0
Model accuracy,income,"$30,000 to $55,999",newsletter_signup,60.0
Model accuracy,income,"$30,000 to $55,999",policy_general,80.0
Model accuracy,income,"$30,000 to $55,999",policy_role_mean,83.75
Model accuracy,income,"$30,000 to $55,999",policy_specific_mean,66.42857142857143
Model accuracy,income,"$30,000 to $55,999",trust_multidimensional,84.58333333333333
Model accuracy,income,"$30,000 to $55,999",trust_post,85.0
Model accuracy,income,"$56,000 to $99,999",behavior_mean,52.5
Model accuracy,income,"$56,000 to $99,999",belief_post,95.0
Model accuracy,income,"$56,000 to $99,999",concern_mean,85.0
Model accuracy,income,"$56,000 to $99,999",distrust_post,15.0
Model accuracy,income,"$56,000 to $99,999",donation_ams,4.0
Model accuracy,income,"$56,000 to $99,999",funding_perceptions,40.0
Model accuracy,income,"$56,000 to $99,999",inst_trust_mean,81.0
Model accuracy,income,"$56,000 to $99,999",newsletter_signup,2.0
Model accuracy,income,"$56,000 to $99,999",policy_general,80.0
Model accuracy,income,"$56,000 to $99,999",policy_role_mean,86.25
Model accuracy,income,"$56,000 to $99,999",policy_specific_mean,72.14285714285714
Model accuracy,income,"$56,000 to $99,999",trust_multidimensional,77.08333333333333
Model accuracy,income,"$56,000 to $99,999",trust_post,80.0
Model accuracy,income,"Less than $30,000",behavior_mean,43.333333333333336
Model accuracy,income,"Less than $30,000",belief_post,85.0
Model accuracy,income,"Less than $30,000",concern_mean,85.0
Model accuracy,income,"Less than $30,000",distrust_post,30.0
Model accuracy,income,"Less than $30,000",donation_ams,3.0
Model accuracy,income,"Less than $30,000",funding_perceptions,65.0
Model accuracy,income,"Less than $30,000",inst_trust_mean,60.0
Model accuracy,income,"Less than $30,000",newsletter_signup,1.0
Model accuracy,income,"Less than $30,000",policy_general,75.0
Model accuracy,income,"Less than $30,000",policy_role_mean,66.25
Model accuracy,income,"Less than $30,000",policy_specific_mean,60.714285714285715
Model accuracy,income,"Less than $30,000",trust_multidimensional,52.5
Model accuracy,income,"Less than $30,000",trust_post,65.0
Model accuracy,party,Democrat,behavior_mean,68.33333333333333
Model accuracy,party,Democrat,belief_post,95.0
Model accuracy,party,Democrat,concern_mean,93.33333333333333
Model accuracy,party,Democrat,distrust_post,10.0
Model accuracy,party,Democrat,donation_ams,7.0
Model accuracy,party,Democrat,funding_perceptions,70.0
Model accuracy,party,Democrat,inst_trust_mean,89.0
Model accuracy,party,Democrat,newsletter_signup,50.0
Model accuracy,party,Democrat,policy_general,90.0
Model accuracy,party,Democrat,policy_role_mean,90.0
Model accuracy,party,Democrat,policy_specific_mean,82.14285714285714
Model accuracy,party,Democrat,trust_multidimensional,77.5
Model accuracy,party,Democrat,trust_post,85.0
Model accuracy,party,Independent,behavior_mean,47.5
Model accuracy,party,Independent,belief_post,95.0
Model accuracy,party,Independent,concern_mean,80.0
Model accuracy,party,Independent,distrust_post,15.0
Model accuracy,party,Independent,donation_ams,6.0
Model accuracy,party,Independent,funding_perceptions,50.0
Model accuracy,party,Independent,inst_trust_mean,82.0
Model accuracy,party,Independent,newsletter_signup,50.0
Model accuracy,party,Independent,policy_general,70.0
Model accuracy,party,Independent,policy_role_mean,73.75
Model accuracy,party,Independent,policy_specific_mean,73.57142857142857
Model accuracy,party,Independent,trust_multidimensional,84.58333333333333
Model accuracy,party,Independent,trust_post,85.0
Model accuracy,party,Other,behavior_mean,43.333333333333336
Model accuracy,party,Other,belief_post,90.0
Model accuracy,party,Other,concern_mean,75.0
Model accuracy,party,Other,distrust_post,20.0
Model accuracy,party,Other,donation_ams,5.0
Model accuracy,party,Other,funding_perceptions,60.0
Model accuracy,party,Other,inst_trust_mean,73.0
Model accuracy,party,Other,newsletter_signup,30.0
Model accuracy,party,Other,policy_general,65.0
Model accuracy,party,Other,policy_role_mean,67.5
Model accuracy,party,Other,policy_specific_mean,65.71428571428571
Model accuracy,party,Other,trust_multidimensional,72.08333333333333
Model accuracy,party,Other,trust_post,80.0
Model accuracy,party,Republican,behavior_mean,29.166666666666668
Model accuracy,party,Republican,belief_post,35.0
Model accuracy,party,Republican,concern_mean,60.0
Model accuracy,party,Republican,distrust_post,45.0
Model accuracy,party,Republican,donation_ams,20.0
Model accuracy,party,Republican,funding_perceptions,50.0
Model accuracy,party,Republican,inst_trust_mean,54.0
Model accuracy,party,Republican,newsletter_signup,1.0
Model accuracy,party,Republican,policy_general,30.0
Model accuracy,party,Republican,policy_role_mean,51.25
Model accuracy,party,Republican,policy_specific_mean,30.714285714285715
Model accuracy,party,Republican,trust_multidimensional,42.083333333333336
Model accuracy,party,Republican,trust_post,40.0
Model accuracy,race,Asian / Asian American,behavior_mean,62.5
Model accuracy,race,Asian / Asian American,belief_post,95.0
Model accuracy,race,Asian / Asian American,concern_mean,86.66666666666667
Model accuracy,race,Asian / Asian American,distrust_post,10.0
Model accuracy,race,Asian / Asian American,donation_ams,6.0
Model accuracy,race,Asian / Asian American,funding_perceptions,50.0
Model accuracy,race,Asian / Asian American,inst_trust_mean,87.0
Model accuracy,race,Asian / Asian American,newsletter_signup,5.0
Model accuracy,race,Asian / Asian American,policy_general,90.0
Model accuracy,race,Asian / Asian American,policy_role_mean,85.0
Model accuracy,race,Asian / Asian American,policy_specific_mean,82.85714285714286
Model accuracy,race,Asian / Asian American,trust_multidimensional,80.0
Model accuracy,race,Asian / Asian American,trust_post,85.0
Model accuracy,race,Black / African American,behavior_mean,55.0
Model accuracy,race,Black / African American,belief_post,90.0
Model accuracy,race,Black / African American,concern_mean,85.0
Model accuracy,race,Black / African American,distrust_post,20.0
Model accuracy,race,Black / African American,donation_ams,5.0
Model accuracy,race,Black / African American,funding_perceptions,50.0
Model accuracy,race,Black / African American,inst_trust_mean,67.0
Model accuracy,race,Black / African American,newsletter_signup,1.0
Model accuracy,race,Black / African American,policy_general,70.0
Model accuracy,race,Black / African American,policy_role_mean,72.5
Model accuracy,race,Black / African American,policy_specific_mean,72.14285714285714
Model accuracy,race,Black / African American,trust_multidimensional,72.91666666666667
Model accuracy,race,Black / African American,trust_post,75.0
Model accuracy,race,Hispanic / Latino,behavior_mean,59.166666666666664
Model accuracy,race,Hispanic / Latino,belief_post,95.0
Model accuracy,race,Hispanic / Latino,concern_mean,83.33333333333333
Model accuracy,race,Hispanic / Latino,distrust_post,15.0
Model accuracy,race,Hispanic / Latino,donation_ams,6.0
Model accuracy,race,Hispanic / Latino,funding_perceptions,60.0
Model accuracy,race,Hispanic / Latino,inst_trust_mean,79.0
Model accuracy,race,Hispanic / Latino,newsletter_signup,30.0
Model accuracy,race,Hispanic / Latino,policy_general,75.0
Model accuracy,race,Hispanic / Latino,policy_role_mean,85.0
Model accuracy,race,Hispanic / Latino,policy_specific_mean,71.42857142857143
Model accuracy,race,Hispanic / Latino,trust_multidimensional,77.08333333333333
Model accuracy,race,Hispanic / Latino,trust_post,85.0
Model accuracy,race,Other,belief_post,95.0
Model accuracy,race,Other,concern_mean,81.66666666666667
Model accuracy,race,Other,distrust_post,10.0
Model accuracy,race,Other,donation_ams,8.0
Model accuracy,race,Other,funding_perceptions,90.0
Model accuracy,race,Other,inst_trust_mean,88.0
Model accuracy,race,Other,newsletter_signup,50.0
Model accuracy,race,Other,policy_general,90.0
Model accuracy,race,Other,policy_role_mean,95.0
Model accuracy,race,Other,trust_multidimensional,85.41666666666667
Model accuracy,race,Other,trust_post,90.0
Model accuracy,race,White / Caucasian,behavior_mean,55.0
Model accuracy,race,White / Caucasian,belief_post,90.0
Model accuracy,race,White / Caucasian,concern_mean,80.0
Model accuracy,race,White / Caucasian,distrust_post,10.0
Model accuracy,race,White / Caucasian,donation_ams,5.0
Model accuracy,race,White / Caucasian,funding_perceptions,50.0
Model accuracy,race,White / Caucasian,inst_trust_mean,80.0
Model accuracy,race,White / Caucasian,newsletter_signup,30.0
Model accuracy,race,White / Caucasian,policy_general,75.0
Model accuracy,race,White / Caucasian,policy_role_mean,82.5
Model accuracy,race,White / Caucasian,policy_specific_mean,66.42857142857143
Model accuracy,race,White / Caucasian,trust_multidimensional,73.33333333333333
Model accuracy,race,White / Caucasian,trust_post,85.0
Oil industry misinformation,age_band,18-29,behavior_mean,76.66666666666667
Oil industry misinformation,age_band,18-29,belief_post,95.0
Oil industry misinformation,age_band,18-29,concern_mean,88.33333333333333
Oil industry misinformation,age_band,18-29,distrust_post,15.0
Oil industry misinformation,age_band,18-29,donation_ams,6.0
Oil industry misinformation,age_band,18-29,funding_perceptions,60.0
Oil industry misinformation,age_band,18-29,inst_trust_mean,81.0
Oil industry misinformation,age_band,18-29,newsletter_signup,3.0
Oil industry misinformation,age_band,18-29,policy_general,90.0
Oil industry misinformation,age_band,18-29,policy_role_mean,93.75
Oil industry misinformation,age_band,18-29,policy_specific_mean,87.85714285714286
Oil industry misinformation,age_band,18-29,trust_multidimensional,80.0
Oil industry misinformation,age_band,18-29,trust_post,85.0
Oil industry misinformation,age_band,30-44,behavior_mean,65.83333333333333
Oil industry misinformation,age_band,30-44,belief_post,90.0
Oil industry misinformation,age_band,30-44,concern_mean,81.66666666666667
Oil industry misinformation,age_band,30-44,distrust_post,30.0
Oil industry misinformation,age_band,30-44,donation_ams,5.0
Oil industry misinformation,age_band,30-44,funding_perceptions,60.0
Oil industry misinformation,age_band,30-44,inst_trust_mean,76.0
Oil industry misinformation,age_band,30-44,newsletter_signup,30.0
Oil industry misinformation,age_band,30-44,policy_general,85.0
Oil industry misinformation,age_band,30-44,policy_role_mean,85.0
Oil industry misinformation,age_band,30-44,policy_specific_mean,81.42857142857143
Oil industry misinformation,age_band,30-44,trust_multidimensional,68.75
Oil industry misinformation,age_band,30-44,trust_post,65.0
Oil industry misinformation,age_band,45-59,behavior_mean,60.833333333333336
Oil industry misinformation,age_band,45-59,belief_post,95.0
Oil industry misinformation,age_band,45-59,concern_mean,91.66666666666667
Oil industry misinformation,age_band,45-59,distrust_post,20.0
Oil industry misinformation,age_band,45-59,donation_ams,6.0
Oil industry misinformation,age_band,45-59,funding_perceptions,50.0
Oil industry misinformation,age_band,45-59,inst_trust_mean,84.0
Oil industry misinformation,age_band,45-59,newsletter_signup,1.0
Oil industry misinformation,age_band,45-59,policy_general,80.0
Oil industry misinformation,age_band,45-59,policy_role_mean,80.0
Oil industry misinformation,age_band,45-59,policy_specific_mean,82.14285714285714
Oil industry misinformation,age_band,45-59,trust_multidimensional,85.0
Oil industry misinformation,age_band,45-59,trust_post,85.0
Oil industry misinformation,age_band,60+,behavior_mean,50.833333333333336
Oil industry misinformation,age_band,60+,belief_post,85.0
Oil industry misinformation,age_band,60+,concern_mean,85.0
Oil industry misinformation,age_band,60+,distrust_post,20.0
Oil industry misinformation,age_band,60+,donation_ams,5.0
Oil industry misinformation,age_band,60+,funding_perceptions,60.0
Oil industry misinformation,age_band,60+,inst_trust_mean,74.0
Oil industry misinformation,age_band,60+,newsletter_signup,2.0
Oil industry misinformation,age_band,60+,policy_general,70.0
Oil industry misinformation,age_band,60+,policy_role_mean,85.0
Oil industry misinformation,age_band,60+,policy_specific_mean,75.0
Oil industry misinformation,age_band,60+,trust_multidimensional,73.33333333333333
Oil industry misinformation,age_band,60+,trust_post,80.0
Oil industry misinformation,education,Bachelor's degree,behavior_mean,73.33333333333333
Oil industry misinformation,education,Bachelor's degree,belief_post,95.0
Oil industry misinformation,education,Bachelor's degree,concern_mean,93.33333333333333
Oil industry misinformation,education,Bachelor's degree,distrust_post,20.0
Oil industry misinformation,education,Bachelor's degree,donation_ams,6.0
Oil industry misinformation,education,Bachelor's degree,funding_perceptions,50.0
Oil industry misinformation,education,Bachelor's degree,inst_trust_mean,81.0
Oil industry misinformation,education,Bachelor's degree,newsletter_signup,50.0
Oil industry misinformation,education,Bachelor's degree,policy_general,90.0
Oil industry misinformation,education,Bachelor's degree,policy_role_mean,91.25
Oil industry misinformation,education,Bachelor's degree,policy_specific_mean,83.57142857142857
Oil industry misinformation,education,Bachelor's degree,trust_multidimensional,83.33333333333333
Oil industry misinformation,education,Bachelor's degree,trust_post,80.0
Oil industry misinformation,education,Doctorate degree / Ph.D.,belief_post,100.0
Oil industry misinformation,education,Doctorate degree / Ph.D.,concern_mean,91.66666666666667
Oil industry misinformation,education,Doctorate degree / Ph.D.,distrust_post,5.0
Oil industry misinformation,education,Doctorate degree / Ph.D.,donation_ams,5.0
Oil industry misinformation,education,Doctorate degree / Ph.D.,funding_perceptions,70.0
Oil industry misinformation,education,Doctorate degree / Ph.D.,inst_trust_mean,87.0
Oil industry misinformation,education,Doctorate degree / Ph.D.,newsletter_signup,50.0
Oil industry misinformation,education,Doctorate degree / Ph.D.,policy_general,90.0
Oil industry misinformation,education,Doctorate degree / Ph.D.,policy_role_mean,95.0
Oil industry misinformation,education,Doctorate degree / Ph.D.,trust_multidimensional,87.5
Oil industry misinformation,education,Doctorate degree / Ph.D.,trust_post,95.0
Oil industry misinformation,education,High school diploma / GED,behavior_mean,71.66666666666667
Oil industry misinformation,education,High school diploma / GED,belief_post,95.0
Oil industry misinformation,education,High school diploma / GED,concern_mean,85.0
Oil industry misinformation,education,High school diploma / GED,distrust_post,10.0
Oil industry misinformation,education,High school diploma / GED,donation_ams,5.0
Oil industry misinformation,education,High school diploma / GED,funding_perceptions,50.0
Oil industry misinformation,education,High school diploma / GED,inst_trust_mean,80.0
Oil industry misinformation,education,High school diploma / GED,newsletter_signup,30.0
Oil industry misinformation,education,High school diploma / GED,policy_general,90.0
Oil industry misinformation,education,High school diploma / GED,policy_role_mean,92.5
Oil industry misinformation,education,High school diploma / GED,policy_specific_mean,85.71428571428571
Oil industry misinformation,education,High school diploma / GED,trust_multidimensional,78.33333333333333
Oil industry misinformation,education,High school diploma / GED,trust_post,85.0
Oil industry misinformation,education,Less than high school,behavior_mean,52.5
Oil industry misinformation,education,Less than high school,belief_post,80.0
Oil industry misinformation,education,Less than high school,concern_mean,80.0
Oil industry misinformation,education,Less than high school,distrust_post,25.0
Oil industry misinformation,education,Less than high school,donation_ams,5.0
Oil industry misinformation,education,Less than high school,funding_perceptions,50.0
Oil industry misinformation,education,Less than high school,inst_trust_mean,56.0
Oil industry misinformation,education,Less than high school,newsletter_signup,40.0
Oil industry misinformation,education,Less than high school,policy_general,70.0
Oil industry misinformation,education,Less than high school,policy_role_mean,67.5
Oil industry misinformation,education,Less than high school,policy_specific_mean,65.71428571428571
Oil industry misinformation,education,Less than high school,trust_multidimensional,48.333333333333336
Oil industry misinformation,education,Less than high school,trust_post,55.0
Oil industry misinformation,education,Master's degree / Professional degree,belief_post,95.0
Oil industry misinformation,education,Master's degree / Professional degree,concern_mean,91.66666666666667
Oil industry misinformation,education,Master's degree / Professional degree,distrust_post,10.0
Oil industry misinformation,education,Master's degree / Professional degree,donation_ams,7.0
Oil industry misinformation,education,Master's degree / Professional degree,funding_perceptions,50.0
Oil industry misinformation,education,Master's degree / Professional degree,inst_trust_mean,93.0
Oil industry misinformation,education,Master's degree / Professional degree,newsletter_signup,50.0
Oil industry misinformation,education,Master's degree / Professional degree,policy_general,90.0
Oil industry misinformation,education,Master's degree / Professional degree,policy_role_mean,91.25
Oil industry misinformation,education,Master's degree / Professional degree,trust_multidimensional,90.41666666666667
Oil industry misinformation,education,Master's degree / Professional degree,trust_post,95.0
Oil industry misinformation,education,Some college or Associate's degree,behavior_mean,65.0
Oil industry misinformation,education,Some college or Associate's degree,belief_post,95.0
Oil industry misinformation,education,Some college or Associate's degree,concern_mean,86.66666666666667
Oil industry misinformation,education,Some college or Associate's degree,distrust_post,15.0
Oil industry misinformation,education,Some college or Associate's degree,donation_ams,6.0
Oil industry misinformation,education,Some college or Associate's degree,funding_perceptions,60.0
Oil industry misinformation,education,Some college or Associate's degree,inst_trust_mean,83.0
Oil industry misinformation,education,Some college or Associate's degree,newsletter_signup,30.0
Oil industry misinformation,education,Some college or Associate's degree,policy_general,85.0
Oil industry misinformation,education,Some college or Associate's degree,policy_role_mean,90.0
Oil industry misinformation,education,Some college or Associate's degree,policy_specific_mean,76.42857142857143
Oil industry misinformation,education,Some college or Associate's degree,trust_multidimensional,81.66666666666667
Oil industry misinformation,education,Some college or Associate's degree,trust_post,85.0
Oil industry misinformation,gender,Female,behavior_mean,75.83333333333333
Oil industry misinformation,gender,Female,belief_post,95.0
Oil industry misinformation,gender,Female,concern_mean,91.66666666666667
Oil industry misinformation,gender,Female,distrust_post,10.0
Oil industry misinformation,gender,Female,donation_ams,7.0
Oil industry misinformation,gender,Female,funding_perceptions,50.0
Oil industry misinformation,gender,Female,inst_trust_mean,87.0
Oil industry misinformation,gender,Female,newsletter_signup,50.0
Oil industry misinformation,gender,Female,policy_general,90.0
Oil industry misinformation,gender,Female,policy_role_mean,90.0
Oil industry misinformation,gender,Female,policy_specific_mean,82.85714285714286
Oil industry misinformation,gender,Female,trust_multidimensional,83.75
Oil industry misinformation,gender,Female,trust_post,90.0
Oil industry misinformation,gender,Male,behavior_mean,69.16666666666667
Oil industry misinformation,gender,Male,belief_post,95.0
Oil industry misinformation,gender,Male,concern_mean,85.0
Oil industry misinformation,gender,Male,distrust_post,10.0
Oil industry misinformation,gender,Male,donation_ams,7.0
Oil industry misinformation,gender,Male,funding_perceptions,70.0
Oil industry misinformation,gender,Male,inst_trust_mean,77.0
Oil industry misinformation,gender,Male,newsletter_signup,2.0
Oil industry misinformation,gender,Male,policy_general,90.0
Oil industry misinformation,gender,Male,policy_role_mean,95.0
Oil industry misinformation,gender,Male,policy_specific_mean,81.42857142857143
Oil industry misinformation,gender,Male,trust_multidimensional,79.16666666666667
Oil industry misinformation,gender,Male,trust_post,85.0
Oil industry misinformation,gender,Other,behavior_mean,83.33333333333333
Oil industry misinformation,gender,Other,belief_post,100.0
Oil industry misinformation,gender,Other,concern_mean,91.66666666666667
Oil industry misinformation,gender,Other,distrust_post,30.0
Oil industry misinformation,gender,Other,donation_ams,7.0
Oil industry misinformation,gender,Other,funding_perceptions,70.0
Oil industry misinformation,gender,Other,inst_trust_mean,82.0
Oil industry misinformation,gender,Other,newsletter_signup,1.0
Oil industry misinformation,gender,Other,policy_general,90.0
Oil industry misinformation,gender,Other,policy_role_mean,95.0
Oil industry misinformation,gender,Other,policy_specific_mean,85.71428571428571
Oil industry misinformation,gender,Other,trust_multidimensional,74.16666666666667
Oil industry misinformation,gender,Other,trust_post,85.0
Oil industry misinformation,income,"$100,000 to $167,999",behavior_mean,67.5
Oil industry misinformation,income,"$100,000 to $167,999",belief_post,95.0
Oil industry misinformation,income,"$100,000 to $167,999",concern_mean,91.66666666666667
Oil industry misinformation,income,"$100,000 to $167,999",distrust_post,15.0
Oil industry misinformation,income,"$100,000 to $167,999",donation_ams,5.0
Oil industry misinformation,income,"$100,000 to $167,999",funding_perceptions,50.0
Oil industry misinformation,income,"$100,000 to $167,999",inst_trust_mean,87.0
Oil industry misinformation,income,"$100,000 to $167,999",newsletter_signup,1.0
Oil industry misinformation,income,"$100,000 to $167,999",policy_general,90.0
Oil industry misinformation,income,"$100,000 to $167,999",policy_role_mean,92.5
Oil industry misinformation,income,"$100,000 to $167,999",policy_specific_mean,82.85714285714286
Oil industry misinformation,income,"$100,000 to $167,999",trust_multidimensional,86.25
Oil industry misinformation,income,"$100,000 to $167,999",trust_post,90.0
Oil industry misinformation,income,"$168,000 or more",behavior_mean,70.0
Oil industry misinformation,income,"$168,000 or more",belief_post,95.0
Oil industry misinformation,income,"$168,000 or more",concern_mean,91.66666666666667
Oil industry misinformation,income,"$168,000 or more",distrust_post,10.0
Oil industry misinformation,income,"$168,000 or more",donation_ams,6.0
Oil industry misinformation,income,"$168,000 or more",funding_perceptions,70.0
Oil industry misinformation,income,"$168,000 or more",inst_trust_mean,91.0
Oil industry misinformation,income,"$168,000 or more",newsletter_signup,50.0
Oil industry misinformation,income,"$168,000 or more",policy_general,90.0
Oil industry misinformation,income,"$168,000 or more",policy_role_mean,92.5
Oil industry misinformation,income,"$168,000 or more",policy_specific_mean,88.57142857142857
Oil industry misinformation,income,"$168,000 or more",trust_multidimensional,87.08333333333333
Oil industry misinformation,income,"$168,000 or more",trust_post,95.0
Oil industry misinformation,income,"$30,000 to $55,999",belief_post,90.0
Oil industry misinformation,income,"$30,000 to $55,999",distrust_post,15.0
Oil industry misinformation,income,"$30,000 to $55,999",donation_ams,5.0
Oil industry misinformation,income,"$30,000 to $55,999",funding_perceptions,50.0
Oil industry misinformation,income,"$30,000 to $55,999",inst_trust_mean,77.0
Oil industry misinformation,income,"$30,000 to $55,999",newsletter_signup,50.0
Oil industry misinformation,income,"$30,000 to $55,999",policy_general,80.0
Oil industry misinformation,income,"$30,000 to $55,999",trust_multidimensional,80.41666666666667
Oil industry misinformation,income,"$30,000 to $55,999",trust_post,85.0
Oil industry misinformation,income,"$56,000 to $99,999",belief_post,95.0
Oil industry misinformation,income,"$56,000 to $99,999",concern_mean,88.33333333333333
Oil industry misinformation,income,"$56,000 to $99,999",distrust_post,5.0
Oil industry misinformation,income,"$56,000 to $99,999",donation_ams,6.0
Oil industry misinformation,income,"$56,000 to $99,999",funding_perceptions,70.0
Oil industry misinformation,income,"$56,000 to $99,999",inst_trust_mean,89.0
Oil industry misinformation,income,"$56,000 to $99,999",newsletter_signup,3.0
Oil industry misinformation,income,"$56,000 to $99,999",policy_general,90.0
Oil industry misinformation,income,"$56,000 to $99,999",policy_role_mean,87.5
Oil industry misinformation,income,"$56,000 to $99,999",policy_specific_mean,72.14285714285714
Oil industry misinformation,income,"$56,000 to $99,999",trust_multidimensional,57.916666666666664
Oil industry misinformation,income,"$56,000 to $99,999",trust_post,95.0
Oil industry misinformation,income,"Less than $30,000",behavior_mean,55.833333333333336
Oil industry misinformation,income,"Less than $30,000",belief_post,90.0
Oil industry misinformation,income,"Less than $30,000",concern_mean,90.0
Oil industry misinformation,income,"Less than $30,000",distrust_post,25.0
Oil industry misinformation,income,"Less than $30,000",donation_ams,5.0
Oil industry misinformation,income,"Less than $30,000",funding_perceptions,50.0
Oil industry misinformation,income,"Less than $30,000",inst_trust_mean,74.0
Oil industry misinformation,income,"Less than $30,000",newsletter_signup,1.0
Oil industry misinformation,income,"Less than $30,000",policy_general,80.0
Oil industry misinformation,income,"Less than $30,000",policy_role_mean,85.0
Oil industry misinformation,income,"Less than $30,000",policy_specific_mean,80.0
Oil industry misinformation,income,"Less than $30,000",trust_multidimensional,75.83333333333333
Oil industry misinformation,income,"Less than $30,000",trust_post,75.0
Oil industry misinformation,party,Democrat,belief_post,95.0
Oil industry misinformation,party,Democrat,concern_mean,91.66666666666667
Oil industry misinformation,party,Democrat,distrust_post,10.0
Oil industry misinformation,party,Democrat,donation_ams,7.0
Oil industry misinformation,party,Democrat,funding_perceptions,80.0
Oil industry misinformation,party,Democrat,inst_trust_mean,88.0
Oil industry misinformation,party,Democrat,newsletter_signup,2.0
Oil industry misinformation,party,Democrat,policy_general,90.0
Oil industry misinformation,party,Democrat,policy_role_mean,93.75
Oil industry misinformation,party,Democrat,trust_multidimensional,86.25
Oil industry misinformation,party,Democrat,trust_post,85.0
Oil industry misinformation,party,Independent,behavior_mean,52.5
Oil industry misinformation,party,Independent,belief_post,90.0
Oil industry misinformation,party,Independent,concern_mean,81.66666666666667
Oil industry misinformation,party,Independent,distrust_post,20.0
Oil industry misinformation,party,Independent,donation_ams,5.0
Oil industry misinformation,party,Independent,funding_perceptions,50.0
Oil industry misinformation,party,Independent,inst_trust_mean,70.0
Oil industry misinformation,party,Independent,newsletter_signup,30.0
Oil industry misinformation,party,Independent,policy_general,70.0
Oil industry misinformation,party,Independent,policy_role_mean,82.5
Oil industry misinformation,party,Independent,policy_specific_mean,70.71428571428571
Oil industry misinformation,party,Independent,trust_multidimensional,74.16666666666667
Oil industry misinformation,party,Independent,trust_post,75.0
Oil industry misinformation,party,Republican,behavior_mean,42.5
Oil industry misinformation,party,Republican,belief_post,75.0
Oil industry misinformation,party,Republican,concern_mean,50.0
Oil industry misinformation,party,Republican,distrust_post,40.0
Oil industry misinformation,party,Republican,donation_ams,20.0
Oil industry misinformation,party,Republican,funding_perceptions,50.0
Oil industry misinformation,party,Republican,inst_trust_mean,54.0
Oil industry misinformation,party,Republican,newsletter_signup,30.0
Oil industry misinformation,party,Republican,policy_general,30.0
Oil industry misinformation,party,Republican,policy_role_mean,55.0
Oil industry misinformation,party,Republican,policy_specific_mean,52.142857142857146
Oil industry misinformation,party,Republican,trust_multidimensional,60.416666666666664
Oil industry misinformation,party,Republican,trust_post,55.0
Oil industry misinformation,race,Asian / Asian American,behavior_mean,55.0
Oil industry misinformation,race,Asian / Asian American,belief_post,85.0
Oil industry misinformation,race,Asian / Asian American,concern_mean,76.66666666666667
Oil industry misinformation,race,Asian / Asian American,distrust_post,25.0
Oil industry misinformation,race,Asian / Asian American,donation_ams,6.0
Oil industry misinformation,race,Asian / Asian American,funding_perceptions,65.0
Oil industry misinformation,race,Asian / Asian American,inst_trust_mean,78.0
Oil industry misinformation,race,Asian / Asian American,newsletter_signup,3.0
Oil industry misinformation,race,Asian / Asian American,policy_general,80.0
Oil industry misinformation,race,Asian / Asian American,policy_role_mean,85.0
Oil industry misinformation,race,Asian / Asian American,policy_specific_mean,80.71428571428571
Oil industry misinformation,race,Asian / Asian American,trust_multidimensional,70.83333333333333
Oil industry misinformation,race,Asian / Asian American,trust_post,75.0
Oil industry misinformation,race,Black / African American,behavior_mean,62.5
Oil industry misinformation,race,Black / African American,belief_post,80.0
Oil industry misinformation,race,Black / African American,concern_mean,85.0
Oil industry misinformation,race,Black / African American,distrust_post,55.0
Oil industry misinformation,race,Black / African American,donation_ams,5.0
Oil industry misinformation,race,Black / African American,funding_perceptions,50.0
Oil industry misinformation,race,Black / African American,inst_trust_mean,67.0
Oil industry misinformation,race,Black / African American,newsletter_signup,30.0
Oil industry misinformation,race,Black / African American,policy_general,80.0
Oil industry misinformation,race,Black / African American,policy_role_mean,83.75
Oil industry misinformation,race,Black / African American,policy_specific_mean,78.57142857142857
Oil industry misinformation,race,Black / African American,trust_multidimensional,67.91666666666667
Oil industry misinformation,race,Black / African American,trust_post,65.0
Oil industry misinformation,race,Hispanic / Latino,behavior_mean,75.0
Oil industry misinformation,race,Hispanic / Latino,belief_post,90.0
Oil industry misinformation,race,Hispanic / Latino,concern_mean,91.66666666666667
Oil industry misinformation,race,Hispanic / Latino,distrust_post,20.0
Oil industry misinformation,race,Hispanic / Latino,donation_ams,5.0
Oil industry misinformation,race,Hispanic / Latino,funding_perceptions,60.0
Oil industry misinformation,race,Hispanic / Latino,inst_trust_mean,75.0
Oil industry misinformation,race,Hispanic / Latino,newsletter_signup,1.0
Oil industry misinformation,race,Hispanic / Latino,policy_general,85.0
Oil industry misinformation,race,Hispanic / Latino,policy_role_mean,83.75
Oil industry misinformation,race,Hispanic / Latino,policy_specific_mean,75.71428571428571
Oil industry misinformation,race,Hispanic / Latino,trust_multidimensional,72.91666666666667
Oil industry misinformation,race,Hispanic / Latino,trust_post,75.0
Oil industry misinformation,race,Other,behavior_mean,60.0
Oil industry misinformation,race,Other,belief_post,90.0
Oil industry misinformation,race,Other,concern_mean,90.0
Oil industry misinformation,race,Other,distrust_post,25.0
Oil industry misinformation,race,Other,donation_ams,5.0
Oil industry misinformation,race,Other,funding_perceptions,60.0
Oil industry misinformation,race,Other,inst_trust_mean,80.0
Oil industry misinformation,race,Other,newsletter_signup,30.0
Oil industry misinformation,race,Other,policy_general,85.0
Oil industry misinformation,race,Other,policy_role_mean,80.0
Oil industry misinformation,race,Other,policy_specific_mean,70.0
Oil industry misinformation,race,Other,trust_multidimensional,72.91666666666667
Oil industry misinformation,race,Other,trust_post,75.0
Oil industry misinformation,race,White / Caucasian,behavior_mean,57.5
Oil industry misinformation,race,White / Caucasian,belief_post,95.0
Oil industry misinformation,race,White / Caucasian,concern_mean,76.66666666666667
Oil industry misinformation,race,White / Caucasian,distrust_post,10.0
Oil industry misinformation,race,White / Caucasian,donation_ams,4.0
Oil industry misinformation,race,White / Caucasian,funding_perceptions,50.0
Oil industry misinformation,race,White / Caucasian,inst_trust_mean,75.0
Oil industry misinformation,race,White / Caucasian,newsletter_signup,3.0
Oil industry misinformation,race,White / Caucasian,policy_general,75.0
Oil industry misinformation,race,White / Caucasian,policy_role_mean,85.75
Oil industry misinformation,race,White / Caucasian,policy_specific_mean,76.14285714285714
Oil industry misinformation,race,White / Caucasian,trust_multidimensional,79.75
Oil industry misinformation,race,White / Caucasian,trust_post,88.0
Peer-review,age_band,18-29,behavior_mean,72.5
Peer-review,age_band,18-29,belief_post,90.0
Peer-review,age_band,18-29,concern_mean,86.66666666666667
Peer-review,age_band,18-29,distrust_post,15.0
Peer-review,age_band,18-29,donation_ams,4.0
Peer-review,age_band,18-29,funding_perceptions,60.0
Peer-review,age_band,18-29,inst_trust_mean,63.0
Peer-review,age_band,18-29,newsletter_signup,55.0
Peer-review,age_band,18-29,policy_general,75.0
Peer-review,age_band,18-29,policy_role_mean,73.75
Peer-review,age_band,18-29,policy_specific_mean,74.28571428571429
Peer-review,age_band,18-29,trust_multidimensional,75.83333333333333
Peer-review,age_band,18-29,trust_post,85.0
Peer-review,age_band,30-44,behavior_mean,59.166666666666664
Peer-review,age_band,30-44,belief_post,90.0
Peer-review,age_band,30-44,concern_mean,78.33333333333333
Peer-review,age_band,30-44,distrust_post,10.0
Peer-review,age_band,30-44,donation_ams,5.0
Peer-review,age_band,30-44,funding_perceptions,60.0
Peer-review,age_band,30-44,inst_trust_mean,77.0
Peer-review,age_band,30-44,newsletter_signup,30.0
Peer-review,age_band,30-44,policy_general,75.0
Peer-review,age_band,30-44,policy_role_mean,81.25
Peer-review,age_band,30-44,policy_specific_mean,72.14285714285714
Peer-review,age_band,30-44,trust_multidimensional,74.16666666666667
Peer-review,age_band,30-44,trust_post,85.0
Peer-review,age_band,45-59,behavior_mean,82.5
Peer-review,age_band,45-59,belief_post,95.0
Peer-review,age_band,45-59,concern_mean,86.66666666666667
Peer-review,age_band,45-59,distrust_post,5.0
Peer-review,age_band,45-59,donation_ams,7.0
Peer-review,age_band,45-59,funding_perceptions,70.0
Peer-review,age_band,45-59,inst_trust_mean,90.0
Peer-review,age_band,45-59,newsletter_signup,1.0
Peer-review,age_band,45-59,policy_general,90.0
Peer-review,age_band,45-59,policy_role_mean,95.0
Peer-review,age_band,45-59,policy_specific_mean,87.85714285714286
Peer-review,age_band,45-59,trust_multidimensional,86.66666666666667
Peer-review,age_band,45-59,trust_post,95.0
Peer-review,age_band,60+,behavior_mean,35.0
Peer-review,age_band,60+,belief_post,85.0
Peer-review,age_band,60+,concern_mean,60.0
Peer-review,age_band,60+,distrust_post,25.0
Peer-review,age_band,60+,donation_ams,40.0
Peer-review,age_band,60+,funding_perceptions,60.0
Peer-review,age_band,60+,inst_trust_mean,78.0
Peer-review,age_band,60+,newsletter_signup,30.0
Peer-review,age_band,60+,policy_general,70.0
Peer-review,age_band,60+,policy_role_mean,77.5
Peer-review,age_band,60+,policy_specific_mean,57.857142857142854
Peer-review,age_band,60+,trust_multidimensional,70.0
Peer-review,age_band,60+,trust_post,75.0
Peer-review,education,Bachelor's degree,behavior_mean,74.16666666666667
Peer-review,education,Bachelor's degree,belief_post,95.0
Peer-review,education,Bachelor's degree,concern_mean,86.66666666666667
Peer-review,education,Bachelor's degree,distrust_post,5.0
Peer-review,education,Bachelor's degree,donation_ams,70.0
Peer-review,education,Bachelor's degree,funding_perceptions,50.0
Peer-review,education,Bachelor's degree,inst_trust_mean,85.0
Peer-review,education,Bachelor's degree,newsletter_signup,2.0
Peer-review,education,Bachelor's degree,policy_general,90.0
Peer-review,education,Bachelor's degree,policy_role_mean,93.75
Peer-review,education,Bachelor's degree,policy_specific_mean,83.57142857142857
Peer-review,education,Bachelor's degree,trust_multidimensional,84.41666666666667
Peer-review,education,Bachelor's degree,trust_post,90.0
Peer-review,education,Doctorate degree / Ph.D.,behavior_mean,80.0
Peer-review,education,Doctorate degree / Ph.D.,belief_post,95.0
Peer-review,education,Doctorate degree / Ph.D.,concern_mean,91.66666666666667
Peer-review,education,Doctorate degree / Ph.D.,distrust_post,5.0
Peer-review,education,Doctorate degree / Ph.D.,donation_ams,7.0
Peer-review,education,Doctorate degree / Ph.D.,funding_perceptions,50.0
Peer-review,education,Doctorate degree / Ph.D.,inst_trust_mean,86.0
Peer-review,education,Doctorate degree / Ph.D.,newsletter_signup,50.0
Peer-review,education,Doctorate degree / Ph.D.,policy_general,85.0
Peer-review,education,Doctorate degree / Ph.D.,policy_role_mean,87.5
Peer-review,education,Doctorate degree / Ph.D.,policy_specific_mean,89.28571428571429
Peer-review,education,Doctorate degree / Ph.D.,trust_multidimensional,85.41666666666667
Peer-review,education,Doctorate degree / Ph.D.,trust_post,85.0
Peer-review,education,High school diploma / GED,behavior_mean,56.666666666666664
Peer-review,education,High school diploma / GED,belief_post,90.0
Peer-review,education,High school diploma / GED,concern_mean,85.0
Peer-review,education,High school diploma / GED,distrust_post,10.0
Peer-review,education,High school diploma / GED,donation_ams,5.0
Peer-review,education,High school diploma / GED,funding_perceptions,50.0
Peer-review,education,High school diploma / GED,inst_trust_mean,78.0
Peer-review,education,High school diploma / GED,newsletter_signup,30.0
Peer-review,education,High school diploma / GED,policy_general,70.0
Peer-review,education,High school diploma / GED,policy_role_mean,82.5
Peer-review,education,High school diploma / GED,policy_specific_mean,70.71428571428571
Peer-review,education,High school diploma / GED,trust_multidimensional,70.41666666666667
Peer-review,education,High school diploma / GED,trust_post,80.0
Peer-review,education,Less than high school,behavior_mean,64.16666666666667
Peer-review,education,Less than high school,belief_post,85.0
Peer-review,education,Less than high school,concern_mean,83.33333333333333
Peer-review,education,Less than high school,distrust_post,10.0
Peer-review,education,Less than high school,donation_ams,5.0
Peer-review,education,Less than high school,funding_perceptions,50.0
Peer-review,education,Less than high school,inst_trust_mean,74.0
Peer-review,education,Less than high school,newsletter_signup,30.0
Peer-review,education,Less than high school,policy_general,70.0
Peer-review,education,Less than high school,policy_role_mean,75.0
Peer-review,education,Less than high school,policy_specific_mean,72.14285714285714
Peer-review,education,Less than high school,trust_multidimensional,74.16666666666667
Peer-review,education,Less than high school,trust_post,75.0
Peer-review,education,Master's degree / Professional degree,behavior_mean,68.33333333333333
Peer-review,education,Master's degree / Professional degree,belief_post,90.0
Peer-review,education,Master's degree / Professional degree,concern_mean,86.66666666666667
Peer-review,education,Master's degree / Professional degree,distrust_post,15.0
Peer-review,education,Master's degree / Professional degree,donation_ams,7.0
Peer-review,education,Master's degree / Professional degree,funding_perceptions,70.0
Peer-review,education,Master's degree / Professional degree,inst_trust_mean,82.0
Peer-review,education,Master's degree / Professional degree,newsletter_signup,40.0
Peer-review,education,Master's degree / Professional degree,policy_general,90.0
Peer-review,education,Master's degree / Professional degree,policy_role_mean,86.25
Peer-review,education,Master's degree / Professional degree,policy_specific_mean,82.14285714285714
Peer-review,education,Master's degree / Professional degree,trust_multidimensional,77.08333333333333
Peer-review,education,Master's degree / Professional degree,trust_post,80.0
Peer-review,education,Some college or Associate's degree,behavior_mean,63.333333333333336
Peer-review,education,Some college or Associate's degree,belief_post,90.0
Peer-review,education,Some college or Associate's degree,concern_mean,76.66666666666667
Peer-review,education,Some college or Associate's degree,distrust_post,15.0
Peer-review,education,Some college or Associate's degree,donation_ams,5.0
Peer-review,education,Some college or Associate's degree,funding_perceptions,60.0
Peer-review,education,Some college or Associate's degree,inst_trust_mean,77.0
Peer-review,education,Some college or Associate's degree,newsletter_signup,30.0
Peer-review,education,Some college or Associate's degree,policy_general,80.0
Peer-review,education,Some college or Associate's degree,policy_role_mean,78.75
Peer-review,education,Some college or Associate's degree,policy_specific_mean,79.28571428571429
Peer-review,education,Some college or Associate's degree,trust_multidimensional,75.41666666666667
Peer-review,education,Some college or Associate's degree,trust_post,80.0
Peer-review,gender,Female,behavior_mean,85.0
Peer-review,gender,Female,belief_post,95.0
Peer-review,gender,Female,concern_mean,91.66666666666667
Peer-review,gender,Female,distrust_post,5.0
Peer-review,gender,Female,donation_ams,7.0
Peer-review,gender,Female,funding_perceptions,50.0
Peer-review,gender,Female,inst_trust_mean,83.0
Peer-review,gender,Female,newsletter_signup,1.0
Peer-review,gender,Female,policy_general,90.0
Peer-review,gender,Female,policy_role_mean,91.25
Peer-review,gender,Female,policy_specific_mean,79.28571428571429
Peer-review,gender,Female,trust_multidimensional,89.58333333333333
Peer-review,gender,Female,trust_post,90.0
Peer-review,gender,Male,behavior_mean,55.0
Peer-review,gender,Male,belief_post,85.0
Peer-review,gender,Male,concern_mean,78.33333333333333
Peer-review,gender,Male,distrust_post,20.0
Peer-review,gender,Male,donation_ams,5.0
Peer-review,gender,Male,funding_perceptions,60.0
Peer-review,gender,Male,inst_trust_mean,76.0
Peer-review,gender,Male,newsletter_signup,2.0
Peer-review,gender,Male,policy_general,70.0
Peer-review,gender,Male,policy_role_mean,77.5
Peer-review,gender,Male,policy_specific_mean,75.71428571428571
Peer-review,gender,Male,trust_multidimensional,79.41666666666667
Peer-review,gender,Male,trust_post,75.0
Peer-review,gender,Other,behavior_mean,50.833333333333336
Peer-review,gender,Other,belief_post,85.0
Peer-review,gender,Other,concern_mean,68.33333333333333
Peer-review,gender,Other,distrust_post,10.0
Peer-review,gender,Other,donation_ams,4.0
Peer-review,gender,Other,funding_perceptions,50.0
Peer-review,gender,Other,inst_trust_mean,76.0
Peer-review,gender,Other,newsletter_signup,30.0
Peer-review,gender,Other,policy_general,70.0
Peer-review,gender,Other,policy_role_mean,75.0
Peer-review,gender,Other,policy_specific_mean,66.42857142857143
Peer-review,gender,Other,trust_multidimensional,73.33333333333333
Peer-review,gender,Other,trust_post,80.0
Peer-review,income,"$100,000 to $167,999",behavior_mean,69.16666666666667
Peer-review,income,"$100,000 to $167,999",belief_post,90.0
Peer-review,income,"$100,000 to $167,999",concern_mean,83.33333333333333
Peer-review,income,"$100,000 to $167,999",distrust_post,10.0
Peer-review,income,"$100,000 to $167,999",donation_ams,7.0
Peer-review,income,"$100,000 to $167,999",funding_perceptions,50.0
Peer-review,income,"$100,000 to $167,999",inst_trust_mean,72.0
Peer-review,income,"$100,000 to $167,999",newsletter_signup,30.0
Peer-review,income,"$100,000 to $167,999",policy_general,70.0
Peer-review,income,"$100,000 to $167,999",policy_role_mean,78.75
Peer-review,income,"$100,000 to $167,999",policy_specific_mean,77.85714285714286
Peer-review,income,"$100,000 to $167,999",trust_multidimensional,76.25
Peer-review,income,"$100,000 to $167,999",trust_post,85.0
Peer-review,income,"$168,000 or more",behavior_mean,75.83333333333333
Peer-review,income,"$168,000 or more",belief_post,95.0
Peer-review,income,"$168,000 or more",concern_mean,91.66666666666667
Peer-review,income,"$168,000 or more",distrust_post,10.0
Peer-review,income,"$168,000 or more",donation_ams,6.0
Peer-review,income,"$168,000 or more",funding_perceptions,50.0
Peer-review,income,"$168,000 or more",inst_trust_mean,88.0
Peer-review,income,"$168,000 or more",newsletter_signup,70.0
Peer-review,income,"$168,000 or more",policy_general,85.0
Peer-review,income,"$168,000 or more",policy_role_mean,82.5
Peer-review,income,"$168,000 or more",policy_specific_mean,84.28571428571429
Peer-review,income,"$168,000 or more",trust_multidimensional,85.0
Peer-review,income,"$168,000 or more",trust_post,90.0
Peer-review,income,"$30,000 to $55,999",behavior_mean,65.0
Peer-review,income,"$30,000 to $55,999",belief_post,90.0
Peer-review,income,"$30,000 to $55,999",concern_mean,81.66666666666667
Peer-review,income,"$30,000 to $55,999",distrust_post,10.0
Peer-review,income,"$30,000 to $55,999",donation_ams,5.0
Peer-review,income,"$30,000 to $55,999",funding_perceptions,50.0
Peer-review,income,"$30,000 to $55,999",inst_trust_mean,88.0
Peer-review,income,"$30,000 to $55,999",newsletter_signup,2.0
Peer-review,income,"$30,000 to $55,999",policy_general,75.0
Peer-review,income,"$30,000 to $55,999",policy_role_mean,76.25
Peer-review,income,"$30,000 to $55,999",policy_specific_mean,72.14285714285714
Peer-review,income,"$30,000 to $55,999",trust_multidimensional,85.41666666666667
Peer-review,income,"$30,000 to $55,999",trust_post,85.0
Peer-review,income,"$56,000 to $99,999",behavior_mean,70.0
Peer-review,income,"$56,000 to $99,999",belief_post,95.0
Peer-review,income,"$56,000 to $99,999",concern_mean,88.33333333333333
Peer-review,income,"$56,000 to $99,999",distrust_post,10.0
Peer-review,income,"$56,000 to $99,999",donation_ams,6.0
Peer-review,income,"$56,000 to $99,999",funding_perceptions,70.0
Peer-review,income,"$56,000 to $99,999",inst_trust_mean,79.0
Peer-review,income,"$56,000 to $99,999",newsletter_signup,30.0
Peer-review,income,"$56,000 to $99,999",policy_general,80.0
Peer-review,income,"$56,000 to $99,999",policy_role_mean,83.75
Peer-review,income,"$56,000 to $99,999",policy_specific_mean,85.0
Peer-review,income,"$56,000 to $99,999",trust_multidimensional,85.0
Peer-review,income,"$56,000 to $99,999",trust_post,90.0
Peer-review,income,"Less than $30,000",behavior_mean,42.5
Peer-review,income,"Less than $30,000",belief_post,65.0
Peer-review,income,"Less than $30,000",concern_mean,70.0
Peer-review,income,"Less than $30,000",distrust_post,30.0
Peer-review,income,"Less than $30,000",donation_ams,5.0
Peer-review,income,"Less than $30,000",funding_perceptions,60.0
Peer-review,income,"Less than $30,000",inst_trust_mean,52.0
Peer-review,income,"Less than $30,000",newsletter_signup,30.0
Peer-review,income,"Less than $30,000",policy_general,55.0
Peer-review,income,"Less than $30,000",policy_role_mean,58.75
Peer-review,income,"Less than $30,000",policy_specific_mean,49.285714285714285
Peer-review,income,"Less than $30,000",trust_multidimensional,62.916666666666664
Peer-review,income,"Less than $30,000",trust_post,60.0
Peer-review,party,Democrat,behavior_mean,77.5
Peer-review,party,Democrat,belief_post,90.0
Peer-review,party,Democrat,concern_mean,83.33333333333333
Peer-review,party,Democrat,distrust_post,10.0
Peer-review,party,Democrat,donation_ams,65.0
Peer-review,party,Democrat,funding_perceptions,70.0
Peer-review,party,Democrat,inst_trust_mean,78.0
Peer-review,party,Democrat,newsletter_signup,2.0
Peer-review,party,Democrat,policy_general,95.0
Peer-review,party,Democrat,policy_role_mean,87.5
Peer-review,party,Democrat,policy_specific_mean,84.28571428571429
Peer-review,party,Democrat,trust_multidimensional,86.25
Peer-review,party,Democrat,trust_post,80.0
Peer-review,party,Independent,behavior_mean,75.83333333333333
Peer-review,party,Independent,belief_post,90.0
Peer-review,party,Independent,concern_mean,91.66666666666667
Peer-review,party,Independent,distrust_post,5.0
Peer-review,party,Independent,donation_ams,6.0
Peer-review,party,Independent,funding_perceptions,50.0
Peer-review,party,Independent,inst_trust_mean,84.0
Peer-review,party,Independent,newsletter_signup,30.0
Peer-review,party,Independent,policy_general,75.0
Peer-review,party,Independent,policy_role_mean,86.25
Peer-review,party,Independent,policy_specific_mean,79.28571428571429
Peer-review,party,Independent,trust_multidimensional,81.25
Peer-review,party,Independent,trust_post,95.0
Peer-review,party,Other,behavior_mean,48.333333333333336
Peer-review,party,Other,belief_post,90.0
Peer-review,party,Other,concern_mean,76.66666666666667
Peer-review,party,Other,distrust_post,25.0
Peer-review,party,Other,donation_ams,3.0
Peer-review,party,Other,funding_perceptions,60.0
Peer-review,party,Other,inst_trust_mean,74.0
Peer-review,party,Other,newsletter_signup,1.0
Peer-review,party,Other,policy_general,70.0
Peer-review,party,Other,policy_role_mean,81.25
Peer-review,party,Other,policy_specific_mean,67.85714285714286
Peer-review,party,Other,trust_multidimensional,76.25
Peer-review,party,Other,trust_post,75.0
Peer-review,party,Republican,behavior_mean,39.166666666666664
Peer-review,party,Republican,belief_post,55.0
Peer-review,party,Republican,concern_mean,50.0
Peer-review,party,Republican,distrust_post,35.0
Peer-review,party,Republican,donation_ams,3.0
Peer-review,party,Republican,funding_perceptions,50.0
Peer-review,party,Republican,inst_trust_mean,61.0
Peer-review,party,Republican,newsletter_signup,2.0
Peer-review,party,Republican,policy_general,30.0
Peer-review,party,Republican,policy_role_mean,40.0
Peer-review,party,Republican,policy_specific_mean,45.714285714285715
Peer-review,party,Republican,trust_multidimensional,62.083333333333336
Peer-review,party,Republican,trust_post,60.0
Peer-review,race,Asian / Asian American,behavior_mean,55.833333333333336
Peer-review,race,Asian / Asian American,belief_post,85.0
Peer-review,race,Asian / Asian American,concern_mean,76.66666666666667
Peer-review,race,Asian / Asian American,distrust_post,10.0
Peer-review,race,Asian / Asian American,donation_ams,6.0
Peer-review,race,Asian / Asian American,funding_perceptions,80.0
Peer-review,race,Asian / Asian American,inst_trust_mean,82.0
Peer-review,race,Asian / Asian American,newsletter_signup,3.0
Peer-review,race,Asian / Asian American,policy_general,85.0
Peer-review,race,Asian / Asian American,policy_role_mean,88.75
Peer-review,race,Asian / Asian American,policy_specific_mean,77.14285714285714
Peer-review,race,Asian / Asian American,trust_multidimensional,87.08333333333333
Peer-review,race,Asian / Asian American,trust_post,90.0
Peer-review,race,Black / African American,behavior_mean,60.0
Peer-review,race,Black / African American,belief_post,90.0
Peer-review,race,Black / African American,concern_mean,80.0
Peer-review,race,Black / African American,distrust_post,25.0
Peer-review,race,Black / African American,donation_ams,40.0
Peer-review,race,Black / African American,funding_perceptions,50.0
Peer-review,race,Black / African American,inst_trust_mean,64.0
Peer-review,race,Black / African American,newsletter_signup,30.0
Peer-review,race,Black / African American,policy_general,85.0
Peer-review,race,Black / African American,policy_role_mean,77.5
Peer-review,race,Black / African American,policy_specific_mean,77.14285714285714
Peer-review,race,Black / African American,trust_multidimensional,66.25
Peer-review,race,Black / African American,trust_post,75.0
Peer-review,race,Hispanic / Latino,behavior_mean,70.0
Peer-review,race,Hispanic / Latino,belief_post,95.0
Peer-review,race,Hispanic / Latino,concern_mean,85.0
Peer-review,race,Hispanic / Latino,distrust_post,10.0
Peer-review,race,Hispanic / Latino,donation_ams,7.0
Peer-review,race,Hispanic / Latino,funding_perceptions,60.0
Peer-review,race,Hispanic / Latino,inst_trust_mean,82.0
Peer-review,race,Hispanic / Latino,newsletter_signup,30.0
Peer-review,race,Hispanic / Latino,policy_general,85.0
Peer-review,race,Hispanic / Latino,policy_role_mean,86.25
Peer-review,race,Hispanic / Latino,policy_specific_mean,80.0
Peer-review,race,Hispanic / Latino,trust_multidimensional,84.58333333333333
Peer-review,race,Hispanic / Latino,trust_post,85.0
Peer-review,race,Other,behavior_mean,48.333333333333336
Peer-review,race,Other,belief_post,80.0
Peer-review,race,Other,concern_mean,71.66666666666667
Peer-review,race,Other,distrust_post,25.0
Peer-review,race,Other,donation_ams,5.0
Peer-review,race,Other,funding_perceptions,50.0
Peer-review,race,Other,inst_trust_mean,75.0
Peer-review,race,Other,newsletter_signup,30.0
Peer-review,race,Other,policy_general,70.0
Peer-review,race,Other,policy_role_mean,75.0
Peer-review,race,Other,policy_specific_mean,66.42857142857143
Peer-review,race,Other,trust_multidimensional,61.25
Peer-review,race,Other,trust_post,75.0
Peer-review,race,White / Caucasian,behavior_mean,58.333333333333336
Peer-review,race,White / Caucasian,belief_post,85.0
Peer-review,race,White / Caucasian,concern_mean,76.66666666666667
Peer-review,race,White / Caucasian,distrust_post,15.0
Peer-review,race,White / Caucasian,donation_ams,5.0
Peer-review,race,White / Caucasian,funding_perceptions,35.0
Peer-review,race,White / Caucasian,inst_trust_mean,79.0
Peer-review,race,White / Caucasian,newsletter_signup,2.0
Peer-review,race,White / Caucasian,policy_general,75.0
Peer-review,race,White / Caucasian,policy_role_mean,83.75
Peer-review,race,White / Caucasian,policy_specific_mean,76.42857142857143
Peer-review,race,White / Caucasian,trust_multidimensional,82.5
Peer-review,race,White / Caucasian,trust_post,85.0
Portrait Prof. Cherry,age_band,18-29,behavior_mean,66.66666666666667
Portrait Prof. Cherry,age_band,18-29,belief_post,95.0
Portrait Prof. Cherry,age_band,18-29,concern_mean,85.0
Portrait Prof. Cherry,age_band,18-29,distrust_post,15.0
Portrait Prof. Cherry,age_band,18-29,donation_ams,5.0
Portrait Prof. Cherry,age_band,18-29,funding_perceptions,60.0
Portrait Prof. Cherry,age_band,18-29,inst_trust_mean,77.0
Portrait Prof. Cherry,age_band,18-29,newsletter_signup,30.0
Portrait Prof. Cherry,age_band,18-29,policy_general,90.0
Portrait Prof. Cherry,age_band,18-29,policy_role_mean,86.25
Portrait Prof. Cherry,age_band,18-29,policy_specific_mean,80.71428571428571
Portrait Prof. Cherry,age_band,18-29,trust_multidimensional,82.08333333333333
Portrait Prof. Cherry,age_band,18-29,trust_post,75.0
Portrait Prof. Cherry,age_band,30-44,behavior_mean,71.66666666666667
Portrait Prof. Cherry,age_band,30-44,belief_post,90.0
Portrait Prof. Cherry,age_band,30-44,concern_mean,80.0
Portrait Prof. Cherry,age_band,30-44,distrust_post,15.0
Portrait Prof. Cherry,age_band,30-44,donation_ams,6.0
Portrait Prof. Cherry,age_band,30-44,funding_perceptions,50.0
Portrait Prof. Cherry,age_band,30-44,inst_trust_mean,81.0
Portrait Prof. Cherry,age_band,30-44,newsletter_signup,40.0
Portrait Prof. Cherry,age_band,30-44,policy_general,80.0
Portrait Prof. Cherry,age_band,30-44,policy_role_mean,82.5
Portrait Prof. Cherry,age_band,30-44,policy_specific_mean,80.0
Portrait Prof. Cherry,age_band,30-44,trust_multidimensional,81.25
Portrait Prof. Cherry,age_band,30-44,trust_post,75.0
Portrait Prof. Cherry,age_band,45-59,behavior_mean,59.166666666666664
Portrait Prof. Cherry,age_band,45-59,belief_post,80.0
Portrait Prof. Cherry,age_band,45-59,concern_mean,75.0
Portrait Prof. Cherry,age_band,45-59,distrust_post,15.0
Portrait Prof. Cherry,age_band,45-59,donation_ams,4.0
Portrait Prof. Cherry,age_band,45-59,funding_perceptions,70.0
Portrait Prof. Cherry,age_band,45-59,inst_trust_mean,72.0
Portrait Prof. Cherry,age_band,45-59,newsletter_signup,2.0
Portrait Prof. Cherry,age_band,45-59,policy_general,70.0
Portrait Prof. Cherry,age_band,45-59,policy_role_mean,82.5
Portrait Prof. Cherry,age_band,45-59,policy_specific_mean,85.0
Portrait Prof. Cherry,age_band,45-59,trust_multidimensional,76.25
Portrait Prof. Cherry,age_band,45-59,trust_post,85.0
Portrait Prof. Cherry,age_band,60+,behavior_mean,45.0
Portrait Prof. Cherry,age_band,60+,belief_post,90.0
Portrait Prof. Cherry,age_band,60+,concern_mean,81.66666666666667
Portrait Prof. Cherry,age_band,60+,distrust_post,20.0
Portrait Prof. Cherry,age_band,60+,donation_ams,5.0
Portrait Prof. Cherry,age_band,60+,funding_perceptions,40.0
Portrait Prof. Cherry,age_band,60+,inst_trust_mean,79.0
Portrait Prof. Cherry,age_band,60+,newsletter_signup,1.0
Portrait Prof. Cherry,age_band,60+,policy_general,70.0
Portrait Prof. Cherry,age_band,60+,policy_role_mean,82.5
Portrait Prof. Cherry,age_band,60+,policy_specific_mean,60.714285714285715
Portrait Prof. Cherry,age_band,60+,trust_multidimensional,80.0
Portrait Prof. Cherry,age_band,60+,trust_post,75.0
Portrait Prof. Cherry,education,Bachelor's degree,behavior_mean,64.16666666666667
Portrait Prof. Cherry,education,Bachelor's degree,belief_post,95.0
Portrait Prof. Cherry,education,Bachelor's degree,concern_mean,75.0
Portrait Prof. Cherry,education,Bachelor's degree,distrust_post,15.0
Portrait Prof. Cherry,education,Bachelor's degree,donation_ams,5.0
Portrait Prof. Cherry,education,Bachelor's degree,funding_perceptions,50.0
Portrait Prof. Cherry,education,Bachelor's degree,inst_trust_mean,79.0
Portrait Prof. Cherry,education,Bachelor's degree,newsletter_signup,2.0
Portrait Prof. Cherry,education,Bachelor's degree,policy_general,75.0
Portrait Prof. Cherry,education,Bachelor's degree,policy_role_mean,77.5
Portrait Prof. Cherry,education,Bachelor's degree,policy_specific_mean,82.14285714285714
Portrait Prof. Cherry,education,Bachelor's degree,trust_multidimensional,71.66666666666667
Portrait Prof. Cherry,education,Bachelor's degree,trust_post,85.0
Portrait Prof. Cherry,education,Doctorate degree / Ph.D.,behavior_mean,80.83333333333333
Portrait Prof. Cherry,education,Doctorate degree / Ph.D.,belief_post,90.0
Portrait Prof. Cherry,education,Doctorate degree / Ph.D.,concern_mean,90.0
Portrait Prof. Cherry,education,Doctorate degree / Ph.D.,distrust_post,10.0
Portrait Prof. Cherry,education,Doctorate degree / Ph.D.,donation_ams,7.0
Portrait Prof. Cherry,education,Doctorate degree / Ph.D.,funding_perceptions,50.0
Portrait Prof. Cherry,education,Doctorate degree / Ph.D.,inst_trust_mean,85.0
Portrait Prof. Cherry,education,Doctorate degree / Ph.D.,newsletter_signup,1.0
Portrait Prof. Cherry,education,Doctorate degree / Ph.D.,policy_general,90.0
Portrait Prof. Cherry,education,Doctorate degree / Ph.D.,policy_role_mean,90.0
Portrait Prof. Cherry,education,Doctorate degree / Ph.D.,policy_specific_mean,86.42857142857143
Portrait Prof. Cherry,education,Doctorate degree / Ph.D.,trust_multidimensional,86.25
Portrait Prof. Cherry,education,Doctorate degree / Ph.D.,trust_post,95.0
Portrait Prof. Cherry,education,High school diploma / GED,behavior_mean,53.333333333333336
Portrait Prof. Cherry,education,High school diploma / GED,belief_post,90.0
Portrait Prof. Cherry,education,High school diploma / GED,concern_mean,71.66666666666667
Portrait Prof. Cherry,education,High school diploma / GED,distrust_post,15.0
Portrait Prof. Cherry,education,High school diploma / GED,donation_ams,5.0
Portrait Prof. Cherry,education,High school diploma / GED,funding_perceptions,60.0
Portrait Prof. Cherry,education,High school diploma / GED,inst_trust_mean,69.0
Portrait Prof. Cherry,education,High school diploma / GED,newsletter_signup,3.0
Portrait Prof. Cherry,education,High school diploma / GED,policy_general,70.0
Portrait Prof. Cherry,education,High school diploma / GED,policy_role_mean,83.75
Portrait Prof. Cherry,education,High school diploma / GED,policy_specific_mean,72.85714285714286
Portrait Prof. Cherry,education,High school diploma / GED,trust_multidimensional,75.0
Portrait Prof. Cherry,education,High school diploma / GED,trust_post,65.0
Portrait Prof. Cherry,education,Less than high school,behavior_mean,33.333333333333336
Portrait Prof. Cherry,education,Less than high school,belief_post,50.0
Portrait Prof. Cherry,education,Less than high school,concern_mean,46.666666666666664
Portrait Prof. Cherry,education,Less than high school,distrust_post,45.0
Portrait Prof. Cherry,education,Less than high school,donation_ams,2.0
Portrait Prof. Cherry,education,Less than high school,funding_perceptions,50.0
Portrait Prof. Cherry,education,Less than high school,inst_trust_mean,46.0
Portrait Prof. Cherry,education,Less than high school,newsletter_signup,1.0
Portrait Prof. Cherry,education,Less than high school,policy_general,30.0
Portrait Prof. Cherry,education,Less than high school,policy_role_mean,46.25
Portrait Prof. Cherry,education,Less than high school,policy_specific_mean,40.0
Portrait Prof. Cherry,education,Less than high school,trust_multidimensional,49.583333333333336
Portrait Prof. Cherry,education,Less than high school,trust_post,40.0
Portrait Prof. Cherry,education,Master's degree / Professional degree,behavior_mean,82.5
Portrait Prof. Cherry,education,Master's degree / Professional degree,belief_post,90.0
Portrait Prof. Cherry,education,Master's degree / Professional degree,concern_mean,90.0
Portrait Prof. Cherry,education,Master's degree / Professional degree,distrust_post,10.0
Portrait Prof. Cherry,education,Master's degree / Professional degree,donation_ams,7.0
Portrait Prof. Cherry,education,Master's degree / Professional degree,funding_perceptions,50.0
Portrait Prof. Cherry,education,Master's degree / Professional degree,inst_trust_mean,86.0
Portrait Prof. Cherry,education,Master's degree / Professional degree,newsletter_signup,60.0
Portrait Prof. Cherry,education,Master's degree / Professional degree,policy_general,90.0
Portrait Prof. Cherry,education,Master's degree / Professional degree,policy_role_mean,88.75
Portrait Prof. Cherry,education,Master's degree / Professional degree,policy_specific_mean,89.28571428571429
Portrait Prof. Cherry,education,Master's degree / Professional degree,trust_multidimensional,77.91666666666667
Portrait Prof. Cherry,education,Master's degree / Professional degree,trust_post,88.0
Portrait Prof. Cherry,education,Some college or Associate's degree,behavior_mean,63.333333333333336
Portrait Prof. Cherry,education,Some college or Associate's degree,belief_post,90.0
Portrait Prof. Cherry,education,Some college or Associate's degree,concern_mean,73.33333333333333
Portrait Prof. Cherry,education,Some college or Associate's degree,distrust_post,20.0
Portrait Prof. Cherry,education,Some college or Associate's degree,donation_ams,5.0
Portrait Prof. Cherry,education,Some college or Associate's degree,funding_perceptions,50.0
Portrait Prof. Cherry,education,Some college or Associate's degree,inst_trust_mean,79.0
Portrait Prof. Cherry,education,Some college or Associate's degree,newsletter_signup,0.0
Portrait Prof. Cherry,education,Some college or Associate's degree,policy_general,80.0
Portrait Prof. Cherry,education,Some college or Associate's degree,policy_role_mean,82.5
Portrait Prof. Cherry,education,Some college or Associate's degree,policy_specific_mean,80.71428571428571
Portrait Prof. Cherry,education,Some college or Associate's degree,trust_multidimensional,80.0
Portrait Prof. Cherry,education,Some college or Associate's degree,trust_post,75.0
Portrait Prof. Cherry,gender,Female,behavior_mean,79.16666666666667
Portrait Prof. Cherry,gender,Female,belief_post,90.0
Portrait Prof. Cherry,gender,Female,concern_mean,90.0
Portrait Prof. Cherry,gender,Female,distrust_post,10.0
Portrait Prof. Cherry,gender,Female,donation_ams,4.0
Portrait Prof. Cherry,gender,Female,funding_perceptions,70.0
Portrait Prof. Cherry,gender,Female,inst_trust_mean,71.0
Portrait Prof. Cherry,gender,Female,newsletter_signup,1.0
Portrait Prof. Cherry,gender,Female,policy_general,90.0
Portrait Prof. Cherry,gender,Female,policy_role_mean,91.25
Portrait Prof. Cherry,gender,Female,policy_specific_mean,87.14285714285714
Portrait Prof. Cherry,gender,Female,trust_multidimensional,81.25
Portrait Prof. Cherry,gender,Female,trust_post,85.0
Portrait Prof. Cherry,gender,Male,behavior_mean,67.5
Portrait Prof. Cherry,gender,Male,belief_post,95.0
Portrait Prof. Cherry,gender,Male,concern_mean,91.66666666666667
Portrait Prof. Cherry,gender,Male,distrust_post,5.0
Portrait Prof. Cherry,gender,Male,donation_ams,5.0
Portrait Prof. Cherry,gender,Male,funding_perceptions,5.0
Portrait Prof. Cherry,gender,Male,inst_trust_mean,83.0
Portrait Prof. Cherry,gender,Male,newsletter_signup,30.0
Portrait Prof. Cherry,gender,Male,policy_general,90.0
Portrait Prof. Cherry,gender,Male,policy_role_mean,88.75
Portrait Prof. Cherry,gender,Male,policy_specific_mean,82.14285714285714
Portrait Prof. Cherry,gender,Male,trust_multidimensional,90.0
Portrait Prof. Cherry,gender,Male,trust_post,85.0
Portrait Prof. Cherry,gender,Other,behavior_mean,65.0
Portrait Prof. Cherry,gender,Other,belief_post,90.0
Portrait Prof. Cherry,gender,Other,concern_mean,81.66666666666667
Portrait Prof. Cherry,gender,Other,distrust_post,15.0
Portrait Prof. Cherry,gender,Other,donation_ams,7.0
Portrait Prof. Cherry,gender,Other,funding_perceptions,60.0
Portrait Prof. Cherry,gender,Other,inst_trust_mean,82.0
Portrait Prof. Cherry,gender,Other,newsletter_signup,2.0
Portrait Prof. Cherry,gender,Other,policy_general,80.0
Portrait Prof. Cherry,gender,Other,policy_role_mean,91.25
Portrait Prof. Cherry,gender,Other,policy_specific_mean,75.0
Portrait Prof. Cherry,gender,Other,trust_multidimensional,95.83333333333333
Portrait Prof. Cherry,gender,Other,trust_post,85.0
Portrait Prof. Cherry,income,"$100,000 to $167,999",behavior_mean,70.83333333333333
Portrait Prof. Cherry,income,"$100,000 to $167,999",belief_post,95.0
Portrait Prof. Cherry,income,"$100,000 to $167,999",concern_mean,85.0
Portrait Prof. Cherry,income,"$100,000 to $167,999",distrust_post,10.0
Portrait Prof. Cherry,income,"$100,000 to $167,999",donation_ams,5.0
Portrait Prof. Cherry,income,"$100,000 to $167,999",funding_perceptions,70.0
Portrait Prof. Cherry,income,"$100,000 to $167,999",inst_trust_mean,83.0
Portrait Prof. Cherry,income,"$100,000 to $167,999",newsletter_signup,40.0
Portrait Prof. Cherry,income,"$100,000 to $167,999",policy_general,70.0
Portrait Prof. Cherry,income,"$100,000 to $167,999",policy_role_mean,86.25
Portrait Prof. Cherry,income,"$100,000 to $167,999",policy_specific_mean,79.28571428571429
Portrait Prof. Cherry,income,"$100,000 to $167,999",trust_multidimensional,81.25
Portrait Prof. Cherry,income,"$100,000 to $167,999",trust_post,85.0
Portrait Prof. Cherry,income,"$168,000 or more",behavior_mean,76.66666666666667
Portrait Prof. Cherry,income,"$168,000 or more",belief_post,100.0
Portrait Prof. Cherry,income,"$168,000 or more",concern_mean,91.66666666666667
Portrait Prof. Cherry,income,"$168,000 or more",distrust_post,10.0
Portrait Prof. Cherry,income,"$168,000 or more",donation_ams,7.0
Portrait Prof. Cherry,income,"$168,000 or more",funding_perceptions,60.0
Portrait Prof. Cherry,income,"$168,000 or more",inst_trust_mean,87.2
Portrait Prof. Cherry,income,"$168,000 or more",newsletter_signup,1.0
Portrait Prof. Cherry,income,"$168,000 or more",policy_general,95.0
Portrait Prof. Cherry,income,"$168,000 or more",policy_role_mean,91.25
Portrait Prof. Cherry,income,"$168,000 or more",policy_specific_mean,90.0
Portrait Prof. Cherry,income,"$168,000 or more",trust_multidimensional,85.41666666666667
Portrait Prof. Cherry,income,"$168,000 or more",trust_post,88.0
Portrait Prof. Cherry,income,"$30,000 to $55,999",behavior_mean,58.333333333333336
Portrait Prof. Cherry,income,"$30,000 to $55,999",belief_post,85.0
Portrait Prof. Cherry,income,"$30,000 to $55,999",concern_mean,75.0
Portrait Prof. Cherry,income,"$30,000 to $55,999",distrust_post,25.0
Portrait Prof. Cherry,income,"$30,000 to $55,999",donation_ams,3.0
Portrait Prof. Cherry,income,"$30,000 to $55,999",funding_perceptions,50.0
Portrait Prof. Cherry,income,"$30,000 to $55,999",inst_trust_mean,77.0
Portrait Prof. Cherry,income,"$30,000 to $55,999",newsletter_signup,45.0
Portrait Prof. Cherry,income,"$30,000 to $55,999",policy_general,80.0
Portrait Prof. Cherry,income,"$30,000 to $55,999",policy_role_mean,78.75
Portrait Prof. Cherry,income,"$30,000 to $55,999",policy_specific_mean,74.28571428571429
Portrait Prof. Cherry,income,"$30,000 to $55,999",trust_multidimensional,69.58333333333333
Portrait Prof. Cherry,income,"$30,000 to $55,999",trust_post,75.0
Portrait Prof. Cherry,income,"$56,000 to $99,999",behavior_mean,54.166666666666664
Portrait Prof. Cherry,income,"$56,000 to $99,999",belief_post,95.0
Portrait Prof. Cherry,income,"$56,000 to $99,999",concern_mean,80.0
Portrait Prof. Cherry,income,"$56,000 to $99,999",distrust_post,20.0
Portrait Prof. Cherry,income,"$56,000 to $99,999",donation_ams,8.0
Portrait Prof. Cherry,income,"$56,000 to $99,999",funding_perceptions,60.0
Portrait Prof. Cherry,income,"$56,000 to $99,999",inst_trust_mean,83.0
Portrait Prof. Cherry,income,"$56,000 to $99,999",newsletter_signup,40.0
Portrait Prof. Cherry,income,"$56,000 to $99,999",policy_general,80.0
Portrait Prof. Cherry,income,"$56,000 to $99,999",policy_role_mean,81.25
Portrait Prof. Cherry,income,"$56,000 to $99,999",policy_specific_mean,83.57142857142857
Portrait Prof. Cherry,income,"$56,000 to $99,999",trust_multidimensional,84.16666666666667
Portrait Prof. Cherry,income,"$56,000 to $99,999",trust_post,85.0
Portrait Prof. Cherry,income,"Less than $30,000",behavior_mean,30.0
Portrait Prof. Cherry,income,"Less than $30,000",belief_post,50.0
Portrait Prof. Cherry,income,"Less than $30,000",concern_mean,53.333333333333336
Portrait Prof. Cherry,income,"Less than $30,000",distrust_post,35.0
Portrait Prof. Cherry,income,"Less than $30,000",donation_ams,2.0
Portrait Prof. Cherry,income,"Less than $30,000",funding_perceptions,50.0
Portrait Prof. Cherry,income,"Less than $30,000",inst_trust_mean,53.0
Portrait Prof. Cherry,income,"Less than $30,000",newsletter_signup,2.0
Portrait Prof. Cherry,income,"Less than $30,000",policy_general,40.0
Portrait Prof. Cherry,income,"Less than $30,000",policy_role_mean,53.75
Portrait Prof. Cherry,income,"Less than $30,000",policy_specific_mean,44.285714285714285
Portrait Prof. Cherry,income,"Less than $30,000",trust_multidimensional,49.166666666666664
Portrait Prof. Cherry,income,"Less than $30,000",trust_post,45.0
Portrait Prof. Cherry,party,Democrat,behavior_mean,82.5
Portrait Prof. Cherry,party,Democrat,belief_post,100.0
Portrait Prof. Cherry,party,Democrat,concern_mean,85.0
Portrait Prof. Cherry,party,Democrat,distrust_post,10.0
Portrait Prof. Cherry,party,Democrat,donation_ams,7.0
Portrait Prof. Cherry,party,Democrat,funding_perceptions,30.0
Portrait Prof. Cherry,party,Democrat,inst_trust_mean,82.0
Portrait Prof. Cherry,party,Democrat,newsletter_signup,30.0
Portrait Prof. Cherry,party,Democrat,policy_general,95.0
Portrait Prof. Cherry,party,Democrat,policy_role_mean,95.0
Portrait Prof. Cherry,party,Democrat,policy_specific_mean,95.0
Portrait Prof. Cherry,party,Democrat,trust_multidimensional,88.33333333333333
Portrait Prof. Cherry,party,Democrat,trust_post,80.0
Portrait Prof. Cherry,party,Independent,behavior_mean,63.333333333333336
Portrait Prof. Cherry,party,Independent,belief_post,95.0
Portrait Prof. Cherry,party,Independent,concern_mean,75.0
Portrait Prof. Cherry,party,Independent,distrust_post,25.0
Portrait Prof. Cherry,party,Independent,donation_ams,5.0
Portrait Prof. Cherry,party,Independent,funding_perceptions,50.0
Portrait Prof. Cherry,party,Independent,inst_trust_mean,77.0
Portrait Prof. Cherry,party,Independent,newsletter_signup,2.0
Portrait Prof. Cherry,party,Independent,policy_general,85.0
Portrait Prof. Cherry,party,Independent,policy_role_mean,85.0
Portrait Prof. Cherry,party,Independent,policy_specific_mean,82.85714285714286
Portrait Prof. Cherry,party,Independent,trust_multidimensional,82.5
Portrait Prof. Cherry,party,Independent,trust_post,75.0
Portrait Prof. Cherry,party,Other,behavior_mean,74.16666666666667
Portrait Prof. Cherry,party,Other,belief_post,95.0
Portrait Prof. Cherry,party,Other,concern_mean,80.0
Portrait Prof. Cherry,party,Other,distrust_post,20.0
Portrait Prof. Cherry,party,Other,donation_ams,5.0
Portrait Prof. Cherry,party,Other,funding_perceptions,70.0
Portrait Prof. Cherry,party,Other,inst_trust_mean,68.0
Portrait Prof. Cherry,party,Other,newsletter_signup,2.0
Portrait Prof. Cherry,party,Other,policy_general,70.0
Portrait Prof. Cherry,party,Other,policy_role_mean,63.75
Portrait Prof. Cherry,party,Other,policy_specific_mean,85.0
Portrait Prof. Cherry,party,Other,trust_multidimensional,83.58333333333333
Portrait Prof. Cherry,party,Other,trust_post,75.0
Portrait Prof. Cherry,party,Republican,behavior_mean,45.0
Portrait Prof. Cherry,party,Republican,belief_post,35.0
Portrait Prof. Cherry,party,Republican,concern_mean,50.0
Portrait Prof. Cherry,party,Republican,distrust_post,30.0
Portrait Prof. Cherry,party,Republican,donation_ams,2.0
Portrait Prof. Cherry,party,Republican,funding_perceptions,50.0
Portrait Prof. Cherry,party,Republican,inst_trust_mean,34.0
Portrait Prof. Cherry,party,Republican,newsletter_signup,3.0
Portrait Prof. Cherry,party,Republican,policy_general,20.0
Portrait Prof. Cherry,party,Republican,policy_role_mean,43.75
Portrait Prof. Cherry,party,Republican,policy_specific_mean,47.142857142857146
Portrait Prof. Cherry,party,Republican,trust_multidimensional,36.25
Portrait Prof. Cherry,party,Republican,trust_post,40.0
Portrait Prof. Cherry,race,Asian / Asian American,behavior_mean,72.5
Portrait Prof. Cherry,race,Asian / Asian American,belief_post,90.0
Portrait Prof. Cherry,race,Asian / Asian American,concern_mean,85.0
Portrait Prof. Cherry,race,Asian / Asian American,distrust_post,15.0
Portrait Prof. Cherry,race,Asian / Asian American,donation_ams,7.0
Portrait Prof. Cherry,race,Asian / Asian American,funding_perceptions,70.0
Portrait Prof. Cherry,race,Asian / Asian American,inst_trust_mean,83.0
Portrait Prof. Cherry,race,Asian / Asian American,newsletter_signup,2.0
Portrait Prof. Cherry,race,Asian / Asian American,policy_general,85.0
Portrait Prof. Cherry,race,Asian / Asian American,policy_role_mean,82.5
Portrait Prof. Cherry,race,Asian / Asian American,policy_specific_mean,86.42857142857143
Portrait Prof. Cherry,race,Asian / Asian American,trust_multidimensional,82.91666666666667
Portrait Prof. Cherry,race,Asian / Asian American,trust_post,75.0
Portrait Prof. Cherry,race,Black / African American,behavior_mean,67.5
Portrait Prof. Cherry,race,Black / African American,belief_post,85.0
Portrait Prof. Cherry,race,Black / African American,concern_mean,90.0
Portrait Prof. Cherry,race,Black / African American,distrust_post,45.0
Portrait Prof. Cherry,race,Black / African American,donation_ams,5.0
Portrait Prof. Cherry,race,Black / African American,funding_perceptions,70.0
Portrait Prof. Cherry,race,Black / African American,inst_trust_mean,57.0
Portrait Prof. Cherry,race,Black / African American,newsletter_signup,30.0
Portrait Prof. Cherry,race,Black / African American,policy_general,80.0
Portrait Prof. Cherry,race,Black / African American,policy_role_mean,76.25
Portrait Prof. Cherry,race,Black / African American,policy_specific_mean,80.71428571428571
Portrait Prof. Cherry,race,Black / African American,trust_multidimensional,57.916666666666664
Portrait Prof. Cherry,race,Black / African American,trust_post,55.0
Portrait Prof. Cherry,race,Hispanic / Latino,behavior_mean,46.666666666666664
Portrait Prof. Cherry,race,Hispanic / Latino,belief_post,80.0
Portrait Prof. Cherry,race,Hispanic / Latino,concern_mean,71.66666666666667
Portrait Prof. Cherry,race,Hispanic / Latino,distrust_post,35.0
Portrait Prof. Cherry,race,Hispanic / Latino,donation_ams,5.0
Portrait Prof. Cherry,race,Hispanic / Latino,funding_perceptions,60.0
Portrait Prof. Cherry,race,Hispanic / Latino,inst_trust_mean,65.0
Portrait Prof. Cherry,race,Hispanic / Latino,newsletter_signup,30.0
Portrait Prof. Cherry,race,Hispanic / Latino,policy_general,75.0
Portrait Prof. Cherry,race,Hispanic / Latino,policy_role_mean,72.5
Portrait Prof. Cherry,race,Hispanic / Latino,policy_specific_mean,67.85714285714286
Portrait Prof. Cherry,race,Hispanic / Latino,trust_multidimensional,59.583333333333336
Portrait Prof. Cherry,race,Hispanic / Latino,trust_post,65.0
Portrait Prof. Cherry,race,Other,behavior_mean,45.833333333333336
Portrait Prof. Cherry,race,Other,belief_post,85.0
Portrait Prof. Cherry,race,Other,concern_mean,73.33333333333333
Portrait Prof. Cherry,race,Other,distrust_post,15.0
Portrait Prof. Cherry,race,Other,donation_ams,5.0
Portrait Prof. Cherry,race,Other,funding_perceptions,60.0
Portrait Prof. Cherry,race,Other,inst_trust_mean,76.0
Portrait Prof. Cherry,race,Other,newsletter_signup,30.0
Portrait Prof. Cherry,race,Other,policy_general,70.0
Portrait Prof. Cherry,race,Other,policy_role_mean,82.5
Portrait Prof. Cherry,race,Other,policy_specific_mean,67.14285714285714
Portrait Prof. Cherry,race,Other,trust_multidimensional,75.41666666666667
Portrait Prof. Cherry,race,Other,trust_post,75.0
Portrait Prof. Cherry,race,White / Caucasian,behavior_mean,51.666666666666664
Portrait Prof. Cherry,race,White / Caucasian,belief_post,90.0
Portrait Prof. Cherry,race,White / Caucasian,concern_mean,80.0
Portrait Prof. Cherry,race,White / Caucasian,distrust_post,15.0
Portrait Prof. Cherry,race,White / Caucasian,donation_ams,40.0
Portrait Prof. Cherry,race,White / Caucasian,funding_perceptions,50.0
Portrait Prof. Cherry,race,White / Caucasian,inst_trust_mean,76.0
Portrait Prof. Cherry,race,White / Caucasian,newsletter_signup,30.0
Portrait Prof. Cherry,race,White / Caucasian,policy_general,70.0
Portrait Prof. Cherry,race,White / Caucasian,policy_role_mean,73.75
Portrait Prof. Cherry,race,White / Caucasian,policy_specific_mean,69.28571428571429
Portrait Prof. Cherry,race,White / Caucasian,trust_multidimensional,79.58333333333333
Portrait Prof. Cherry,race,White / Caucasian,trust_post,75.0
Scientist community helpers,age_band,18-29,behavior_mean,72.5
Scientist community helpers,age_band,18-29,belief_post,90.0
Scientist community helpers,age_band,18-29,concern_mean,85.0
Scientist community helpers,age_band,18-29,distrust_post,20.0
Scientist community helpers,age_band,18-29,donation_ams,6.0
Scientist community helpers,age_band,18-29,funding_perceptions,60.0
Scientist community helpers,age_band,18-29,inst_trust_mean,71.0
Scientist community helpers,age_band,18-29,newsletter_signup,30.0
Scientist community helpers,age_band,18-29,policy_general,85.0
Scientist community helpers,age_band,18-29,policy_role_mean,83.75
Scientist community helpers,age_band,18-29,policy_specific_mean,85.0
Scientist community helpers,age_band,18-29,trust_multidimensional,70.83333333333333
Scientist community helpers,age_band,18-29,trust_post,70.0
Scientist community helpers,age_band,30-44,behavior_mean,65.83333333333333
Scientist community helpers,age_band,30-44,belief_post,90.0
Scientist community helpers,age_band,30-44,concern_mean,78.33333333333333
Scientist community helpers,age_band,30-44,distrust_post,20.0
Scientist community helpers,age_band,30-44,donation_ams,7.0
Scientist community helpers,age_band,30-44,funding_perceptions,50.0
Scientist community helpers,age_band,30-44,inst_trust_mean,77.0
Scientist community helpers,age_band,30-44,newsletter_signup,30.0
Scientist community helpers,age_band,30-44,policy_general,70.0
Scientist community helpers,age_band,30-44,policy_role_mean,76.25
Scientist community helpers,age_band,30-44,policy_specific_mean,75.71428571428571
Scientist community helpers,age_band,30-44,trust_multidimensional,77.91666666666667
Scientist community helpers,age_band,30-44,trust_post,75.0
Scientist community helpers,age_band,45-59,behavior_mean,64.16666666666667
Scientist community helpers,age_band,45-59,belief_post,90.0
Scientist community helpers,age_band,45-59,concern_mean,75.0
Scientist community helpers,age_band,45-59,distrust_post,25.0
Scientist community helpers,age_band,45-59,donation_ams,5.0
Scientist community helpers,age_band,45-59,funding_perceptions,50.0
Scientist community helpers,age_band,45-59,inst_trust_mean,75.0
Scientist community helpers,age_band,45-59,newsletter_signup,40.0
Scientist community helpers,age_band,45-59,policy_general,85.0
Scientist community helpers,age_band,45-59,policy_role_mean,82.5
Scientist community helpers,age_band,45-59,policy_specific_mean,77.14285714285714
Scientist community helpers,age_band,45-59,trust_multidimensional,73.33333333333333
Scientist community helpers,age_band,45-59,trust_post,75.0
Scientist community helpers,age_band,60+,behavior_mean,44.166666666666664
Scientist community helpers,age_band,60+,belief_post,85.0
Scientist community helpers,age_band,60+,concern_mean,83.33333333333333
Scientist community helpers,age_band,60+,distrust_post,25.0
Scientist community helpers,age_band,60+,donation_ams,40.0
Scientist community helpers,age_band,60+,funding_perceptions,50.0
Scientist community helpers,age_band,60+,inst_trust_mean,72.0
Scientist community helpers,age_band,60+,newsletter_signup,2.0
Scientist community helpers,age_band,60+,policy_general,80.0
Scientist community helpers,age_band,60+,policy_role_mean,77.5
Scientist community helpers,age_band,60+,policy_specific_mean,71.42857142857143
Scientist community helpers,age_band,60+,trust_multidimensional,72.08333333333333
Scientist community helpers,age_band,60+,trust_post,65.0
Scientist community helpers,education,Bachelor's degree,behavior_mean,59.166666666666664
Scientist community helpers,education,Bachelor's degree,belief_post,90.0
Scientist community helpers,education,Bachelor's degree,concern_mean,80.0
Scientist community helpers,education,Bachelor's degree,distrust_post,15.0
Scientist community helpers,education,Bachelor's degree,donation_ams,5.0
Scientist community helpers,education,Bachelor's degree,funding_perceptions,50.0
Scientist community helpers,education,Bachelor's degree,inst_trust_mean,78.0
Scientist community helpers,education,Bachelor's degree,newsletter_signup,30.0
Scientist community helpers,education,Bachelor's degree,policy_general,75.0
Scientist community helpers,education,Bachelor's degree,policy_role_mean,85.0
Scientist community helpers,education,Bachelor's degree,policy_specific_mean,74.28571428571429
Scientist community helpers,education,Bachelor's degree,trust_multidimensional,74.58333333333333
Scientist community helpers,education,Bachelor's degree,trust_post,85.0
Scientist community helpers,education,Doctorate degree / Ph.D.,behavior_mean,80.83333333333333
Scientist community helpers,education,Doctorate degree / Ph.D.,belief_post,95.0
Scientist community helpers,education,Doctorate degree / Ph.D.,concern_mean,93.33333333333333
Scientist community helpers,education,Doctorate degree / Ph.D.,distrust_post,5.0
Scientist community helpers,education,Doctorate degree / Ph.D.,donation_ams,7.0
Scientist community helpers,education,Doctorate degree / Ph.D.,funding_perceptions,50.0
Scientist community helpers,education,Doctorate degree / Ph.D.,inst_trust_mean,92.0
Scientist community helpers,education,Doctorate degree / Ph.D.,newsletter_signup,30.0
Scientist community helpers,education,Doctorate degree / Ph.D.,policy_general,90.0
Scientist community helpers,education,Doctorate degree / Ph.D.,policy_role_mean,90.0
Scientist community helpers,education,Doctorate degree / Ph.D.,policy_specific_mean,89.28571428571429
Scientist community helpers,education,Doctorate degree / Ph.D.,trust_multidimensional,86.66666666666667
Scientist community helpers,education,Doctorate degree / Ph.D.,trust_post,95.0
Scientist community helpers,education,High school diploma / GED,behavior_mean,46.666666666666664
Scientist community helpers,education,High school diploma / GED,belief_post,85.0
Scientist community helpers,education,High school diploma / GED,concern_mean,65.0
Scientist community helpers,education,High school diploma / GED,distrust_post,25.0
Scientist community helpers,education,High school diploma / GED,donation_ams,5.0
Scientist community helpers,education,High school diploma / GED,funding_perceptions,60.0
Scientist community helpers,education,High school diploma / GED,inst_trust_mean,66.0
Scientist community helpers,education,High school diploma / GED,newsletter_signup,35.0
Scientist community helpers,education,High school diploma / GED,policy_general,65.0
Scientist community helpers,education,High school diploma / GED,policy_role_mean,76.25
Scientist community helpers,education,High school diploma / GED,policy_specific_mean,65.71428571428571
Scientist community helpers,education,High school diploma / GED,trust_multidimensional,71.66666666666667
Scientist community helpers,education,High school diploma / GED,trust_post,65.0
Scientist community helpers,education,Less than high school,behavior_mean,45.833333333333336
Scientist community helpers,education,Less than high school,belief_post,60.0
Scientist community helpers,education,Less than high school,concern_mean,50.0
Scientist community helpers,education,Less than high school,distrust_post,30.0
Scientist community helpers,education,Less than high school,donation_ams,40.0
Scientist community helpers,education,Less than high school,funding_perceptions,60.0
Scientist community helpers,education,Less than high school,inst_trust_mean,51.0
Scientist community helpers,education,Less than high school,newsletter_signup,30.0
Scientist community helpers,education,Less than high school,policy_general,60.0
Scientist community helpers,education,Less than high school,policy_role_mean,60.0
Scientist community helpers,education,Less than high school,policy_specific_mean,62.857142857142854
Scientist community helpers,education,Less than high school,trust_multidimensional,58.75
Scientist community helpers,education,Less than high school,trust_post,55.0
Scientist community helpers,education,Master's degree / Professional degree,behavior_mean,76.66666666666667
Scientist community helpers,education,Master's degree / Professional degree,belief_post,95.0
Scientist community helpers,education,Master's degree / Professional degree,concern_mean,83.33333333333333
Scientist community helpers,education,Master's degree / Professional degree,distrust_post,15.0
Scientist community helpers,education,Master's degree / Professional degree,donation_ams,7.0
Scientist community helpers,education,Master's degree / Professional degree,funding_perceptions,70.0
Scientist community helpers,education,Master's degree / Professional degree,inst_trust_mean,84.0
Scientist community helpers,education,Master's degree / Professional degree,newsletter_signup,2.0
Scientist community helpers,education,Master's degree / Professional degree,policy_general,90.0
Scientist community helpers,education,Master's degree / Professional degree,policy_role_mean,90.0
Scientist community helpers,education,Master's degree / Professional degree,policy_specific_mean,87.85714285714286
Scientist community helpers,education,Master's degree / Professional degree,trust_multidimensional,79.41666666666667
Scientist community helpers,education,Master's degree / Professional degree,trust_post,85.0
Scientist community helpers,education,Some college or Associate's degree,behavior_mean,65.0
Scientist community helpers,education,Some college or Associate's degree,belief_post,90.0
Scientist community helpers,education,Some college or Associate's degree,concern_mean,83.33333333333333
Scientist community helpers,education,Some college or Associate's degree,distrust_post,20.0
Scientist community helpers,education,Some college or Associate's degree,donation_ams,40.0
Scientist community helpers,education,Some college or Associate's degree,funding_perceptions,50.0
Scientist community helpers,education,Some college or Associate's degree,inst_trust_mean,75.0
Scientist community helpers,education,Some college or Associate's degree,newsletter_signup,30.0
Scientist community helpers,education,Some college or Associate's degree,policy_general,80.0
Scientist community helpers,education,Some college or Associate's degree,policy_role_mean,82.5
Scientist community helpers,education,Some college or Associate's degree,policy_specific_mean,75.0
Scientist community helpers,education,Some college or Associate's degree,trust_multidimensional,79.58333333333333
Scientist community helpers,education,Some college or Associate's degree,trust_post,75.0
Scientist community helpers,gender,Female,behavior_mean,72.5
Scientist community helpers,gender,Female,belief_post,90.0
Scientist community helpers,gender,Female,concern_mean,76.66666666666667
Scientist community helpers,gender,Female,distrust_post,10.0
Scientist community helpers,gender,Female,donation_ams,5.0
Scientist community helpers,gender,Female,funding_perceptions,50.0
Scientist community helpers,gender,Female,inst_trust_mean,81.0
Scientist community helpers,gender,Female,newsletter_signup,30.0
Scientist community helpers,gender,Female,policy_general,85.0
Scientist community helpers,gender,Female,policy_role_mean,85.0
Scientist community helpers,gender,Female,policy_specific_mean,76.42857142857143
Scientist community helpers,gender,Female,trust_multidimensional,84.58333333333333
Scientist community helpers,gender,Female,trust_post,80.0
Scientist community helpers,gender,Male,behavior_mean,60.0
Scientist community helpers,gender,Male,belief_post,90.0
Scientist community helpers,gender,Male,concern_mean,80.0
Scientist community helpers,gender,Male,distrust_post,10.0
Scientist community helpers,gender,Male,donation_ams,5.0
Scientist community helpers,gender,Male,funding_perceptions,60.0
Scientist community helpers,gender,Male,inst_trust_mean,85.0
Scientist community helpers,gender,Male,newsletter_signup,2.0
Scientist community helpers,gender,Male,policy_general,80.0
Scientist community helpers,gender,Male,policy_role_mean,86.25
Scientist community helpers,gender,Male,policy_specific_mean,80.71428571428571
Scientist community helpers,gender,Male,trust_multidimensional,80.83333333333333
Scientist community helpers,gender,Male,trust_post,85.0
Scientist community helpers,gender,Other,behavior_mean,50.0
Scientist community helpers,gender,Other,belief_post,85.0
Scientist community helpers,gender,Other,concern_mean,70.0
Scientist community helpers,gender,Other,distrust_post,15.0
Scientist community helpers,gender,Other,donation_ams,5.0
Scientist community helpers,gender,Other,funding_perceptions,50.0
Scientist community helpers,gender,Other,inst_trust_mean,75.0
Scientist community helpers,gender,Other,newsletter_signup,30.0
Scientist community helpers,gender,Other,policy_general,70.0
Scientist community helpers,gender,Other,policy_role_mean,75.0
Scientist community helpers,gender,Other,policy_specific_mean,72.14285714285714
Scientist community helpers,gender,Other,trust_multidimensional,73.33333333333333
Scientist community helpers,gender,Other,trust_post,75.0
Scientist community helpers,income,"$100,000 to $167,999",behavior_mean,66.66666666666667
Scientist community helpers,income,"$100,000 to $167,999",belief_post,95.0
Scientist community helpers,income,"$100,000 to $167,999",concern_mean,83.33333333333333
Scientist community helpers,income,"$100,000 to $167,999",distrust_post,10.0
Scientist community helpers,income,"$100,000 to $167,999",donation_ams,5.0
Scientist community helpers,income,"$100,000 to $167,999",funding_perceptions,50.0
Scientist community helpers,income,"$100,000 to $167,999",inst_trust_mean,88.0
Scientist community helpers,income,"$100,000 to $167,999",newsletter_signup,30.0
Scientist community helpers,income,"$100,000 to $167,999",policy_general,90.0
Scientist community helpers,income,"$100,000 to $167,999",policy_role_mean,85.0
Scientist community helpers,income,"$100,000 to $167,999",policy_specific_mean,73.57142857142857
Scientist community helpers,income,"$100,000 to $167,999",trust_multidimensional,81.25
Scientist community helpers,income,"$100,000 to $167,999",trust_post,88.0
Scientist community helpers,income,"$168,000 or more",behavior_mean,76.66666666666667
Scientist community helpers,income,"$168,000 or more",belief_post,95.0
Scientist community helpers,income,"$168,000 or more",concern_mean,88.33333333333333
Scientist community helpers,income,"$168,000 or more",distrust_post,10.0
Scientist community helpers,income,"$168,000 or more",donation_ams,7.0
Scientist community helpers,income,"$168,000 or more",funding_perceptions,50.0
Scientist community helpers,income,"$168,000 or more",inst_trust_mean,83.0
Scientist community helpers,income,"$168,000 or more",newsletter_signup,1.0
Scientist community helpers,income,"$168,000 or more",policy_general,90.0
Scientist community helpers,income,"$168,000 or more",policy_role_mean,91.25
Scientist community helpers,income,"$168,000 or more",policy_specific_mean,86.42857142857143
Scientist community helpers,income,"$168,000 or more",trust_multidimensional,82.08333333333333
Scientist community helpers,income,"$168,000 or more",trust_post,85.0
Scientist community helpers,income,"$30,000 to $55,999",behavior_mean,45.0
Scientist community helpers,income,"$30,000 to $55,999",belief_post,85.0
Scientist community helpers,income,"$30,000 to $55,999",concern_mean,75.0
Scientist community helpers,income,"$30,000 to $55,999",distrust_post,25.0
Scientist community helpers,income,"$30,000 to $55,999",donation_ams,4.0
Scientist community helpers,income,"$30,000 to $55,999",funding_perceptions,50.0
Scientist community helpers,income,"$30,000 to $55,999",inst_trust_mean,72.0
Scientist community helpers,income,"$30,000 to $55,999",newsletter_signup,30.0
Scientist community helpers,income,"$30,000 to $55,999",policy_general,70.0
Scientist community helpers,income,"$30,000 to $55,999",policy_role_mean,71.25
Scientist community helpers,income,"$30,000 to $55,999",policy_specific_mean,67.14285714285714
Scientist community helpers,income,"$30,000 to $55,999",trust_multidimensional,69.16666666666667
Scientist community helpers,income,"$30,000 to $55,999",trust_post,75.0
Scientist community helpers,income,"$56,000 to $99,999",behavior_mean,66.66666666666667
Scientist community helpers,income,"$56,000 to $99,999",belief_post,90.0
Scientist community helpers,income,"$56,000 to $99,999",concern_mean,83.33333333333333
Scientist community helpers,income,"$56,000 to $99,999",distrust_post,15.0
Scientist community helpers,income,"$56,000 to $99,999",donation_ams,6.0
Scientist community helpers,income,"$56,000 to $99,999",funding_perceptions,50.0
Scientist community helpers,income,"$56,000 to $99,999",inst_trust_mean,79.0
Scientist community helpers,income,"$56,000 to $99,999",newsletter_signup,30.0
Scientist community helpers,income,"$56,000 to $99,999",policy_general,75.0
Scientist community helpers,income,"$56,000 to $99,999",policy_role_mean,83.75
Scientist community helpers,income,"$56,000 to $99,999",policy_specific_mean,77.85714285714286
Scientist community helpers,income,"$56,000 to $99,999",trust_multidimensional,81.25
Scientist community helpers,income,"$56,000 to $99,999",trust_post,85.0
Scientist community helpers,income,"Less than $30,000",behavior_mean,44.166666666666664
Scientist community helpers,income,"Less than $30,000",belief_post,80.0
Scientist community helpers,income,"Less than $30,000",concern_mean,80.0
Scientist community helpers,income,"Less than $30,000",distrust_post,30.0
Scientist community helpers,income,"Less than $30,000",donation_ams,3.0
Scientist community helpers,income,"Less than $30,000",funding_perceptions,60.0
Scientist community helpers,income,"Less than $30,000",inst_trust_mean,50.0
Scientist community helpers,income,"Less than $30,000",newsletter_signup,30.0
Scientist community helpers,income,"Less than $30,000",policy_general,70.0
Scientist community helpers,income,"Less than $30,000",policy_role_mean,66.25
Scientist community helpers,income,"Less than $30,000",policy_specific_mean,56.42857142857143
Scientist community helpers,income,"Less than $30,000",trust_multidimensional,59.166666666666664
Scientist community helpers,income,"Less than $30,000",trust_post,55.0
Scientist community helpers,party,Democrat,behavior_mean,70.0
Scientist community helpers,party,Democrat,belief_post,95.0
Scientist community helpers,party,Democrat,concern_mean,88.33333333333333
Scientist community helpers,party,Democrat,distrust_post,10.0
Scientist community helpers,party,Democrat,donation_ams,6.0
Scientist community helpers,party,Democrat,funding_perceptions,70.0
Scientist community helpers,party,Democrat,inst_trust_mean,87.0
Scientist community helpers,party,Democrat,newsletter_signup,40.0
Scientist community helpers,party,Democrat,policy_general,90.0
Scientist community helpers,party,Democrat,policy_role_mean,91.25
Scientist community helpers,party,Democrat,policy_specific_mean,84.28571428571429
Scientist community helpers,party,Democrat,trust_multidimensional,80.41666666666667
Scientist community helpers,party,Democrat,trust_post,85.0
Scientist community helpers,party,Independent,behavior_mean,60.0
Scientist community helpers,party,Independent,belief_post,90.0
Scientist community helpers,party,Independent,concern_mean,73.33333333333333
Scientist community helpers,party,Independent,distrust_post,10.0
Scientist community helpers,party,Independent,donation_ams,4.0
Scientist community helpers,party,Independent,funding_perceptions,50.0
Scientist community helpers,party,Independent,inst_trust_mean,75.0
Scientist community helpers,party,Independent,newsletter_signup,30.0
Scientist community helpers,party,Independent,policy_general,70.0
Scientist community helpers,party,Independent,policy_role_mean,76.25
Scientist community helpers,party,Independent,policy_specific_mean,76.42857142857143
Scientist community helpers,party,Independent,trust_multidimensional,80.83333333333333
Scientist community helpers,party,Independent,trust_post,80.0
Scientist community helpers,party,Other,behavior_mean,50.833333333333336
Scientist community helpers,party,Other,belief_post,85.0
Scientist community helpers,party,Other,concern_mean,78.33333333333333
Scientist community helpers,party,Other,distrust_post,25.0
Scientist community helpers,party,Other,donation_ams,3.0
Scientist community helpers,party,Other,funding_perceptions,60.0
Scientist community helpers,party,Other,inst_trust_mean,74.0
Scientist community helpers,party,Other,newsletter_signup,40.0
Scientist community helpers,party,Other,policy_general,30.0
Scientist community helpers,party,Other,policy_role_mean,66.25
Scientist community helpers,party,Other,policy_specific_mean,62.142857142857146
Scientist community helpers,party,Other,trust_multidimensional,75.41666666666667
Scientist community helpers,party,Other,trust_post,65.0
Scientist community helpers,party,Republican,behavior_mean,36.666666666666664
Scientist community helpers,party,Republican,belief_post,35.0
Scientist community helpers,party,Republican,concern_mean,46.666666666666664
Scientist community helpers,party,Republican,distrust_post,35.0
Scientist community helpers,party,Republican,donation_ams,5.0
Scientist community helpers,party,Republican,funding_perceptions,60.0
Scientist community helpers,party,Republican,inst_trust_mean,49.0
Scientist community helpers,party,Republican,newsletter_signup,2.0
Scientist community helpers,party,Republican,policy_general,45.0
Scientist community helpers,party,Republican,policy_role_mean,57.5
Scientist community helpers,party,Republican,policy_specific_mean,48.57142857142857
Scientist community helpers,party,Republican,trust_multidimensional,57.916666666666664
Scientist community helpers,party,Republican,trust_post,45.0
Scientist community helpers,race,Asian / Asian American,behavior_mean,61.666666666666664
Scientist community helpers,race,Asian / Asian American,belief_post,90.0
Scientist community helpers,race,Asian / Asian American,concern_mean,81.66666666666667
Scientist community helpers,race,Asian / Asian American,distrust_post,15.0
Scientist community helpers,race,Asian / Asian American,donation_ams,5.0
Scientist community helpers,race,Asian / Asian American,funding_perceptions,50.0
Scientist community helpers,race,Asian / Asian American,inst_trust_mean,82.0
Scientist community helpers,race,Asian / Asian American,newsletter_signup,40.0
Scientist community helpers,race,Asian / Asian American,policy_general,80.0
Scientist community helpers,race,Asian / Asian American,policy_role_mean,82.5
Scientist community helpers,race,Asian / Asian American,policy_specific_mean,73.57142857142857
Scientist community helpers,race,Asian / Asian American,trust_multidimensional,77.91666666666667
Scientist community helpers,race,Asian / Asian American,trust_post,75.0
Scientist community helpers,race,Black / African American,behavior_mean,61.666666666666664
Scientist community helpers,race,Black / African American,belief_post,85.0
Scientist community helpers,race,Black / African American,concern_mean,78.33333333333333
Scientist community helpers,race,Black / African American,distrust_post,25.0
Scientist community helpers,race,Black / African American,donation_ams,5.0
Scientist community helpers,race,Black / African American,funding_perceptions,60.0
Scientist community helpers,race,Black / African American,inst_trust_mean,64.0
Scientist community helpers,race,Black / African American,newsletter_signup,30.0
Scientist community helpers,race,Black / African American,policy_general,85.0
Scientist community helpers,race,Black / African American,policy_role_mean,81.25
Scientist community helpers,race,Black / African American,policy_specific_mean,78.57142857142857
Scientist community helpers,race,Black / African American,trust_multidimensional,73.75
Scientist community helpers,race,Black / African American,trust_post,75.0
Scientist community helpers,race,Hispanic / Latino,behavior_mean,58.333333333333336
Scientist community helpers,race,Hispanic / Latino,belief_post,85.0
Scientist community helpers,race,Hispanic / Latino,concern_mean,80.0
Scientist community helpers,race,Hispanic / Latino,distrust_post,20.0
Scientist community helpers,race,Hispanic / Latino,donation_ams,5.0
Scientist community helpers,race,Hispanic / Latino,funding_perceptions,50.0
Scientist community helpers,race,Hispanic / Latino,inst_trust_mean,71.0
Scientist community helpers,race,Hispanic / Latino,newsletter_signup,30.0
Scientist community helpers,race,Hispanic / Latino,policy_general,80.0
Scientist community helpers,race,Hispanic / Latino,policy_role_mean,80.0
Scientist community helpers,race,Hispanic / Latino,policy_specific_mean,74.28571428571429
Scientist community helpers,race,Hispanic / Latino,trust_multidimensional,71.25
Scientist community helpers,race,Hispanic / Latino,trust_post,70.0
Scientist community helpers,race,Other,behavior_mean,67.5
Scientist community helpers,race,Other,belief_post,90.0
Scientist community helpers,race,Other,concern_mean,85.0
Scientist community helpers,race,Other,distrust_post,25.0
Scientist community helpers,race,Other,donation_ams,5.0
Scientist community helpers,race,Other,funding_perceptions,55.0
Scientist community helpers,race,Other,inst_trust_mean,73.0
Scientist community helpers,race,Other,newsletter_signup,30.0
Scientist community helpers,race,Other,policy_general,85.0
Scientist community helpers,race,Other,policy_role_mean,85.0
Scientist community helpers,race,Other,policy_specific_mean,84.28571428571429
Scientist community helpers,race,Other,trust_multidimensional,78.75
Scientist community helpers,race,Other,trust_post,75.0
Scientist community helpers,race,White / Caucasian,behavior_mean,70.83333333333333
Scientist community helpers,race,White / Caucasian,belief_post,90.0
Scientist community helpers,race,White / Caucasian,concern_mean,85.0
Scientist community helpers,race,White / Caucasian,distrust_post,20.0
Scientist community helpers,race,White / Caucasian,donation_ams,60.0
Scientist community helpers,race,White / Caucasian,funding_perceptions,50.0
Scientist community helpers,race,White / Caucasian,inst_trust_mean,79.0
Scientist community helpers,race,White / Caucasian,newsletter_signup,30.0
Scientist community helpers,race,White / Caucasian,policy_general,90.0
Scientist community helpers,race,White / Caucasian,policy_role_mean,90.0
Scientist community helpers,race,White / Caucasian,policy_specific_mean,76.42857142857143
Scientist community helpers,race,White / Caucasian,trust_multidimensional,78.33333333333333
Scientist community helpers,race,White / Caucasian,trust_post,85.0
Social justice,age_band,18-29,behavior_mean,83.33333333333333
Social justice,age_band,18-29,belief_post,95.0
Social justice,age_band,18-29,concern_mean,93.33333333333333
Social justice,age_band,18-29,distrust_post,30.0
Social justice,age_band,18-29,donation_ams,5.0
Social justice,age_band,18-29,funding_perceptions,50.0
Social justice,age_band,18-29,inst_trust_mean,80.0
Social justice,age_band,18-29,newsletter_signup,50.0
Social justice,age_band,18-29,policy_general,90.0
Social justice,age_band,18-29,policy_role_mean,91.25
Social justice,age_band,18-29,policy_specific_mean,90.71428571428571
Social justice,age_band,18-29,trust_multidimensional,82.5
Social justice,age_band,18-29,trust_post,85.0
Social justice,age_band,30-44,behavior_mean,69.16666666666667
Social justice,age_band,30-44,belief_post,90.0
Social justice,age_band,30-44,concern_mean,88.33333333333333
Social justice,age_band,30-44,distrust_post,30.0
Social justice,age_band,30-44,donation_ams,6.0
Social justice,age_band,30-44,funding_perceptions,50.0
Social justice,age_band,30-44,inst_trust_mean,74.0
Social justice,age_band,30-44,newsletter_signup,3.0
Social justice,age_band,30-44,policy_general,90.0
Social justice,age_band,30-44,policy_role_mean,87.5
Social justice,age_band,30-44,policy_specific_mean,87.85714285714286
Social justice,age_band,30-44,trust_multidimensional,75.41666666666667
Social justice,age_band,30-44,trust_post,85.0
Social justice,age_band,45-59,behavior_mean,59.166666666666664
Social justice,age_band,45-59,belief_post,95.0
Social justice,age_band,45-59,concern_mean,83.33333333333333
Social justice,age_band,45-59,distrust_post,10.0
Social justice,age_band,45-59,donation_ams,6.0
Social justice,age_band,45-59,funding_perceptions,70.0
Social justice,age_band,45-59,inst_trust_mean,79.0
Social justice,age_band,45-59,newsletter_signup,50.0
Social justice,age_band,45-59,policy_general,85.0
Social justice,age_band,45-59,policy_role_mean,86.25
Social justice,age_band,45-59,policy_specific_mean,76.42857142857143
Social justice,age_band,45-59,trust_multidimensional,79.58333333333333
Social justice,age_band,45-59,trust_post,85.0
Social justice,age_band,60+,behavior_mean,60.0
Social justice,age_band,60+,belief_post,95.0
Social justice,age_band,60+,concern_mean,88.33333333333333
Social justice,age_band,60+,distrust_post,20.0
Social justice,age_band,60+,donation_ams,7.0
Social justice,age_band,60+,funding_perceptions,60.0
Social justice,age_band,60+,inst_trust_mean,79.0
Social justice,age_band,60+,newsletter_signup,2.0
Social justice,age_band,60+,policy_general,90.0
Social justice,age_band,60+,policy_role_mean,91.25
Social justice,age_band,60+,policy_specific_mean,73.57142857142857
Social justice,age_band,60+,trust_multidimensional,87.5
Social justice,age_band,60+,trust_post,90.0
Social justice,education,Bachelor's degree,behavior_mean,81.66666666666667
Social justice,education,Bachelor's degree,belief_post,95.0
Social justice,education,Bachelor's degree,concern_mean,93.33333333333333
Social justice,education,Bachelor's degree,distrust_post,10.0
Social justice,education,Bachelor's degree,donation_ams,7.0
Social justice,education,Bachelor's degree,funding_perceptions,50.0
Social justice,education,Bachelor's degree,inst_trust_mean,92.0
Social justice,education,Bachelor's degree,newsletter_signup,1.0
Social justice,education,Bachelor's degree,policy_general,90.0
Social justice,education,Bachelor's degree,policy_role_mean,95.0
Social justice,education,Bachelor's degree,policy_specific_mean,90.0
Social justice,education,Bachelor's degree,trust_multidimensional,88.75
Social justice,education,Bachelor's degree,trust_post,95.0
Social justice,education,Doctorate degree / Ph.D.,behavior_mean,81.66666666666667
Social justice,education,Doctorate degree / Ph.D.,belief_post,100.0
Social justice,education,Doctorate degree / Ph.D.,concern_mean,90.0
Social justice,education,Doctorate degree / Ph.D.,distrust_post,5.0
Social justice,education,Doctorate degree / Ph.D.,donation_ams,7.0
Social justice,education,Doctorate degree / Ph.D.,funding_perceptions,60.0
Social justice,education,Doctorate degree / Ph.D.,inst_trust_mean,91.0
Social justice,education,Doctorate degree / Ph.D.,newsletter_signup,1.0
Social justice,education,Doctorate degree / Ph.D.,policy_general,95.0
Social justice,education,Doctorate degree / Ph.D.,policy_role_mean,95.0
Social justice,education,Doctorate degree / Ph.D.,policy_specific_mean,90.0
Social justice,education,Doctorate degree / Ph.D.,trust_multidimensional,91.66666666666667
Social justice,education,Doctorate degree / Ph.D.,trust_post,95.0
Social justice,education,High school diploma / GED,behavior_mean,62.5
Social justice,education,High school diploma / GED,belief_post,90.0
Social justice,education,High school diploma / GED,concern_mean,86.66666666666667
Social justice,education,High school diploma / GED,distrust_post,15.0
Social justice,education,High school diploma / GED,donation_ams,5.0
Social justice,education,High school diploma / GED,funding_perceptions,50.0
Social justice,education,High school diploma / GED,inst_trust_mean,75.0
Social justice,education,High school diploma / GED,newsletter_signup,30.0
Social justice,education,High school diploma / GED,policy_general,80.0
Social justice,education,High school diploma / GED,policy_role_mean,77.5
Social justice,education,High school diploma / GED,policy_specific_mean,74.28571428571429
Social justice,education,High school diploma / GED,trust_multidimensional,72.08333333333333
Social justice,education,High school diploma / GED,trust_post,85.0
Social justice,education,Less than high school,behavior_mean,67.5
Social justice,education,Less than high school,belief_post,90.0
Social justice,education,Less than high school,concern_mean,91.66666666666667
Social justice,education,Less than high school,distrust_post,10.0
Social justice,education,Less than high school,donation_ams,6.0
Social justice,education,Less than high school,funding_perceptions,50.0
Social justice,education,Less than high school,inst_trust_mean,69.0
Social justice,education,Less than high school,newsletter_signup,30.0
Social justice,education,Less than high school,policy_general,80.0
Social justice,education,Less than high school,policy_role_mean,85.0
Social justice,education,Less than high school,policy_specific_mean,81.42857142857143
Social justice,education,Less than high school,trust_multidimensional,79.16666666666667
Social justice,education,Less than high school,trust_post,85.0
Social justice,education,Master's degree / Professional degree,behavior_mean,65.83333333333333
Social justice,education,Master's degree / Professional degree,belief_post,95.0
Social justice,education,Master's degree / Professional degree,concern_mean,91.66666666666667
Social justice,education,Master's degree / Professional degree,distrust_post,10.0
Social justice,education,Master's degree / Professional degree,donation_ams,6.0
Social justice,education,Master's degree / Professional degree,funding_perceptions,60.0
Social justice,education,Master's degree / Professional degree,inst_trust_mean,90.0
Social justice,education,Master's degree / Professional degree,newsletter_signup,30.0
Social justice,education,Master's degree / Professional degree,policy_general,90.0
Social justice,education,Master's degree / Professional degree,policy_role_mean,93.75
Social justice,education,Master's degree / Professional degree,policy_specific_mean,87.85714285714286
Social justice,education,Master's degree / Professional degree,trust_multidimensional,87.75
Social justice,education,Master's degree / Professional degree,trust_post,90.0
Social justice,education,Some college or Associate's degree,behavior_mean,81.66666666666667
Social justice,education,Some college or Associate's degree,belief_post,90.0
Social justice,education,Some college or Associate's degree,concern_mean,85.0
Social justice,education,Some college or Associate's degree,distrust_post,15.0
Social justice,education,Some college or Associate's degree,donation_ams,7.0
Social justice,education,Some college or Associate's degree,funding_perceptions,60.0
Social justice,education,Some college or Associate's degree,inst_trust_mean,81.0
Social justice,education,Some college or Associate's degree,newsletter_signup,30.0
Social justice,education,Some college or Associate's degree,policy_general,90.0
Social justice,education,Some college or Associate's degree,policy_role_mean,87.5
Social justice,education,Some college or Associate's degree,policy_specific_mean,90.0
Social justice,education,Some college or Associate's degree,trust_multidimensional,78.75
Social justice,education,Some college or Associate's degree,trust_post,85.0
Social justice,gender,Female,behavior_mean,74.16666666666667
Social justice,gender,Female,belief_post,95.0
Social justice,gender,Female,concern_mean,90.0
Social justice,gender,Female,distrust_post,5.0
Social justice,gender,Female,donation_ams,7.0
Social justice,gender,Female,funding_perceptions,60.0
Social justice,gender,Female,inst_trust_mean,84.0
Social justice,gender,Female,newsletter_signup,75.0
Social justice,gender,Female,policy_general,90.0
Social justice,gender,Female,policy_role_mean,91.25
Social justice,gender,Female,policy_specific_mean,85.0
Social justice,gender,Female,trust_multidimensional,87.08333333333333
Social justice,gender,Female,trust_post,85.0
Social justice,gender,Male,behavior_mean,71.66666666666667
Social justice,gender,Male,belief_post,95.0
Social justice,gender,Male,concern_mean,93.33333333333333
Social justice,gender,Male,distrust_post,10.0
Social justice,gender,Male,donation_ams,6.0
Social justice,gender,Male,funding_perceptions,50.0
Social justice,gender,Male,inst_trust_mean,85.0
Social justice,gender,Male,newsletter_signup,40.0
Social justice,gender,Male,policy_general,90.0
Social justice,gender,Male,policy_role_mean,92.5
Social justice,gender,Male,policy_specific_mean,90.0
Social justice,gender,Male,trust_multidimensional,91.25
Social justice,gender,Male,trust_post,90.0
Social justice,gender,Other,behavior_mean,67.5
Social justice,gender,Other,belief_post,95.0
Social justice,gender,Other,concern_mean,86.66666666666667
Social justice,gender,Other,distrust_post,5.0
Social justice,gender,Other,donation_ams,6.0
Social justice,gender,Other,funding_perceptions,70.0
Social justice,gender,Other,inst_trust_mean,82.0
Social justice,gender,Other,newsletter_signup,30.0
Social justice,gender,Other,policy_general,90.0
Social justice,gender,Other,policy_role_mean,87.5
Social justice,gender,Other,policy_specific_mean,78.57142857142857
Social justice,gender,Other,trust_multidimensional,80.83333333333333
Social justice,gender,Other,trust_post,90.0
Social justice,income,"$100,000 to $167,999",behavior_mean,74.16666666666667
Social justice,income,"$100,000 to $167,999",belief_post,95.0
Social justice,income,"$100,000 to $167,999",concern_mean,91.66666666666667
Social justice,income,"$100,000 to $167,999",distrust_post,10.0
Social justice,income,"$100,000 to $167,999",donation_ams,6.0
Social justice,income,"$100,000 to $167,999",funding_perceptions,80.0
Social justice,income,"$100,000 to $167,999",inst_trust_mean,86.0
Social justice,income,"$100,000 to $167,999",newsletter_signup,40.0
Social justice,income,"$100,000 to $167,999",policy_general,90.0
Social justice,income,"$100,000 to $167,999",policy_role_mean,95.0
Social justice,income,"$100,000 to $167,999",policy_specific_mean,87.14285714285714
Social justice,income,"$100,000 to $167,999",trust_multidimensional,82.08333333333333
Social justice,income,"$100,000 to $167,999",trust_post,90.0
Social justice,income,"$168,000 or more",behavior_mean,66.66666666666667
Social justice,income,"$168,000 or more",belief_post,90.0
Social justice,income,"$168,000 or more",concern_mean,85.0
Social justice,income,"$168,000 or more",distrust_post,20.0
Social justice,income,"$168,000 or more",donation_ams,5.0
Social justice,income,"$168,000 or more",funding_perceptions,70.0
Social justice,income,"$168,000 or more",inst_trust_mean,73.0
Social justice,income,"$168,000 or more",newsletter_signup,40.0
Social justice,income,"$168,000 or more",policy_general,80.0
Social justice,income,"$168,000 or more",policy_role_mean,86.25
Social justice,income,"$168,000 or more",policy_specific_mean,73.57142857142857
Social justice,income,"$168,000 or more",trust_multidimensional,74.16666666666667
Social justice,income,"$168,000 or more",trust_post,80.0
Social justice,income,"$30,000 to $55,999",behavior_mean,51.666666666666664
Social justice,income,"$30,000 to $55,999",belief_post,90.0
Social justice,income,"$30,000 to $55,999",concern_mean,85.0
Social justice,income,"$30,000 to $55,999",distrust_post,15.0
Social justice,income,"$30,000 to $55,999",donation_ams,5.0
Social justice,income,"$30,000 to $55,999",funding_perceptions,50.0
Social justice,income,"$30,000 to $55,999",inst_trust_mean,78.0
Social justice,income,"$30,000 to $55,999",newsletter_signup,30.0
Social justice,income,"$30,000 to $55,999",policy_general,75.0
Social justice,income,"$30,000 to $55,999",policy_role_mean,85.0
Social justice,income,"$30,000 to $55,999",policy_specific_mean,72.85714285714286
Social justice,income,"$30,000 to $55,999",trust_multidimensional,72.5
Social justice,income,"$30,000 to $55,999",trust_post,80.0
Social justice,income,"$56,000 to $99,999",behavior_mean,60.0
Social justice,income,"$56,000 to $99,999",belief_post,95.0
Social justice,income,"$56,000 to $99,999",concern_mean,81.66666666666667
Social justice,income,"$56,000 to $99,999",distrust_post,20.0
Social justice,income,"$56,000 to $99,999",donation_ams,5.0
Social justice,income,"$56,000 to $99,999",funding_perceptions,50.0
Social justice,income,"$56,000 to $99,999",inst_trust_mean,76.0
Social justice,income,"$56,000 to $99,999",newsletter_signup,30.0
Social justice,income,"$56,000 to $99,999",policy_general,75.0
Social justice,income,"$56,000 to $99,999",policy_role_mean,80.0
Social justice,income,"$56,000 to $99,999",policy_specific_mean,65.0
Social justice,income,"$56,000 to $99,999",trust_multidimensional,75.83333333333333
Social justice,income,"$56,000 to $99,999",trust_post,80.0
Social justice,income,"Less than $30,000",behavior_mean,47.5
Social justice,income,"Less than $30,000",belief_post,90.0
Social justice,income,"Less than $30,000",concern_mean,90.0
Social justice,income,"Less than $30,000",distrust_post,30.0
Social justice,income,"Less than $30,000",donation_ams,3.0
Social justice,income,"Less than $30,000",funding_perceptions,60.0
Social justice,income,"Less than $30,000",inst_trust_mean,51.0
Social justice,income,"Less than $30,000",newsletter_signup,30.0
Social justice,income,"Less than $30,000",policy_general,80.0
Social justice,income,"Less than $30,000",policy_role_mean,78.75
Social justice,income,"Less than $30,000",policy_specific_mean,71.42857142857143
Social justice,income,"Less than $30,000",trust_multidimensional,70.0
Social justice,income,"Less than $30,000",trust_post,65.0
Social justice,party,Democrat,behavior_mean,84.16666666666667
Social justice,party,Democrat,belief_post,98.0
Social justice,party,Democrat,concern_mean,91.66666666666667
Social justice,party,Democrat,distrust_post,10.0
Social justice,party,Democrat,donation_ams,7.0
Social justice,party,Democrat,funding_perceptions,70.0
Social justice,party,Democrat,inst_trust_mean,82.0
Social justice,party,Democrat,newsletter_signup,40.0
Social justice,party,Democrat,policy_general,95.0
Social justice,party,Democrat,policy_role_mean,92.5
Social justice,party,Democrat,policy_specific_mean,85.71428571428571
Social justice,party,Democrat,trust_multidimensional,83.75
Social justice,party,Democrat,trust_post,95.0
Social justice,party,Independent,behavior_mean,48.333333333333336
Social justice,party,Independent,belief_post,90.0
Social justice,party,Independent,concern_mean,75.0
Social justice,party,Independent,distrust_post,20.0
Social justice,party,Independent,donation_ams,4.0
Social justice,party,Independent,funding_perceptions,50.0
Social justice,party,Independent,inst_trust_mean,74.0
Social justice,party,Independent,newsletter_signup,30.0
Social justice,party,Independent,policy_general,60.0
Social justice,party,Independent,policy_role_mean,77.5
Social justice,party,Independent,policy_specific_mean,63.57142857142857
Social justice,party,Independent,trust_multidimensional,70.0
Social justice,party,Independent,trust_post,80.0
Social justice,party,Other,behavior_mean,72.5
Social justice,party,Other,belief_post,95.0
Social justice,party,Other,concern_mean,90.0
Social justice,party,Other,distrust_post,10.0
Social justice,party,Other,donation_ams,7.0
Social justice,party,Other,funding_perceptions,50.0
Social justice,party,Other,inst_trust_mean,79.0
Social justice,party,Other,newsletter_signup,40.0
Social justice,party,Other,policy_general,90.0
Social justice,party,Other,policy_role_mean,85.0
Social justice,party,Other,policy_specific_mean,82.85714285714286
Social justice,party,Other,trust_multidimensional,77.08333333333333
Social justice,party,Other,trust_post,80.0
Social justice,party,Republican,behavior_mean,45.833333333333336
Social justice,party,Republican,belief_post,80.0
Social justice,party,Republican,concern_mean,73.33333333333333
Social justice,party,Republican,distrust_post,30.0
Social justice,party,Republican,donation_ams,3.0
Social justice,party,Republican,funding_perceptions,50.0
Social justice,party,Republican,inst_trust_mean,52.0
Social justice,party,Republican,newsletter_signup,30.0
Social justice,party,Republican,policy_general,30.0
Social justice,party,Republican,policy_role_mean,61.25
Social justice,party,Republican,policy_specific_mean,55.714285714285715
Social justice,party,Republican,trust_multidimensional,63.75
Social justice,party,Republican,trust_post,70.0
Social justice,race,Asian / Asian American,behavior_mean,60.0
Social justice,race,Asian / Asian American,belief_post,95.0
Social justice,race,Asian / Asian American,concern_mean,91.66666666666667
Social justice,race,Asian / Asian American,distrust_post,10.0
Social justice,race,Asian / Asian American,donation_ams,5.0
Social justice,race,Asian / Asian American,funding_perceptions,60.0
Social justice,race,Asian / Asian American,inst_trust_mean,72.0
Social justice,race,Asian / Asian American,newsletter_signup,40.0
Social justice,race,Asian / Asian American,policy_general,90.0
Social justice,race,Asian / Asian American,policy_role_mean,92.5
Social justice,race,Asian / Asian American,policy_specific_mean,77.14285714285714
Social justice,race,Asian / Asian American,trust_multidimensional,86.66666666666667
Social justice,race,Asian / Asian American,trust_post,85.0
Social justice,race,Black / African American,behavior_mean,83.33333333333333
Social justice,race,Black / African American,belief_post,100.0
Social justice,race,Black / African American,concern_mean,91.66666666666667
Social justice,race,Black / African American,distrust_post,5.0
Social justice,race,Black / African American,donation_ams,6.0
Social justice,race,Black / African American,funding_perceptions,25.0
Social justice,race,Black / African American,inst_trust_mean,78.0
Social justice,race,Black / African American,newsletter_signup,40.0
Social justice,race,Black / African American,policy_general,95.0
Social justice,race,Black / African American,policy_role_mean,97.5
Social justice,race,Black / African American,policy_specific_mean,92.14285714285714
Social justice,race,Black / African American,trust_multidimensional,90.83333333333333
Social justice,race,Black / African American,trust_post,95.0
Social justice,race,Hispanic / Latino,behavior_mean,72.5
Social justice,race,Hispanic / Latino,belief_post,95.0
Social justice,race,Hispanic / Latino,concern_mean,91.66666666666667
Social justice,race,Hispanic / Latino,distrust_post,15.0
Social justice,race,Hispanic / Latino,donation_ams,6.0
Social justice,race,Hispanic / Latino,funding_perceptions,50.0
Social justice,race,Hispanic / Latino,inst_trust_mean,72.0
Social justice,race,Hispanic / Latino,newsletter_signup,40.0
Social justice,race,Hispanic / Latino,policy_general,90.0
Social justice,race,Hispanic / Latino,policy_role_mean,90.0
Social justice,race,Hispanic / Latino,policy_specific_mean,83.57142857142857
Social justice,race,Hispanic / Latino,trust_multidimensional,78.33333333333333
Social justice,race,Hispanic / Latino,trust_post,85.0
Social justice,race,Other,behavior_mean,56.666666666666664
Social justice,race,Other,belief_post,90.0
Social justice,race,Other,concern_mean,85.0
Social justice,race,Other,distrust_post,25.0
Social justice,race,Other,donation_ams,5.0
Social justice,race,Other,funding_perceptions,50.0
Social justice,race,Other,inst_trust_mean,59.0
Social justice,race,Other,newsletter_signup,30.0
Social justice,race,Other,policy_general,85.0
Social justice,race,Other,policy_role_mean,73.75
Social justice,race,Other,policy_specific_mean,70.71428571428571
Social justice,race,Other,trust_multidimensional,71.66666666666667
Social justice,race,Other,trust_post,75.0
Social justice,race,White / Caucasian,behavior_mean,86.66666666666667
Social justice,race,White / Caucasian,belief_post,100.0
Social justice,race,White / Caucasian,concern_mean,96.66666666666667
Social justice,race,White / Caucasian,distrust_post,5.0
Social justice,race,White / Caucasian,donation_ams,8.0
Social justice,race,White / Caucasian,funding_perceptions,70.0
Social justice,race,White / Caucasian,inst_trust_mean,90.0
Social justice,race,White / Caucasian,newsletter_signup,1.0
Social justice,race,White / Caucasian,policy_general,95.0
Social justice,race,White / Caucasian,policy_role_mean,95.0
Social justice,race,White / Caucasian,policy_specific_mean,95.0
Social justice,race,White / Caucasian,trust_multidimensional,86.25
Social justice,race,White / Caucasian,trust_post,95.0
control,age_band,18-29,behavior_mean,65.83333333333333
control,age_band,18-29,belief_post,90.0
control,age_band,18-29,concern_mean,90.0
control,age_band,18-29,distrust_post,25.0
control,age_band,18-29,donation_ams,5.0
control,age_band,18-29,funding_perceptions,60.0
control,age_band,18-29,inst_trust_mean,76.0
control,age_band,18-29,newsletter_signup,50.0
control,age_band,18-29,policy_general,85.0
control,age_band,18-29,policy_role_mean,87.5
control,age_band,18-29,policy_specific_mean,82.14285714285714
control,age_band,18-29,trust_multidimensional,85.41666666666667
control,age_band,18-29,trust_post,75.0
control,age_band,30-44,behavior_mean,56.666666666666664
control,age_band,30-44,belief_post,90.0
control,age_band,30-44,concern_mean,81.66666666666667
control,age_band,30-44,distrust_post,15.0
control,age_band,30-44,donation_ams,5.0
control,age_band,30-44,funding_perceptions,50.0
control,age_band,30-44,inst_trust_mean,72.0
control,age_band,30-44,newsletter_signup,30.0
control,age_band,30-44,policy_general,70.0
control,age_band,30-44,policy_role_mean,73.75
control,age_band,30-44,policy_specific_mean,71.42857142857143
control,age_band,30-44,trust_multidimensional,74.16666666666667
control,age_band,30-44,trust_post,65.0
control,age_band,45-59,behavior_mean,50.0
control,age_band,45-59,belief_post,90.0
control,age_band,45-59,concern_mean,70.0
control,age_band,45-59,distrust_post,30.0
control,age_band,45-59,donation_ams,4.0
control,age_band,45-59,funding_perceptions,60.0
control,age_band,45-59,inst_trust_mean,77.0
control,age_band,45-59,newsletter_signup,45.0
control,age_band,45-59,policy_general,70.0
control,age_band,45-59,policy_role_mean,82.5
control,age_band,45-59,policy_specific_mean,63.57142857142857
control,age_band,45-59,trust_multidimensional,68.75
control,age_band,45-59,trust_post,70.0
control,age_band,60+,behavior_mean,55.0
control,age_band,60+,belief_post,70.0
control,age_band,60+,concern_mean,90.0
control,age_band,60+,distrust_post,35.0
control,age_band,60+,donation_ams,5.0
control,age_band,60+,funding_perceptions,50.0
control,age_band,60+,inst_trust_mean,77.0
control,age_band,60+,newsletter_signup,2.0
control,age_band,60+,policy_general,75.0
control,age_band,60+,policy_role_mean,71.25
control,age_band,60+,policy_specific_mean,66.42857142857143
control,age_band,60+,trust_multidimensional,60.416666666666664
control,age_band,60+,trust_post,55.0
control,education,Bachelor's degree,behavior_mean,58.333333333333336
control,education,Bachelor's degree,belief_post,90.0
control,education,Bachelor's degree,concern_mean,86.66666666666667
control,education,Bachelor's degree,distrust_post,40.0
control,education,Bachelor's degree,donation_ams,5.0
control,education,Bachelor's degree,funding_perceptions,50.0
control,education,Bachelor's degree,inst_trust_mean,82.0
control,education,Bachelor's degree,newsletter_signup,60.0
control,education,Bachelor's degree,policy_general,80.0
control,education,Bachelor's degree,policy_role_mean,82.5
control,education,Bachelor's degree,policy_specific_mean,81.42857142857143
control,education,Bachelor's degree,trust_multidimensional,81.66666666666667
control,education,Bachelor's degree,trust_post,75.0
control,education,Doctorate degree / Ph.D.,behavior_mean,72.5
control,education,Doctorate degree / Ph.D.,belief_post,95.0
control,education,Doctorate degree / Ph.D.,concern_mean,91.66666666666667
control,education,Doctorate degree / Ph.D.,distrust_post,20.0
control,education,Doctorate degree / Ph.D.,donation_ams,6.0
control,education,Doctorate degree / Ph.D.,funding_perceptions,70.0
control,education,Doctorate degree / Ph.D.,inst_trust_mean,86.0
control,education,Doctorate degree / Ph.D.,newsletter_signup,1.0
control,education,Doctorate degree / Ph.D.,policy_general,90.0
control,education,Doctorate degree / Ph.D.,policy_role_mean,88.75
control,education,Doctorate degree / Ph.D.,policy_specific_mean,90.0
control,education,Doctorate degree / Ph.D.,trust_multidimensional,89.58333333333333
control,education,Doctorate degree / Ph.D.,trust_post,85.0
control,education,High school diploma / GED,behavior_mean,47.5
control,education,High school diploma / GED,belief_post,65.0
control,education,High school diploma / GED,concern_mean,61.666666666666664
control,education,High school diploma / GED,distrust_post,30.0
control,education,High school diploma / GED,donation_ams,3.0
control,education,High school diploma / GED,funding_perceptions,55.0
control,education,High school diploma / GED,inst_trust_mean,67.0
control,education,High school diploma / GED,newsletter_signup,50.0
control,education,High school diploma / GED,policy_general,55.0
control,education,High school diploma / GED,policy_role_mean,61.25
control,education,High school diploma / GED,policy_specific_mean,67.14285714285714
control,education,High school diploma / GED,trust_multidimensional,64.58333333333333
control,education,High school diploma / GED,trust_post,60.0
control,education,Less than high school,behavior_mean,36.666666666666664
control,education,Less than high school,belief_post,40.0
control,education,Less than high school,concern_mean,51.666666666666664
control,education,Less than high school,distrust_post,45.0
control,education,Less than high school,donation_ams,2.0
control,education,Less than high school,funding_perceptions,50.0
control,education,Less than high school,inst_trust_mean,46.0
control,education,Less than high school,newsletter_signup,2.0
control,education,Less than high school,policy_general,60.0
control,education,Less than high school,policy_role_mean,58.75
control,education,Less than high school,policy_specific_mean,42.857142857142854
control,education,Less than high school,trust_multidimensional,47.5
control,education,Less than high school,trust_post,40.0
control,education,Master's degree / Professional degree,behavior_mean,73.33333333333333
control,education,Master's degree / Professional degree,belief_post,90.0
control,education,Master's degree / Professional degree,concern_mean,90.0
control,education,Master's degree / Professional degree,distrust_post,10.0
control,education,Master's degree / Professional degree,donation_ams,7.0
control,education,Master's degree / Professional degree,funding_perceptions,70.0
control,education,Master's degree / Professional degree,inst_trust_mean,86.0
control,education,Master's degree / Professional degree,newsletter_signup,2.0
control,education,Master's degree / Professional degree,policy_general,90.0
control,education,Master's degree / Professional degree,policy_role_mean,92.5
control,education,Master's degree / Professional degree,policy_specific_mean,90.71428571428571
control,education,Master's degree / Professional degree,trust_multidimensional,77.5
control,education,Master's degree / Professional degree,trust_post,85.0
control,education,Some college or Associate's degree,behavior_mean,77.5
control,education,Some college or Associate's degree,belief_post,90.0
control,education,Some college or Associate's degree,concern_mean,85.0
control,education,Some college or Associate's degree,distrust_post,10.0
control,education,Some college or Associate's degree,donation_ams,5.0
control,education,Some college or Associate's degree,funding_perceptions,60.0
control,education,Some college or Associate's degree,inst_trust_mean,81.0
control,education,Some college or Associate's degree,newsletter_signup,30.0
control,education,Some college or Associate's degree,policy_general,90.0
control,education,Some college or Associate's degree,policy_role_mean,87.5
control,education,Some college or Associate's degree,policy_specific_mean,81.42857142857143
control,education,Some college or Associate's degree,trust_multidimensional,84.58333333333333
control,education,Some college or Associate's degree,trust_post,85.0
control,gender,Female,behavior_mean,44.166666666666664
control,gender,Female,belief_post,95.0
control,gender,Female,concern_mean,91.66666666666667
control,gender,Female,distrust_post,20.0
control,gender,Female,donation_ams,4.0
control,gender,Female,funding_perceptions,50.0
control,gender,Female,inst_trust_mean,85.0
control,gender,Female,newsletter_signup,2.0
control,gender,Female,policy_general,80.0
control,gender,Female,policy_role_mean,85.0
control,gender,Female,policy_specific_mean,75.71428571428571
control,gender,Female,trust_multidimensional,87.08333333333333
control,gender,Female,trust_post,85.0
control,gender,Male,behavior_mean,40.0
control,gender,Male,belief_post,60.0
control,gender,Male,concern_mean,55.0
control,gender,Male,distrust_post,30.0
control,gender,Male,donation_ams,5.0
control,gender,Male,funding_perceptions,50.0
control,gender,Male,inst_trust_mean,55.0
control,gender,Male,newsletter_signup,2.0
control,gender,Male,policy_general,45.0
control,gender,Male,policy_role_mean,58.75
control,gender,Male,policy_specific_mean,51.42857142857143
control,gender,Male,trust_multidimensional,51.25
control,gender,Male,trust_post,40.0
control,gender,Other,behavior_mean,47.5
control,gender,Other,belief_post,65.0
control,gender,Other,concern_mean,50.0
control,gender,Other,distrust_post,45.0
control,gender,Other,donation_ams,4.0
control,gender,Other,funding_perceptions,55.0
control,gender,Other,inst_trust_mean,65.0
control,gender,Other,newsletter_signup,3.0
control,gender,Other,policy_general,60.0
control,gender,Other,policy_role_mean,68.75
control,gender,Other,policy_specific_mean,62.857142857142854
control,gender,Other,trust_multidimensional,53.333333333333336
control,gender,Other,trust_post,50.0
control,income,"$100,000 to $167,999",behavior_mean,60.833333333333336
control,income,"$100,000 to $167,999",belief_post,90.0
control,income,"$100,000 to $167,999",concern_mean,81.66666666666667
control,income,"$100,000 to $167,999",distrust_post,25.0
control,income,"$100,000 to $167,999",donation_ams,4.0
control,income,"$100,000 to $167,999",funding_perceptions,50.0
control,income,"$100,000 to $167,999",inst_trust_mean,74.0
control,income,"$100,000 to $167,999",newsletter_signup,3.0
control,income,"$100,000 to $167,999",policy_general,85.0
control,income,"$100,000 to $167,999",policy_role_mean,82.5
control,income,"$100,000 to $167,999",policy_specific_mean,77.14285714285714
control,income,"$100,000 to $167,999",trust_multidimensional,72.5
control,income,"$100,000 to $167,999",trust_post,75.0
control,income,"$168,000 or more",behavior_mean,59.166666666666664
control,income,"$168,000 or more",belief_post,90.0
control,income,"$168,000 or more",concern_mean,86.66666666666667
control,income,"$168,000 or more",distrust_post,25.0
control,income,"$168,000 or more",donation_ams,5.0
control,income,"$168,000 or more",funding_perceptions,35.0
control,income,"$168,000 or more",inst_trust_mean,82.0
control,income,"$168,000 or more",newsletter_signup,1.0
control,income,"$168,000 or more",policy_general,90.0
control,income,"$168,000 or more",policy_role_mean,91.25
control,income,"$168,000 or more",policy_specific_mean,88.57142857142857
control,income,"$168,000 or more",trust_multidimensional,83.75
control,income,"$168,000 or more",trust_post,75.0
control,income,"$30,000 to $55,999",behavior_mean,46.666666666666664
control,income,"$30,000 to $55,999",belief_post,60.0
control,income,"$30,000 to $55,999",concern_mean,68.33333333333333
control,income,"$30,000 to $55,999",distrust_post,35.0
control,income,"$30,000 to $55,999",donation_ams,5.0
control,income,"$30,000 to $55,999",funding_perceptions,50.0
control,income,"$30,000 to $55,999",inst_trust_mean,70.0
control,income,"$30,000 to $55,999",newsletter_signup,30.0
control,income,"$30,000 to $55,999",policy_general,70.0
control,income,"$30,000 to $55,999",policy_role_mean,72.5
control,income,"$30,000 to $55,999",policy_specific_mean,68.57142857142857
control,income,"$30,000 to $55,999",trust_multidimensional,60.416666666666664
control,income,"$30,000 to $55,999",trust_post,55.0
control,income,"$56,000 to $99,999",behavior_mean,45.833333333333336
control,income,"$56,000 to $99,999",belief_post,85.0
control,income,"$56,000 to $99,999",concern_mean,80.0
control,income,"$56,000 to $99,999",distrust_post,35.0
control,income,"$56,000 to $99,999",donation_ams,5.0
control,income,"$56,000 to $99,999",funding_perceptions,55.0
control,income,"$56,000 to $99,999",inst_trust_mean,78.0
control,income,"$56,000 to $99,999",newsletter_signup,2.0
control,income,"$56,000 to $99,999",policy_general,60.0
control,income,"$56,000 to $99,999",policy_role_mean,75.0
control,income,"$56,000 to $99,999",policy_specific_mean,66.42857142857143
control,income,"$56,000 to $99,999",trust_multidimensional,65.83333333333333
control,income,"$56,000 to $99,999",trust_post,55.0
control,income,"Less than $30,000",behavior_mean,35.833333333333336
control,income,"Less than $30,000",belief_post,50.0
control,income,"Less than $30,000",concern_mean,43.333333333333336
control,income,"Less than $30,000",distrust_post,50.0
control,income,"Less than $30,000",donation_ams,4.0
control,income,"Less than $30,000",funding_perceptions,50.0
control,income,"Less than $30,000",inst_trust_mean,41.0
control,income,"Less than $30,000",newsletter_signup,50.0
control,income,"Less than $30,000",policy_general,30.0
control,income,"Less than $30,000",policy_role_mean,42.5
control,income,"Less than $30,000",policy_specific_mean,66.42857142857143
control,income,"Less than $30,000",trust_multidimensional,40.0
control,income,"Less than $30,000",trust_post,40.0
control,party,Democrat,behavior_mean,79.16666666666667
control,party,Democrat,belief_post,90.0
control,party,Democrat,concern_mean,91.66666666666667
control,party,Democrat,distrust_post,15.0
control,party,Democrat,donation_ams,8.0
control,party,Democrat,funding_perceptions,50.0
control,party,Democrat,inst_trust_mean,84.0
control,party,Democrat,newsletter_signup,3.0
control,party,Democrat,policy_general,95.0
control,party,Democrat,policy_role_mean,86.25
control,party,Democrat,policy_specific_mean,91.42857142857143
control,party,Democrat,trust_multidimensional,76.25
control,party,Democrat,trust_post,85.0
control,party,Independent,behavior_mean,46.666666666666664
control,party,Independent,belief_post,80.0
control,party,Independent,concern_mean,75.0
control,party,Independent,distrust_post,20.0
control,party,Independent,donation_ams,5.0
control,party,Independent,funding_perceptions,55.0
control,party,Independent,inst_trust_mean,61.0
control,party,Independent,newsletter_signup,30.0
control,party,Independent,policy_general,60.0
control,party,Independent,policy_role_mean,62.5
control,party,Independent,policy_specific_mean,57.857142857142854
control,party,Independent,trust_multidimensional,52.916666666666664
control,party,Independent,trust_post,65.0
control,party,Other,behavior_mean,52.5
control,party,Other,belief_post,90.0
control,party,Other,concern_mean,78.33333333333333
control,party,Other,distrust_post,35.0
control,party,Other,donation_ams,5.0
control,party,Other,funding_perceptions,60.0
control,party,Other,inst_trust_mean,67.0
control,party,Other,newsletter_signup,30.0
control,party,Other,policy_general,75.0
control,party,Other,policy_role_mean,72.5
control,party,Other,policy_specific_mean,67.85714285714286
control,party,Other,trust_multidimensional,57.5
control,party,Other,trust_post,60.0
control,party,Republican,behavior_mean,39.166666666666664
control,party,Republican,belief_post,40.0
control,party,Republican,concern_mean,51.666666666666664
control,party,Republican,distrust_post,35.0
control,party,Republican,donation_ams,4.0
control,party,Republican,funding_perceptions,50.0
control,party,Republican,inst_trust_mean,43.0
control,party,Republican,newsletter_signup,30.0
control,party,Republican,policy_general,30.0
control,party,Republican,policy_role_mean,43.75
control,party,Republican,policy_specific_mean,37.142857142857146
control,party,Republican,trust_multidimensional,42.916666666666664
control,party,Republican,trust_post,40.0
control,race,Asian / Asian American,behavior_mean,37.5
control,race,Asian / Asian American,belief_post,45.0
control,race,Asian / Asian American,concern_mean,50.0
control,race,Asian / Asian American,distrust_post,50.0
control,race,Asian / Asian American,donation_ams,3.0
control,race,Asian / Asian American,funding_perceptions,65.0
control,race,Asian / Asian American,inst_trust_mean,57.0
control,race,Asian / Asian American,newsletter_signup,2.0
control,race,Asian / Asian American,policy_general,60.0
control,race,Asian / Asian American,policy_role_mean,66.25
control,race,Asian / Asian American,policy_specific_mean,62.857142857142854
control,race,Asian / Asian American,trust_multidimensional,60.0
control,race,Asian / Asian American,trust_post,40.0
control,race,Black / African American,behavior_mean,47.5
control,race,Black / African American,belief_post,70.0
control,race,Black / African American,concern_mean,81.66666666666667
control,race,Black / African American,distrust_post,55.0
control,race,Black / African American,donation_ams,40.0
control,race,Black / African American,funding_perceptions,70.0
control,race,Black / African American,inst_trust_mean,52.0
control,race,Black / African American,newsletter_signup,30.0
control,race,Black / African American,policy_general,75.0
control,race,Black / African American,policy_role_mean,68.75
control,race,Black / African American,policy_specific_mean,67.14285714285714
control,race,Black / African American,trust_multidimensional,52.083333333333336
control,race,Black / African American,trust_post,45.0
control,race,Hispanic / Latino,behavior_mean,63.333333333333336
control,race,Hispanic / Latino,belief_post,85.0
control,race,Hispanic / Latino,concern_mean,81.66666666666667
control,race,Hispanic / Latino,distrust_post,20.0
control,race,Hispanic / Latino,donation_ams,4.0
control,race,Hispanic / Latino,funding_perceptions,50.0
control,race,Hispanic / Latino,inst_trust_mean,70.0
control,race,Hispanic / Latino,newsletter_signup,50.0
control,race,Hispanic / Latino,policy_general,75.0
control,race,Hispanic / Latino,policy_role_mean,80.0
control,race,Hispanic / Latino,policy_specific_mean,77.14285714285714
control,race,Hispanic / Latino,trust_multidimensional,74.16666666666667
control,race,Hispanic / Latino,trust_post,70.0
control,race,Other,behavior_mean,45.0
control,race,Other,belief_post,65.0
control,race,Other,concern_mean,51.666666666666664
control,race,Other,distrust_post,45.0
control,race,Other,donation_ams,3.0
control,race,Other,funding_perceptions,50.0
control,race,Other,inst_trust_mean,56.0
control,race,Other,newsletter_signup,30.0
control,race,Other,policy_general,55.0
control,race,Other,policy_role_mean,62.5
control,race,Other,policy_specific_mean,57.142857142857146
control,race,Other,trust_multidimensional,49.583333333333336
control,race,Other,trust_post,50.0
control,race,White / Caucasian,behavior_mean,37.5
control,race,White / Caucasian,belief_post,75.0
control,race,White / Caucasian,concern_mean,56.666666666666664
control,race,White / Caucasian,distrust_post,30.0
control,race,White / Caucasian,donation_ams,5.0
control,race,White / Caucasian,funding_perceptions,60.0
control,race,White / Caucasian,inst_trust_mean,64.0
control,race,White / Caucasian,newsletter_signup,2.0
control,race,White / Caucasian,policy_general,60.0
control,race,White / Caucasian,policy_role_mean,65.0
control,race,White / Caucasian,policy_specific_mean,61.42857142857143
control,race,White / Caucasian,trust_multidimensional,52.916666666666664
control,race,White / Caucasian,trust_post,55.0
