condition,moderator,moderator_level,outcome,mean
Consensus,age_band,18-29,behavior_mean,70.83333333333333
Consensus,age_band,18-29,belief_post,91.0
Consensus,age_band,18-29,concern_mean,91.66666666666667
Consensus,age_band,18-29,distrust_post,18.0
Consensus,age_band,18-29,donation_ams,8.0
Consensus,age_band,18-29,funding_perceptions,65.0
Consensus,age_band,18-29,inst_trust_mean,76.0
Consensus,age_band,18-29,newsletter_signup,2.0
Consensus,age_band,18-29,policy_general,85.0
Consensus,age_band,18-29,policy_role_mean,77.5
Consensus,age_band,18-29,policy_specific_mean,80.71428571428571
Consensus,age_band,18-29,trust_multidimensional,78.08333333333333
Consensus,age_band,18-29,trust_post,82.0
Consensus,age_band,30-44,behavior_mean,72.16666666666667
Consensus,age_band,30-44,belief_post,90.0
Consensus,age_band,30-44,concern_mean,90.0
Consensus,age_band,30-44,distrust_post,15.0
Consensus,age_band,30-44,donation_ams,7.0
Consensus,age_band,30-44,funding_perceptions,55.0
Consensus,age_band,30-44,inst_trust_mean,79.4
Consensus,age_band,30-44,newsletter_signup,1.0
Consensus,age_band,30-44,policy_general,80.0
Consensus,age_band,30-44,policy_role_mean,81.25
Consensus,age_band,30-44,policy_specific_mean,77.71428571428571
Consensus,age_band,30-44,trust_multidimensional,80.0
Consensus,age_band,30-44,trust_post,85.0
Consensus,age_band,45-59,behavior_mean,55.833333333333336
Consensus,age_band,45-59,belief_post,85.0
Consensus,age_band,45-59,concern_mean,75.66666666666667
Consensus,age_band,45-59,distrust_post,8.0
Consensus,age_band,45-59,donation_ams,3.0
Consensus,age_band,45-59,funding_perceptions,42.0
Consensus,age_band,45-59,inst_trust_mean,74.2
Consensus,age_band,45-59,newsletter_signup,1.5
Consensus,age_band,45-59,policy_general,70.0
Consensus,age_band,45-59,policy_role_mean,70.0
Consensus,age_band,45-59,policy_specific_mean,67.28571428571429
Consensus,age_band,45-59,trust_multidimensional,77.0
Consensus,age_band,45-59,trust_post,82.0
Consensus,age_band,60+,behavior_mean,62.5
Consensus,age_band,60+,belief_post,85.0
Consensus,age_band,60+,concern_mean,87.66666666666667
Consensus,age_band,60+,distrust_post,20.0
Consensus,age_band,60+,donation_ams,5.0
Consensus,age_band,60+,funding_perceptions,42.0
Consensus,age_band,60+,inst_trust_mean,78.2
Consensus,age_band,60+,newsletter_signup,40.0
Consensus,age_band,60+,policy_general,82.0
Consensus,age_band,60+,policy_role_mean,74.25
Consensus,age_band,60+,policy_specific_mean,72.28571428571429
Consensus,age_band,60+,trust_multidimensional,79.33333333333333
Consensus,age_band,60+,trust_post,80.0
Consensus,education,Bachelor's degree,behavior_mean,68.66666666666667
Consensus,education,Bachelor's degree,belief_post,92.0
Consensus,education,Bachelor's degree,concern_mean,88.33333333333333
Consensus,education,Bachelor's degree,distrust_post,22.0
Consensus,education,Bachelor's degree,donation_ams,5.5
Consensus,education,Bachelor's degree,funding_perceptions,70.0
Consensus,education,Bachelor's degree,inst_trust_mean,82.2
Consensus,education,Bachelor's degree,newsletter_signup,1.0
Consensus,education,Bachelor's degree,policy_general,80.0
Consensus,education,Bachelor's degree,policy_role_mean,80.0
Consensus,education,Bachelor's degree,policy_specific_mean,79.28571428571429
Consensus,education,Bachelor's degree,trust_multidimensional,78.75
Consensus,education,Bachelor's degree,trust_post,78.0
Consensus,education,Doctorate degree / Ph.D.,behavior_mean,70.16666666666667
Consensus,education,Doctorate degree / Ph.D.,belief_post,98.0
Consensus,education,Doctorate degree / Ph.D.,concern_mean,91.0
Consensus,education,Doctorate degree / Ph.D.,distrust_post,12.0
Consensus,education,Doctorate degree / Ph.D.,donation_ams,7.0
Consensus,education,Doctorate degree / Ph.D.,funding_perceptions,42.0
Consensus,education,Doctorate degree / Ph.D.,inst_trust_mean,88.2
Consensus,education,Doctorate degree / Ph.D.,newsletter_signup,1.6
Consensus,education,Doctorate degree / Ph.D.,policy_general,90.0
Consensus,education,Doctorate degree / Ph.D.,policy_role_mean,89.5
Consensus,education,Doctorate degree / Ph.D.,policy_specific_mean,81.71428571428571
Consensus,education,Doctorate degree / Ph.D.,trust_multidimensional,86.08333333333333
Consensus,education,Doctorate degree / Ph.D.,trust_post,88.0
Consensus,education,High school diploma / GED,behavior_mean,61.666666666666664
Consensus,education,High school diploma / GED,belief_post,81.0
Consensus,education,High school diploma / GED,concern_mean,71.66666666666667
Consensus,education,High school diploma / GED,distrust_post,31.0
Consensus,education,High school diploma / GED,donation_ams,6.5
Consensus,education,High school diploma / GED,funding_perceptions,38.0
Consensus,education,High school diploma / GED,inst_trust_mean,72.6
Consensus,education,High school diploma / GED,newsletter_signup,1.3
Consensus,education,High school diploma / GED,policy_general,70.0
Consensus,education,High school diploma / GED,policy_role_mean,70.75
Consensus,education,High school diploma / GED,policy_specific_mean,67.28571428571429
Consensus,education,High school diploma / GED,trust_multidimensional,73.0
Consensus,education,High school diploma / GED,trust_post,72.0
Consensus,education,Less than high school,behavior_mean,40.833333333333336
Consensus,education,Less than high school,belief_post,30.0
Consensus,education,Less than high school,concern_mean,53.333333333333336
Consensus,education,Less than high school,distrust_post,65.0
Consensus,education,Less than high school,donation_ams,3.0
Consensus,education,Less than high school,funding_perceptions,45.0
Consensus,education,Less than high school,inst_trust_mean,37.0
Consensus,education,Less than high school,newsletter_signup,2.0
Consensus,education,Less than high school,policy_general,45.0
Consensus,education,Less than high school,policy_role_mean,55.0
Consensus,education,Less than high school,policy_specific_mean,44.285714285714285
Consensus,education,Less than high school,trust_multidimensional,52.083333333333336
Consensus,education,Less than high school,trust_post,35.0
Consensus,education,Master's degree / Professional degree,behavior_mean,77.33333333333333
Consensus,education,Master's degree / Professional degree,belief_post,94.0
Consensus,education,Master's degree / Professional degree,concern_mean,91.33333333333333
Consensus,education,Master's degree / Professional degree,distrust_post,15.0
Consensus,education,Master's degree / Professional degree,donation_ams,6.0
Consensus,education,Master's degree / Professional degree,funding_perceptions,55.0
Consensus,education,Master's degree / Professional degree,inst_trust_mean,83.2
Consensus,education,Master's degree / Professional degree,newsletter_signup,1.5
Consensus,education,Master's degree / Professional degree,policy_general,90.0
Consensus,education,Master's degree / Professional degree,policy_role_mean,81.0
Consensus,education,Master's degree / Professional degree,policy_specific_mean,84.57142857142857
Consensus,education,Master's degree / Professional degree,trust_multidimensional,86.75
Consensus,education,Master's degree / Professional degree,trust_post,87.0
Consensus,education,Some college or Associate's degree,behavior_mean,53.333333333333336
Consensus,education,Some college or Associate's degree,belief_post,88.0
Consensus,education,Some college or Associate's degree,concern_mean,73.33333333333333
Consensus,education,Some college or Associate's degree,distrust_post,15.0
Consensus,education,Some college or Associate's degree,donation_ams,5.5
Consensus,education,Some college or Associate's degree,funding_perceptions,48.0
Consensus,education,Some college or Associate's degree,inst_trust_mean,69.0
Consensus,education,Some college or Associate's degree,newsletter_signup,2.0
Consensus,education,Some college or Associate's degree,policy_general,68.0
Consensus,education,Some college or Associate's degree,policy_role_mean,66.25
Consensus,education,Some college or Associate's degree,policy_specific_mean,73.28571428571429
Consensus,education,Some college or Associate's degree,trust_multidimensional,74.41666666666667
Consensus,education,Some college or Associate's degree,trust_post,82.0
Consensus,gender,Female,behavior_mean,68.0
Consensus,gender,Female,belief_post,90.0
Consensus,gender,Female,concern_mean,90.0
Consensus,gender,Female,distrust_post,12.0
Consensus,gender,Female,donation_ams,7.0
Consensus,gender,Female,funding_perceptions,65.0
Consensus,gender,Female,inst_trust_mean,82.0
Consensus,gender,Female,newsletter_signup,1.3
Consensus,gender,Female,policy_general,80.0
Consensus,gender,Female,policy_role_mean,83.75
Consensus,gender,Female,policy_specific_mean,83.14285714285714
Consensus,gender,Female,trust_multidimensional,79.58333333333333
Consensus,gender,Female,trust_post,88.0
Consensus,gender,Male,behavior_mean,59.833333333333336
Consensus,gender,Male,belief_post,80.0
Consensus,gender,Male,concern_mean,71.0
Consensus,gender,Male,distrust_post,20.0
Consensus,gender,Male,donation_ams,3.0
Consensus,gender,Male,funding_perceptions,45.0
Consensus,gender,Male,inst_trust_mean,78.4
Consensus,gender,Male,newsletter_signup,2.0
Consensus,gender,Male,policy_general,70.0
Consensus,gender,Male,policy_role_mean,69.5
Consensus,gender,Male,policy_specific_mean,64.42857142857143
Consensus,gender,Male,trust_multidimensional,74.41666666666667
Consensus,gender,Male,trust_post,78.0
Consensus,gender,Other,behavior_mean,65.0
Consensus,gender,Other,belief_post,90.0
Consensus,gender,Other,concern_mean,81.66666666666667
Consensus,gender,Other,distrust_post,25.0
Consensus,gender,Other,donation_ams,5.0
Consensus,gender,Other,funding_perceptions,40.0
Consensus,gender,Other,inst_trust_mean,77.0
Consensus,gender,Other,newsletter_signup,1.6
Consensus,gender,Other,policy_general,75.0
Consensus,gender,Other,policy_role_mean,77.5
Consensus,gender,Other,policy_specific_mean,74.28571428571429
Consensus,gender,Other,trust_multidimensional,77.08333333333333
Consensus,gender,Other,trust_post,70.0
Consensus,income,"$100,000 to $167,999",behavior_mean,74.16666666666667
Consensus,income,"$100,000 to $167,999",belief_post,92.0
Consensus,income,"$100,000 to $167,999",concern_mean,85.0
Consensus,income,"$100,000 to $167,999",distrust_post,20.0
Consensus,income,"$100,000 to $167,999",donation_ams,5.0
Consensus,income,"$100,000 to $167,999",funding_perceptions,35.0
Consensus,income,"$100,000 to $167,999",inst_trust_mean,80.0
Consensus,income,"$100,000 to $167,999",newsletter_signup,1.6
Consensus,income,"$100,000 to $167,999",policy_general,88.0
Consensus,income,"$100,000 to $167,999",policy_role_mean,80.0
Consensus,income,"$100,000 to $167,999",policy_specific_mean,80.0
Consensus,income,"$100,000 to $167,999",trust_multidimensional,75.83333333333333
Consensus,income,"$100,000 to $167,999",trust_post,80.0
Consensus,income,"$168,000 or more",behavior_mean,70.0
Consensus,income,"$168,000 or more",belief_post,95.0
Consensus,income,"$168,000 or more",concern_mean,86.66666666666667
Consensus,income,"$168,000 or more",distrust_post,10.0
Consensus,income,"$168,000 or more",donation_ams,7.0
Consensus,income,"$168,000 or more",funding_perceptions,45.0
Consensus,income,"$168,000 or more",inst_trust_mean,84.0
Consensus,income,"$168,000 or more",newsletter_signup,1.0
Consensus,income,"$168,000 or more",policy_general,80.0
Consensus,income,"$168,000 or more",policy_role_mean,81.25
Consensus,income,"$168,000 or more",policy_specific_mean,79.28571428571429
Consensus,income,"$168,000 or more",trust_multidimensional,84.16666666666667
Consensus,income,"$168,000 or more",trust_post,90.0
Consensus,income,"$30,000 to $55,999",behavior_mean,60.333333333333336
Consensus,income,"$30,000 to $55,999",belief_post,82.0
Consensus,income,"$30,000 to $55,999",concern_mean,71.66666666666667
Consensus,income,"$30,000 to $55,999",distrust_post,20.0
Consensus,income,"$30,000 to $55,999",donation_ams,4.5
Consensus,income,"$30,000 to $55,999",funding_perceptions,55.0
Consensus,income,"$30,000 to $55,999",inst_trust_mean,75.8
Consensus,income,"$30,000 to $55,999",newsletter_signup,2.1
Consensus,income,"$30,000 to $55,999",policy_general,68.0
Consensus,income,"$30,000 to $55,999",policy_role_mean,79.5
Consensus,income,"$30,000 to $55,999",policy_specific_mean,70.42857142857143
Consensus,income,"$30,000 to $55,999",trust_multidimensional,77.25
Consensus,income,"$30,000 to $55,999",trust_post,80.0
Consensus,income,"$56,000 to $99,999",behavior_mean,57.5
Consensus,income,"$56,000 to $99,999",belief_post,85.0
Consensus,income,"$56,000 to $99,999",concern_mean,75.0
Consensus,income,"$56,000 to $99,999",distrust_post,15.0
Consensus,income,"$56,000 to $99,999",donation_ams,6.0
Consensus,income,"$56,000 to $99,999",funding_perceptions,42.0
Consensus,income,"$56,000 to $99,999",inst_trust_mean,77.6
Consensus,income,"$56,000 to $99,999",newsletter_signup,1.0
Consensus,income,"$56,000 to $99,999",policy_general,75.0
Consensus,income,"$56,000 to $99,999",policy_role_mean,72.5
Consensus,income,"$56,000 to $99,999",policy_specific_mean,66.0
Consensus,income,"$56,000 to $99,999",trust_multidimensional,76.16666666666667
Consensus,income,"$56,000 to $99,999",trust_post,83.0
Consensus,income,"Less than $30,000",behavior_mean,48.0
Consensus,income,"Less than $30,000",belief_post,80.0
Consensus,income,"Less than $30,000",concern_mean,65.0
Consensus,income,"Less than $30,000",distrust_post,28.0
Consensus,income,"Less than $30,000",donation_ams,4.5
Consensus,income,"Less than $30,000",funding_perceptions,42.0
Consensus,income,"Less than $30,000",inst_trust_mean,61.4
Consensus,income,"Less than $30,000",newsletter_signup,2.0
Consensus,income,"Less than $30,000",policy_general,63.0
Consensus,income,"Less than $30,000",policy_role_mean,52.5
Consensus,income,"Less than $30,000",policy_specific_mean,61.714285714285715
Consensus,income,"Less than $30,000",trust_multidimensional,67.16666666666667
Consensus,income,"Less than $30,000",trust_post,67.0
Consensus,party,Democrat,behavior_mean,76.33333333333333
Consensus,party,Democrat,belief_post,95.0
Consensus,party,Democrat,concern_mean,91.66666666666667
Consensus,party,Democrat,distrust_post,15.0
Consensus,party,Democrat,donation_ams,7.5
Consensus,party,Democrat,funding_perceptions,20.0
Consensus,party,Democrat,inst_trust_mean,86.8
Consensus,party,Democrat,newsletter_signup,1.3
Consensus,party,Democrat,policy_general,90.0
Consensus,party,Democrat,policy_role_mean,88.0
Consensus,party,Democrat,policy_specific_mean,85.85714285714286
Consensus,party,Democrat,trust_multidimensional,89.08333333333333
Consensus,party,Democrat,trust_post,92.0
Consensus,party,Independent,behavior_mean,58.833333333333336
Consensus,party,Independent,belief_post,70.0
Consensus,party,Independent,concern_mean,73.33333333333333
Consensus,party,Independent,distrust_post,15.0
Consensus,party,Independent,donation_ams,7.0
Consensus,party,Independent,funding_perceptions,55.0
Consensus,party,Independent,inst_trust_mean,76.0
Consensus,party,Independent,newsletter_signup,2.0
Consensus,party,Independent,policy_general,70.0
Consensus,party,Independent,policy_role_mean,76.25
Consensus,party,Independent,policy_specific_mean,66.0
Consensus,party,Independent,trust_multidimensional,76.08333333333333
Consensus,party,Independent,trust_post,78.0
Consensus,party,Other,behavior_mean,61.666666666666664
Consensus,party,Other,belief_post,90.0
Consensus,party,Other,concern_mean,75.0
Consensus,party,Other,distrust_post,25.0
Consensus,party,Other,donation_ams,5.0
Consensus,party,Other,funding_perceptions,45.0
Consensus,party,Other,inst_trust_mean,71.0
Consensus,party,Other,newsletter_signup,2.0
Consensus,party,Other,policy_general,65.0
Consensus,party,Other,policy_role_mean,73.75
Consensus,party,Other,policy_specific_mean,65.71428571428571
Consensus,party,Other,trust_multidimensional,74.58333333333333
Consensus,party,Other,trust_post,75.0
Consensus,party,Republican,behavior_mean,36.666666666666664
Consensus,party,Republican,belief_post,35.0
Consensus,party,Republican,concern_mean,48.333333333333336
Consensus,party,Republican,distrust_post,52.0
Consensus,party,Republican,donation_ams,3.0
Consensus,party,Republican,funding_perceptions,30.0
Consensus,party,Republican,inst_trust_mean,49.0
Consensus,party,Republican,newsletter_signup,2.0
Consensus,party,Republican,policy_general,30.0
Consensus,party,Republican,policy_role_mean,45.0
Consensus,party,Republican,policy_specific_mean,46.42857142857143
Consensus,party,Republican,trust_multidimensional,57.083333333333336
Consensus,party,Republican,trust_post,40.0
Consensus,race,Asian / Asian American,behavior_mean,74.66666666666667
Consensus,race,Asian / Asian American,belief_post,90.0
Consensus,race,Asian / Asian American,concern_mean,85.33333333333333
Consensus,race,Asian / Asian American,distrust_post,20.0
Consensus,race,Asian / Asian American,donation_ams,3.5
Consensus,race,Asian / Asian American,funding_perceptions,40.0
Consensus,race,Asian / Asian American,inst_trust_mean,82.0
Consensus,race,Asian / Asian American,newsletter_signup,1.2
Consensus,race,Asian / Asian American,policy_general,80.0
Consensus,race,Asian / Asian American,policy_role_mean,85.0
Consensus,race,Asian / Asian American,policy_specific_mean,82.14285714285714
Consensus,race,Asian / Asian American,trust_multidimensional,86.58333333333333
Consensus,race,Asian / Asian American,trust_post,87.0
Consensus,race,Black / African American,behavior_mean,61.666666666666664
Consensus,race,Black / African American,belief_post,90.0
Consensus,race,Black / African American,concern_mean,85.66666666666667
Consensus,race,Black / African American,distrust_post,20.0
Consensus,race,Black / African American,donation_ams,7.5
Consensus,race,Black / African American,funding_perceptions,45.0
Consensus,race,Black / African American,inst_trust_mean,74.0
Consensus,race,Black / African American,newsletter_signup,2.0
Consensus,race,Black / African American,policy_general,80.0
Consensus,race,Black / African American,policy_role_mean,79.25
Consensus,race,Black / African American,policy_specific_mean,75.42857142857143
Consensus,race,Black / African American,trust_multidimensional,82.5
Consensus,race,Black / African American,trust_post,88.0
Consensus,race,Hispanic / Latino,behavior_mean,63.0
Consensus,race,Hispanic / Latino,belief_post,85.0
Consensus,race,Hispanic / Latino,concern_mean,81.66666666666667
Consensus,race,Hispanic / Latino,distrust_post,25.0
Consensus,race,Hispanic / Latino,donation_ams,4.5
Consensus,race,Hispanic / Latino,funding_perceptions,45.0
Consensus,race,Hispanic / Latino,inst_trust_mean,70.2
Consensus,race,Hispanic / Latino,newsletter_signup,2.0
Consensus,race,Hispanic / Latino,policy_general,80.0
Consensus,race,Hispanic / Latino,policy_role_mean,70.0
Consensus,race,Hispanic / Latino,policy_specific_mean,70.42857142857143
Consensus,race,Hispanic / Latino,trust_multidimensional,74.58333333333333
Consensus,race,Hispanic / Latino,trust_post,75.0
Consensus,race,Other,behavior_mean,54.166666666666664
Consensus,race,Other,belief_post,85.0
Consensus,race,Other,concern_mean,81.66666666666667
Consensus,race,Other,distrust_post,22.0
Consensus,race,Other,donation_ams,5.0
Consensus,race,Other,funding_perceptions,50.0
Consensus,race,Other,inst_trust_mean,70.0
Consensus,race,Other,newsletter_signup,1.6
Consensus,race,Other,policy_general,75.0
Consensus,race,Other,policy_role_mean,77.5
Consensus,race,Other,policy_specific_mean,71.42857142857143
Consensus,race,Other,trust_multidimensional,75.0
Consensus,race,Other,trust_post,78.0
Consensus,race,White / Caucasian,behavior_mean,55.0
Consensus,race,White / Caucasian,belief_post,85.0
Consensus,race,White / Caucasian,concern_mean,75.0
Consensus,race,White / Caucasian,distrust_post,30.0
Consensus,race,White / Caucasian,donation_ams,6.5
Consensus,race,White / Caucasian,funding_perceptions,40.0
Consensus,race,White / Caucasian,inst_trust_mean,78.0
Consensus,race,White / Caucasian,newsletter_signup,1.7
Consensus,race,White / Caucasian,policy_general,75.0
Consensus,race,White / Caucasian,policy_role_mean,77.0
Consensus,race,White / Caucasian,policy_specific_mean,73.71428571428571
Consensus,race,White / Caucasian,trust_multidimensional,78.66666666666667
Consensus,race,White / Caucasian,trust_post,70.0
Corporate reliance,age_band,18-29,behavior_mean,77.83333333333333
Corporate reliance,age_band,18-29,belief_post,92.0
Corporate reliance,age_band,18-29,concern_mean,90.0
Corporate reliance,age_band,18-29,distrust_post,15.0
Corporate reliance,age_band,18-29,donation_ams,6.5
Corporate reliance,age_band,18-29,funding_perceptions,65.0
Corporate reliance,age_band,18-29,inst_trust_mean,75.0
Corporate reliance,age_band,18-29,newsletter_signup,2.0
Corporate reliance,age_band,18-29,policy_general,84.0
Corporate reliance,age_band,18-29,policy_role_mean,77.75
Corporate reliance,age_band,18-29,policy_specific_mean,82.28571428571429
Corporate reliance,age_band,18-29,trust_multidimensional,78.25
Corporate reliance,age_band,18-29,trust_post,85.0
Corporate reliance,age_band,30-44,behavior_mean,62.5
Corporate reliance,age_band,30-44,belief_post,90.0
Corporate reliance,age_band,30-44,concern_mean,85.0
Corporate reliance,age_band,30-44,distrust_post,15.0
Corporate reliance,age_band,30-44,donation_ams,6.0
Corporate reliance,age_band,30-44,funding_perceptions,35.0
Corporate reliance,age_band,30-44,inst_trust_mean,80.0
Corporate reliance,age_band,30-44,newsletter_signup,2.0
Corporate reliance,age_band,30-44,policy_general,80.0
Corporate reliance,age_band,30-44,policy_role_mean,75.0
Corporate reliance,age_band,30-44,policy_specific_mean,72.85714285714286
Corporate reliance,age_band,30-44,trust_multidimensional,83.16666666666667
Corporate reliance,age_band,30-44,trust_post,85.0
Corporate reliance,age_band,45-59,behavior_mean,60.833333333333336
Corporate reliance,age_band,45-59,belief_post,90.0
Corporate reliance,age_band,45-59,concern_mean,81.66666666666667
Corporate reliance,age_band,45-59,distrust_post,30.0
Corporate reliance,age_band,45-59,donation_ams,5.0
Corporate reliance,age_band,45-59,funding_perceptions,50.0
Corporate reliance,age_band,45-59,inst_trust_mean,75.0
Corporate reliance,age_band,45-59,newsletter_signup,2.0
Corporate reliance,age_band,45-59,policy_general,80.0
Corporate reliance,age_band,45-59,policy_role_mean,81.25
Corporate reliance,age_band,45-59,policy_specific_mean,73.57142857142857
Corporate reliance,age_band,45-59,trust_multidimensional,75.41666666666667
Corporate reliance,age_band,45-59,trust_post,70.0
Corporate reliance,age_band,60+,behavior_mean,41.666666666666664
Corporate reliance,age_band,60+,belief_post,80.0
Corporate reliance,age_band,60+,concern_mean,71.66666666666667
Corporate reliance,age_band,60+,distrust_post,35.0
Corporate reliance,age_band,60+,donation_ams,5.0
Corporate reliance,age_band,60+,funding_perceptions,32.0
Corporate reliance,age_band,60+,inst_trust_mean,68.0
Corporate reliance,age_band,60+,newsletter_signup,2.0
Corporate reliance,age_band,60+,policy_general,65.0
Corporate reliance,age_band,60+,policy_role_mean,69.5
Corporate reliance,age_band,60+,policy_specific_mean,65.28571428571429
Corporate reliance,age_band,60+,trust_multidimensional,65.66666666666667
Corporate reliance,age_band,60+,trust_post,65.0
Corporate reliance,education,Bachelor's degree,behavior_mean,64.16666666666667
Corporate reliance,education,Bachelor's degree,belief_post,95.0
Corporate reliance,education,Bachelor's degree,concern_mean,85.0
Corporate reliance,education,Bachelor's degree,distrust_post,15.0
Corporate reliance,education,Bachelor's degree,donation_ams,7.0
Corporate reliance,education,Bachelor's degree,funding_perceptions,45.0
Corporate reliance,education,Bachelor's degree,inst_trust_mean,80.0
Corporate reliance,education,Bachelor's degree,newsletter_signup,1.0
Corporate reliance,education,Bachelor's degree,policy_general,80.0
Corporate reliance,education,Bachelor's degree,policy_role_mean,81.25
Corporate reliance,education,Bachelor's degree,policy_specific_mean,76.42857142857143
Corporate reliance,education,Bachelor's degree,trust_multidimensional,75.33333333333333
Corporate reliance,education,Bachelor's degree,trust_post,85.0
Corporate reliance,education,Doctorate degree / Ph.D.,behavior_mean,75.83333333333333
Corporate reliance,education,Doctorate degree / Ph.D.,belief_post,98.0
Corporate reliance,education,Doctorate degree / Ph.D.,concern_mean,96.66666666666667
Corporate reliance,education,Doctorate degree / Ph.D.,distrust_post,8.0
Corporate reliance,education,Doctorate degree / Ph.D.,donation_ams,8.0
Corporate reliance,education,Doctorate degree / Ph.D.,funding_perceptions,60.0
Corporate reliance,education,Doctorate degree / Ph.D.,inst_trust_mean,90.6
Corporate reliance,education,Doctorate degree / Ph.D.,newsletter_signup,1.0
Corporate reliance,education,Doctorate degree / Ph.D.,policy_general,95.0
Corporate reliance,education,Doctorate degree / Ph.D.,policy_role_mean,89.0
Corporate reliance,education,Doctorate degree / Ph.D.,policy_specific_mean,88.71428571428571
Corporate reliance,education,Doctorate degree / Ph.D.,trust_multidimensional,87.41666666666667
Corporate reliance,education,Doctorate degree / Ph.D.,trust_post,90.0
Corporate reliance,education,High school diploma / GED,behavior_mean,65.33333333333334
Corporate reliance,education,High school diploma / GED,belief_post,89.8
Corporate reliance,education,High school diploma / GED,concern_mean,82.46666666666667
Corporate reliance,education,High school diploma / GED,distrust_post,21.2
Corporate reliance,education,High school diploma / GED,donation_ams,6.4
Corporate reliance,education,High school diploma / GED,funding_perceptions,53.0
Corporate reliance,education,High school diploma / GED,inst_trust_mean,77.6
Corporate reliance,education,High school diploma / GED,newsletter_signup,1.1300000000000001
Corporate reliance,education,High school diploma / GED,policy_general,80.4
Corporate reliance,education,High school diploma / GED,policy_role_mean,77.7
Corporate reliance,education,High school diploma / GED,policy_specific_mean,75.05714285714285
Corporate reliance,education,High school diploma / GED,trust_multidimensional,76.25
Corporate reliance,education,High school diploma / GED,trust_post,77.8
Corporate reliance,education,Less than high school,behavior_mean,44.166666666666664
Corporate reliance,education,Less than high school,belief_post,68.0
Corporate reliance,education,Less than high school,concern_mean,60.0
Corporate reliance,education,Less than high school,distrust_post,50.0
Corporate reliance,education,Less than high school,donation_ams,4.0
Corporate reliance,education,Less than high school,funding_perceptions,45.0
Corporate reliance,education,Less than high school,inst_trust_mean,56.6
Corporate reliance,education,Less than high school,newsletter_signup,2.0
Corporate reliance,education,Less than high school,policy_general,62.0
Corporate reliance,education,Less than high school,policy_role_mean,60.75
Corporate reliance,education,Less than high school,policy_specific_mean,55.42857142857143
Corporate reliance,education,Less than high school,trust_multidimensional,59.0
Corporate reliance,education,Less than high school,trust_post,50.0
Corporate reliance,education,Master's degree / Professional degree,behavior_mean,73.33333333333333
Corporate reliance,education,Master's degree / Professional degree,belief_post,98.0
Corporate reliance,education,Master's degree / Professional degree,concern_mean,88.33333333333333
Corporate reliance,education,Master's degree / Professional degree,distrust_post,15.0
Corporate reliance,education,Master's degree / Professional degree,donation_ams,7.0
Corporate reliance,education,Master's degree / Professional degree,funding_perceptions,80.0
Corporate reliance,education,Master's degree / Professional degree,inst_trust_mean,83.8
Corporate reliance,education,Master's degree / Professional degree,newsletter_signup,0.65
Corporate reliance,education,Master's degree / Professional degree,policy_general,85.0
Corporate reliance,education,Master's degree / Professional degree,policy_role_mean,81.25
Corporate reliance,education,Master's degree / Professional degree,policy_specific_mean,75.71428571428571
Corporate reliance,education,Master's degree / Professional degree,trust_multidimensional,83.41666666666667
Corporate reliance,education,Master's degree / Professional degree,trust_post,88.0
Corporate reliance,education,Some college or Associate's degree,behavior_mean,69.16666666666667
Corporate reliance,education,Some college or Associate's degree,belief_post,90.0
Corporate reliance,education,Some college or Associate's degree,concern_mean,82.33333333333333
Corporate reliance,education,Some college or Associate's degree,distrust_post,18.0
Corporate reliance,education,Some college or Associate's degree,donation_ams,6.0
Corporate reliance,education,Some college or Associate's degree,funding_perceptions,35.0
Corporate reliance,education,Some college or Associate's degree,inst_trust_mean,77.0
Corporate reliance,education,Some college or Associate's degree,newsletter_signup,1.0
Corporate reliance,education,Some college or Associate's degree,policy_general,80.0
Corporate reliance,education,Some college or Associate's degree,policy_role_mean,76.25
Corporate reliance,education,Some college or Associate's degree,policy_specific_mean,79.0
Corporate reliance,education,Some college or Associate's degree,trust_multidimensional,76.08333333333333
Corporate reliance,education,Some college or Associate's degree,trust_post,76.0
Corporate reliance,gender,Female,behavior_mean,77.83333333333333
Corporate reliance,gender,Female,belief_post,92.0
Corporate reliance,gender,Female,concern_mean,89.33333333333333
Corporate reliance,gender,Female,distrust_post,20.0
Corporate reliance,gender,Female,donation_ams,7.5
Corporate reliance,gender,Female,funding_perceptions,45.0
Corporate reliance,gender,Female,inst_trust_mean,85.6
Corporate reliance,gender,Female,newsletter_signup,2.0
Corporate reliance,gender,Female,policy_general,85.0
Corporate reliance,gender,Female,policy_role_mean,81.25
Corporate reliance,gender,Female,policy_specific_mean,84.71428571428571
Corporate reliance,gender,Female,trust_multidimensional,87.41666666666667
Corporate reliance,gender,Female,trust_post,89.0
Corporate reliance,gender,Male,behavior_mean,47.5
Corporate reliance,gender,Male,belief_post,75.0
Corporate reliance,gender,Male,concern_mean,70.0
Corporate reliance,gender,Male,distrust_post,32.0
Corporate reliance,gender,Male,donation_ams,3.0
Corporate reliance,gender,Male,funding_perceptions,45.0
Corporate reliance,gender,Male,inst_trust_mean,66.0
Corporate reliance,gender,Male,newsletter_signup,2.0
Corporate reliance,gender,Male,policy_general,60.0
Corporate reliance,gender,Male,policy_role_mean,67.5
Corporate reliance,gender,Male,policy_specific_mean,60.0
Corporate reliance,gender,Male,trust_multidimensional,67.58333333333333
Corporate reliance,gender,Male,trust_post,68.0
Corporate reliance,gender,Other,behavior_mean,58.0
Corporate reliance,gender,Other,belief_post,80.0
Corporate reliance,gender,Other,concern_mean,79.33333333333333
Corporate reliance,gender,Other,distrust_post,20.0
Corporate reliance,gender,Other,donation_ams,6.0
Corporate reliance,gender,Other,funding_perceptions,65.0
Corporate reliance,gender,Other,inst_trust_mean,77.4
Corporate reliance,gender,Other,newsletter_signup,2.0
Corporate reliance,gender,Other,policy_general,75.0
Corporate reliance,gender,Other,policy_role_mean,70.0
Corporate reliance,gender,Other,policy_specific_mean,69.57142857142857
Corporate reliance,gender,Other,trust_multidimensional,75.16666666666667
Corporate reliance,gender,Other,trust_post,80.0
Corporate reliance,income,"$100,000 to $167,999",behavior_mean,70.83333333333333
Corporate reliance,income,"$100,000 to $167,999",belief_post,90.0
Corporate reliance,income,"$100,000 to $167,999",concern_mean,85.66666666666667
Corporate reliance,income,"$100,000 to $167,999",distrust_post,10.0
Corporate reliance,income,"$100,000 to $167,999",donation_ams,7.5
Corporate reliance,income,"$100,000 to $167,999",funding_perceptions,35.0
Corporate reliance,income,"$100,000 to $167,999",inst_trust_mean,80.6
Corporate reliance,income,"$100,000 to $167,999",newsletter_signup,1.0
Corporate reliance,income,"$100,000 to $167,999",policy_general,80.0
Corporate reliance,income,"$100,000 to $167,999",policy_role_mean,80.5
Corporate reliance,income,"$100,000 to $167,999",policy_specific_mean,78.14285714285714
Corporate reliance,income,"$100,000 to $167,999",trust_multidimensional,80.5
Corporate reliance,income,"$100,000 to $167,999",trust_post,80.0
Corporate reliance,income,"$168,000 or more",behavior_mean,70.83333333333333
Corporate reliance,income,"$168,000 or more",belief_post,95.0
Corporate reliance,income,"$168,000 or more",concern_mean,85.0
Corporate reliance,income,"$168,000 or more",distrust_post,10.0
Corporate reliance,income,"$168,000 or more",donation_ams,7.0
Corporate reliance,income,"$168,000 or more",funding_perceptions,35.0
Corporate reliance,income,"$168,000 or more",inst_trust_mean,84.0
Corporate reliance,income,"$168,000 or more",newsletter_signup,2.0
Corporate reliance,income,"$168,000 or more",policy_general,80.0
Corporate reliance,income,"$168,000 or more",policy_role_mean,83.75
Corporate reliance,income,"$168,000 or more",policy_specific_mean,78.57142857142857
Corporate reliance,income,"$168,000 or more",trust_multidimensional,79.58333333333333
Corporate reliance,income,"$168,000 or more",trust_post,90.0
Corporate reliance,income,"$30,000 to $55,999",behavior_mean,54.666666666666664
Corporate reliance,income,"$30,000 to $55,999",belief_post,89.0
Corporate reliance,income,"$30,000 to $55,999",concern_mean,75.0
Corporate reliance,income,"$30,000 to $55,999",distrust_post,22.0
Corporate reliance,income,"$30,000 to $55,999",donation_ams,5.0
Corporate reliance,income,"$30,000 to $55,999",funding_perceptions,42.0
Corporate reliance,income,"$30,000 to $55,999",inst_trust_mean,76.0
Corporate reliance,income,"$30,000 to $55,999",newsletter_signup,2.0
Corporate reliance,income,"$30,000 to $55,999",policy_general,70.0
Corporate reliance,income,"$30,000 to $55,999",policy_role_mean,75.75
Corporate reliance,income,"$30,000 to $55,999",policy_specific_mean,70.14285714285714
Corporate reliance,income,"$30,000 to $55,999",trust_multidimensional,76.5
Corporate reliance,income,"$30,000 to $55,999",trust_post,78.0
Corporate reliance,income,"$56,000 to $99,999",behavior_mean,52.5
Corporate reliance,income,"$56,000 to $99,999",belief_post,88.0
Corporate reliance,income,"$56,000 to $99,999",concern_mean,78.33333333333333
Corporate reliance,income,"$56,000 to $99,999",distrust_post,22.0
Corporate reliance,income,"$56,000 to $99,999",donation_ams,5.5
Corporate reliance,income,"$56,000 to $99,999",funding_perceptions,32.0
Corporate reliance,income,"$56,000 to $99,999",inst_trust_mean,76.6
Corporate reliance,income,"$56,000 to $99,999",newsletter_signup,1.0
Corporate reliance,income,"$56,000 to $99,999",policy_general,80.0
Corporate reliance,income,"$56,000 to $99,999",policy_role_mean,78.75
Corporate reliance,income,"$56,000 to $99,999",policy_specific_mean,75.0
Corporate reliance,income,"$56,000 to $99,999",trust_multidimensional,77.58333333333333
Corporate reliance,income,"$56,000 to $99,999",trust_post,78.0
Corporate reliance,income,"Less than $30,000",behavior_mean,29.583333333333332
Corporate reliance,income,"Less than $30,000",belief_post,92.0
Corporate reliance,income,"Less than $30,000",concern_mean,70.0
Corporate reliance,income,"Less than $30,000",distrust_post,20.0
Corporate reliance,income,"Less than $30,000",donation_ams,3.5
Corporate reliance,income,"Less than $30,000",funding_perceptions,35.0
Corporate reliance,income,"Less than $30,000",inst_trust_mean,67.6
Corporate reliance,income,"Less than $30,000",newsletter_signup,2.0
Corporate reliance,income,"Less than $30,000",policy_general,60.0
Corporate reliance,income,"Less than $30,000",policy_role_mean,62.5
Corporate reliance,income,"Less than $30,000",policy_specific_mean,49.714285714285715
Corporate reliance,income,"Less than $30,000",trust_multidimensional,75.16666666666667
Corporate reliance,income,"Less than $30,000",trust_post,80.0
Corporate reliance,party,Democrat,behavior_mean,75.0
Corporate reliance,party,Democrat,belief_post,95.0
Corporate reliance,party,Democrat,concern_mean,96.0
Corporate reliance,party,Democrat,distrust_post,8.0
Corporate reliance,party,Democrat,donation_ams,5.0
Corporate reliance,party,Democrat,funding_perceptions,40.0
Corporate reliance,party,Democrat,inst_trust_mean,82.0
Corporate reliance,party,Democrat,newsletter_signup,1.0
Corporate reliance,party,Democrat,policy_general,90.0
Corporate reliance,party,Democrat,policy_role_mean,82.5
Corporate reliance,party,Democrat,policy_specific_mean,86.42857142857143
Corporate reliance,party,Democrat,trust_multidimensional,88.41666666666667
Corporate reliance,party,Democrat,trust_post,92.0
Corporate reliance,party,Independent,behavior_mean,56.666666666666664
Corporate reliance,party,Independent,belief_post,68.0
Corporate reliance,party,Independent,concern_mean,66.66666666666667
Corporate reliance,party,Independent,distrust_post,26.0
Corporate reliance,party,Independent,donation_ams,6.1
Corporate reliance,party,Independent,funding_perceptions,38.0
Corporate reliance,party,Independent,inst_trust_mean,73.8
Corporate reliance,party,Independent,newsletter_signup,2.0
Corporate reliance,party,Independent,policy_general,56.0
Corporate reliance,party,Independent,policy_role_mean,71.75
Corporate reliance,party,Independent,policy_specific_mean,64.14285714285714
Corporate reliance,party,Independent,trust_multidimensional,74.41666666666667
Corporate reliance,party,Independent,trust_post,71.0
Corporate reliance,party,Other,behavior_mean,60.833333333333336
Corporate reliance,party,Other,belief_post,75.0
Corporate reliance,party,Other,concern_mean,76.66666666666667
Corporate reliance,party,Other,distrust_post,20.0
Corporate reliance,party,Other,donation_ams,7.0
Corporate reliance,party,Other,funding_perceptions,40.0
Corporate reliance,party,Other,inst_trust_mean,72.8
Corporate reliance,party,Other,newsletter_signup,1.5
Corporate reliance,party,Other,policy_general,65.0
Corporate reliance,party,Other,policy_role_mean,69.5
Corporate reliance,party,Other,policy_specific_mean,70.85714285714286
Corporate reliance,party,Other,trust_multidimensional,80.0
Corporate reliance,party,Other,trust_post,80.0
Corporate reliance,party,Republican,behavior_mean,44.166666666666664
Corporate reliance,party,Republican,belief_post,30.0
Corporate reliance,party,Republican,concern_mean,45.0
Corporate reliance,party,Republican,distrust_post,50.0
Corporate reliance,party,Republican,donation_ams,3.0
Corporate reliance,party,Republican,funding_perceptions,45.0
Corporate reliance,party,Republican,inst_trust_mean,52.0
Corporate reliance,party,Republican,newsletter_signup,2.0
Corporate reliance,party,Republican,policy_general,40.0
Corporate reliance,party,Republican,policy_role_mean,41.25
Corporate reliance,party,Republican,policy_specific_mean,43.57142857142857
Corporate reliance,party,Republican,trust_multidimensional,52.5
Corporate reliance,party,Republican,trust_post,50.0
Corporate reliance,race,Asian / Asian American,behavior_mean,65.0
Corporate reliance,race,Asian / Asian American,belief_post,84.0
Corporate reliance,race,Asian / Asian American,concern_mean,85.0
Corporate reliance,race,Asian / Asian American,distrust_post,15.0
Corporate reliance,race,Asian / Asian American,donation_ams,6.0
Corporate reliance,race,Asian / Asian American,funding_perceptions,60.0
Corporate reliance,race,Asian / Asian American,inst_trust_mean,79.6
Corporate reliance,race,Asian / Asian American,newsletter_signup,1.0
Corporate reliance,race,Asian / Asian American,policy_general,78.0
Corporate reliance,race,Asian / Asian American,policy_role_mean,77.5
Corporate reliance,race,Asian / Asian American,policy_specific_mean,74.57142857142857
Corporate reliance,race,Asian / Asian American,trust_multidimensional,81.0
Corporate reliance,race,Asian / Asian American,trust_post,82.0
Corporate reliance,race,Black / African American,behavior_mean,67.5
Corporate reliance,race,Black / African American,belief_post,90.0
Corporate reliance,race,Black / African American,concern_mean,91.66666666666667
Corporate reliance,race,Black / African American,distrust_post,20.0
Corporate reliance,race,Black / African American,donation_ams,5.0
Corporate reliance,race,Black / African American,funding_perceptions,60.0
Corporate reliance,race,Black / African American,inst_trust_mean,77.6
Corporate reliance,race,Black / African American,newsletter_signup,0.0
Corporate reliance,race,Black / African American,policy_general,90.0
Corporate reliance,race,Black / African American,policy_role_mean,77.5
Corporate reliance,race,Black / African American,policy_specific_mean,78.28571428571429
Corporate reliance,race,Black / African American,trust_multidimensional,77.16666666666667
Corporate reliance,race,Black / African American,trust_post,80.0
Corporate reliance,race,Hispanic / Latino,behavior_mean,60.0
Corporate reliance,race,Hispanic / Latino,belief_post,70.0
Corporate reliance,race,Hispanic / Latino,concern_mean,63.333333333333336
Corporate reliance,race,Hispanic / Latino,distrust_post,30.0
Corporate reliance,race,Hispanic / Latino,donation_ams,4.0
Corporate reliance,race,Hispanic / Latino,funding_perceptions,45.0
Corporate reliance,race,Hispanic / Latino,inst_trust_mean,68.0
Corporate reliance,race,Hispanic / Latino,newsletter_signup,1.0
Corporate reliance,race,Hispanic / Latino,policy_general,65.0
Corporate reliance,race,Hispanic / Latino,policy_role_mean,73.75
Corporate reliance,race,Hispanic / Latino,policy_specific_mean,69.28571428571429
Corporate reliance,race,Hispanic / Latino,trust_multidimensional,70.41666666666667
Corporate reliance,race,Hispanic / Latino,trust_post,70.0
Corporate reliance,race,Other,behavior_mean,57.166666666666664
Corporate reliance,race,Other,belief_post,78.0
Corporate reliance,race,Other,concern_mean,71.66666666666667
Corporate reliance,race,Other,distrust_post,18.0
Corporate reliance,race,Other,donation_ams,5.0
Corporate reliance,race,Other,funding_perceptions,55.0
Corporate reliance,race,Other,inst_trust_mean,66.6
Corporate reliance,race,Other,newsletter_signup,2.0
Corporate reliance,race,Other,policy_general,70.0
Corporate reliance,race,Other,policy_role_mean,76.25
Corporate reliance,race,Other,policy_specific_mean,64.71428571428571
Corporate reliance,race,Other,trust_multidimensional,68.16666666666667
Corporate reliance,race,Other,trust_post,78.0
Corporate reliance,race,White / Caucasian,behavior_mean,58.333333333333336
Corporate reliance,race,White / Caucasian,belief_post,92.0
Corporate reliance,race,White / Caucasian,concern_mean,79.66666666666667
Corporate reliance,race,White / Caucasian,distrust_post,15.0
Corporate reliance,race,White / Caucasian,donation_ams,5.0
Corporate reliance,race,White / Caucasian,funding_perceptions,40.0
Corporate reliance,race,White / Caucasian,inst_trust_mean,75.6
Corporate reliance,race,White / Caucasian,newsletter_signup,1.5
Corporate reliance,race,White / Caucasian,policy_general,75.0
Corporate reliance,race,White / Caucasian,policy_role_mean,79.25
Corporate reliance,race,White / Caucasian,policy_specific_mean,67.85714285714286
Corporate reliance,race,White / Caucasian,trust_multidimensional,78.5
Corporate reliance,race,White / Caucasian,trust_post,88.0
Extreme weather predictions,age_band,18-29,behavior_mean,83.83333333333333
Extreme weather predictions,age_band,18-29,belief_post,92.0
Extreme weather predictions,age_band,18-29,concern_mean,90.0
Extreme weather predictions,age_band,18-29,distrust_post,28.0
Extreme weather predictions,age_band,18-29,donation_ams,7.5
Extreme weather predictions,age_band,18-29,funding_perceptions,65.0
Extreme weather predictions,age_band,18-29,inst_trust_mean,77.4
Extreme weather predictions,age_band,18-29,newsletter_signup,2.0
Extreme weather predictions,age_band,18-29,policy_general,90.0
Extreme weather predictions,age_band,18-29,policy_role_mean,88.75
Extreme weather predictions,age_band,18-29,policy_specific_mean,90.14285714285714
Extreme weather predictions,age_band,18-29,trust_multidimensional,80.5
Extreme weather predictions,age_band,18-29,trust_post,70.0
Extreme weather predictions,age_band,30-44,behavior_mean,70.0
Extreme weather predictions,age_band,30-44,belief_post,92.0
Extreme weather predictions,age_band,30-44,concern_mean,91.0
Extreme weather predictions,age_band,30-44,distrust_post,18.0
Extreme weather predictions,age_band,30-44,donation_ams,6.5
Extreme weather predictions,age_band,30-44,funding_perceptions,32.0
Extreme weather predictions,age_band,30-44,inst_trust_mean,76.4
Extreme weather predictions,age_band,30-44,newsletter_signup,1.4
Extreme weather predictions,age_band,30-44,policy_general,85.0
Extreme weather predictions,age_band,30-44,policy_role_mean,77.5
Extreme weather predictions,age_band,30-44,policy_specific_mean,80.71428571428571
Extreme weather predictions,age_band,30-44,trust_multidimensional,77.66666666666667
Extreme weather predictions,age_band,30-44,trust_post,76.0
Extreme weather predictions,age_band,45-59,behavior_mean,70.83333333333333
Extreme weather predictions,age_band,45-59,belief_post,92.0
Extreme weather predictions,age_band,45-59,concern_mean,95.33333333333333
Extreme weather predictions,age_band,45-59,distrust_post,15.0
Extreme weather predictions,age_band,45-59,donation_ams,7.0
Extreme weather predictions,age_band,45-59,funding_perceptions,40.0
Extreme weather predictions,age_band,45-59,inst_trust_mean,78.2
Extreme weather predictions,age_band,45-59,newsletter_signup,1.0
Extreme weather predictions,age_band,45-59,policy_general,80.0
Extreme weather predictions,age_band,45-59,policy_role_mean,77.5
Extreme weather predictions,age_band,45-59,policy_specific_mean,78.57142857142857
Extreme weather predictions,age_band,45-59,trust_multidimensional,77.83333333333333
Extreme weather predictions,age_band,45-59,trust_post,85.0
Extreme weather predictions,age_band,60+,behavior_mean,54.166666666666664
Extreme weather predictions,age_band,60+,belief_post,85.0
Extreme weather predictions,age_band,60+,concern_mean,90.66666666666667
Extreme weather predictions,age_band,60+,distrust_post,18.0
Extreme weather predictions,age_band,60+,donation_ams,7.0
Extreme weather predictions,age_band,60+,funding_perceptions,40.0
Extreme weather predictions,age_band,60+,inst_trust_mean,79.4
Extreme weather predictions,age_band,60+,newsletter_signup,65.0
Extreme weather predictions,age_band,60+,policy_general,82.0
Extreme weather predictions,age_band,60+,policy_role_mean,78.25
Extreme weather predictions,age_band,60+,policy_specific_mean,74.71428571428571
Extreme weather predictions,age_band,60+,trust_multidimensional,76.83333333333333
Extreme weather predictions,age_band,60+,trust_post,80.0
Extreme weather predictions,education,Bachelor's degree,behavior_mean,66.66666666666667
Extreme weather predictions,education,Bachelor's degree,belief_post,90.0
Extreme weather predictions,education,Bachelor's degree,concern_mean,86.66666666666667
Extreme weather predictions,education,Bachelor's degree,distrust_post,15.0
Extreme weather predictions,education,Bachelor's degree,donation_ams,6.0
Extreme weather predictions,education,Bachelor's degree,funding_perceptions,40.0
Extreme weather predictions,education,Bachelor's degree,inst_trust_mean,73.6
Extreme weather predictions,education,Bachelor's degree,newsletter_signup,1.0
Extreme weather predictions,education,Bachelor's degree,policy_general,80.0
Extreme weather predictions,education,Bachelor's degree,policy_role_mean,81.25
Extreme weather predictions,education,Bachelor's degree,policy_specific_mean,78.57142857142857
Extreme weather predictions,education,Bachelor's degree,trust_multidimensional,78.33333333333333
Extreme weather predictions,education,Bachelor's degree,trust_post,85.0
Extreme weather predictions,education,Doctorate degree / Ph.D.,behavior_mean,76.66666666666667
Extreme weather predictions,education,Doctorate degree / Ph.D.,belief_post,95.0
Extreme weather predictions,education,Doctorate degree / Ph.D.,concern_mean,91.66666666666667
Extreme weather predictions,education,Doctorate degree / Ph.D.,distrust_post,20.0
Extreme weather predictions,education,Doctorate degree / Ph.D.,donation_ams,6.0
Extreme weather predictions,education,Doctorate degree / Ph.D.,funding_perceptions,30.0
Extreme weather predictions,education,Doctorate degree / Ph.D.,inst_trust_mean,82.0
Extreme weather predictions,education,Doctorate degree / Ph.D.,newsletter_signup,1.0
Extreme weather predictions,education,Doctorate degree / Ph.D.,policy_general,90.0
Extreme weather predictions,education,Doctorate degree / Ph.D.,policy_role_mean,87.5
Extreme weather predictions,education,Doctorate degree / Ph.D.,policy_specific_mean,79.28571428571429
Extreme weather predictions,education,Doctorate degree / Ph.D.,trust_multidimensional,81.33333333333333
Extreme weather predictions,education,Doctorate degree / Ph.D.,trust_post,80.0
Extreme weather predictions,education,High school diploma / GED,behavior_mean,53.333333333333336
Extreme weather predictions,education,High school diploma / GED,belief_post,80.0
Extreme weather predictions,education,High school diploma / GED,concern_mean,71.66666666666667
Extreme weather predictions,education,High school diploma / GED,distrust_post,45.0
Extreme weather predictions,education,High school diploma / GED,donation_ams,5.0
Extreme weather predictions,education,High school diploma / GED,funding_perceptions,45.0
Extreme weather predictions,education,High school diploma / GED,inst_trust_mean,64.0
Extreme weather predictions,education,High school diploma / GED,newsletter_signup,2.0
Extreme weather predictions,education,High school diploma / GED,policy_general,65.0
Extreme weather predictions,education,High school diploma / GED,policy_role_mean,61.25
Extreme weather predictions,education,High school diploma / GED,policy_specific_mean,62.142857142857146
Extreme weather predictions,education,High school diploma / GED,trust_multidimensional,62.083333333333336
Extreme weather predictions,education,High school diploma / GED,trust_post,55.0
Extreme weather predictions,education,Less than high school,behavior_mean,31.666666666666668
Extreme weather predictions,education,Less than high school,belief_post,50.0
Extreme weather predictions,education,Less than high school,concern_mean,51.666666666666664
Extreme weather predictions,education,Less than high school,distrust_post,55.0
Extreme weather predictions,education,Less than high school,donation_ams,4.0
Extreme weather predictions,education,Less than high school,funding_perceptions,40.0
Extreme weather predictions,education,Less than high school,inst_trust_mean,43.0
Extreme weather predictions,education,Less than high school,newsletter_signup,1.3
Extreme weather predictions,education,Less than high school,policy_general,55.0
Extreme weather predictions,education,Less than high school,policy_role_mean,41.25
Extreme weather predictions,education,Less than high school,policy_specific_mean,45.714285714285715
Extreme weather predictions,education,Less than high school,trust_multidimensional,34.583333333333336
Extreme weather predictions,education,Less than high school,trust_post,45.0
Extreme weather predictions,education,Master's degree / Professional degree,behavior_mean,73.5
Extreme weather predictions,education,Master's degree / Professional degree,belief_post,93.0
Extreme weather predictions,education,Master's degree / Professional degree,concern_mean,90.0
Extreme weather predictions,education,Master's degree / Professional degree,distrust_post,8.0
Extreme weather predictions,education,Master's degree / Professional degree,donation_ams,8.0
Extreme weather predictions,education,Master's degree / Professional degree,funding_perceptions,50.0
Extreme weather predictions,education,Master's degree / Professional degree,inst_trust_mean,85.0
Extreme weather predictions,education,Master's degree / Professional degree,newsletter_signup,1.0
Extreme weather predictions,education,Master's degree / Professional degree,policy_general,85.0
Extreme weather predictions,education,Master's degree / Professional degree,policy_role_mean,88.75
Extreme weather predictions,education,Master's degree / Professional degree,policy_specific_mean,84.0
Extreme weather predictions,education,Master's degree / Professional degree,trust_multidimensional,83.41666666666667
Extreme weather predictions,education,Master's degree / Professional degree,trust_post,82.0
Extreme weather predictions,education,Some college or Associate's degree,behavior_mean,64.66666666666667
Extreme weather predictions,education,Some college or Associate's degree,belief_post,88.0
Extreme weather predictions,education,Some college or Associate's degree,concern_mean,85.0
Extreme weather predictions,education,Some college or Associate's degree,distrust_post,25.0
Extreme weather predictions,education,Some college or Associate's degree,donation_ams,5.0
Extreme weather predictions,education,Some college or Associate's degree,funding_perceptions,45.0
Extreme weather predictions,education,Some college or Associate's degree,inst_trust_mean,81.2
Extreme weather predictions,education,Some college or Associate's degree,newsletter_signup,1.0
Extreme weather predictions,education,Some college or Associate's degree,policy_general,85.0
Extreme weather predictions,education,Some college or Associate's degree,policy_role_mean,87.5
Extreme weather predictions,education,Some college or Associate's degree,policy_specific_mean,84.28571428571429
Extreme weather predictions,education,Some college or Associate's degree,trust_multidimensional,81.66666666666667
Extreme weather predictions,education,Some college or Associate's degree,trust_post,75.0
Extreme weather predictions,gender,Female,behavior_mean,58.333333333333336
Extreme weather predictions,gender,Female,belief_post,90.0
Extreme weather predictions,gender,Female,concern_mean,85.0
Extreme weather predictions,gender,Female,distrust_post,20.0
Extreme weather predictions,gender,Female,donation_ams,5.1
Extreme weather predictions,gender,Female,funding_perceptions,75.0
Extreme weather predictions,gender,Female,inst_trust_mean,76.4
Extreme weather predictions,gender,Female,newsletter_signup,1.2
Extreme weather predictions,gender,Female,policy_general,80.0
Extreme weather predictions,gender,Female,policy_role_mean,82.5
Extreme weather predictions,gender,Female,policy_specific_mean,73.57142857142857
Extreme weather predictions,gender,Female,trust_multidimensional,80.41666666666667
Extreme weather predictions,gender,Female,trust_post,77.0
Extreme weather predictions,gender,Male,behavior_mean,45.833333333333336
Extreme weather predictions,gender,Male,belief_post,75.0
Extreme weather predictions,gender,Male,concern_mean,68.33333333333333
Extreme weather predictions,gender,Male,distrust_post,40.0
Extreme weather predictions,gender,Male,donation_ams,5.0
Extreme weather predictions,gender,Male,funding_perceptions,45.0
Extreme weather predictions,gender,Male,inst_trust_mean,69.0
Extreme weather predictions,gender,Male,newsletter_signup,2.0
Extreme weather predictions,gender,Male,policy_general,65.0
Extreme weather predictions,gender,Male,policy_role_mean,78.75
Extreme weather predictions,gender,Male,policy_specific_mean,63.57142857142857
Extreme weather predictions,gender,Male,trust_multidimensional,68.33333333333333
Extreme weather predictions,gender,Male,trust_post,55.0
Extreme weather predictions,gender,Other,behavior_mean,64.0
Extreme weather predictions,gender,Other,belief_post,92.0
Extreme weather predictions,gender,Other,concern_mean,88.66666666666667
Extreme weather predictions,gender,Other,distrust_post,24.0
Extreme weather predictions,gender,Other,donation_ams,6.2
Extreme weather predictions,gender,Other,funding_perceptions,60.0
Extreme weather predictions,gender,Other,inst_trust_mean,78.0
Extreme weather predictions,gender,Other,newsletter_signup,0.3
Extreme weather predictions,gender,Other,policy_general,83.0
Extreme weather predictions,gender,Other,policy_role_mean,80.75
Extreme weather predictions,gender,Other,policy_specific_mean,76.57142857142857
Extreme weather predictions,gender,Other,trust_multidimensional,75.91666666666667
Extreme weather predictions,gender,Other,trust_post,75.0
Extreme weather predictions,income,"$100,000 to $167,999",behavior_mean,61.666666666666664
Extreme weather predictions,income,"$100,000 to $167,999",belief_post,80.0
Extreme weather predictions,income,"$100,000 to $167,999",concern_mean,85.0
Extreme weather predictions,income,"$100,000 to $167,999",distrust_post,25.0
Extreme weather predictions,income,"$100,000 to $167,999",donation_ams,7.0
Extreme weather predictions,income,"$100,000 to $167,999",funding_perceptions,70.0
Extreme weather predictions,income,"$100,000 to $167,999",inst_trust_mean,78.0
Extreme weather predictions,income,"$100,000 to $167,999",newsletter_signup,1.0
Extreme weather predictions,income,"$100,000 to $167,999",policy_general,80.0
Extreme weather predictions,income,"$100,000 to $167,999",policy_role_mean,81.25
Extreme weather predictions,income,"$100,000 to $167,999",policy_specific_mean,76.42857142857143
Extreme weather predictions,income,"$100,000 to $167,999",trust_multidimensional,76.66666666666667
Extreme weather predictions,income,"$100,000 to $167,999",trust_post,75.0
Extreme weather predictions,income,"$168,000 or more",behavior_mean,73.33333333333333
Extreme weather predictions,income,"$168,000 or more",belief_post,95.0
Extreme weather predictions,income,"$168,000 or more",concern_mean,91.66666666666667
Extreme weather predictions,income,"$168,000 or more",distrust_post,12.0
Extreme weather predictions,income,"$168,000 or more",donation_ams,5.0
Extreme weather predictions,income,"$168,000 or more",funding_perceptions,30.0
Extreme weather predictions,income,"$168,000 or more",inst_trust_mean,84.6
Extreme weather predictions,income,"$168,000 or more",newsletter_signup,2.0
Extreme weather predictions,income,"$168,000 or more",policy_general,90.0
Extreme weather predictions,income,"$168,000 or more",policy_role_mean,80.5
Extreme weather predictions,income,"$168,000 or more",policy_specific_mean,82.14285714285714
Extreme weather predictions,income,"$168,000 or more",trust_multidimensional,87.41666666666667
Extreme weather predictions,income,"$168,000 or more",trust_post,90.0
Extreme weather predictions,income,"$30,000 to $55,999",behavior_mean,60.833333333333336
Extreme weather predictions,income,"$30,000 to $55,999",belief_post,88.0
Extreme weather predictions,income,"$30,000 to $55,999",concern_mean,89.0
Extreme weather predictions,income,"$30,000 to $55,999",distrust_post,18.0
Extreme weather predictions,income,"$30,000 to $55,999",donation_ams,4.5
Extreme weather predictions,income,"$30,000 to $55,999",funding_perceptions,35.0
Extreme weather predictions,income,"$30,000 to $55,999",inst_trust_mean,80.6
Extreme weather predictions,income,"$30,000 to $55,999",newsletter_signup,1.4
Extreme weather predictions,income,"$30,000 to $55,999",policy_general,80.0
Extreme weather predictions,income,"$30,000 to $55,999",policy_role_mean,80.0
Extreme weather predictions,income,"$30,000 to $55,999",policy_specific_mean,71.57142857142857
Extreme weather predictions,income,"$30,000 to $55,999",trust_multidimensional,76.83333333333333
Extreme weather predictions,income,"$30,000 to $55,999",trust_post,82.0
Extreme weather predictions,income,"$56,000 to $99,999",behavior_mean,54.166666666666664
Extreme weather predictions,income,"$56,000 to $99,999",belief_post,88.0
Extreme weather predictions,income,"$56,000 to $99,999",concern_mean,90.66666666666667
Extreme weather predictions,income,"$56,000 to $99,999",distrust_post,25.0
Extreme weather predictions,income,"$56,000 to $99,999",donation_ams,6.5
Extreme weather predictions,income,"$56,000 to $99,999",funding_perceptions,40.0
Extreme weather predictions,income,"$56,000 to $99,999",inst_trust_mean,76.0
Extreme weather predictions,income,"$56,000 to $99,999",newsletter_signup,0.55
Extreme weather predictions,income,"$56,000 to $99,999",policy_general,83.0
Extreme weather predictions,income,"$56,000 to $99,999",policy_role_mean,83.25
Extreme weather predictions,income,"$56,000 to $99,999",policy_specific_mean,72.28571428571429
Extreme weather predictions,income,"$56,000 to $99,999",trust_multidimensional,74.91666666666667
Extreme weather predictions,income,"$56,000 to $99,999",trust_post,77.0
Extreme weather predictions,income,"Less than $30,000",behavior_mean,53.333333333333336
Extreme weather predictions,income,"Less than $30,000",belief_post,90.0
Extreme weather predictions,income,"Less than $30,000",concern_mean,85.0
Extreme weather predictions,income,"Less than $30,000",distrust_post,15.0
Extreme weather predictions,income,"Less than $30,000",donation_ams,5.5
Extreme weather predictions,income,"Less than $30,000",funding_perceptions,40.0
Extreme weather predictions,income,"Less than $30,000",inst_trust_mean,81.0
Extreme weather predictions,income,"Less than $30,000",newsletter_signup,1.0
Extreme weather predictions,income,"Less than $30,000",policy_general,80.0
Extreme weather predictions,income,"Less than $30,000",policy_role_mean,80.5
Extreme weather predictions,income,"Less than $30,000",policy_specific_mean,72.57142857142857
Extreme weather predictions,income,"Less than $30,000",trust_multidimensional,80.5
Extreme weather predictions,income,"Less than $30,000",trust_post,85.0
Extreme weather predictions,party,Democrat,behavior_mean,70.83333333333333
Extreme weather predictions,party,Democrat,belief_post,98.0
Extreme weather predictions,party,Democrat,concern_mean,93.33333333333333
Extreme weather predictions,party,Democrat,distrust_post,5.0
Extreme weather predictions,party,Democrat,donation_ams,4.5
Extreme weather predictions,party,Democrat,funding_perceptions,60.0
Extreme weather predictions,party,Democrat,inst_trust_mean,90.2
Extreme weather predictions,party,Democrat,newsletter_signup,1.4
Extreme weather predictions,party,Democrat,policy_general,90.0
Extreme weather predictions,party,Democrat,policy_role_mean,92.5
Extreme weather predictions,party,Democrat,policy_specific_mean,87.85714285714286
Extreme weather predictions,party,Democrat,trust_multidimensional,91.25
Extreme weather predictions,party,Democrat,trust_post,95.0
Extreme weather predictions,party,Independent,behavior_mean,54.166666666666664
Extreme weather predictions,party,Independent,belief_post,80.0
Extreme weather predictions,party,Independent,concern_mean,78.33333333333333
Extreme weather predictions,party,Independent,distrust_post,20.0
Extreme weather predictions,party,Independent,donation_ams,4.5
Extreme weather predictions,party,Independent,funding_perceptions,50.0
Extreme weather predictions,party,Independent,inst_trust_mean,71.0
Extreme weather predictions,party,Independent,newsletter_signup,1.8
Extreme weather predictions,party,Independent,policy_general,70.0
Extreme weather predictions,party,Independent,policy_role_mean,72.5
Extreme weather predictions,party,Independent,policy_specific_mean,65.71428571428571
Extreme weather predictions,party,Independent,trust_multidimensional,75.0
Extreme weather predictions,party,Independent,trust_post,75.0
Extreme weather predictions,party,Other,behavior_mean,49.166666666666664
Extreme weather predictions,party,Other,belief_post,80.0
Extreme weather predictions,party,Other,concern_mean,76.66666666666667
Extreme weather predictions,party,Other,distrust_post,22.0
Extreme weather predictions,party,Other,donation_ams,6.0
Extreme weather predictions,party,Other,funding_perceptions,45.0
Extreme weather predictions,party,Other,inst_trust_mean,71.0
Extreme weather predictions,party,Other,newsletter_signup,1.4
Extreme weather predictions,party,Other,policy_general,70.0
Extreme weather predictions,party,Other,policy_role_mean,70.0
Extreme weather predictions,party,Other,policy_specific_mean,67.14285714285714
Extreme weather predictions,party,Other,trust_multidimensional,71.91666666666667
Extreme weather predictions,party,Other,trust_post,78.0
Extreme weather predictions,party,Republican,behavior_mean,35.0
Extreme weather predictions,party,Republican,belief_post,35.0
Extreme weather predictions,party,Republican,concern_mean,55.0
Extreme weather predictions,party,Republican,distrust_post,45.0
Extreme weather predictions,party,Republican,donation_ams,3.5
Extreme weather predictions,party,Republican,funding_perceptions,40.0
Extreme weather predictions,party,Republican,inst_trust_mean,51.0
Extreme weather predictions,party,Republican,newsletter_signup,2.0
Extreme weather predictions,party,Republican,policy_general,40.0
Extreme weather predictions,party,Republican,policy_role_mean,50.0
Extreme weather predictions,party,Republican,policy_specific_mean,45.714285714285715
Extreme weather predictions,party,Republican,trust_multidimensional,49.166666666666664
Extreme weather predictions,party,Republican,trust_post,40.0
Extreme weather predictions,race,Asian / Asian American,behavior_mean,60.55555555555555
Extreme weather predictions,race,Asian / Asian American,belief_post,87.33333333333333
Extreme weather predictions,race,Asian / Asian American,concern_mean,84.55555555555556
Extreme weather predictions,race,Asian / Asian American,distrust_post,20.666666666666668
Extreme weather predictions,race,Asian / Asian American,donation_ams,5.166666666666667
Extreme weather predictions,race,Asian / Asian American,funding_perceptions,44.0
Extreme weather predictions,race,Asian / Asian American,inst_trust_mean,76.8
Extreme weather predictions,race,Asian / Asian American,newsletter_signup,1.8666666666666665
Extreme weather predictions,race,Asian / Asian American,policy_general,83.33333333333333
Extreme weather predictions,race,Asian / Asian American,policy_role_mean,83.0
Extreme weather predictions,race,Asian / Asian American,policy_specific_mean,73.95238095238095
Extreme weather predictions,race,Asian / Asian American,trust_multidimensional,77.83333333333333
Extreme weather predictions,race,Asian / Asian American,trust_post,79.33333333333333
Extreme weather predictions,race,Black / African American,behavior_mean,73.33333333333333
Extreme weather predictions,race,Black / African American,belief_post,92.0
Extreme weather predictions,race,Black / African American,concern_mean,92.66666666666667
Extreme weather predictions,race,Black / African American,distrust_post,18.0
Extreme weather predictions,race,Black / African American,donation_ams,6.0
Extreme weather predictions,race,Black / African American,funding_perceptions,32.0
Extreme weather predictions,race,Black / African American,inst_trust_mean,83.4
Extreme weather predictions,race,Black / African American,newsletter_signup,2.0
Extreme weather predictions,race,Black / African American,policy_general,90.0
Extreme weather predictions,race,Black / African American,policy_role_mean,87.75
Extreme weather predictions,race,Black / African American,policy_specific_mean,84.28571428571429
Extreme weather predictions,race,Black / African American,trust_multidimensional,83.91666666666667
Extreme weather predictions,race,Black / African American,trust_post,82.0
Extreme weather predictions,race,Hispanic / Latino,behavior_mean,59.166666666666664
Extreme weather predictions,race,Hispanic / Latino,belief_post,82.0
Extreme weather predictions,race,Hispanic / Latino,concern_mean,77.66666666666667
Extreme weather predictions,race,Hispanic / Latino,distrust_post,22.0
Extreme weather predictions,race,Hispanic / Latino,donation_ams,6.0
Extreme weather predictions,race,Hispanic / Latino,funding_perceptions,35.0
Extreme weather predictions,race,Hispanic / Latino,inst_trust_mean,76.0
Extreme weather predictions,race,Hispanic / Latino,newsletter_signup,1.6
Extreme weather predictions,race,Hispanic / Latino,policy_general,80.0
Extreme weather predictions,race,Hispanic / Latino,policy_role_mean,82.5
Extreme weather predictions,race,Hispanic / Latino,policy_specific_mean,69.71428571428571
Extreme weather predictions,race,Hispanic / Latino,trust_multidimensional,73.75
Extreme weather predictions,race,Hispanic / Latino,trust_post,78.0
Extreme weather predictions,race,Other,behavior_mean,49.166666666666664
Extreme weather predictions,race,Other,belief_post,88.0
Extreme weather predictions,race,Other,concern_mean,83.33333333333333
Extreme weather predictions,race,Other,distrust_post,22.0
Extreme weather predictions,race,Other,donation_ams,3.5
Extreme weather predictions,race,Other,funding_perceptions,65.0
Extreme weather predictions,race,Other,inst_trust_mean,71.0
Extreme weather predictions,race,Other,newsletter_signup,2.0
Extreme weather predictions,race,Other,policy_general,80.0
Extreme weather predictions,race,Other,policy_role_mean,78.75
Extreme weather predictions,race,Other,policy_specific_mean,67.85714285714286
Extreme weather predictions,race,Other,trust_multidimensional,75.83333333333333
Extreme weather predictions,race,Other,trust_post,78.0
Extreme weather predictions,race,White / Caucasian,behavior_mean,60.55555555555555
Extreme weather predictions,race,White / Caucasian,belief_post,87.33333333333333
Extreme weather predictions,race,White / Caucasian,concern_mean,84.55555555555556
Extreme weather predictions,race,White / Caucasian,distrust_post,20.666666666666668
Extreme weather predictions,race,White / Caucasian,donation_ams,5.166666666666667
Extreme weather predictions,race,White / Caucasian,funding_perceptions,44.0
Extreme weather predictions,race,White / Caucasian,inst_trust_mean,76.8
Extreme weather predictions,race,White / Caucasian,newsletter_signup,1.8666666666666665
Extreme weather predictions,race,White / Caucasian,policy_general,83.33333333333333
Extreme weather predictions,race,White / Caucasian,policy_role_mean,83.0
Extreme weather predictions,race,White / Caucasian,policy_specific_mean,73.95238095238095
Extreme weather predictions,race,White / Caucasian,trust_multidimensional,77.83333333333333
Extreme weather predictions,race,White / Caucasian,trust_post,79.33333333333333
Former skeptics,age_band,18-29,behavior_mean,71.66666666666667
Former skeptics,age_band,18-29,belief_post,90.0
Former skeptics,age_band,18-29,concern_mean,87.0
Former skeptics,age_band,18-29,distrust_post,11.0
Former skeptics,age_band,18-29,donation_ams,6.0
Former skeptics,age_band,18-29,funding_perceptions,50.0
Former skeptics,age_band,18-29,inst_trust_mean,73.6
Former skeptics,age_band,18-29,newsletter_signup,1.6
Former skeptics,age_band,18-29,policy_general,81.0
Former skeptics,age_band,18-29,policy_role_mean,74.25
Former skeptics,age_band,18-29,policy_specific_mean,74.71428571428571
Former skeptics,age_band,18-29,trust_multidimensional,83.41666666666667
Former skeptics,age_band,18-29,trust_post,87.0
Former skeptics,age_band,30-44,behavior_mean,55.833333333333336
Former skeptics,age_band,30-44,belief_post,80.0
Former skeptics,age_band,30-44,concern_mean,74.33333333333333
Former skeptics,age_band,30-44,distrust_post,18.0
Former skeptics,age_band,30-44,donation_ams,6.0
Former skeptics,age_band,30-44,funding_perceptions,40.0
Former skeptics,age_band,30-44,inst_trust_mean,76.6
Former skeptics,age_band,30-44,newsletter_signup,1.0
Former skeptics,age_band,30-44,policy_general,75.0
Former skeptics,age_band,30-44,policy_role_mean,76.0
Former skeptics,age_band,30-44,policy_specific_mean,69.71428571428571
Former skeptics,age_band,30-44,trust_multidimensional,79.41666666666667
Former skeptics,age_band,30-44,trust_post,82.0
Former skeptics,age_band,45-59,behavior_mean,59.666666666666664
Former skeptics,age_band,45-59,belief_post,84.0
Former skeptics,age_band,45-59,concern_mean,81.66666666666667
Former skeptics,age_band,45-59,distrust_post,15.0
Former skeptics,age_band,45-59,donation_ams,7.0
Former skeptics,age_band,45-59,funding_perceptions,38.0
Former skeptics,age_band,45-59,inst_trust_mean,75.4
Former skeptics,age_band,45-59,newsletter_signup,1.0
Former skeptics,age_band,45-59,policy_general,75.0
Former skeptics,age_band,45-59,policy_role_mean,75.75
Former skeptics,age_band,45-59,policy_specific_mean,74.14285714285714
Former skeptics,age_band,45-59,trust_multidimensional,84.5
Former skeptics,age_band,45-59,trust_post,78.0
Former skeptics,age_band,60+,behavior_mean,49.333333333333336
Former skeptics,age_band,60+,belief_post,74.0
Former skeptics,age_band,60+,concern_mean,73.0
Former skeptics,age_band,60+,distrust_post,20.0
Former skeptics,age_band,60+,donation_ams,6.5
Former skeptics,age_band,60+,funding_perceptions,45.0
Former skeptics,age_band,60+,inst_trust_mean,69.0
Former skeptics,age_band,60+,newsletter_signup,1.3
Former skeptics,age_band,60+,policy_general,68.0
Former skeptics,age_band,60+,policy_role_mean,62.5
Former skeptics,age_band,60+,policy_specific_mean,64.57142857142857
Former skeptics,age_band,60+,trust_multidimensional,78.58333333333333
Former skeptics,age_band,60+,trust_post,72.0
Former skeptics,education,Bachelor's degree,behavior_mean,64.66666666666667
Former skeptics,education,Bachelor's degree,belief_post,92.0
Former skeptics,education,Bachelor's degree,concern_mean,74.33333333333333
Former skeptics,education,Bachelor's degree,distrust_post,15.0
Former skeptics,education,Bachelor's degree,donation_ams,6.0
Former skeptics,education,Bachelor's degree,funding_perceptions,35.0
Former skeptics,education,Bachelor's degree,inst_trust_mean,75.2
Former skeptics,education,Bachelor's degree,newsletter_signup,35.0
Former skeptics,education,Bachelor's degree,policy_general,78.0
Former skeptics,education,Bachelor's degree,policy_role_mean,72.25
Former skeptics,education,Bachelor's degree,policy_specific_mean,68.14285714285714
Former skeptics,education,Bachelor's degree,trust_multidimensional,86.41666666666667
Former skeptics,education,Bachelor's degree,trust_post,90.0
Former skeptics,education,Doctorate degree / Ph.D.,behavior_mean,63.333333333333336
Former skeptics,education,Doctorate degree / Ph.D.,belief_post,96.0
Former skeptics,education,Doctorate degree / Ph.D.,concern_mean,83.33333333333333
Former skeptics,education,Doctorate degree / Ph.D.,distrust_post,8.0
Former skeptics,education,Doctorate degree / Ph.D.,donation_ams,6.5
Former skeptics,education,Doctorate degree / Ph.D.,funding_perceptions,30.0
Former skeptics,education,Doctorate degree / Ph.D.,inst_trust_mean,83.4
Former skeptics,education,Doctorate degree / Ph.D.,newsletter_signup,1.6
Former skeptics,education,Doctorate degree / Ph.D.,policy_general,85.0
Former skeptics,education,Doctorate degree / Ph.D.,policy_role_mean,87.5
Former skeptics,education,Doctorate degree / Ph.D.,policy_specific_mean,80.0
Former skeptics,education,Doctorate degree / Ph.D.,trust_multidimensional,87.66666666666667
Former skeptics,education,Doctorate degree / Ph.D.,trust_post,92.0
Former skeptics,education,High school diploma / GED,behavior_mean,53.333333333333336
Former skeptics,education,High school diploma / GED,belief_post,70.0
Former skeptics,education,High school diploma / GED,concern_mean,65.0
Former skeptics,education,High school diploma / GED,distrust_post,25.0
Former skeptics,education,High school diploma / GED,donation_ams,4.0
Former skeptics,education,High school diploma / GED,funding_perceptions,65.0
Former skeptics,education,High school diploma / GED,inst_trust_mean,71.0
Former skeptics,education,High school diploma / GED,newsletter_signup,1.0
Former skeptics,education,High school diploma / GED,policy_general,65.0
Former skeptics,education,High school diploma / GED,policy_role_mean,73.75
Former skeptics,education,High school diploma / GED,policy_specific_mean,59.285714285714285
Former skeptics,education,High school diploma / GED,trust_multidimensional,75.41666666666667
Former skeptics,education,High school diploma / GED,trust_post,75.0
Former skeptics,education,Less than high school,behavior_mean,28.333333333333332
Former skeptics,education,Less than high school,belief_post,60.0
Former skeptics,education,Less than high school,concern_mean,50.0
Former skeptics,education,Less than high school,distrust_post,35.0
Former skeptics,education,Less than high school,donation_ams,4.0
Former skeptics,education,Less than high school,funding_perceptions,55.0
Former skeptics,education,Less than high school,inst_trust_mean,50.0
Former skeptics,education,Less than high school,newsletter_signup,2.0
Former skeptics,education,Less than high school,policy_general,50.0
Former skeptics,education,Less than high school,policy_role_mean,52.5
Former skeptics,education,Less than high school,policy_specific_mean,44.714285714285715
Former skeptics,education,Less than high school,trust_multidimensional,59.583333333333336
Former skeptics,education,Less than high school,trust_post,58.0
Former skeptics,education,Master's degree / Professional degree,behavior_mean,70.0
Former skeptics,education,Master's degree / Professional degree,belief_post,90.0
Former skeptics,education,Master's degree / Professional degree,concern_mean,88.33333333333333
Former skeptics,education,Master's degree / Professional degree,distrust_post,20.0
Former skeptics,education,Master's degree / Professional degree,donation_ams,5.0
Former skeptics,education,Master's degree / Professional degree,funding_perceptions,70.0
Former skeptics,education,Master's degree / Professional degree,inst_trust_mean,78.6
Former skeptics,education,Master's degree / Professional degree,newsletter_signup,1.0
Former skeptics,education,Master's degree / Professional degree,policy_general,85.0
Former skeptics,education,Master's degree / Professional degree,policy_role_mean,83.75
Former skeptics,education,Master's degree / Professional degree,policy_specific_mean,76.14285714285714
Former skeptics,education,Master's degree / Professional degree,trust_multidimensional,82.33333333333333
Former skeptics,education,Master's degree / Professional degree,trust_post,80.0
Former skeptics,education,Some college or Associate's degree,behavior_mean,61.666666666666664
Former skeptics,education,Some college or Associate's degree,belief_post,80.0
Former skeptics,education,Some college or Associate's degree,concern_mean,74.33333333333333
Former skeptics,education,Some college or Associate's degree,distrust_post,25.0
Former skeptics,education,Some college or Associate's degree,donation_ams,4.0
Former skeptics,education,Some college or Associate's degree,funding_perceptions,55.0
Former skeptics,education,Some college or Associate's degree,inst_trust_mean,68.8
Former skeptics,education,Some college or Associate's degree,newsletter_signup,2.0
Former skeptics,education,Some college or Associate's degree,policy_general,72.0
Former skeptics,education,Some college or Associate's degree,policy_role_mean,73.25
Former skeptics,education,Some college or Associate's degree,policy_specific_mean,64.28571428571429
Former skeptics,education,Some college or Associate's degree,trust_multidimensional,75.83333333333333
Former skeptics,education,Some college or Associate's degree,trust_post,78.0
Former skeptics,gender,Female,behavior_mean,58.333333333333336
Former skeptics,gender,Female,belief_post,90.0
Former skeptics,gender,Female,concern_mean,80.0
Former skeptics,gender,Female,distrust_post,22.0
Former skeptics,gender,Female,donation_ams,7.0
Former skeptics,gender,Female,funding_perceptions,50.0
Former skeptics,gender,Female,inst_trust_mean,70.0
Former skeptics,gender,Female,newsletter_signup,2.0
Former skeptics,gender,Female,policy_general,80.0
Former skeptics,gender,Female,policy_role_mean,78.25
Former skeptics,gender,Female,policy_specific_mean,72.14285714285714
Former skeptics,gender,Female,trust_multidimensional,81.0
Former skeptics,gender,Female,trust_post,78.0
Former skeptics,gender,Male,behavior_mean,52.666666666666664
Former skeptics,gender,Male,belief_post,68.0
Former skeptics,gender,Male,concern_mean,61.666666666666664
Former skeptics,gender,Male,distrust_post,22.0
Former skeptics,gender,Male,donation_ams,5.0
Former skeptics,gender,Male,funding_perceptions,45.0
Former skeptics,gender,Male,inst_trust_mean,66.0
Former skeptics,gender,Male,newsletter_signup,2.0
Former skeptics,gender,Male,policy_general,65.0
Former skeptics,gender,Male,policy_role_mean,66.25
Former skeptics,gender,Male,policy_specific_mean,60.857142857142854
Former skeptics,gender,Male,trust_multidimensional,75.0
Former skeptics,gender,Male,trust_post,78.0
Former skeptics,gender,Other,behavior_mean,55.5
Former skeptics,gender,Other,belief_post,79.0
Former skeptics,gender,Other,concern_mean,70.83333333333333
Former skeptics,gender,Other,distrust_post,22.0
Former skeptics,gender,Other,donation_ams,6.0
Former skeptics,gender,Other,funding_perceptions,47.5
Former skeptics,gender,Other,inst_trust_mean,68.0
Former skeptics,gender,Other,newsletter_signup,2.0
Former skeptics,gender,Other,policy_general,72.5
Former skeptics,gender,Other,policy_role_mean,72.25
Former skeptics,gender,Other,policy_specific_mean,66.5
Former skeptics,gender,Other,trust_multidimensional,78.0
Former skeptics,gender,Other,trust_post,78.0
Former skeptics,income,"$100,000 to $167,999",behavior_mean,65.33333333333333
Former skeptics,income,"$100,000 to $167,999",belief_post,94.0
Former skeptics,income,"$100,000 to $167,999",concern_mean,78.33333333333333
Former skeptics,income,"$100,000 to $167,999",distrust_post,12.0
Former skeptics,income,"$100,000 to $167,999",donation_ams,6.5
Former skeptics,income,"$100,000 to $167,999",funding_perceptions,33.0
Former skeptics,income,"$100,000 to $167,999",inst_trust_mean,79.0
Former skeptics,income,"$100,000 to $167,999",newsletter_signup,2.0
Former skeptics,income,"$100,000 to $167,999",policy_general,80.0
Former skeptics,income,"$100,000 to $167,999",policy_role_mean,81.25
Former skeptics,income,"$100,000 to $167,999",policy_specific_mean,75.57142857142857
Former skeptics,income,"$100,000 to $167,999",trust_multidimensional,88.41666666666667
Former skeptics,income,"$100,000 to $167,999",trust_post,88.0
Former skeptics,income,"$168,000 or more",behavior_mean,60.5
Former skeptics,income,"$168,000 or more",belief_post,96.0
Former skeptics,income,"$168,000 or more",concern_mean,90.33333333333333
Former skeptics,income,"$168,000 or more",distrust_post,8.0
Former skeptics,income,"$168,000 or more",donation_ams,8.0
Former skeptics,income,"$168,000 or more",funding_perceptions,25.0
Former skeptics,income,"$168,000 or more",inst_trust_mean,86.2
Former skeptics,income,"$168,000 or more",newsletter_signup,2.0
Former skeptics,income,"$168,000 or more",policy_general,87.0
Former skeptics,income,"$168,000 or more",policy_role_mean,83.0
Former skeptics,income,"$168,000 or more",policy_specific_mean,80.0
Former skeptics,income,"$168,000 or more",trust_multidimensional,89.91666666666667
Former skeptics,income,"$168,000 or more",trust_post,93.0
Former skeptics,income,"$30,000 to $55,999",behavior_mean,49.333333333333336
Former skeptics,income,"$30,000 to $55,999",belief_post,79.0
Former skeptics,income,"$30,000 to $55,999",concern_mean,70.0
Former skeptics,income,"$30,000 to $55,999",distrust_post,22.0
Former skeptics,income,"$30,000 to $55,999",donation_ams,4.0
Former skeptics,income,"$30,000 to $55,999",funding_perceptions,40.0
Former skeptics,income,"$30,000 to $55,999",inst_trust_mean,75.0
Former skeptics,income,"$30,000 to $55,999",newsletter_signup,2.0
Former skeptics,income,"$30,000 to $55,999",policy_general,75.0
Former skeptics,income,"$30,000 to $55,999",policy_role_mean,75.25
Former skeptics,income,"$30,000 to $55,999",policy_specific_mean,70.0
Former skeptics,income,"$30,000 to $55,999",trust_multidimensional,83.16666666666667
Former skeptics,income,"$30,000 to $55,999",trust_post,78.0
Former skeptics,income,"$56,000 to $99,999",behavior_mean,50.0
Former skeptics,income,"$56,000 to $99,999",belief_post,70.0
Former skeptics,income,"$56,000 to $99,999",concern_mean,68.33333333333333
Former skeptics,income,"$56,000 to $99,999",distrust_post,30.0
Former skeptics,income,"$56,000 to $99,999",donation_ams,7.0
Former skeptics,income,"$56,000 to $99,999",funding_perceptions,35.0
Former skeptics,income,"$56,000 to $99,999",inst_trust_mean,67.0
Former skeptics,income,"$56,000 to $99,999",newsletter_signup,1.0
Former skeptics,income,"$56,000 to $99,999",policy_general,65.0
Former skeptics,income,"$56,000 to $99,999",policy_role_mean,73.75
Former skeptics,income,"$56,000 to $99,999",policy_specific_mean,60.0
Former skeptics,income,"$56,000 to $99,999",trust_multidimensional,71.25
Former skeptics,income,"$56,000 to $99,999",trust_post,70.0
Former skeptics,income,"Less than $30,000",behavior_mean,43.166666666666664
Former skeptics,income,"Less than $30,000",belief_post,80.0
Former skeptics,income,"Less than $30,000",concern_mean,55.0
Former skeptics,income,"Less than $30,000",distrust_post,25.0
Former skeptics,income,"Less than $30,000",donation_ams,4.0
Former skeptics,income,"Less than $30,000",funding_perceptions,40.0
Former skeptics,income,"Less than $30,000",inst_trust_mean,62.0
Former skeptics,income,"Less than $30,000",newsletter_signup,2.0
Former skeptics,income,"Less than $30,000",policy_general,65.0
Former skeptics,income,"Less than $30,000",policy_role_mean,57.5
Former skeptics,income,"Less than $30,000",policy_specific_mean,55.42857142857143
Former skeptics,income,"Less than $30,000",trust_multidimensional,75.08333333333333
Former skeptics,income,"Less than $30,000",trust_post,68.0
Former skeptics,party,Democrat,behavior_mean,79.16666666666667
Former skeptics,party,Democrat,belief_post,96.0
Former skeptics,party,Democrat,concern_mean,95.0
Former skeptics,party,Democrat,distrust_post,8.0
Former skeptics,party,Democrat,donation_ams,8.8
Former skeptics,party,Democrat,funding_perceptions,35.0
Former skeptics,party,Democrat,inst_trust_mean,89.2
Former skeptics,party,Democrat,newsletter_signup,1.0
Former skeptics,party,Democrat,policy_general,91.0
Former skeptics,party,Democrat,policy_role_mean,88.0
Former skeptics,party,Democrat,policy_specific_mean,85.0
Former skeptics,party,Democrat,trust_multidimensional,90.33333333333333
Former skeptics,party,Democrat,trust_post,93.0
Former skeptics,party,Independent,behavior_mean,60.0
Former skeptics,party,Independent,belief_post,90.0
Former skeptics,party,Independent,concern_mean,78.33333333333333
Former skeptics,party,Independent,distrust_post,18.0
Former skeptics,party,Independent,donation_ams,5.0
Former skeptics,party,Independent,funding_perceptions,40.0
Former skeptics,party,Independent,inst_trust_mean,72.0
Former skeptics,party,Independent,newsletter_signup,2.0
Former skeptics,party,Independent,policy_general,70.0
Former skeptics,party,Independent,policy_role_mean,76.25
Former skeptics,party,Independent,policy_specific_mean,74.0
Former skeptics,party,Independent,trust_multidimensional,79.41666666666667
Former skeptics,party,Independent,trust_post,78.0
Former skeptics,party,Other,behavior_mean,50.0
Former skeptics,party,Other,belief_post,80.0
Former skeptics,party,Other,concern_mean,71.0
Former skeptics,party,Other,distrust_post,18.0
Former skeptics,party,Other,donation_ams,5.0
Former skeptics,party,Other,funding_perceptions,40.0
Former skeptics,party,Other,inst_trust_mean,75.4
Former skeptics,party,Other,newsletter_signup,1.0
Former skeptics,party,Other,policy_general,70.0
Former skeptics,party,Other,policy_role_mean,71.25
Former skeptics,party,Other,policy_specific_mean,66.85714285714286
Former skeptics,party,Other,trust_multidimensional,79.41666666666667
Former skeptics,party,Other,trust_post,75.0
Former skeptics,party,Republican,behavior_mean,42.5
Former skeptics,party,Republican,belief_post,78.0
Former skeptics,party,Republican,concern_mean,70.0
Former skeptics,party,Republican,distrust_post,40.0
Former skeptics,party,Republican,donation_ams,4.0
Former skeptics,party,Republican,funding_perceptions,45.0
Former skeptics,party,Republican,inst_trust_mean,60.4
Former skeptics,party,Republican,newsletter_signup,2.0
Former skeptics,party,Republican,policy_general,60.0
Former skeptics,party,Republican,policy_role_mean,53.75
Former skeptics,party,Republican,policy_specific_mean,47.857142857142854
Former skeptics,party,Republican,trust_multidimensional,70.58333333333333
Former skeptics,party,Republican,trust_post,60.0
Former skeptics,race,Asian / Asian American,behavior_mean,67.16666666666667
Former skeptics,race,Asian / Asian American,belief_post,90.0
Former skeptics,race,Asian / Asian American,concern_mean,79.0
Former skeptics,race,Asian / Asian American,distrust_post,15.0
Former skeptics,race,Asian / Asian American,donation_ams,4.0
Former skeptics,race,Asian / Asian American,funding_perceptions,35.0
Former skeptics,race,Asian / Asian American,inst_trust_mean,85.2
Former skeptics,race,Asian / Asian American,newsletter_signup,1.0
Former skeptics,race,Asian / Asian American,policy_general,85.0
Former skeptics,race,Asian / Asian American,policy_role_mean,80.75
Former skeptics,race,Asian / Asian American,policy_specific_mean,80.42857142857143
Former skeptics,race,Asian / Asian American,trust_multidimensional,88.41666666666667
Former skeptics,race,Asian / Asian American,trust_post,90.0
Former skeptics,race,Black / African American,behavior_mean,61.666666666666664
Former skeptics,race,Black / African American,belief_post,80.0
Former skeptics,race,Black / African American,concern_mean,84.0
Former skeptics,race,Black / African American,distrust_post,15.0
Former skeptics,race,Black / African American,donation_ams,6.0
Former skeptics,race,Black / African American,funding_perceptions,55.0
Former skeptics,race,Black / African American,inst_trust_mean,77.0
Former skeptics,race,Black / African American,newsletter_signup,2.0
Former skeptics,race,Black / African American,policy_general,75.0
Former skeptics,race,Black / African American,policy_role_mean,71.25
Former skeptics,race,Black / African American,policy_specific_mean,71.42857142857143
Former skeptics,race,Black / African American,trust_multidimensional,84.33333333333333
Former skeptics,race,Black / African American,trust_post,84.0
Former skeptics,race,Hispanic / Latino,behavior_mean,55.666666666666664
Former skeptics,race,Hispanic / Latino,belief_post,86.0
Former skeptics,race,Hispanic / Latino,concern_mean,79.33333333333333
Former skeptics,race,Hispanic / Latino,distrust_post,18.0
Former skeptics,race,Hispanic / Latino,donation_ams,3.0
Former skeptics,race,Hispanic / Latino,funding_perceptions,45.0
Former skeptics,race,Hispanic / Latino,inst_trust_mean,76.0
Former skeptics,race,Hispanic / Latino,newsletter_signup,2.0
Former skeptics,race,Hispanic / Latino,policy_general,74.0
Former skeptics,race,Hispanic / Latino,policy_role_mean,76.5
Former skeptics,race,Hispanic / Latino,policy_specific_mean,66.57142857142857
Former skeptics,race,Hispanic / Latino,trust_multidimensional,78.0
Former skeptics,race,Hispanic / Latino,trust_post,78.0
Former skeptics,race,Other,behavior_mean,51.666666666666664
Former skeptics,race,Other,belief_post,80.0
Former skeptics,race,Other,concern_mean,74.33333333333333
Former skeptics,race,Other,distrust_post,28.0
Former skeptics,race,Other,donation_ams,5.0
Former skeptics,race,Other,funding_perceptions,40.0
Former skeptics,race,Other,inst_trust_mean,64.2
Former skeptics,race,Other,newsletter_signup,2.0
Former skeptics,race,Other,policy_general,65.0
Former skeptics,race,Other,policy_role_mean,71.75
Former skeptics,race,Other,policy_specific_mean,64.71428571428571
Former skeptics,race,Other,trust_multidimensional,73.58333333333333
Former skeptics,race,Other,trust_post,72.0
Former skeptics,race,White / Caucasian,behavior_mean,39.166666666666664
Former skeptics,race,White / Caucasian,belief_post,90.0
Former skeptics,race,White / Caucasian,concern_mean,67.66666666666667
Former skeptics,race,White / Caucasian,distrust_post,15.0
Former skeptics,race,White / Caucasian,donation_ams,5.5
Former skeptics,race,White / Caucasian,funding_perceptions,45.0
Former skeptics,race,White / Caucasian,inst_trust_mean,70.0
Former skeptics,race,White / Caucasian,newsletter_signup,1.1
Former skeptics,race,White / Caucasian,policy_general,73.0
Former skeptics,race,White / Caucasian,policy_role_mean,72.5
Former skeptics,race,White / Caucasian,policy_specific_mean,62.142857142857146
Former skeptics,race,White / Caucasian,trust_multidimensional,82.5
Former skeptics,race,White / Caucasian,trust_post,82.0
Funding,age_band,18-29,behavior_mean,75.0
Funding,age_band,18-29,belief_post,93.0
Funding,age_band,18-29,concern_mean,95.0
Funding,age_band,18-29,distrust_post,15.0
Funding,age_band,18-29,donation_ams,6.0
Funding,age_band,18-29,funding_perceptions,45.0
Funding,age_band,18-29,inst_trust_mean,81.0
Funding,age_band,18-29,newsletter_signup,1.0
Funding,age_band,18-29,policy_general,90.0
Funding,age_band,18-29,policy_role_mean,82.5
Funding,age_band,18-29,policy_specific_mean,86.42857142857143
Funding,age_band,18-29,trust_multidimensional,82.08333333333333
Funding,age_band,18-29,trust_post,80.0
Funding,age_band,30-44,behavior_mean,57.166666666666664
Funding,age_band,30-44,belief_post,90.0
Funding,age_band,30-44,concern_mean,82.0
Funding,age_band,30-44,distrust_post,20.0
Funding,age_band,30-44,donation_ams,6.2
Funding,age_band,30-44,funding_perceptions,65.0
Funding,age_band,30-44,inst_trust_mean,76.8
Funding,age_band,30-44,newsletter_signup,1.6
Funding,age_band,30-44,policy_general,75.0
Funding,age_band,30-44,policy_role_mean,78.25
Funding,age_band,30-44,policy_specific_mean,75.14285714285714
Funding,age_band,30-44,trust_multidimensional,79.58333333333333
Funding,age_band,30-44,trust_post,78.0
Funding,age_band,45-59,behavior_mean,57.5
Funding,age_band,45-59,belief_post,88.0
Funding,age_band,45-59,concern_mean,80.0
Funding,age_band,45-59,distrust_post,15.0
Funding,age_band,45-59,donation_ams,5.5
Funding,age_band,45-59,funding_perceptions,45.0
Funding,age_band,45-59,inst_trust_mean,76.2
Funding,age_band,45-59,newsletter_signup,1.5
Funding,age_band,45-59,policy_general,80.0
Funding,age_band,45-59,policy_role_mean,79.25
Funding,age_band,45-59,policy_specific_mean,76.0
Funding,age_band,45-59,trust_multidimensional,79.5
Funding,age_band,45-59,trust_post,78.0
Funding,age_band,60+,behavior_mean,51.666666666666664
Funding,age_band,60+,belief_post,88.0
Funding,age_band,60+,concern_mean,75.0
Funding,age_band,60+,distrust_post,15.0
Funding,age_band,60+,donation_ams,4.0
Funding,age_band,60+,funding_perceptions,30.0
Funding,age_band,60+,inst_trust_mean,81.0
Funding,age_band,60+,newsletter_signup,1.5
Funding,age_band,60+,policy_general,70.0
Funding,age_band,60+,policy_role_mean,85.5
Funding,age_band,60+,policy_specific_mean,75.0
Funding,age_band,60+,trust_multidimensional,79.91666666666667
Funding,age_band,60+,trust_post,85.0
Funding,education,Bachelor's degree,behavior_mean,67.5
Funding,education,Bachelor's degree,belief_post,95.0
Funding,education,Bachelor's degree,concern_mean,91.66666666666667
Funding,education,Bachelor's degree,distrust_post,10.0
Funding,education,Bachelor's degree,donation_ams,5.0
Funding,education,Bachelor's degree,funding_perceptions,65.0
Funding,education,Bachelor's degree,inst_trust_mean,85.0
Funding,education,Bachelor's degree,newsletter_signup,1.4
Funding,education,Bachelor's degree,policy_general,85.0
Funding,education,Bachelor's degree,policy_role_mean,82.5
Funding,education,Bachelor's degree,policy_specific_mean,79.28571428571429
Funding,education,Bachelor's degree,trust_multidimensional,83.75
Funding,education,Bachelor's degree,trust_post,90.0
Funding,education,Doctorate degree / Ph.D.,behavior_mean,77.5
Funding,education,Doctorate degree / Ph.D.,belief_post,96.0
Funding,education,Doctorate degree / Ph.D.,concern_mean,93.66666666666667
Funding,education,Doctorate degree / Ph.D.,distrust_post,12.0
Funding,education,Doctorate degree / Ph.D.,donation_ams,8.0
Funding,education,Doctorate degree / Ph.D.,funding_perceptions,28.0
Funding,education,Doctorate degree / Ph.D.,inst_trust_mean,90.4
Funding,education,Doctorate degree / Ph.D.,newsletter_signup,2.0
Funding,education,Doctorate degree / Ph.D.,policy_general,90.0
Funding,education,Doctorate degree / Ph.D.,policy_role_mean,85.0
Funding,education,Doctorate degree / Ph.D.,policy_specific_mean,81.57142857142857
Funding,education,Doctorate degree / Ph.D.,trust_multidimensional,92.0
Funding,education,Doctorate degree / Ph.D.,trust_post,88.0
Funding,education,High school diploma / GED,behavior_mean,48.333333333333336
Funding,education,High school diploma / GED,belief_post,75.0
Funding,education,High school diploma / GED,concern_mean,66.66666666666667
Funding,education,High school diploma / GED,distrust_post,40.0
Funding,education,High school diploma / GED,donation_ams,3.0
Funding,education,High school diploma / GED,funding_perceptions,60.0
Funding,education,High school diploma / GED,inst_trust_mean,55.0
Funding,education,High school diploma / GED,newsletter_signup,1.5
Funding,education,High school diploma / GED,policy_general,60.0
Funding,education,High school diploma / GED,policy_role_mean,67.5
Funding,education,High school diploma / GED,policy_specific_mean,55.714285714285715
Funding,education,High school diploma / GED,trust_multidimensional,63.583333333333336
Funding,education,High school diploma / GED,trust_post,60.0
Funding,education,Less than high school,behavior_mean,48.333333333333336
Funding,education,Less than high school,belief_post,68.0
Funding,education,Less than high school,concern_mean,67.33333333333333
Funding,education,Less than high school,distrust_post,40.0
Funding,education,Less than high school,donation_ams,3.5
Funding,education,Less than high school,funding_perceptions,45.0
Funding,education,Less than high school,inst_trust_mean,44.6
Funding,education,Less than high school,newsletter_signup,2.0
Funding,education,Less than high school,policy_general,60.0
Funding,education,Less than high school,policy_role_mean,65.0
Funding,education,Less than high school,policy_specific_mean,51.857142857142854
Funding,education,Less than high school,trust_multidimensional,68.66666666666667
Funding,education,Less than high school,trust_post,60.0
Funding,education,Master's degree / Professional degree,behavior_mean,76.66666666666667
Funding,education,Master's degree / Professional degree,belief_post,98.0
Funding,education,Master's degree / Professional degree,concern_mean,91.66666666666667
Funding,education,Master's degree / Professional degree,distrust_post,10.0
Funding,education,Master's degree / Professional degree,donation_ams,6.0
Funding,education,Master's degree / Professional degree,funding_perceptions,30.0
Funding,education,Master's degree / Professional degree,inst_trust_mean,86.8
Funding,education,Master's degree / Professional degree,newsletter_signup,1.3
Funding,education,Master's degree / Professional degree,policy_general,90.0
Funding,education,Master's degree / Professional degree,policy_role_mean,88.75
Funding,education,Master's degree / Professional degree,policy_specific_mean,85.71428571428571
Funding,education,Master's degree / Professional degree,trust_multidimensional,87.91666666666667
Funding,education,Master's degree / Professional degree,trust_post,88.0
Funding,education,Some college or Associate's degree,behavior_mean,60.833333333333336
Funding,education,Some college or Associate's degree,belief_post,80.0
Funding,education,Some college or Associate's degree,concern_mean,75.0
Funding,education,Some college or Associate's degree,distrust_post,30.0
Funding,education,Some college or Associate's degree,donation_ams,5.0
Funding,education,Some college or Associate's degree,funding_perceptions,45.0
Funding,education,Some college or Associate's degree,inst_trust_mean,72.0
Funding,education,Some college or Associate's degree,newsletter_signup,1.0
Funding,education,Some college or Associate's degree,policy_general,68.0
Funding,education,Some college or Associate's degree,policy_role_mean,71.25
Funding,education,Some college or Associate's degree,policy_specific_mean,67.85714285714286
Funding,education,Some college or Associate's degree,trust_multidimensional,74.58333333333333
Funding,education,Some college or Associate's degree,trust_post,70.0
Funding,gender,Female,behavior_mean,69.66666666666667
Funding,gender,Female,belief_post,90.0
Funding,gender,Female,concern_mean,86.0
Funding,gender,Female,distrust_post,18.0
Funding,gender,Female,donation_ams,7.0
Funding,gender,Female,funding_perceptions,35.0
Funding,gender,Female,inst_trust_mean,84.2
Funding,gender,Female,newsletter_signup,1.2
Funding,gender,Female,policy_general,85.0
Funding,gender,Female,policy_role_mean,80.5
Funding,gender,Female,policy_specific_mean,84.57142857142857
Funding,gender,Female,trust_multidimensional,79.41666666666667
Funding,gender,Female,trust_post,82.0
Funding,gender,Male,behavior_mean,62.5
Funding,gender,Male,belief_post,90.0
Funding,gender,Male,concern_mean,78.33333333333333
Funding,gender,Male,distrust_post,30.0
Funding,gender,Male,donation_ams,5.0
Funding,gender,Male,funding_perceptions,50.0
Funding,gender,Male,inst_trust_mean,71.0
Funding,gender,Male,newsletter_signup,1.5
Funding,gender,Male,policy_general,70.0
Funding,gender,Male,policy_role_mean,77.5
Funding,gender,Male,policy_specific_mean,67.85714285714286
Funding,gender,Male,trust_multidimensional,78.75
Funding,gender,Male,trust_post,70.0
Funding,gender,Other,behavior_mean,63.333333333333336
Funding,gender,Other,belief_post,90.0
Funding,gender,Other,concern_mean,88.33333333333333
Funding,gender,Other,distrust_post,25.0
Funding,gender,Other,donation_ams,5.0
Funding,gender,Other,funding_perceptions,45.0
Funding,gender,Other,inst_trust_mean,77.6
Funding,gender,Other,newsletter_signup,2.0
Funding,gender,Other,policy_general,80.0
Funding,gender,Other,policy_role_mean,80.5
Funding,gender,Other,policy_specific_mean,77.14285714285714
Funding,gender,Other,trust_multidimensional,77.33333333333333
Funding,gender,Other,trust_post,75.0
Funding,income,"$100,000 to $167,999",behavior_mean,75.5
Funding,income,"$100,000 to $167,999",belief_post,90.0
Funding,income,"$100,000 to $167,999",concern_mean,90.66666666666667
Funding,income,"$100,000 to $167,999",distrust_post,8.0
Funding,income,"$100,000 to $167,999",donation_ams,7.5
Funding,income,"$100,000 to $167,999",funding_perceptions,40.0
Funding,income,"$100,000 to $167,999",inst_trust_mean,82.0
Funding,income,"$100,000 to $167,999",newsletter_signup,1.4
Funding,income,"$100,000 to $167,999",policy_general,82.0
Funding,income,"$100,000 to $167,999",policy_role_mean,89.25
Funding,income,"$100,000 to $167,999",policy_specific_mean,82.71428571428571
Funding,income,"$100,000 to $167,999",trust_multidimensional,85.16666666666667
Funding,income,"$100,000 to $167,999",trust_post,92.0
Funding,income,"$168,000 or more",behavior_mean,77.83333333333333
Funding,income,"$168,000 or more",belief_post,97.0
Funding,income,"$168,000 or more",concern_mean,90.0
Funding,income,"$168,000 or more",distrust_post,10.0
Funding,income,"$168,000 or more",donation_ams,7.5
Funding,income,"$168,000 or more",funding_perceptions,32.0
Funding,income,"$168,000 or more",inst_trust_mean,84.2
Funding,income,"$168,000 or more",newsletter_signup,1.0
Funding,income,"$168,000 or more",policy_general,88.0
Funding,income,"$168,000 or more",policy_role_mean,84.25
Funding,income,"$168,000 or more",policy_specific_mean,85.14285714285714
Funding,income,"$168,000 or more",trust_multidimensional,86.83333333333333
Funding,income,"$168,000 or more",trust_post,90.0
Funding,income,"$30,000 to $55,999",behavior_mean,43.0
Funding,income,"$30,000 to $55,999",belief_post,82.0
Funding,income,"$30,000 to $55,999",concern_mean,77.66666666666667
Funding,income,"$30,000 to $55,999",distrust_post,25.0
Funding,income,"$30,000 to $55,999",donation_ams,3.0
Funding,income,"$30,000 to $55,999",funding_perceptions,45.0
Funding,income,"$30,000 to $55,999",inst_trust_mean,69.0
Funding,income,"$30,000 to $55,999",newsletter_signup,50.0
Funding,income,"$30,000 to $55,999",policy_general,70.0
Funding,income,"$30,000 to $55,999",policy_role_mean,76.75
Funding,income,"$30,000 to $55,999",policy_specific_mean,70.71428571428571
Funding,income,"$30,000 to $55,999",trust_multidimensional,71.91666666666667
Funding,income,"$30,000 to $55,999",trust_post,78.0
Funding,income,"$56,000 to $99,999",behavior_mean,65.83333333333333
Funding,income,"$56,000 to $99,999",belief_post,88.0
Funding,income,"$56,000 to $99,999",concern_mean,75.66666666666667
Funding,income,"$56,000 to $99,999",distrust_post,30.0
Funding,income,"$56,000 to $99,999",donation_ams,7.5
Funding,income,"$56,000 to $99,999",funding_perceptions,40.0
Funding,income,"$56,000 to $99,999",inst_trust_mean,78.6
Funding,income,"$56,000 to $99,999",newsletter_signup,2.1
Funding,income,"$56,000 to $99,999",policy_general,80.0
Funding,income,"$56,000 to $99,999",policy_role_mean,82.0
Funding,income,"$56,000 to $99,999",policy_specific_mean,72.14285714285714
Funding,income,"$56,000 to $99,999",trust_multidimensional,73.75
Funding,income,"$56,000 to $99,999",trust_post,70.0
Funding,income,"Less than $30,000",behavior_mean,51.666666666666664
Funding,income,"Less than $30,000",belief_post,85.0
Funding,income,"Less than $30,000",concern_mean,71.66666666666667
Funding,income,"Less than $30,000",distrust_post,15.0
Funding,income,"Less than $30,000",donation_ams,4.0
Funding,income,"Less than $30,000",funding_perceptions,40.0
Funding,income,"Less than $30,000",inst_trust_mean,75.2
Funding,income,"Less than $30,000",newsletter_signup,1.2
Funding,income,"Less than $30,000",policy_general,75.0
Funding,income,"Less than $30,000",policy_role_mean,72.5
Funding,income,"Less than $30,000",policy_specific_mean,69.42857142857143
Funding,income,"Less than $30,000",trust_multidimensional,77.91666666666667
Funding,income,"Less than $30,000",trust_post,78.0
Funding,party,Democrat,behavior_mean,60.833333333333336
Funding,party,Democrat,belief_post,95.0
Funding,party,Democrat,concern_mean,94.33333333333333
Funding,party,Democrat,distrust_post,15.0
Funding,party,Democrat,donation_ams,7.0
Funding,party,Democrat,funding_perceptions,65.0
Funding,party,Democrat,inst_trust_mean,85.6
Funding,party,Democrat,newsletter_signup,1.0
Funding,party,Democrat,policy_general,92.0
Funding,party,Democrat,policy_role_mean,88.25
Funding,party,Democrat,policy_specific_mean,85.14285714285714
Funding,party,Democrat,trust_multidimensional,84.33333333333333
Funding,party,Democrat,trust_post,88.0
Funding,party,Independent,behavior_mean,48.333333333333336
Funding,party,Independent,belief_post,80.0
Funding,party,Independent,concern_mean,66.66666666666667
Funding,party,Independent,distrust_post,35.0
Funding,party,Independent,donation_ams,5.0
Funding,party,Independent,funding_perceptions,45.0
Funding,party,Independent,inst_trust_mean,64.0
Funding,party,Independent,newsletter_signup,1.2
Funding,party,Independent,policy_general,60.0
Funding,party,Independent,policy_role_mean,68.75
Funding,party,Independent,policy_specific_mean,58.57142857142857
Funding,party,Independent,trust_multidimensional,71.25
Funding,party,Independent,trust_post,65.0
Funding,party,Other,behavior_mean,53.833333333333336
Funding,party,Other,belief_post,78.0
Funding,party,Other,concern_mean,65.0
Funding,party,Other,distrust_post,35.0
Funding,party,Other,donation_ams,4.0
Funding,party,Other,funding_perceptions,45.0
Funding,party,Other,inst_trust_mean,72.4
Funding,party,Other,newsletter_signup,55.0
Funding,party,Other,policy_general,68.0
Funding,party,Other,policy_role_mean,72.0
Funding,party,Other,policy_specific_mean,63.57142857142857
Funding,party,Other,trust_multidimensional,70.75
Funding,party,Other,trust_post,65.0
Funding,party,Republican,behavior_mean,48.333333333333336
Funding,party,Republican,belief_post,40.0
Funding,party,Republican,concern_mean,48.333333333333336
Funding,party,Republican,distrust_post,65.0
Funding,party,Republican,donation_ams,4.0
Funding,party,Republican,funding_perceptions,40.0
Funding,party,Republican,inst_trust_mean,41.0
Funding,party,Republican,newsletter_signup,2.0
Funding,party,Republican,policy_general,45.0
Funding,party,Republican,policy_role_mean,45.0
Funding,party,Republican,policy_specific_mean,41.42857142857143
Funding,party,Republican,trust_multidimensional,50.0
Funding,party,Republican,trust_post,45.0
Funding,race,Asian / Asian American,behavior_mean,64.16666666666667
Funding,race,Asian / Asian American,belief_post,90.0
Funding,race,Asian / Asian American,concern_mean,86.66666666666667
Funding,race,Asian / Asian American,distrust_post,15.0
Funding,race,Asian / Asian American,donation_ams,4.0
Funding,race,Asian / Asian American,funding_perceptions,70.0
Funding,race,Asian / Asian American,inst_trust_mean,80.0
Funding,race,Asian / Asian American,newsletter_signup,1.0
Funding,race,Asian / Asian American,policy_general,80.0
Funding,race,Asian / Asian American,policy_role_mean,81.25
Funding,race,Asian / Asian American,policy_specific_mean,82.14285714285714
Funding,race,Asian / Asian American,trust_multidimensional,83.75
Funding,race,Asian / Asian American,trust_post,85.0
Funding,race,Black / African American,behavior_mean,70.16666666666667
Funding,race,Black / African American,belief_post,90.0
Funding,race,Black / African American,concern_mean,90.66666666666667
Funding,race,Black / African American,distrust_post,15.0
Funding,race,Black / African American,donation_ams,6.5
Funding,race,Black / African American,funding_perceptions,25.0
Funding,race,Black / African American,inst_trust_mean,78.0
Funding,race,Black / African American,newsletter_signup,1.8
Funding,race,Black / African American,policy_general,88.0
Funding,race,Black / African American,policy_role_mean,80.75
Funding,race,Black / African American,policy_specific_mean,83.57142857142857
Funding,race,Black / African American,trust_multidimensional,81.25
Funding,race,Black / African American,trust_post,87.0
Funding,race,Hispanic / Latino,behavior_mean,66.0
Funding,race,Hispanic / Latino,belief_post,90.0
Funding,race,Hispanic / Latino,concern_mean,84.0
Funding,race,Hispanic / Latino,distrust_post,15.0
Funding,race,Hispanic / Latino,donation_ams,6.5
Funding,race,Hispanic / Latino,funding_perceptions,45.0
Funding,race,Hispanic / Latino,inst_trust_mean,72.2
Funding,race,Hispanic / Latino,newsletter_signup,1.8
Funding,race,Hispanic / Latino,policy_general,78.0
Funding,race,Hispanic / Latino,policy_role_mean,85.0
Funding,race,Hispanic / Latino,policy_specific_mean,75.0
Funding,race,Hispanic / Latino,trust_multidimensional,79.58333333333333
Funding,race,Hispanic / Latino,trust_post,72.0
Funding,race,Other,behavior_mean,66.125
Funding,race,Other,belief_post,90.0
Funding,race,Other,concern_mean,85.58333333333334
Funding,race,Other,distrust_post,17.5
Funding,race,Other,donation_ams,5.5
Funding,race,Other,funding_perceptions,43.75
Funding,race,Other,inst_trust_mean,76.15
Funding,race,Other,newsletter_signup,1.3375
Funding,race,Other,policy_general,80.25
Funding,race,Other,policy_role_mean,80.5
Funding,race,Other,policy_specific_mean,78.03571428571429
Funding,race,Other,trust_multidimensional,80.3125
Funding,race,Other,trust_post,79.75
Funding,race,White / Caucasian,behavior_mean,64.16666666666667
Funding,race,White / Caucasian,belief_post,90.0
Funding,race,White / Caucasian,concern_mean,81.0
Funding,race,White / Caucasian,distrust_post,25.0
Funding,race,White / Caucasian,donation_ams,5.0
Funding,race,White / Caucasian,funding_perceptions,35.0
Funding,race,White / Caucasian,inst_trust_mean,74.4
Funding,race,White / Caucasian,newsletter_signup,0.75
Funding,race,White / Caucasian,policy_general,75.0
Funding,race,White / Caucasian,policy_role_mean,75.0
Funding,race,White / Caucasian,policy_specific_mean,71.42857142857143
Funding,race,White / Caucasian,trust_multidimensional,76.66666666666667
Funding,race,White / Caucasian,trust_post,75.0
High public trust,age_band,18-29,behavior_mean,74.16666666666667
High public trust,age_band,18-29,belief_post,95.0
High public trust,age_band,18-29,concern_mean,92.33333333333333
High public trust,age_band,18-29,distrust_post,9.0
High public trust,age_band,18-29,donation_ams,6.5
High public trust,age_band,18-29,funding_perceptions,35.0
High public trust,age_band,18-29,inst_trust_mean,81.0
High public trust,age_band,18-29,newsletter_signup,1.3
High public trust,age_band,18-29,policy_general,90.0
High public trust,age_band,18-29,policy_role_mean,89.25
High public trust,age_band,18-29,policy_specific_mean,84.0
High public trust,age_band,18-29,trust_multidimensional,86.83333333333333
High public trust,age_band,18-29,trust_post,92.0
High public trust,age_band,30-44,behavior_mean,69.66666666666667
High public trust,age_band,30-44,belief_post,90.0
High public trust,age_band,30-44,concern_mean,90.0
High public trust,age_band,30-44,distrust_post,12.0
High public trust,age_band,30-44,donation_ams,3.0
High public trust,age_band,30-44,funding_perceptions,38.0
High public trust,age_band,30-44,inst_trust_mean,80.2
High public trust,age_band,30-44,newsletter_signup,1.5
High public trust,age_band,30-44,policy_general,80.0
High public trust,age_band,30-44,policy_role_mean,80.5
High public trust,age_band,30-44,policy_specific_mean,81.71428571428571
High public trust,age_band,30-44,trust_multidimensional,84.0
High public trust,age_band,30-44,trust_post,89.0
High public trust,age_band,45-59,behavior_mean,68.33333333333333
High public trust,age_band,45-59,belief_post,90.0
High public trust,age_band,45-59,concern_mean,73.33333333333333
High public trust,age_band,45-59,distrust_post,15.0
High public trust,age_band,45-59,donation_ams,6.0
High public trust,age_band,45-59,funding_perceptions,35.0
High public trust,age_band,45-59,inst_trust_mean,80.0
High public trust,age_band,45-59,newsletter_signup,1.5
High public trust,age_band,45-59,policy_general,80.0
High public trust,age_band,45-59,policy_role_mean,78.75
High public trust,age_band,45-59,policy_specific_mean,74.28571428571429
High public trust,age_band,45-59,trust_multidimensional,83.16666666666667
High public trust,age_band,45-59,trust_post,85.0
High public trust,age_band,60+,behavior_mean,62.5
High public trust,age_band,60+,belief_post,78.0
High public trust,age_band,60+,concern_mean,79.0
High public trust,age_band,60+,distrust_post,20.0
High public trust,age_band,60+,donation_ams,5.0
High public trust,age_band,60+,funding_perceptions,45.0
High public trust,age_band,60+,inst_trust_mean,81.6
High public trust,age_band,60+,newsletter_signup,1.5
High public trust,age_band,60+,policy_general,75.0
High public trust,age_band,60+,policy_role_mean,72.0
High public trust,age_band,60+,policy_specific_mean,69.28571428571429
High public trust,age_band,60+,trust_multidimensional,78.75
High public trust,age_band,60+,trust_post,80.0
High public trust,education,Bachelor's degree,behavior_mean,68.83333333333333
High public trust,education,Bachelor's degree,belief_post,92.0
High public trust,education,Bachelor's degree,concern_mean,89.33333333333333
High public trust,education,Bachelor's degree,distrust_post,18.0
High public trust,education,Bachelor's degree,donation_ams,6.0
High public trust,education,Bachelor's degree,funding_perceptions,35.0
High public trust,education,Bachelor's degree,inst_trust_mean,85.0
High public trust,education,Bachelor's degree,newsletter_signup,2.0
High public trust,education,Bachelor's degree,policy_general,85.0
High public trust,education,Bachelor's degree,policy_role_mean,90.25
High public trust,education,Bachelor's degree,policy_specific_mean,85.0
High public trust,education,Bachelor's degree,trust_multidimensional,84.75
High public trust,education,Bachelor's degree,trust_post,90.0
High public trust,education,Doctorate degree / Ph.D.,behavior_mean,81.16666666666667
High public trust,education,Doctorate degree / Ph.D.,belief_post,98.0
High public trust,education,Doctorate degree / Ph.D.,concern_mean,96.0
High public trust,education,Doctorate degree / Ph.D.,distrust_post,10.0
High public trust,education,Doctorate degree / Ph.D.,donation_ams,8.0
High public trust,education,Doctorate degree / Ph.D.,funding_perceptions,80.0
High public trust,education,Doctorate degree / Ph.D.,inst_trust_mean,88.8
High public trust,education,Doctorate degree / Ph.D.,newsletter_signup,1.0
High public trust,education,Doctorate degree / Ph.D.,policy_general,92.0
High public trust,education,Doctorate degree / Ph.D.,policy_role_mean,90.0
High public trust,education,Doctorate degree / Ph.D.,policy_specific_mean,89.28571428571429
High public trust,education,Doctorate degree / Ph.D.,trust_multidimensional,90.16666666666667
High public trust,education,Doctorate degree / Ph.D.,trust_post,96.0
High public trust,education,High school diploma / GED,behavior_mean,61.666666666666664
High public trust,education,High school diploma / GED,belief_post,80.0
High public trust,education,High school diploma / GED,concern_mean,75.0
High public trust,education,High school diploma / GED,distrust_post,20.0
High public trust,education,High school diploma / GED,donation_ams,4.0
High public trust,education,High school diploma / GED,funding_perceptions,45.0
High public trust,education,High school diploma / GED,inst_trust_mean,72.0
High public trust,education,High school diploma / GED,newsletter_signup,2.0
High public trust,education,High school diploma / GED,policy_general,70.0
High public trust,education,High school diploma / GED,policy_role_mean,75.0
High public trust,education,High school diploma / GED,policy_specific_mean,73.57142857142857
High public trust,education,High school diploma / GED,trust_multidimensional,73.66666666666667
High public trust,education,High school diploma / GED,trust_post,80.0
High public trust,education,Less than high school,behavior_mean,34.166666666666664
High public trust,education,Less than high school,belief_post,65.0
High public trust,education,Less than high school,concern_mean,61.666666666666664
High public trust,education,Less than high school,distrust_post,30.0
High public trust,education,Less than high school,donation_ams,25.0
High public trust,education,Less than high school,funding_perceptions,40.0
High public trust,education,Less than high school,inst_trust_mean,63.0
High public trust,education,Less than high school,newsletter_signup,1.6
High public trust,education,Less than high school,policy_general,65.0
High public trust,education,Less than high school,policy_role_mean,72.5
High public trust,education,Less than high school,policy_specific_mean,60.0
High public trust,education,Less than high school,trust_multidimensional,63.166666666666664
High public trust,education,Less than high school,trust_post,70.0
High public trust,education,Master's degree / Professional degree,behavior_mean,72.66666666666667
High public trust,education,Master's degree / Professional degree,belief_post,97.0
High public trust,education,Master's degree / Professional degree,concern_mean,90.66666666666667
High public trust,education,Master's degree / Professional degree,distrust_post,9.0
High public trust,education,Master's degree / Professional degree,donation_ams,7.0
High public trust,education,Master's degree / Professional degree,funding_perceptions,55.0
High public trust,education,Master's degree / Professional degree,inst_trust_mean,87.2
High public trust,education,Master's degree / Professional degree,newsletter_signup,1.4
High public trust,education,Master's degree / Professional degree,policy_general,90.0
High public trust,education,Master's degree / Professional degree,policy_role_mean,90.0
High public trust,education,Master's degree / Professional degree,policy_specific_mean,83.71428571428571
High public trust,education,Master's degree / Professional degree,trust_multidimensional,88.91666666666667
High public trust,education,Master's degree / Professional degree,trust_post,91.0
High public trust,education,Some college or Associate's degree,behavior_mean,62.5
High public trust,education,Some college or Associate's degree,belief_post,82.0
High public trust,education,Some college or Associate's degree,concern_mean,71.66666666666667
High public trust,education,Some college or Associate's degree,distrust_post,15.0
High public trust,education,Some college or Associate's degree,donation_ams,5.0
High public trust,education,Some college or Associate's degree,funding_perceptions,35.0
High public trust,education,Some college or Associate's degree,inst_trust_mean,71.4
High public trust,education,Some college or Associate's degree,newsletter_signup,2.0
High public trust,education,Some college or Associate's degree,policy_general,75.0
High public trust,education,Some college or Associate's degree,policy_role_mean,78.75
High public trust,education,Some college or Associate's degree,policy_specific_mean,75.14285714285714
High public trust,education,Some college or Associate's degree,trust_multidimensional,81.91666666666667
High public trust,education,Some college or Associate's degree,trust_post,85.0
High public trust,gender,Female,behavior_mean,63.333333333333336
High public trust,gender,Female,belief_post,95.0
High public trust,gender,Female,concern_mean,86.66666666666667
High public trust,gender,Female,distrust_post,15.0
High public trust,gender,Female,donation_ams,8.0
High public trust,gender,Female,funding_perceptions,60.0
High public trust,gender,Female,inst_trust_mean,80.2
High public trust,gender,Female,newsletter_signup,1.0
High public trust,gender,Female,policy_general,80.0
High public trust,gender,Female,policy_role_mean,82.5
High public trust,gender,Female,policy_specific_mean,81.42857142857143
High public trust,gender,Female,trust_multidimensional,80.25
High public trust,gender,Female,trust_post,85.0
High public trust,gender,Male,behavior_mean,49.166666666666664
High public trust,gender,Male,belief_post,82.0
High public trust,gender,Male,concern_mean,74.33333333333333
High public trust,gender,Male,distrust_post,20.0
High public trust,gender,Male,donation_ams,4.0
High public trust,gender,Male,funding_perceptions,40.0
High public trust,gender,Male,inst_trust_mean,77.0
High public trust,gender,Male,newsletter_signup,2.0
High public trust,gender,Male,policy_general,75.0
High public trust,gender,Male,policy_role_mean,81.25
High public trust,gender,Male,policy_specific_mean,75.42857142857143
High public trust,gender,Male,trust_multidimensional,80.41666666666667
High public trust,gender,Male,trust_post,85.0
High public trust,gender,Other,behavior_mean,63.333333333333336
High public trust,gender,Other,belief_post,90.0
High public trust,gender,Other,concern_mean,85.0
High public trust,gender,Other,distrust_post,15.0
High public trust,gender,Other,donation_ams,5.0
High public trust,gender,Other,funding_perceptions,50.0
High public trust,gender,Other,inst_trust_mean,81.8
High public trust,gender,Other,newsletter_signup,2.0
High public trust,gender,Other,policy_general,75.0
High public trust,gender,Other,policy_role_mean,76.25
High public trust,gender,Other,policy_specific_mean,74.28571428571429
High public trust,gender,Other,trust_multidimensional,83.75
High public trust,gender,Other,trust_post,80.0
High public trust,income,"$100,000 to $167,999",behavior_mean,70.16666666666667
High public trust,income,"$100,000 to $167,999",belief_post,85.0
High public trust,income,"$100,000 to $167,999",concern_mean,80.0
High public trust,income,"$100,000 to $167,999",distrust_post,25.0
High public trust,income,"$100,000 to $167,999",donation_ams,6.0
High public trust,income,"$100,000 to $167,999",funding_perceptions,35.0
High public trust,income,"$100,000 to $167,999",inst_trust_mean,82.0
High public trust,income,"$100,000 to $167,999",newsletter_signup,1.0
High public trust,income,"$100,000 to $167,999",policy_general,75.0
High public trust,income,"$100,000 to $167,999",policy_role_mean,76.25
High public trust,income,"$100,000 to $167,999",policy_specific_mean,73.0
High public trust,income,"$100,000 to $167,999",trust_multidimensional,81.25
High public trust,income,"$100,000 to $167,999",trust_post,78.0
High public trust,income,"$168,000 or more",behavior_mean,74.5
High public trust,income,"$168,000 or more",belief_post,95.0
High public trust,income,"$168,000 or more",concern_mean,91.0
High public trust,income,"$168,000 or more",distrust_post,12.0
High public trust,income,"$168,000 or more",donation_ams,7.5
High public trust,income,"$168,000 or more",funding_perceptions,70.0
High public trust,income,"$168,000 or more",inst_trust_mean,85.0
High public trust,income,"$168,000 or more",newsletter_signup,2.0
High public trust,income,"$168,000 or more",policy_general,90.0
High public trust,income,"$168,000 or more",policy_role_mean,85.25
High public trust,income,"$168,000 or more",policy_specific_mean,83.14285714285714
High public trust,income,"$168,000 or more",trust_multidimensional,87.83333333333333
High public trust,income,"$168,000 or more",trust_post,88.0
High public trust,income,"$30,000 to $55,999",behavior_mean,59.166666666666664
High public trust,income,"$30,000 to $55,999",belief_post,85.0
High public trust,income,"$30,000 to $55,999",concern_mean,81.66666666666667
High public trust,income,"$30,000 to $55,999",distrust_post,15.0
High public trust,income,"$30,000 to $55,999",donation_ams,5.0
High public trust,income,"$30,000 to $55,999",funding_perceptions,35.0
High public trust,income,"$30,000 to $55,999",inst_trust_mean,74.0
High public trust,income,"$30,000 to $55,999",newsletter_signup,2.0
High public trust,income,"$30,000 to $55,999",policy_general,70.0
High public trust,income,"$30,000 to $55,999",policy_role_mean,78.75
High public trust,income,"$30,000 to $55,999",policy_specific_mean,68.57142857142857
High public trust,income,"$30,000 to $55,999",trust_multidimensional,80.0
High public trust,income,"$30,000 to $55,999",trust_post,85.0
High public trust,income,"$56,000 to $99,999",behavior_mean,67.33333333333333
High public trust,income,"$56,000 to $99,999",belief_post,93.0
High public trust,income,"$56,000 to $99,999",concern_mean,83.0
High public trust,income,"$56,000 to $99,999",distrust_post,12.0
High public trust,income,"$56,000 to $99,999",donation_ams,6.5
High public trust,income,"$56,000 to $99,999",funding_perceptions,55.0
High public trust,income,"$56,000 to $99,999",inst_trust_mean,85.2
High public trust,income,"$56,000 to $99,999",newsletter_signup,1.0
High public trust,income,"$56,000 to $99,999",policy_general,85.0
High public trust,income,"$56,000 to $99,999",policy_role_mean,78.75
High public trust,income,"$56,000 to $99,999",policy_specific_mean,78.57142857142857
High public trust,income,"$56,000 to $99,999",trust_multidimensional,86.58333333333333
High public trust,income,"$56,000 to $99,999",trust_post,88.0
High public trust,income,"Less than $30,000",behavior_mean,44.166666666666664
High public trust,income,"Less than $30,000",belief_post,75.0
High public trust,income,"Less than $30,000",concern_mean,67.66666666666667
High public trust,income,"Less than $30,000",distrust_post,21.0
High public trust,income,"Less than $30,000",donation_ams,4.5
High public trust,income,"Less than $30,000",funding_perceptions,52.0
High public trust,income,"Less than $30,000",inst_trust_mean,76.8
High public trust,income,"Less than $30,000",newsletter_signup,1.6
High public trust,income,"Less than $30,000",policy_general,65.0
High public trust,income,"Less than $30,000",policy_role_mean,75.0
High public trust,income,"Less than $30,000",policy_specific_mean,63.285714285714285
High public trust,income,"Less than $30,000",trust_multidimensional,80.08333333333333
High public trust,income,"Less than $30,000",trust_post,79.0
High public trust,party,Democrat,behavior_mean,76.66666666666667
High public trust,party,Democrat,belief_post,98.0
High public trust,party,Democrat,concern_mean,95.0
High public trust,party,Democrat,distrust_post,5.0
High public trust,party,Democrat,donation_ams,7.0
High public trust,party,Democrat,funding_perceptions,30.0
High public trust,party,Democrat,inst_trust_mean,90.0
High public trust,party,Democrat,newsletter_signup,1.0
High public trust,party,Democrat,policy_general,90.0
High public trust,party,Democrat,policy_role_mean,91.25
High public trust,party,Democrat,policy_specific_mean,87.85714285714286
High public trust,party,Democrat,trust_multidimensional,88.75
High public trust,party,Democrat,trust_post,95.0
High public trust,party,Independent,behavior_mean,65.5
High public trust,party,Independent,belief_post,91.0
High public trust,party,Independent,concern_mean,77.0
High public trust,party,Independent,distrust_post,18.0
High public trust,party,Independent,donation_ams,6.0
High public trust,party,Independent,funding_perceptions,55.0
High public trust,party,Independent,inst_trust_mean,78.6
High public trust,party,Independent,newsletter_signup,3.0
High public trust,party,Independent,policy_general,78.0
High public trust,party,Independent,policy_role_mean,71.25
High public trust,party,Independent,policy_specific_mean,74.0
High public trust,party,Independent,trust_multidimensional,83.91666666666667
High public trust,party,Independent,trust_post,88.0
High public trust,party,Other,behavior_mean,62.666666666666664
High public trust,party,Other,belief_post,75.0
High public trust,party,Other,concern_mean,64.33333333333333
High public trust,party,Other,distrust_post,22.0
High public trust,party,Other,donation_ams,48.0
High public trust,party,Other,funding_perceptions,40.0
High public trust,party,Other,inst_trust_mean,72.8
High public trust,party,Other,newsletter_signup,50.0
High public trust,party,Other,policy_general,62.0
High public trust,party,Other,policy_role_mean,64.25
High public trust,party,Other,policy_specific_mean,62.42857142857143
High public trust,party,Other,trust_multidimensional,75.41666666666667
High public trust,party,Other,trust_post,78.0
High public trust,party,Republican,behavior_mean,42.5
High public trust,party,Republican,belief_post,55.0
High public trust,party,Republican,concern_mean,55.0
High public trust,party,Republican,distrust_post,35.0
High public trust,party,Republican,donation_ams,3.0
High public trust,party,Republican,funding_perceptions,35.0
High public trust,party,Republican,inst_trust_mean,55.0
High public trust,party,Republican,newsletter_signup,2.0
High public trust,party,Republican,policy_general,45.0
High public trust,party,Republican,policy_role_mean,61.25
High public trust,party,Republican,policy_specific_mean,45.714285714285715
High public trust,party,Republican,trust_multidimensional,67.08333333333333
High public trust,party,Republican,trust_post,65.0
High public trust,race,Asian / Asian American,behavior_mean,65.0
High public trust,race,Asian / Asian American,belief_post,95.0
High public trust,race,Asian / Asian American,concern_mean,86.66666666666667
High public trust,race,Asian / Asian American,distrust_post,5.0
High public trust,race,Asian / Asian American,donation_ams,5.0
High public trust,race,Asian / Asian American,funding_perceptions,35.0
High public trust,race,Asian / Asian American,inst_trust_mean,85.2
High public trust,race,Asian / Asian American,newsletter_signup,1.0
High public trust,race,Asian / Asian American,policy_general,80.0
High public trust,race,Asian / Asian American,policy_role_mean,86.25
High public trust,race,Asian / Asian American,policy_specific_mean,81.85714285714286
High public trust,race,Asian / Asian American,trust_multidimensional,86.91666666666667
High public trust,race,Asian / Asian American,trust_post,92.0
High public trust,race,Black / African American,behavior_mean,79.16666666666667
High public trust,race,Black / African American,belief_post,95.0
High public trust,race,Black / African American,concern_mean,95.0
High public trust,race,Black / African American,distrust_post,15.0
High public trust,race,Black / African American,donation_ams,7.0
High public trust,race,Black / African American,funding_perceptions,60.0
High public trust,race,Black / African American,inst_trust_mean,81.0
High public trust,race,Black / African American,newsletter_signup,1.0
High public trust,race,Black / African American,policy_general,90.0
High public trust,race,Black / African American,policy_role_mean,90.0
High public trust,race,Black / African American,policy_specific_mean,90.28571428571429
High public trust,race,Black / African American,trust_multidimensional,87.41666666666667
High public trust,race,Black / African American,trust_post,90.0
High public trust,race,Hispanic / Latino,behavior_mean,50.0
High public trust,race,Hispanic / Latino,belief_post,82.0
High public trust,race,Hispanic / Latino,concern_mean,73.33333333333333
High public trust,race,Hispanic / Latino,distrust_post,25.0
High public trust,race,Hispanic / Latino,donation_ams,3.0
High public trust,race,Hispanic / Latino,funding_perceptions,80.0
High public trust,race,Hispanic / Latino,inst_trust_mean,74.0
High public trust,race,Hispanic / Latino,newsletter_signup,1.1
High public trust,race,Hispanic / Latino,policy_general,70.0
High public trust,race,Hispanic / Latino,policy_role_mean,75.0
High public trust,race,Hispanic / Latino,policy_specific_mean,70.71428571428571
High public trust,race,Hispanic / Latino,trust_multidimensional,79.16666666666667
High public trust,race,Hispanic / Latino,trust_post,75.0
High public trust,race,Other,behavior_mean,52.5
High public trust,race,Other,belief_post,80.0
High public trust,race,Other,concern_mean,78.33333333333333
High public trust,race,Other,distrust_post,20.0
High public trust,race,Other,donation_ams,5.0
High public trust,race,Other,funding_perceptions,45.0
High public trust,race,Other,inst_trust_mean,71.0
High public trust,race,Other,newsletter_signup,1.5
High public trust,race,Other,policy_general,75.0
High public trust,race,Other,policy_role_mean,78.75
High public trust,race,Other,policy_specific_mean,68.57142857142857
High public trust,race,Other,trust_multidimensional,81.25
High public trust,race,Other,trust_post,75.0
High public trust,race,White / Caucasian,behavior_mean,51.666666666666664
High public trust,race,White / Caucasian,belief_post,75.0
High public trust,race,White / Caucasian,concern_mean,80.0
High public trust,race,White / Caucasian,distrust_post,20.0
High public trust,race,White / Caucasian,donation_ams,5.0
High public trust,race,White / Caucasian,funding_perceptions,40.0
High public trust,race,White / Caucasian,inst_trust_mean,75.6
High public trust,race,White / Caucasian,newsletter_signup,1.8
High public trust,race,White / Caucasian,policy_general,70.0
High public trust,race,White / Caucasian,policy_role_mean,78.0
High public trust,race,White / Caucasian,policy_specific_mean,69.0
High public trust,race,White / Caucasian,trust_multidimensional,78.41666666666667
High public trust,race,White / Caucasian,trust_post,83.0
Interview Prof. Maraun,age_band,18-29,behavior_mean,71.83333333333333
Interview Prof. Maraun,age_band,18-29,belief_post,90.0
Interview Prof. Maraun,age_band,18-29,concern_mean,84.33333333333333
Interview Prof. Maraun,age_band,18-29,distrust_post,15.0
Interview Prof. Maraun,age_band,18-29,donation_ams,6.0
Interview Prof. Maraun,age_band,18-29,funding_perceptions,60.0
Interview Prof. Maraun,age_band,18-29,inst_trust_mean,76.2
Interview Prof. Maraun,age_band,18-29,newsletter_signup,1.5
Interview Prof. Maraun,age_band,18-29,policy_general,80.0
Interview Prof. Maraun,age_band,18-29,policy_role_mean,73.75
Interview Prof. Maraun,age_band,18-29,policy_specific_mean,75.85714285714286
Interview Prof. Maraun,age_band,18-29,trust_multidimensional,84.58333333333333
Interview Prof. Maraun,age_band,18-29,trust_post,85.0
Interview Prof. Maraun,age_band,30-44,behavior_mean,62.166666666666664
Interview Prof. Maraun,age_band,30-44,belief_post,78.0
Interview Prof. Maraun,age_band,30-44,concern_mean,86.66666666666667
Interview Prof. Maraun,age_band,30-44,distrust_post,12.0
Interview Prof. Maraun,age_band,30-44,donation_ams,6.5
Interview Prof. Maraun,age_band,30-44,funding_perceptions,42.0
Interview Prof. Maraun,age_band,30-44,inst_trust_mean,78.2
Interview Prof. Maraun,age_band,30-44,newsletter_signup,2.0
Interview Prof. Maraun,age_band,30-44,policy_general,79.0
Interview Prof. Maraun,age_band,30-44,policy_role_mean,74.0
Interview Prof. Maraun,age_band,30-44,policy_specific_mean,74.0
Interview Prof. Maraun,age_band,30-44,trust_multidimensional,85.25
Interview Prof. Maraun,age_band,30-44,trust_post,90.0
Interview Prof. Maraun,age_band,45-59,behavior_mean,53.333333333333336
Interview Prof. Maraun,age_band,45-59,belief_post,85.0
Interview Prof. Maraun,age_band,45-59,concern_mean,81.66666666666667
Interview Prof. Maraun,age_band,45-59,distrust_post,20.0
Interview Prof. Maraun,age_band,45-59,donation_ams,6.0
Interview Prof. Maraun,age_band,45-59,funding_perceptions,45.0
Interview Prof. Maraun,age_band,45-59,inst_trust_mean,76.0
Interview Prof. Maraun,age_band,45-59,newsletter_signup,1.8
Interview Prof. Maraun,age_band,45-59,policy_general,75.0
Interview Prof. Maraun,age_band,45-59,policy_role_mean,73.75
Interview Prof. Maraun,age_band,45-59,policy_specific_mean,71.42857142857143
Interview Prof. Maraun,age_band,45-59,trust_multidimensional,83.66666666666667
Interview Prof. Maraun,age_band,45-59,trust_post,80.0
Interview Prof. Maraun,age_band,60+,behavior_mean,62.44444444444445
Interview Prof. Maraun,age_band,60+,belief_post,84.33333333333333
Interview Prof. Maraun,age_band,60+,concern_mean,84.22222222222223
Interview Prof. Maraun,age_band,60+,distrust_post,15.666666666666666
Interview Prof. Maraun,age_band,60+,donation_ams,6.166666666666667
Interview Prof. Maraun,age_band,60+,funding_perceptions,49.0
Interview Prof. Maraun,age_band,60+,inst_trust_mean,76.8
Interview Prof. Maraun,age_band,60+,newsletter_signup,1.7666666666666666
Interview Prof. Maraun,age_band,60+,policy_general,78.0
Interview Prof. Maraun,age_band,60+,policy_role_mean,73.83333333333333
Interview Prof. Maraun,age_band,60+,policy_specific_mean,73.76190476190476
Interview Prof. Maraun,age_band,60+,trust_multidimensional,84.5
Interview Prof. Maraun,age_band,60+,trust_post,85.0
Interview Prof. Maraun,education,Bachelor's degree,behavior_mean,70.33333333333333
Interview Prof. Maraun,education,Bachelor's degree,belief_post,92.0
Interview Prof. Maraun,education,Bachelor's degree,concern_mean,89.0
Interview Prof. Maraun,education,Bachelor's degree,distrust_post,5.0
Interview Prof. Maraun,education,Bachelor's degree,donation_ams,7.0
Interview Prof. Maraun,education,Bachelor's degree,funding_perceptions,35.0
Interview Prof. Maraun,education,Bachelor's degree,inst_trust_mean,84.0
Interview Prof. Maraun,education,Bachelor's degree,newsletter_signup,1.8
Interview Prof. Maraun,education,Bachelor's degree,policy_general,82.0
Interview Prof. Maraun,education,Bachelor's degree,policy_role_mean,80.75
Interview Prof. Maraun,education,Bachelor's degree,policy_specific_mean,79.71428571428571
Interview Prof. Maraun,education,Bachelor's degree,trust_multidimensional,84.58333333333333
Interview Prof. Maraun,education,Bachelor's degree,trust_post,90.0
Interview Prof. Maraun,education,Doctorate degree / Ph.D.,behavior_mean,61.86666666666666
Interview Prof. Maraun,education,Doctorate degree / Ph.D.,belief_post,79.8
Interview Prof. Maraun,education,Doctorate degree / Ph.D.,concern_mean,78.06666666666666
Interview Prof. Maraun,education,Doctorate degree / Ph.D.,distrust_post,20.2
Interview Prof. Maraun,education,Doctorate degree / Ph.D.,donation_ams,5.4
Interview Prof. Maraun,education,Doctorate degree / Ph.D.,funding_perceptions,44.0
Interview Prof. Maraun,education,Doctorate degree / Ph.D.,inst_trust_mean,74.8
Interview Prof. Maraun,education,Doctorate degree / Ph.D.,newsletter_signup,1.6600000000000001
Interview Prof. Maraun,education,Doctorate degree / Ph.D.,policy_general,71.8
Interview Prof. Maraun,education,Doctorate degree / Ph.D.,policy_role_mean,76.15
Interview Prof. Maraun,education,Doctorate degree / Ph.D.,policy_specific_mean,69.02857142857144
Interview Prof. Maraun,education,Doctorate degree / Ph.D.,trust_multidimensional,80.73333333333332
Interview Prof. Maraun,education,Doctorate degree / Ph.D.,trust_post,78.4
Interview Prof. Maraun,education,High school diploma / GED,behavior_mean,60.0
Interview Prof. Maraun,education,High school diploma / GED,belief_post,80.0
Interview Prof. Maraun,education,High school diploma / GED,concern_mean,70.0
Interview Prof. Maraun,education,High school diploma / GED,distrust_post,25.0
Interview Prof. Maraun,education,High school diploma / GED,donation_ams,7.0
Interview Prof. Maraun,education,High school diploma / GED,funding_perceptions,50.0
Interview Prof. Maraun,education,High school diploma / GED,inst_trust_mean,75.0
Interview Prof. Maraun,education,High school diploma / GED,newsletter_signup,1.0
Interview Prof. Maraun,education,High school diploma / GED,policy_general,70.0
Interview Prof. Maraun,education,High school diploma / GED,policy_role_mean,73.75
Interview Prof. Maraun,education,High school diploma / GED,policy_specific_mean,62.142857142857146
Interview Prof. Maraun,education,High school diploma / GED,trust_multidimensional,83.75
Interview Prof. Maraun,education,High school diploma / GED,trust_post,75.0
Interview Prof. Maraun,education,Less than high school,behavior_mean,45.166666666666664
Interview Prof. Maraun,education,Less than high school,belief_post,52.0
Interview Prof. Maraun,education,Less than high school,concern_mean,62.666666666666664
Interview Prof. Maraun,education,Less than high school,distrust_post,38.0
Interview Prof. Maraun,education,Less than high school,donation_ams,2.0
Interview Prof. Maraun,education,Less than high school,funding_perceptions,50.0
Interview Prof. Maraun,education,Less than high school,inst_trust_mean,59.6
Interview Prof. Maraun,education,Less than high school,newsletter_signup,2.0
Interview Prof. Maraun,education,Less than high school,policy_general,60.0
Interview Prof. Maraun,education,Less than high school,policy_role_mean,66.75
Interview Prof. Maraun,education,Less than high school,policy_specific_mean,50.714285714285715
Interview Prof. Maraun,education,Less than high school,trust_multidimensional,73.16666666666667
Interview Prof. Maraun,education,Less than high school,trust_post,62.0
Interview Prof. Maraun,education,Master's degree / Professional degree,behavior_mean,72.16666666666667
Interview Prof. Maraun,education,Master's degree / Professional degree,belief_post,95.0
Interview Prof. Maraun,education,Master's degree / Professional degree,concern_mean,95.33333333333333
Interview Prof. Maraun,education,Master's degree / Professional degree,distrust_post,8.0
Interview Prof. Maraun,education,Master's degree / Professional degree,donation_ams,6.0
Interview Prof. Maraun,education,Master's degree / Professional degree,funding_perceptions,40.0
Interview Prof. Maraun,education,Master's degree / Professional degree,inst_trust_mean,87.4
Interview Prof. Maraun,education,Master's degree / Professional degree,newsletter_signup,2.0
Interview Prof. Maraun,education,Master's degree / Professional degree,policy_general,82.0
Interview Prof. Maraun,education,Master's degree / Professional degree,policy_role_mean,85.75
Interview Prof. Maraun,education,Master's degree / Professional degree,policy_specific_mean,83.28571428571429
Interview Prof. Maraun,education,Master's degree / Professional degree,trust_multidimensional,87.08333333333333
Interview Prof. Maraun,education,Master's degree / Professional degree,trust_post,90.0
Interview Prof. Maraun,education,Some college or Associate's degree,behavior_mean,61.666666666666664
Interview Prof. Maraun,education,Some college or Associate's degree,belief_post,80.0
Interview Prof. Maraun,education,Some college or Associate's degree,concern_mean,73.33333333333333
Interview Prof. Maraun,education,Some college or Associate's degree,distrust_post,25.0
Interview Prof. Maraun,education,Some college or Associate's degree,donation_ams,5.0
Interview Prof. Maraun,education,Some college or Associate's degree,funding_perceptions,45.0
Interview Prof. Maraun,education,Some college or Associate's degree,inst_trust_mean,68.0
Interview Prof. Maraun,education,Some college or Associate's degree,newsletter_signup,1.5
Interview Prof. Maraun,education,Some college or Associate's degree,policy_general,65.0
Interview Prof. Maraun,education,Some college or Associate's degree,policy_role_mean,73.75
Interview Prof. Maraun,education,Some college or Associate's degree,policy_specific_mean,69.28571428571429
Interview Prof. Maraun,education,Some college or Associate's degree,trust_multidimensional,75.08333333333333
Interview Prof. Maraun,education,Some college or Associate's degree,trust_post,75.0
Interview Prof. Maraun,gender,Female,behavior_mean,69.16666666666667
Interview Prof. Maraun,gender,Female,belief_post,90.0
Interview Prof. Maraun,gender,Female,concern_mean,80.0
Interview Prof. Maraun,gender,Female,distrust_post,20.0
Interview Prof. Maraun,gender,Female,donation_ams,6.0
Interview Prof. Maraun,gender,Female,funding_perceptions,40.0
Interview Prof. Maraun,gender,Female,inst_trust_mean,81.0
Interview Prof. Maraun,gender,Female,newsletter_signup,0.45
Interview Prof. Maraun,gender,Female,policy_general,75.0
Interview Prof. Maraun,gender,Female,policy_role_mean,82.5
Interview Prof. Maraun,gender,Female,policy_specific_mean,77.14285714285714
Interview Prof. Maraun,gender,Female,trust_multidimensional,86.91666666666667
Interview Prof. Maraun,gender,Female,trust_post,80.0
Interview Prof. Maraun,gender,Male,behavior_mean,53.333333333333336
Interview Prof. Maraun,gender,Male,belief_post,80.0
Interview Prof. Maraun,gender,Male,concern_mean,73.33333333333333
Interview Prof. Maraun,gender,Male,distrust_post,30.0
Interview Prof. Maraun,gender,Male,donation_ams,1.5
Interview Prof. Maraun,gender,Male,funding_perceptions,40.0
Interview Prof. Maraun,gender,Male,inst_trust_mean,71.0
Interview Prof. Maraun,gender,Male,newsletter_signup,1.9
Interview Prof. Maraun,gender,Male,policy_general,68.0
Interview Prof. Maraun,gender,Male,policy_role_mean,78.75
Interview Prof. Maraun,gender,Male,policy_specific_mean,69.28571428571429
Interview Prof. Maraun,gender,Male,trust_multidimensional,77.75
Interview Prof. Maraun,gender,Male,trust_post,70.0
Interview Prof. Maraun,gender,Other,behavior_mean,62.333333333333336
Interview Prof. Maraun,gender,Other,belief_post,90.0
Interview Prof. Maraun,gender,Other,concern_mean,86.66666666666667
Interview Prof. Maraun,gender,Other,distrust_post,5.0
Interview Prof. Maraun,gender,Other,donation_ams,5.5
Interview Prof. Maraun,gender,Other,funding_perceptions,45.0
Interview Prof. Maraun,gender,Other,inst_trust_mean,77.6
Interview Prof. Maraun,gender,Other,newsletter_signup,1.0
Interview Prof. Maraun,gender,Other,policy_general,82.0
Interview Prof. Maraun,gender,Other,policy_role_mean,83.0
Interview Prof. Maraun,gender,Other,policy_specific_mean,79.14285714285714
Interview Prof. Maraun,gender,Other,trust_multidimensional,86.70833333333333
Interview Prof. Maraun,gender,Other,trust_post,90.0
Interview Prof. Maraun,income,"$100,000 to $167,999",behavior_mean,76.66666666666667
Interview Prof. Maraun,income,"$100,000 to $167,999",belief_post,94.0
Interview Prof. Maraun,income,"$100,000 to $167,999",concern_mean,94.0
Interview Prof. Maraun,income,"$100,000 to $167,999",distrust_post,11.0
Interview Prof. Maraun,income,"$100,000 to $167,999",donation_ams,6.0
Interview Prof. Maraun,income,"$100,000 to $167,999",funding_perceptions,30.0
Interview Prof. Maraun,income,"$100,000 to $167,999",inst_trust_mean,85.8
Interview Prof. Maraun,income,"$100,000 to $167,999",newsletter_signup,2.0
Interview Prof. Maraun,income,"$100,000 to $167,999",policy_general,90.0
Interview Prof. Maraun,income,"$100,000 to $167,999",policy_role_mean,87.5
Interview Prof. Maraun,income,"$100,000 to $167,999",policy_specific_mean,87.28571428571429
Interview Prof. Maraun,income,"$100,000 to $167,999",trust_multidimensional,88.41666666666667
Interview Prof. Maraun,income,"$100,000 to $167,999",trust_post,90.0
Interview Prof. Maraun,income,"$168,000 or more",behavior_mean,75.0
Interview Prof. Maraun,income,"$168,000 or more",belief_post,92.0
Interview Prof. Maraun,income,"$168,000 or more",concern_mean,93.33333333333333
Interview Prof. Maraun,income,"$168,000 or more",distrust_post,10.0
Interview Prof. Maraun,income,"$168,000 or more",donation_ams,8.0
Interview Prof. Maraun,income,"$168,000 or more",funding_perceptions,30.0
Interview Prof. Maraun,income,"$168,000 or more",inst_trust_mean,84.0
Interview Prof. Maraun,income,"$168,000 or more",newsletter_signup,1.0
Interview Prof. Maraun,income,"$168,000 or more",policy_general,85.0
Interview Prof. Maraun,income,"$168,000 or more",policy_role_mean,82.5
Interview Prof. Maraun,income,"$168,000 or more",policy_specific_mean,80.0
Interview Prof. Maraun,income,"$168,000 or more",trust_multidimensional,90.08333333333333
Interview Prof. Maraun,income,"$168,000 or more",trust_post,90.0
Interview Prof. Maraun,income,"$30,000 to $55,999",behavior_mean,60.833333333333336
Interview Prof. Maraun,income,"$30,000 to $55,999",belief_post,80.0
Interview Prof. Maraun,income,"$30,000 to $55,999",concern_mean,71.66666666666667
Interview Prof. Maraun,income,"$30,000 to $55,999",distrust_post,15.0
Interview Prof. Maraun,income,"$30,000 to $55,999",donation_ams,6.0
Interview Prof. Maraun,income,"$30,000 to $55,999",funding_perceptions,40.0
Interview Prof. Maraun,income,"$30,000 to $55,999",inst_trust_mean,71.0
Interview Prof. Maraun,income,"$30,000 to $55,999",newsletter_signup,2.0
Interview Prof. Maraun,income,"$30,000 to $55,999",policy_general,70.0
Interview Prof. Maraun,income,"$30,000 to $55,999",policy_role_mean,74.5
Interview Prof. Maraun,income,"$30,000 to $55,999",policy_specific_mean,69.28571428571429
Interview Prof. Maraun,income,"$30,000 to $55,999",trust_multidimensional,81.5
Interview Prof. Maraun,income,"$30,000 to $55,999",trust_post,85.0
Interview Prof. Maraun,income,"$56,000 to $99,999",behavior_mean,57.5
Interview Prof. Maraun,income,"$56,000 to $99,999",belief_post,80.0
Interview Prof. Maraun,income,"$56,000 to $99,999",concern_mean,78.33333333333333
Interview Prof. Maraun,income,"$56,000 to $99,999",distrust_post,22.0
Interview Prof. Maraun,income,"$56,000 to $99,999",donation_ams,5.5
Interview Prof. Maraun,income,"$56,000 to $99,999",funding_perceptions,32.0
Interview Prof. Maraun,income,"$56,000 to $99,999",inst_trust_mean,78.6
Interview Prof. Maraun,income,"$56,000 to $99,999",newsletter_signup,1.0
Interview Prof. Maraun,income,"$56,000 to $99,999",policy_general,70.0
Interview Prof. Maraun,income,"$56,000 to $99,999",policy_role_mean,77.0
Interview Prof. Maraun,income,"$56,000 to $99,999",policy_specific_mean,69.0
Interview Prof. Maraun,income,"$56,000 to $99,999",trust_multidimensional,81.0
Interview Prof. Maraun,income,"$56,000 to $99,999",trust_post,78.0
Interview Prof. Maraun,income,"Less than $30,000",behavior_mean,53.5
Interview Prof. Maraun,income,"Less than $30,000",belief_post,80.0
Interview Prof. Maraun,income,"Less than $30,000",concern_mean,74.0
Interview Prof. Maraun,income,"Less than $30,000",distrust_post,35.0
Interview Prof. Maraun,income,"Less than $30,000",donation_ams,3.0
Interview Prof. Maraun,income,"Less than $30,000",funding_perceptions,45.0
Interview Prof. Maraun,income,"Less than $30,000",inst_trust_mean,64.8
Interview Prof. Maraun,income,"Less than $30,000",newsletter_signup,1.5
Interview Prof. Maraun,income,"Less than $30,000",policy_general,70.0
Interview Prof. Maraun,income,"Less than $30,000",policy_role_mean,68.75
Interview Prof. Maraun,income,"Less than $30,000",policy_specific_mean,66.71428571428571
Interview Prof. Maraun,income,"Less than $30,000",trust_multidimensional,72.0
Interview Prof. Maraun,income,"Less than $30,000",trust_post,65.0
Interview Prof. Maraun,party,Democrat,behavior_mean,74.16666666666667
Interview Prof. Maraun,party,Democrat,belief_post,96.0
Interview Prof. Maraun,party,Democrat,concern_mean,91.66666666666667
Interview Prof. Maraun,party,Democrat,distrust_post,14.0
Interview Prof. Maraun,party,Democrat,donation_ams,8.0
Interview Prof. Maraun,party,Democrat,funding_perceptions,60.0
Interview Prof. Maraun,party,Democrat,inst_trust_mean,86.4
Interview Prof. Maraun,party,Democrat,newsletter_signup,1.7
Interview Prof. Maraun,party,Democrat,policy_general,90.0
Interview Prof. Maraun,party,Democrat,policy_role_mean,80.0
Interview Prof. Maraun,party,Democrat,policy_specific_mean,87.14285714285714
Interview Prof. Maraun,party,Democrat,trust_multidimensional,85.5
Interview Prof. Maraun,party,Democrat,trust_post,86.0
Interview Prof. Maraun,party,Independent,behavior_mean,45.833333333333336
Interview Prof. Maraun,party,Independent,belief_post,70.0
Interview Prof. Maraun,party,Independent,concern_mean,68.33333333333333
Interview Prof. Maraun,party,Independent,distrust_post,40.0
Interview Prof. Maraun,party,Independent,donation_ams,5.0
Interview Prof. Maraun,party,Independent,funding_perceptions,45.0
Interview Prof. Maraun,party,Independent,inst_trust_mean,65.0
Interview Prof. Maraun,party,Independent,newsletter_signup,2.0
Interview Prof. Maraun,party,Independent,policy_general,60.0
Interview Prof. Maraun,party,Independent,policy_role_mean,70.0
Interview Prof. Maraun,party,Independent,policy_specific_mean,60.714285714285715
Interview Prof. Maraun,party,Independent,trust_multidimensional,76.25
Interview Prof. Maraun,party,Independent,trust_post,60.0
Interview Prof. Maraun,party,Other,behavior_mean,45.833333333333336
Interview Prof. Maraun,party,Other,belief_post,78.0
Interview Prof. Maraun,party,Other,concern_mean,67.66666666666667
Interview Prof. Maraun,party,Other,distrust_post,25.0
Interview Prof. Maraun,party,Other,donation_ams,6.0
Interview Prof. Maraun,party,Other,funding_perceptions,40.0
Interview Prof. Maraun,party,Other,inst_trust_mean,69.6
Interview Prof. Maraun,party,Other,newsletter_signup,2.0
Interview Prof. Maraun,party,Other,policy_general,65.0
Interview Prof. Maraun,party,Other,policy_role_mean,66.25
Interview Prof. Maraun,party,Other,policy_specific_mean,63.57142857142857
Interview Prof. Maraun,party,Other,trust_multidimensional,81.75
Interview Prof. Maraun,party,Other,trust_post,75.0
Interview Prof. Maraun,party,Republican,behavior_mean,24.166666666666668
Interview Prof. Maraun,party,Republican,belief_post,35.0
Interview Prof. Maraun,party,Republican,concern_mean,48.333333333333336
Interview Prof. Maraun,party,Republican,distrust_post,45.0
Interview Prof. Maraun,party,Republican,donation_ams,3.0
Interview Prof. Maraun,party,Republican,funding_perceptions,40.0
Interview Prof. Maraun,party,Republican,inst_trust_mean,47.0
Interview Prof. Maraun,party,Republican,newsletter_signup,2.0
Interview Prof. Maraun,party,Republican,policy_general,20.0
Interview Prof. Maraun,party,Republican,policy_role_mean,45.0
Interview Prof. Maraun,party,Republican,policy_specific_mean,34.285714285714285
Interview Prof. Maraun,party,Republican,trust_multidimensional,48.5
Interview Prof. Maraun,party,Republican,trust_post,45.0
Interview Prof. Maraun,race,Asian / Asian American,behavior_mean,65.33333333333333
Interview Prof. Maraun,race,Asian / Asian American,belief_post,80.0
Interview Prof. Maraun,race,Asian / Asian American,concern_mean,80.0
Interview Prof. Maraun,race,Asian / Asian American,distrust_post,15.0
Interview Prof. Maraun,race,Asian / Asian American,donation_ams,6.0
Interview Prof. Maraun,race,Asian / Asian American,funding_perceptions,40.0
Interview Prof. Maraun,race,Asian / Asian American,inst_trust_mean,80.2
Interview Prof. Maraun,race,Asian / Asian American,newsletter_signup,2.0
Interview Prof. Maraun,race,Asian / Asian American,policy_general,75.0
Interview Prof. Maraun,race,Asian / Asian American,policy_role_mean,74.0
Interview Prof. Maraun,race,Asian / Asian American,policy_specific_mean,71.57142857142857
Interview Prof. Maraun,race,Asian / Asian American,trust_multidimensional,81.41666666666667
Interview Prof. Maraun,race,Asian / Asian American,trust_post,82.0
Interview Prof. Maraun,race,Black / African American,behavior_mean,48.333333333333336
Interview Prof. Maraun,race,Black / African American,belief_post,80.0
Interview Prof. Maraun,race,Black / African American,concern_mean,78.33333333333333
Interview Prof. Maraun,race,Black / African American,distrust_post,20.0
Interview Prof. Maraun,race,Black / African American,donation_ams,7.0
Interview Prof. Maraun,race,Black / African American,funding_perceptions,40.0
Interview Prof. Maraun,race,Black / African American,inst_trust_mean,66.0
Interview Prof. Maraun,race,Black / African American,newsletter_signup,2.0
Interview Prof. Maraun,race,Black / African American,policy_general,75.0
Interview Prof. Maraun,race,Black / African American,policy_role_mean,81.5
Interview Prof. Maraun,race,Black / African American,policy_specific_mean,71.14285714285714
Interview Prof. Maraun,race,Black / African American,trust_multidimensional,88.33333333333333
Interview Prof. Maraun,race,Black / African American,trust_post,80.0
Interview Prof. Maraun,race,Hispanic / Latino,behavior_mean,55.833333333333336
Interview Prof. Maraun,race,Hispanic / Latino,belief_post,82.0
Interview Prof. Maraun,race,Hispanic / Latino,concern_mean,75.66666666666667
Interview Prof. Maraun,race,Hispanic / Latino,distrust_post,22.0
Interview Prof. Maraun,race,Hispanic / Latino,donation_ams,6.0
Interview Prof. Maraun,race,Hispanic / Latino,funding_perceptions,45.75
Interview Prof. Maraun,race,Hispanic / Latino,inst_trust_mean,75.1
Interview Prof. Maraun,race,Hispanic / Latino,newsletter_signup,1.825
Interview Prof. Maraun,race,Hispanic / Latino,policy_general,73.5
Interview Prof. Maraun,race,Hispanic / Latino,policy_role_mean,77.25
Interview Prof. Maraun,race,Hispanic / Latino,policy_specific_mean,71.46428571428572
Interview Prof. Maraun,race,Hispanic / Latino,trust_multidimensional,82.08333333333334
Interview Prof. Maraun,race,Hispanic / Latino,trust_post,78.0
Interview Prof. Maraun,race,Other,behavior_mean,55.833333333333336
Interview Prof. Maraun,race,Other,belief_post,80.0
Interview Prof. Maraun,race,Other,concern_mean,71.66666666666667
Interview Prof. Maraun,race,Other,distrust_post,30.0
Interview Prof. Maraun,race,Other,donation_ams,6.0
Interview Prof. Maraun,race,Other,funding_perceptions,55.0
Interview Prof. Maraun,race,Other,inst_trust_mean,77.0
Interview Prof. Maraun,race,Other,newsletter_signup,2.0
Interview Prof. Maraun,race,Other,policy_general,72.0
Interview Prof. Maraun,race,Other,policy_role_mean,73.5
Interview Prof. Maraun,race,Other,policy_specific_mean,69.71428571428571
Interview Prof. Maraun,race,Other,trust_multidimensional,80.16666666666667
Interview Prof. Maraun,race,Other,trust_post,70.0
Interview Prof. Maraun,race,White / Caucasian,behavior_mean,53.833333333333336
Interview Prof. Maraun,race,White / Caucasian,belief_post,88.0
Interview Prof. Maraun,race,White / Caucasian,concern_mean,72.66666666666667
Interview Prof. Maraun,race,White / Caucasian,distrust_post,23.0
Interview Prof. Maraun,race,White / Caucasian,donation_ams,5.0
Interview Prof. Maraun,race,White / Caucasian,funding_perceptions,48.0
Interview Prof. Maraun,race,White / Caucasian,inst_trust_mean,77.2
Interview Prof. Maraun,race,White / Caucasian,newsletter_signup,1.3
Interview Prof. Maraun,race,White / Caucasian,policy_general,72.0
Interview Prof. Maraun,race,White / Caucasian,policy_role_mean,80.0
Interview Prof. Maraun,race,White / Caucasian,policy_specific_mean,73.42857142857143
Interview Prof. Maraun,race,White / Caucasian,trust_multidimensional,78.41666666666667
Interview Prof. Maraun,race,White / Caucasian,trust_post,80.0
Interview Prof. Sebille,age_band,18-29,behavior_mean,75.83333333333333
Interview Prof. Sebille,age_band,18-29,belief_post,95.0
Interview Prof. Sebille,age_band,18-29,concern_mean,90.66666666666667
Interview Prof. Sebille,age_band,18-29,distrust_post,5.0
Interview Prof. Sebille,age_band,18-29,donation_ams,6.0
Interview Prof. Sebille,age_band,18-29,funding_perceptions,70.0
Interview Prof. Sebille,age_band,18-29,inst_trust_mean,76.6
Interview Prof. Sebille,age_band,18-29,newsletter_signup,2.0
Interview Prof. Sebille,age_band,18-29,policy_general,85.0
Interview Prof. Sebille,age_band,18-29,policy_role_mean,85.0
Interview Prof. Sebille,age_band,18-29,policy_specific_mean,82.14285714285714
Interview Prof. Sebille,age_band,18-29,trust_multidimensional,88.25
Interview Prof. Sebille,age_band,18-29,trust_post,90.0
Interview Prof. Sebille,age_band,30-44,behavior_mean,69.16666666666667
Interview Prof. Sebille,age_band,30-44,belief_post,90.0
Interview Prof. Sebille,age_band,30-44,concern_mean,85.0
Interview Prof. Sebille,age_band,30-44,distrust_post,10.0
Interview Prof. Sebille,age_band,30-44,donation_ams,6.0
Interview Prof. Sebille,age_band,30-44,funding_perceptions,70.0
Interview Prof. Sebille,age_band,30-44,inst_trust_mean,77.6
Interview Prof. Sebille,age_band,30-44,newsletter_signup,1.0
Interview Prof. Sebille,age_band,30-44,policy_general,80.0
Interview Prof. Sebille,age_band,30-44,policy_role_mean,80.0
Interview Prof. Sebille,age_band,30-44,policy_specific_mean,75.14285714285714
Interview Prof. Sebille,age_band,30-44,trust_multidimensional,83.33333333333333
Interview Prof. Sebille,age_band,30-44,trust_post,90.0
Interview Prof. Sebille,age_band,45-59,behavior_mean,69.16666666666667
Interview Prof. Sebille,age_band,45-59,belief_post,92.0
Interview Prof. Sebille,age_band,45-59,concern_mean,83.33333333333333
Interview Prof. Sebille,age_band,45-59,distrust_post,12.0
Interview Prof. Sebille,age_band,45-59,donation_ams,5.5
Interview Prof. Sebille,age_band,45-59,funding_perceptions,30.0
Interview Prof. Sebille,age_band,45-59,inst_trust_mean,81.0
Interview Prof. Sebille,age_band,45-59,newsletter_signup,1.8
Interview Prof. Sebille,age_band,45-59,policy_general,80.0
Interview Prof. Sebille,age_band,45-59,policy_role_mean,88.75
Interview Prof. Sebille,age_band,45-59,policy_specific_mean,82.85714285714286
Interview Prof. Sebille,age_band,45-59,trust_multidimensional,83.75
Interview Prof. Sebille,age_band,45-59,trust_post,88.0
Interview Prof. Sebille,age_band,60+,behavior_mean,51.166666666666664
Interview Prof. Sebille,age_band,60+,belief_post,90.0
Interview Prof. Sebille,age_band,60+,concern_mean,81.0
Interview Prof. Sebille,age_band,60+,distrust_post,16.0
Interview Prof. Sebille,age_band,60+,donation_ams,6.0
Interview Prof. Sebille,age_band,60+,funding_perceptions,38.0
Interview Prof. Sebille,age_band,60+,inst_trust_mean,81.0
Interview Prof. Sebille,age_band,60+,newsletter_signup,1.4
Interview Prof. Sebille,age_band,60+,policy_general,76.0
Interview Prof. Sebille,age_band,60+,policy_role_mean,77.5
Interview Prof. Sebille,age_band,60+,policy_specific_mean,69.28571428571429
Interview Prof. Sebille,age_band,60+,trust_multidimensional,82.75
Interview Prof. Sebille,age_band,60+,trust_post,81.0
Interview Prof. Sebille,education,Bachelor's degree,behavior_mean,65.83333333333333
Interview Prof. Sebille,education,Bachelor's degree,belief_post,90.0
Interview Prof. Sebille,education,Bachelor's degree,concern_mean,91.66666666666667
Interview Prof. Sebille,education,Bachelor's degree,distrust_post,10.0
Interview Prof. Sebille,education,Bachelor's degree,donation_ams,6.0
Interview Prof. Sebille,education,Bachelor's degree,funding_perceptions,35.0
Interview Prof. Sebille,education,Bachelor's degree,inst_trust_mean,85.0
Interview Prof. Sebille,education,Bachelor's degree,newsletter_signup,1.3
Interview Prof. Sebille,education,Bachelor's degree,policy_general,80.0
Interview Prof. Sebille,education,Bachelor's degree,policy_role_mean,84.5
Interview Prof. Sebille,education,Bachelor's degree,policy_specific_mean,81.85714285714286
Interview Prof. Sebille,education,Bachelor's degree,trust_multidimensional,87.58333333333333
Interview Prof. Sebille,education,Bachelor's degree,trust_post,90.0
Interview Prof. Sebille,education,Doctorate degree / Ph.D.,behavior_mean,80.5
Interview Prof. Sebille,education,Doctorate degree / Ph.D.,belief_post,98.0
Interview Prof. Sebille,education,Doctorate degree / Ph.D.,concern_mean,95.0
Interview Prof. Sebille,education,Doctorate degree / Ph.D.,distrust_post,10.0
Interview Prof. Sebille,education,Doctorate degree / Ph.D.,donation_ams,9.0
Interview Prof. Sebille,education,Doctorate degree / Ph.D.,funding_perceptions,35.0
Interview Prof. Sebille,education,Doctorate degree / Ph.D.,inst_trust_mean,88.8
Interview Prof. Sebille,education,Doctorate degree / Ph.D.,newsletter_signup,2.0
Interview Prof. Sebille,education,Doctorate degree / Ph.D.,policy_general,91.0
Interview Prof. Sebille,education,Doctorate degree / Ph.D.,policy_role_mean,93.0
Interview Prof. Sebille,education,Doctorate degree / Ph.D.,policy_specific_mean,90.14285714285714
Interview Prof. Sebille,education,Doctorate degree / Ph.D.,trust_multidimensional,93.25
Interview Prof. Sebille,education,Doctorate degree / Ph.D.,trust_post,93.0
Interview Prof. Sebille,education,High school diploma / GED,behavior_mean,55.0
Interview Prof. Sebille,education,High school diploma / GED,belief_post,88.0
Interview Prof. Sebille,education,High school diploma / GED,concern_mean,81.66666666666667
Interview Prof. Sebille,education,High school diploma / GED,distrust_post,25.0
Interview Prof. Sebille,education,High school diploma / GED,donation_ams,3.0
Interview Prof. Sebille,education,High school diploma / GED,funding_perceptions,55.0
Interview Prof. Sebille,education,High school diploma / GED,inst_trust_mean,70.2
Interview Prof. Sebille,education,High school diploma / GED,newsletter_signup,1.5
Interview Prof. Sebille,education,High school diploma / GED,policy_general,75.0
Interview Prof. Sebille,education,High school diploma / GED,policy_role_mean,73.75
Interview Prof. Sebille,education,High school diploma / GED,policy_specific_mean,65.85714285714286
Interview Prof. Sebille,education,High school diploma / GED,trust_multidimensional,77.91666666666667
Interview Prof. Sebille,education,High school diploma / GED,trust_post,75.0
Interview Prof. Sebille,education,Less than high school,behavior_mean,43.333333333333336
Interview Prof. Sebille,education,Less than high school,belief_post,70.0
Interview Prof. Sebille,education,Less than high school,concern_mean,70.0
Interview Prof. Sebille,education,Less than high school,distrust_post,40.0
Interview Prof. Sebille,education,Less than high school,donation_ams,3.0
Interview Prof. Sebille,education,Less than high school,funding_perceptions,40.0
Interview Prof. Sebille,education,Less than high school,inst_trust_mean,53.0
Interview Prof. Sebille,education,Less than high school,newsletter_signup,1.7600000000000002
Interview Prof. Sebille,education,Less than high school,policy_general,65.0
Interview Prof. Sebille,education,Less than high school,policy_role_mean,58.75
Interview Prof. Sebille,education,Less than high school,policy_specific_mean,59.285714285714285
Interview Prof. Sebille,education,Less than high school,trust_multidimensional,67.5
Interview Prof. Sebille,education,Less than high school,trust_post,60.0
Interview Prof. Sebille,education,Master's degree / Professional degree,behavior_mean,63.333333333333336
Interview Prof. Sebille,education,Master's degree / Professional degree,belief_post,95.0
Interview Prof. Sebille,education,Master's degree / Professional degree,concern_mean,88.33333333333333
Interview Prof. Sebille,education,Master's degree / Professional degree,distrust_post,10.0
Interview Prof. Sebille,education,Master's degree / Professional degree,donation_ams,7.0
Interview Prof. Sebille,education,Master's degree / Professional degree,funding_perceptions,50.0
Interview Prof. Sebille,education,Master's degree / Professional degree,inst_trust_mean,85.0
Interview Prof. Sebille,education,Master's degree / Professional degree,newsletter_signup,2.0
Interview Prof. Sebille,education,Master's degree / Professional degree,policy_general,85.0
Interview Prof. Sebille,education,Master's degree / Professional degree,policy_role_mean,78.75
Interview Prof. Sebille,education,Master's degree / Professional degree,policy_specific_mean,79.28571428571429
Interview Prof. Sebille,education,Master's degree / Professional degree,trust_multidimensional,86.25
Interview Prof. Sebille,education,Master's degree / Professional degree,trust_post,85.0
Interview Prof. Sebille,education,Some college or Associate's degree,behavior_mean,60.833333333333336
Interview Prof. Sebille,education,Some college or Associate's degree,belief_post,80.0
Interview Prof. Sebille,education,Some college or Associate's degree,concern_mean,73.33333333333333
Interview Prof. Sebille,education,Some college or Associate's degree,distrust_post,25.0
Interview Prof. Sebille,education,Some college or Associate's degree,donation_ams,6.0
Interview Prof. Sebille,education,Some college or Associate's degree,funding_perceptions,40.0
Interview Prof. Sebille,education,Some college or Associate's degree,inst_trust_mean,78.0
Interview Prof. Sebille,education,Some college or Associate's degree,newsletter_signup,2.0
Interview Prof. Sebille,education,Some college or Associate's degree,policy_general,75.0
Interview Prof. Sebille,education,Some college or Associate's degree,policy_role_mean,68.75
Interview Prof. Sebille,education,Some college or Associate's degree,policy_specific_mean,71.42857142857143
Interview Prof. Sebille,education,Some college or Associate's degree,trust_multidimensional,77.91666666666667
Interview Prof. Sebille,education,Some college or Associate's degree,trust_post,75.0
Interview Prof. Sebille,gender,Female,behavior_mean,70.0
Interview Prof. Sebille,gender,Female,belief_post,92.0
Interview Prof. Sebille,gender,Female,concern_mean,91.0
Interview Prof. Sebille,gender,Female,distrust_post,14.0
Interview Prof. Sebille,gender,Female,donation_ams,7.2
Interview Prof. Sebille,gender,Female,funding_perceptions,35.0
Interview Prof. Sebille,gender,Female,inst_trust_mean,79.0
Interview Prof. Sebille,gender,Female,newsletter_signup,2.0
Interview Prof. Sebille,gender,Female,policy_general,82.0
Interview Prof. Sebille,gender,Female,policy_role_mean,84.25
Interview Prof. Sebille,gender,Female,policy_specific_mean,81.28571428571429
Interview Prof. Sebille,gender,Female,trust_multidimensional,87.08333333333333
Interview Prof. Sebille,gender,Female,trust_post,86.0
Interview Prof. Sebille,gender,Male,behavior_mean,57.666666666666664
Interview Prof. Sebille,gender,Male,belief_post,90.0
Interview Prof. Sebille,gender,Male,concern_mean,88.33333333333333
Interview Prof. Sebille,gender,Male,distrust_post,12.0
Interview Prof. Sebille,gender,Male,donation_ams,6.5
Interview Prof. Sebille,gender,Male,funding_perceptions,32.0
Interview Prof. Sebille,gender,Male,inst_trust_mean,76.0
Interview Prof. Sebille,gender,Male,newsletter_signup,1.4
Interview Prof. Sebille,gender,Male,policy_general,82.0
Interview Prof. Sebille,gender,Male,policy_role_mean,87.75
Interview Prof. Sebille,gender,Male,policy_specific_mean,75.28571428571429
Interview Prof. Sebille,gender,Male,trust_multidimensional,85.16666666666667
Interview Prof. Sebille,gender,Male,trust_post,85.0
Interview Prof. Sebille,gender,Other,behavior_mean,65.33333333333333
Interview Prof. Sebille,gender,Other,belief_post,90.0
Interview Prof. Sebille,gender,Other,concern_mean,87.0
Interview Prof. Sebille,gender,Other,distrust_post,20.0
Interview Prof. Sebille,gender,Other,donation_ams,6.0
Interview Prof. Sebille,gender,Other,funding_perceptions,38.0
Interview Prof. Sebille,gender,Other,inst_trust_mean,74.6
Interview Prof. Sebille,gender,Other,newsletter_signup,1.3
Interview Prof. Sebille,gender,Other,policy_general,82.0
Interview Prof. Sebille,gender,Other,policy_role_mean,82.75
Interview Prof. Sebille,gender,Other,policy_specific_mean,75.42857142857143
Interview Prof. Sebille,gender,Other,trust_multidimensional,85.41666666666667
Interview Prof. Sebille,gender,Other,trust_post,80.0
Interview Prof. Sebille,income,"$100,000 to $167,999",behavior_mean,71.33333333333333
Interview Prof. Sebille,income,"$100,000 to $167,999",belief_post,92.0
Interview Prof. Sebille,income,"$100,000 to $167,999",concern_mean,84.33333333333333
Interview Prof. Sebille,income,"$100,000 to $167,999",distrust_post,12.0
Interview Prof. Sebille,income,"$100,000 to $167,999",donation_ams,8.0
Interview Prof. Sebille,income,"$100,000 to $167,999",funding_perceptions,50.0
Interview Prof. Sebille,income,"$100,000 to $167,999",inst_trust_mean,84.0
Interview Prof. Sebille,income,"$100,000 to $167,999",newsletter_signup,1.5
Interview Prof. Sebille,income,"$100,000 to $167,999",policy_general,87.0
Interview Prof. Sebille,income,"$100,000 to $167,999",policy_role_mean,84.5
Interview Prof. Sebille,income,"$100,000 to $167,999",policy_specific_mean,81.57142857142857
Interview Prof. Sebille,income,"$100,000 to $167,999",trust_multidimensional,85.08333333333333
Interview Prof. Sebille,income,"$100,000 to $167,999",trust_post,88.0
Interview Prof. Sebille,income,"$168,000 or more",behavior_mean,77.33333333333333
Interview Prof. Sebille,income,"$168,000 or more",belief_post,98.0
Interview Prof. Sebille,income,"$168,000 or more",concern_mean,93.0
Interview Prof. Sebille,income,"$168,000 or more",distrust_post,9.0
Interview Prof. Sebille,income,"$168,000 or more",donation_ams,7.2
Interview Prof. Sebille,income,"$168,000 or more",funding_perceptions,35.0
Interview Prof. Sebille,income,"$168,000 or more",inst_trust_mean,88.6
Interview Prof. Sebille,income,"$168,000 or more",newsletter_signup,0.6
Interview Prof. Sebille,income,"$168,000 or more",policy_general,88.0
Interview Prof. Sebille,income,"$168,000 or more",policy_role_mean,90.5
Interview Prof. Sebille,income,"$168,000 or more",policy_specific_mean,87.85714285714286
Interview Prof. Sebille,income,"$168,000 or more",trust_multidimensional,91.66666666666667
Interview Prof. Sebille,income,"$168,000 or more",trust_post,91.0
Interview Prof. Sebille,income,"$30,000 to $55,999",behavior_mean,57.5
Interview Prof. Sebille,income,"$30,000 to $55,999",belief_post,85.0
Interview Prof. Sebille,income,"$30,000 to $55,999",concern_mean,71.66666666666667
Interview Prof. Sebille,income,"$30,000 to $55,999",distrust_post,20.0
Interview Prof. Sebille,income,"$30,000 to $55,999",donation_ams,3.0
Interview Prof. Sebille,income,"$30,000 to $55,999",funding_perceptions,45.0
Interview Prof. Sebille,income,"$30,000 to $55,999",inst_trust_mean,68.0
Interview Prof. Sebille,income,"$30,000 to $55,999",newsletter_signup,50.0
Interview Prof. Sebille,income,"$30,000 to $55,999",policy_general,70.0
Interview Prof. Sebille,income,"$30,000 to $55,999",policy_role_mean,72.5
Interview Prof. Sebille,income,"$30,000 to $55,999",policy_specific_mean,66.42857142857143
Interview Prof. Sebille,income,"$30,000 to $55,999",trust_multidimensional,79.58333333333333
Interview Prof. Sebille,income,"$30,000 to $55,999",trust_post,75.0
Interview Prof. Sebille,income,"$56,000 to $99,999",behavior_mean,64.66666666666667
Interview Prof. Sebille,income,"$56,000 to $99,999",belief_post,94.0
Interview Prof. Sebille,income,"$56,000 to $99,999",concern_mean,84.66666666666667
Interview Prof. Sebille,income,"$56,000 to $99,999",distrust_post,8.0
Interview Prof. Sebille,income,"$56,000 to $99,999",donation_ams,6.0
Interview Prof. Sebille,income,"$56,000 to $99,999",funding_perceptions,40.0
Interview Prof. Sebille,income,"$56,000 to $99,999",inst_trust_mean,78.8
Interview Prof. Sebille,income,"$56,000 to $99,999",newsletter_signup,2.0
Interview Prof. Sebille,income,"$56,000 to $99,999",policy_general,83.0
Interview Prof. Sebille,income,"$56,000 to $99,999",policy_role_mean,74.5
Interview Prof. Sebille,income,"$56,000 to $99,999",policy_specific_mean,77.57142857142857
Interview Prof. Sebille,income,"$56,000 to $99,999",trust_multidimensional,87.33333333333333
Interview Prof. Sebille,income,"$56,000 to $99,999",trust_post,92.0
Interview Prof. Sebille,income,"Less than $30,000",behavior_mean,44.166666666666664
Interview Prof. Sebille,income,"Less than $30,000",belief_post,85.0
Interview Prof. Sebille,income,"Less than $30,000",concern_mean,80.0
Interview Prof. Sebille,income,"Less than $30,000",distrust_post,20.0
Interview Prof. Sebille,income,"Less than $30,000",donation_ams,3.0
Interview Prof. Sebille,income,"Less than $30,000",funding_perceptions,45.0
Interview Prof. Sebille,income,"Less than $30,000",inst_trust_mean,69.2
Interview Prof. Sebille,income,"Less than $30,000",newsletter_signup,1.0
Interview Prof. Sebille,income,"Less than $30,000",policy_general,70.0
Interview Prof. Sebille,income,"Less than $30,000",policy_role_mean,75.0
Interview Prof. Sebille,income,"Less than $30,000",policy_specific_mean,56.42857142857143
Interview Prof. Sebille,income,"Less than $30,000",trust_multidimensional,79.0
Interview Prof. Sebille,income,"Less than $30,000",trust_post,75.0
Interview Prof. Sebille,party,Democrat,behavior_mean,71.66666666666667
Interview Prof. Sebille,party,Democrat,belief_post,98.0
Interview Prof. Sebille,party,Democrat,concern_mean,92.33333333333333
Interview Prof. Sebille,party,Democrat,distrust_post,8.0
Interview Prof. Sebille,party,Democrat,donation_ams,6.0
Interview Prof. Sebille,party,Democrat,funding_perceptions,35.0
Interview Prof. Sebille,party,Democrat,inst_trust_mean,83.6
Interview Prof. Sebille,party,Democrat,newsletter_signup,2.0
Interview Prof. Sebille,party,Democrat,policy_general,90.0
Interview Prof. Sebille,party,Democrat,policy_role_mean,85.75
Interview Prof. Sebille,party,Democrat,policy_specific_mean,81.85714285714286
Interview Prof. Sebille,party,Democrat,trust_multidimensional,91.75
Interview Prof. Sebille,party,Democrat,trust_post,92.0
Interview Prof. Sebille,party,Independent,behavior_mean,55.833333333333336
Interview Prof. Sebille,party,Independent,belief_post,69.0
Interview Prof. Sebille,party,Independent,concern_mean,68.66666666666666
Interview Prof. Sebille,party,Independent,distrust_post,31.5
Interview Prof. Sebille,party,Independent,donation_ams,4.25
Interview Prof. Sebille,party,Independent,funding_perceptions,42.5
Interview Prof. Sebille,party,Independent,inst_trust_mean,67.3
Interview Prof. Sebille,party,Independent,newsletter_signup,2.0
Interview Prof. Sebille,party,Independent,policy_general,62.5
Interview Prof. Sebille,party,Independent,policy_role_mean,58.5
Interview Prof. Sebille,party,Independent,policy_specific_mean,64.5
Interview Prof. Sebille,party,Independent,trust_multidimensional,73.375
Interview Prof. Sebille,party,Independent,trust_post,68.5
Interview Prof. Sebille,party,Other,behavior_mean,55.833333333333336
Interview Prof. Sebille,party,Other,belief_post,69.0
Interview Prof. Sebille,party,Other,concern_mean,68.66666666666666
Interview Prof. Sebille,party,Other,distrust_post,31.5
Interview Prof. Sebille,party,Other,donation_ams,4.25
Interview Prof. Sebille,party,Other,funding_perceptions,42.5
Interview Prof. Sebille,party,Other,inst_trust_mean,67.3
Interview Prof. Sebille,party,Other,newsletter_signup,2.0
Interview Prof. Sebille,party,Other,policy_general,62.5
Interview Prof. Sebille,party,Other,policy_role_mean,58.5
Interview Prof. Sebille,party,Other,policy_specific_mean,64.5
Interview Prof. Sebille,party,Other,trust_multidimensional,73.375
Interview Prof. Sebille,party,Other,trust_post,68.5
Interview Prof. Sebille,party,Republican,behavior_mean,40.0
Interview Prof. Sebille,party,Republican,belief_post,40.0
Interview Prof. Sebille,party,Republican,concern_mean,45.0
Interview Prof. Sebille,party,Republican,distrust_post,55.0
Interview Prof. Sebille,party,Republican,donation_ams,2.5
Interview Prof. Sebille,party,Republican,funding_perceptions,50.0
Interview Prof. Sebille,party,Republican,inst_trust_mean,51.0
Interview Prof. Sebille,party,Republican,newsletter_signup,2.0
Interview Prof. Sebille,party,Republican,policy_general,35.0
Interview Prof. Sebille,party,Republican,policy_role_mean,31.25
Interview Prof. Sebille,party,Republican,policy_specific_mean,47.142857142857146
Interview Prof. Sebille,party,Republican,trust_multidimensional,55.0
Interview Prof. Sebille,party,Republican,trust_post,45.0
Interview Prof. Sebille,race,Asian / Asian American,behavior_mean,71.66666666666667
Interview Prof. Sebille,race,Asian / Asian American,belief_post,85.0
Interview Prof. Sebille,race,Asian / Asian American,concern_mean,81.66666666666667
Interview Prof. Sebille,race,Asian / Asian American,distrust_post,16.0
Interview Prof. Sebille,race,Asian / Asian American,donation_ams,6.0
Interview Prof. Sebille,race,Asian / Asian American,funding_perceptions,30.0
Interview Prof. Sebille,race,Asian / Asian American,inst_trust_mean,82.6
Interview Prof. Sebille,race,Asian / Asian American,newsletter_signup,1.0
Interview Prof. Sebille,race,Asian / Asian American,policy_general,75.0
Interview Prof. Sebille,race,Asian / Asian American,policy_role_mean,84.5
Interview Prof. Sebille,race,Asian / Asian American,policy_specific_mean,74.28571428571429
Interview Prof. Sebille,race,Asian / Asian American,trust_multidimensional,86.5
Interview Prof. Sebille,race,Asian / Asian American,trust_post,92.0
Interview Prof. Sebille,race,Black / African American,behavior_mean,71.33333333333333
Interview Prof. Sebille,race,Black / African American,belief_post,92.0
Interview Prof. Sebille,race,Black / African American,concern_mean,91.66666666666667
Interview Prof. Sebille,race,Black / African American,distrust_post,15.0
Interview Prof. Sebille,race,Black / African American,donation_ams,7.0
Interview Prof. Sebille,race,Black / African American,funding_perceptions,35.0
Interview Prof. Sebille,race,Black / African American,inst_trust_mean,76.2
Interview Prof. Sebille,race,Black / African American,newsletter_signup,1.0
Interview Prof. Sebille,race,Black / African American,policy_general,90.0
Interview Prof. Sebille,race,Black / African American,policy_role_mean,83.75
Interview Prof. Sebille,race,Black / African American,policy_specific_mean,80.71428571428571
Interview Prof. Sebille,race,Black / African American,trust_multidimensional,84.0
Interview Prof. Sebille,race,Black / African American,trust_post,85.0
Interview Prof. Sebille,race,Hispanic / Latino,behavior_mean,55.0
Interview Prof. Sebille,race,Hispanic / Latino,belief_post,90.0
Interview Prof. Sebille,race,Hispanic / Latino,concern_mean,85.0
Interview Prof. Sebille,race,Hispanic / Latino,distrust_post,15.0
Interview Prof. Sebille,race,Hispanic / Latino,donation_ams,7.0
Interview Prof. Sebille,race,Hispanic / Latino,funding_perceptions,40.0
Interview Prof. Sebille,race,Hispanic / Latino,inst_trust_mean,77.0
Interview Prof. Sebille,race,Hispanic / Latino,newsletter_signup,2.0
Interview Prof. Sebille,race,Hispanic / Latino,policy_general,85.0
Interview Prof. Sebille,race,Hispanic / Latino,policy_role_mean,80.0
Interview Prof. Sebille,race,Hispanic / Latino,policy_specific_mean,76.85714285714286
Interview Prof. Sebille,race,Hispanic / Latino,trust_multidimensional,84.25
Interview Prof. Sebille,race,Hispanic / Latino,trust_post,80.0
Interview Prof. Sebille,race,Other,behavior_mean,46.666666666666664
Interview Prof. Sebille,race,Other,belief_post,80.0
Interview Prof. Sebille,race,Other,concern_mean,71.66666666666667
Interview Prof. Sebille,race,Other,distrust_post,25.0
Interview Prof. Sebille,race,Other,donation_ams,5.0
Interview Prof. Sebille,race,Other,funding_perceptions,50.0
Interview Prof. Sebille,race,Other,inst_trust_mean,69.0
Interview Prof. Sebille,race,Other,newsletter_signup,2.0
Interview Prof. Sebille,race,Other,policy_general,70.0
Interview Prof. Sebille,race,Other,policy_role_mean,71.25
Interview Prof. Sebille,race,Other,policy_specific_mean,60.714285714285715
Interview Prof. Sebille,race,Other,trust_multidimensional,71.66666666666667
Interview Prof. Sebille,race,Other,trust_post,70.0
Interview Prof. Sebille,race,White / Caucasian,behavior_mean,55.833333333333336
Interview Prof. Sebille,race,White / Caucasian,belief_post,90.0
Interview Prof. Sebille,race,White / Caucasian,concern_mean,76.66666666666667
Interview Prof. Sebille,race,White / Caucasian,distrust_post,20.0
Interview Prof. Sebille,race,White / Caucasian,donation_ams,6.0
Interview Prof. Sebille,race,White / Caucasian,funding_perceptions,40.0
Interview Prof. Sebille,race,White / Caucasian,inst_trust_mean,80.0
Interview Prof. Sebille,race,White / Caucasian,newsletter_signup,1.0
Interview Prof. Sebille,race,White / Caucasian,policy_general,75.0
Interview Prof. Sebille,race,White / Caucasian,policy_role_mean,82.5
Interview Prof. Sebille,race,White / Caucasian,policy_specific_mean,70.0
Interview Prof. Sebille,race,White / Caucasian,trust_multidimensional,82.5
Interview Prof. Sebille,race,White / Caucasian,trust_post,80.0
Measurement & modeling (1),age_band,18-29,behavior_mean,73.0
Measurement & modeling (1),age_band,18-29,belief_post,97.0
Measurement & modeling (1),age_band,18-29,concern_mean,93.0
Measurement & modeling (1),age_band,18-29,distrust_post,3.0
Measurement & modeling (1),age_band,18-29,donation_ams,7.0
Measurement & modeling (1),age_band,18-29,funding_perceptions,55.0
Measurement & modeling (1),age_band,18-29,inst_trust_mean,86.8
Measurement & modeling (1),age_band,18-29,newsletter_signup,1.0
Measurement & modeling (1),age_band,18-29,policy_general,92.0
Measurement & modeling (1),age_band,18-29,policy_role_mean,86.25
Measurement & modeling (1),age_band,18-29,policy_specific_mean,85.0
Measurement & modeling (1),age_band,18-29,trust_multidimensional,85.75
Measurement & modeling (1),age_band,18-29,trust_post,90.0
Measurement & modeling (1),age_band,30-44,behavior_mean,64.16666666666667
Measurement & modeling (1),age_band,30-44,belief_post,94.0
Measurement & modeling (1),age_band,30-44,concern_mean,84.33333333333333
Measurement & modeling (1),age_band,30-44,distrust_post,8.0
Measurement & modeling (1),age_band,30-44,donation_ams,7.5
Measurement & modeling (1),age_band,30-44,funding_perceptions,60.0
Measurement & modeling (1),age_band,30-44,inst_trust_mean,78.6
Measurement & modeling (1),age_band,30-44,newsletter_signup,1.0
Measurement & modeling (1),age_band,30-44,policy_general,83.0
Measurement & modeling (1),age_band,30-44,policy_role_mean,79.0
Measurement & modeling (1),age_band,30-44,policy_specific_mean,75.71428571428571
Measurement & modeling (1),age_band,30-44,trust_multidimensional,80.5
Measurement & modeling (1),age_band,30-44,trust_post,84.0
Measurement & modeling (1),age_band,45-59,behavior_mean,62.5
Measurement & modeling (1),age_band,45-59,belief_post,88.0
Measurement & modeling (1),age_band,45-59,concern_mean,80.0
Measurement & modeling (1),age_band,45-59,distrust_post,15.0
Measurement & modeling (1),age_band,45-59,donation_ams,45.0
Measurement & modeling (1),age_band,45-59,funding_perceptions,45.0
Measurement & modeling (1),age_band,45-59,inst_trust_mean,81.4
Measurement & modeling (1),age_band,45-59,newsletter_signup,50.0
Measurement & modeling (1),age_band,45-59,policy_general,78.0
Measurement & modeling (1),age_band,45-59,policy_role_mean,78.75
Measurement & modeling (1),age_band,45-59,policy_specific_mean,75.85714285714286
Measurement & modeling (1),age_band,45-59,trust_multidimensional,81.75
Measurement & modeling (1),age_band,45-59,trust_post,87.0
Measurement & modeling (1),age_band,60+,behavior_mean,59.166666666666664
Measurement & modeling (1),age_band,60+,belief_post,93.0
Measurement & modeling (1),age_band,60+,concern_mean,90.66666666666667
Measurement & modeling (1),age_band,60+,distrust_post,12.0
Measurement & modeling (1),age_band,60+,donation_ams,7.5
Measurement & modeling (1),age_band,60+,funding_perceptions,60.0
Measurement & modeling (1),age_band,60+,inst_trust_mean,85.2
Measurement & modeling (1),age_band,60+,newsletter_signup,2.0
Measurement & modeling (1),age_band,60+,policy_general,85.0
Measurement & modeling (1),age_band,60+,policy_role_mean,80.0
Measurement & modeling (1),age_band,60+,policy_specific_mean,79.85714285714286
Measurement & modeling (1),age_band,60+,trust_multidimensional,87.0
Measurement & modeling (1),age_band,60+,trust_post,90.0
Measurement & modeling (1),education,Bachelor's degree,behavior_mean,63.0
Measurement & modeling (1),education,Bachelor's degree,belief_post,94.0
Measurement & modeling (1),education,Bachelor's degree,concern_mean,91.66666666666667
Measurement & modeling (1),education,Bachelor's degree,distrust_post,15.0
Measurement & modeling (1),education,Bachelor's degree,donation_ams,4.5
Measurement & modeling (1),education,Bachelor's degree,funding_perceptions,45.0
Measurement & modeling (1),education,Bachelor's degree,inst_trust_mean,85.2
Measurement & modeling (1),education,Bachelor's degree,newsletter_signup,1.2
Measurement & modeling (1),education,Bachelor's degree,policy_general,90.0
Measurement & modeling (1),education,Bachelor's degree,policy_role_mean,86.25
Measurement & modeling (1),education,Bachelor's degree,policy_specific_mean,80.14285714285714
Measurement & modeling (1),education,Bachelor's degree,trust_multidimensional,85.33333333333333
Measurement & modeling (1),education,Bachelor's degree,trust_post,87.0
Measurement & modeling (1),education,Doctorate degree / Ph.D.,behavior_mean,84.66666666666667
Measurement & modeling (1),education,Doctorate degree / Ph.D.,belief_post,98.0
Measurement & modeling (1),education,Doctorate degree / Ph.D.,concern_mean,96.66666666666667
Measurement & modeling (1),education,Doctorate degree / Ph.D.,distrust_post,6.0
Measurement & modeling (1),education,Doctorate degree / Ph.D.,donation_ams,7.5
Measurement & modeling (1),education,Doctorate degree / Ph.D.,funding_perceptions,30.0
Measurement & modeling (1),education,Doctorate degree / Ph.D.,inst_trust_mean,85.0
Measurement & modeling (1),education,Doctorate degree / Ph.D.,newsletter_signup,1.0
Measurement & modeling (1),education,Doctorate degree / Ph.D.,policy_general,95.0
Measurement & modeling (1),education,Doctorate degree / Ph.D.,policy_role_mean,89.25
Measurement & modeling (1),education,Doctorate degree / Ph.D.,policy_specific_mean,89.71428571428571
Measurement & modeling (1),education,Doctorate degree / Ph.D.,trust_multidimensional,90.91666666666667
Measurement & modeling (1),education,Doctorate degree / Ph.D.,trust_post,94.0
Measurement & modeling (1),education,High school diploma / GED,behavior_mean,50.833333333333336
Measurement & modeling (1),education,High school diploma / GED,belief_post,92.0
Measurement & modeling (1),education,High school diploma / GED,concern_mean,78.33333333333333
Measurement & modeling (1),education,High school diploma / GED,distrust_post,25.0
Measurement & modeling (1),education,High school diploma / GED,donation_ams,5.0
Measurement & modeling (1),education,High school diploma / GED,funding_perceptions,45.0
Measurement & modeling (1),education,High school diploma / GED,inst_trust_mean,76.0
Measurement & modeling (1),education,High school diploma / GED,newsletter_signup,1.0
Measurement & modeling (1),education,High school diploma / GED,policy_general,78.0
Measurement & modeling (1),education,High school diploma / GED,policy_role_mean,65.0
Measurement & modeling (1),education,High school diploma / GED,policy_specific_mean,61.0
Measurement & modeling (1),education,High school diploma / GED,trust_multidimensional,77.66666666666667
Measurement & modeling (1),education,High school diploma / GED,trust_post,75.0
Measurement & modeling (1),education,Less than high school,behavior_mean,38.333333333333336
Measurement & modeling (1),education,Less than high school,belief_post,40.0
Measurement & modeling (1),education,Less than high school,concern_mean,56.666666666666664
Measurement & modeling (1),education,Less than high school,distrust_post,60.0
Measurement & modeling (1),education,Less than high school,donation_ams,2.5
Measurement & modeling (1),education,Less than high school,funding_perceptions,40.0
Measurement & modeling (1),education,Less than high school,inst_trust_mean,44.0
Measurement & modeling (1),education,Less than high school,newsletter_signup,2.0
Measurement & modeling (1),education,Less than high school,policy_general,50.0
Measurement & modeling (1),education,Less than high school,policy_role_mean,51.25
Measurement & modeling (1),education,Less than high school,policy_specific_mean,55.0
Measurement & modeling (1),education,Less than high school,trust_multidimensional,55.0
Measurement & modeling (1),education,Less than high school,trust_post,40.0
Measurement & modeling (1),education,Master's degree / Professional degree,behavior_mean,73.0
Measurement & modeling (1),education,Master's degree / Professional degree,belief_post,95.0
Measurement & modeling (1),education,Master's degree / Professional degree,concern_mean,91.0
Measurement & modeling (1),education,Master's degree / Professional degree,distrust_post,7.0
Measurement & modeling (1),education,Master's degree / Professional degree,donation_ams,8.0
Measurement & modeling (1),education,Master's degree / Professional degree,funding_perceptions,45.0
Measurement & modeling (1),education,Master's degree / Professional degree,inst_trust_mean,86.6
Measurement & modeling (1),education,Master's degree / Professional degree,newsletter_signup,1.0
Measurement & modeling (1),education,Master's degree / Professional degree,policy_general,92.0
Measurement & modeling (1),education,Master's degree / Professional degree,policy_role_mean,89.5
Measurement & modeling (1),education,Master's degree / Professional degree,policy_specific_mean,87.0
Measurement & modeling (1),education,Master's degree / Professional degree,trust_multidimensional,89.25
Measurement & modeling (1),education,Master's degree / Professional degree,trust_post,93.0
Measurement & modeling (1),education,Some college or Associate's degree,behavior_mean,51.666666666666664
Measurement & modeling (1),education,Some college or Associate's degree,belief_post,85.0
Measurement & modeling (1),education,Some college or Associate's degree,concern_mean,70.0
Measurement & modeling (1),education,Some college or Associate's degree,distrust_post,20.0
Measurement & modeling (1),education,Some college or Associate's degree,donation_ams,4.0
Measurement & modeling (1),education,Some college or Associate's degree,funding_perceptions,35.0
Measurement & modeling (1),education,Some college or Associate's degree,inst_trust_mean,71.0
Measurement & modeling (1),education,Some college or Associate's degree,newsletter_signup,1.5
Measurement & modeling (1),education,Some college or Associate's degree,policy_general,65.0
Measurement & modeling (1),education,Some college or Associate's degree,policy_role_mean,71.25
Measurement & modeling (1),education,Some college or Associate's degree,policy_specific_mean,58.57142857142857
Measurement & modeling (1),education,Some college or Associate's degree,trust_multidimensional,77.08333333333333
Measurement & modeling (1),education,Some college or Associate's degree,trust_post,75.0
Measurement & modeling (1),gender,Female,behavior_mean,70.0
Measurement & modeling (1),gender,Female,belief_post,92.0
Measurement & modeling (1),gender,Female,concern_mean,89.0
Measurement & modeling (1),gender,Female,distrust_post,15.0
Measurement & modeling (1),gender,Female,donation_ams,7.0
Measurement & modeling (1),gender,Female,funding_perceptions,40.0
Measurement & modeling (1),gender,Female,inst_trust_mean,85.4
Measurement & modeling (1),gender,Female,newsletter_signup,2.0
Measurement & modeling (1),gender,Female,policy_general,88.0
Measurement & modeling (1),gender,Female,policy_role_mean,82.5
Measurement & modeling (1),gender,Female,policy_specific_mean,80.71428571428571
Measurement & modeling (1),gender,Female,trust_multidimensional,88.33333333333333
Measurement & modeling (1),gender,Female,trust_post,87.0
Measurement & modeling (1),gender,Male,behavior_mean,59.166666666666664
Measurement & modeling (1),gender,Male,belief_post,90.0
Measurement & modeling (1),gender,Male,concern_mean,85.0
Measurement & modeling (1),gender,Male,distrust_post,12.0
Measurement & modeling (1),gender,Male,donation_ams,6.0
Measurement & modeling (1),gender,Male,funding_perceptions,65.0
Measurement & modeling (1),gender,Male,inst_trust_mean,81.0
Measurement & modeling (1),gender,Male,newsletter_signup,2.0
Measurement & modeling (1),gender,Male,policy_general,82.0
Measurement & modeling (1),gender,Male,policy_role_mean,81.25
Measurement & modeling (1),gender,Male,policy_specific_mean,78.42857142857143
Measurement & modeling (1),gender,Male,trust_multidimensional,87.08333333333333
Measurement & modeling (1),gender,Male,trust_post,92.0
Measurement & modeling (1),gender,Other,behavior_mean,60.0
Measurement & modeling (1),gender,Other,belief_post,90.0
Measurement & modeling (1),gender,Other,concern_mean,85.0
Measurement & modeling (1),gender,Other,distrust_post,15.0
Measurement & modeling (1),gender,Other,donation_ams,4.0
Measurement & modeling (1),gender,Other,funding_perceptions,45.0
Measurement & modeling (1),gender,Other,inst_trust_mean,80.0
Measurement & modeling (1),gender,Other,newsletter_signup,2.0
Measurement & modeling (1),gender,Other,policy_general,80.0
Measurement & modeling (1),gender,Other,policy_role_mean,80.0
Measurement & modeling (1),gender,Other,policy_specific_mean,73.57142857142857
Measurement & modeling (1),gender,Other,trust_multidimensional,86.91666666666667
Measurement & modeling (1),gender,Other,trust_post,80.0
Measurement & modeling (1),income,"$100,000 to $167,999",behavior_mean,70.0
Measurement & modeling (1),income,"$100,000 to $167,999",belief_post,95.0
Measurement & modeling (1),income,"$100,000 to $167,999",concern_mean,91.33333333333333
Measurement & modeling (1),income,"$100,000 to $167,999",distrust_post,5.0
Measurement & modeling (1),income,"$100,000 to $167,999",donation_ams,7.0
Measurement & modeling (1),income,"$100,000 to $167,999",funding_perceptions,60.0
Measurement & modeling (1),income,"$100,000 to $167,999",inst_trust_mean,83.0
Measurement & modeling (1),income,"$100,000 to $167,999",newsletter_signup,1.0
Measurement & modeling (1),income,"$100,000 to $167,999",policy_general,80.0
Measurement & modeling (1),income,"$100,000 to $167,999",policy_role_mean,82.5
Measurement & modeling (1),income,"$100,000 to $167,999",policy_specific_mean,79.71428571428571
Measurement & modeling (1),income,"$100,000 to $167,999",trust_multidimensional,86.66666666666667
Measurement & modeling (1),income,"$100,000 to $167,999",trust_post,92.0
Measurement & modeling (1),income,"$168,000 or more",behavior_mean,70.33333333333333
Measurement & modeling (1),income,"$168,000 or more",belief_post,88.0
Measurement & modeling (1),income,"$168,000 or more",concern_mean,85.33333333333333
Measurement & modeling (1),income,"$168,000 or more",distrust_post,12.0
Measurement & modeling (1),income,"$168,000 or more",donation_ams,8.0
Measurement & modeling (1),income,"$168,000 or more",funding_perceptions,65.0
Measurement & modeling (1),income,"$168,000 or more",inst_trust_mean,84.8
Measurement & modeling (1),income,"$168,000 or more",newsletter_signup,2.0
Measurement & modeling (1),income,"$168,000 or more",policy_general,80.0
Measurement & modeling (1),income,"$168,000 or more",policy_role_mean,84.5
Measurement & modeling (1),income,"$168,000 or more",policy_specific_mean,80.71428571428571
Measurement & modeling (1),income,"$168,000 or more",trust_multidimensional,87.41666666666667
Measurement & modeling (1),income,"$168,000 or more",trust_post,90.0
Measurement & modeling (1),income,"$30,000 to $55,999",behavior_mean,49.166666666666664
Measurement & modeling (1),income,"$30,000 to $55,999",belief_post,90.0
Measurement & modeling (1),income,"$30,000 to $55,999",concern_mean,73.33333333333333
Measurement & modeling (1),income,"$30,000 to $55,999",distrust_post,22.0
Measurement & modeling (1),income,"$30,000 to $55,999",donation_ams,7.5
Measurement & modeling (1),income,"$30,000 to $55,999",funding_perceptions,55.0
Measurement & modeling (1),income,"$30,000 to $55,999",inst_trust_mean,76.6
Measurement & modeling (1),income,"$30,000 to $55,999",newsletter_signup,1.0
Measurement & modeling (1),income,"$30,000 to $55,999",policy_general,70.0
Measurement & modeling (1),income,"$30,000 to $55,999",policy_role_mean,70.0
Measurement & modeling (1),income,"$30,000 to $55,999",policy_specific_mean,60.0
Measurement & modeling (1),income,"$30,000 to $55,999",trust_multidimensional,85.0
Measurement & modeling (1),income,"$30,000 to $55,999",trust_post,78.0
Measurement & modeling (1),income,"$56,000 to $99,999",behavior_mean,60.833333333333336
Measurement & modeling (1),income,"$56,000 to $99,999",belief_post,93.0
Measurement & modeling (1),income,"$56,000 to $99,999",concern_mean,83.33333333333333
Measurement & modeling (1),income,"$56,000 to $99,999",distrust_post,15.0
Measurement & modeling (1),income,"$56,000 to $99,999",donation_ams,6.0
Measurement & modeling (1),income,"$56,000 to $99,999",funding_perceptions,30.0
Measurement & modeling (1),income,"$56,000 to $99,999",inst_trust_mean,77.4
Measurement & modeling (1),income,"$56,000 to $99,999",newsletter_signup,2.0
Measurement & modeling (1),income,"$56,000 to $99,999",policy_general,83.0
Measurement & modeling (1),income,"$56,000 to $99,999",policy_role_mean,80.0
Measurement & modeling (1),income,"$56,000 to $99,999",policy_specific_mean,71.14285714285714
Measurement & modeling (1),income,"$56,000 to $99,999",trust_multidimensional,86.33333333333333
Measurement & modeling (1),income,"$56,000 to $99,999",trust_post,87.0
Measurement & modeling (1),income,"Less than $30,000",behavior_mean,52.5
Measurement & modeling (1),income,"Less than $30,000",belief_post,90.0
Measurement & modeling (1),income,"Less than $30,000",concern_mean,75.0
Measurement & modeling (1),income,"Less than $30,000",distrust_post,20.0
Measurement & modeling (1),income,"Less than $30,000",donation_ams,3.0
Measurement & modeling (1),income,"Less than $30,000",funding_perceptions,50.0
Measurement & modeling (1),income,"Less than $30,000",inst_trust_mean,72.6
Measurement & modeling (1),income,"Less than $30,000",newsletter_signup,2.0
Measurement & modeling (1),income,"Less than $30,000",policy_general,65.0
Measurement & modeling (1),income,"Less than $30,000",policy_role_mean,73.75
Measurement & modeling (1),income,"Less than $30,000",policy_specific_mean,67.85714285714286
Measurement & modeling (1),income,"Less than $30,000",trust_multidimensional,79.16666666666667
Measurement & modeling (1),income,"Less than $30,000",trust_post,80.0
Measurement & modeling (1),party,Democrat,behavior_mean,71.33333333333333
Measurement & modeling (1),party,Democrat,belief_post,94.0
Measurement & modeling (1),party,Democrat,concern_mean,90.66666666666667
Measurement & modeling (1),party,Democrat,distrust_post,5.0
Measurement & modeling (1),party,Democrat,donation_ams,5.5
Measurement & modeling (1),party,Democrat,funding_perceptions,35.0
Measurement & modeling (1),party,Democrat,inst_trust_mean,85.6
Measurement & modeling (1),party,Democrat,newsletter_signup,1.0
Measurement & modeling (1),party,Democrat,policy_general,85.0
Measurement & modeling (1),party,Democrat,policy_role_mean,85.5
Measurement & modeling (1),party,Democrat,policy_specific_mean,82.57142857142857
Measurement & modeling (1),party,Democrat,trust_multidimensional,90.83333333333333
Measurement & modeling (1),party,Democrat,trust_post,93.0
Measurement & modeling (1),party,Independent,behavior_mean,65.0
Measurement & modeling (1),party,Independent,belief_post,90.0
Measurement & modeling (1),party,Independent,concern_mean,76.66666666666667
Measurement & modeling (1),party,Independent,distrust_post,20.0
Measurement & modeling (1),party,Independent,donation_ams,5.0
Measurement & modeling (1),party,Independent,funding_perceptions,45.0
Measurement & modeling (1),party,Independent,inst_trust_mean,74.0
Measurement & modeling (1),party,Independent,newsletter_signup,2.0
Measurement & modeling (1),party,Independent,policy_general,65.0
Measurement & modeling (1),party,Independent,policy_role_mean,71.25
Measurement & modeling (1),party,Independent,policy_specific_mean,72.85714285714286
Measurement & modeling (1),party,Independent,trust_multidimensional,84.58333333333333
Measurement & modeling (1),party,Independent,trust_post,75.0
Measurement & modeling (1),party,Other,behavior_mean,53.833333333333336
Measurement & modeling (1),party,Other,belief_post,82.0
Measurement & modeling (1),party,Other,concern_mean,66.66666666666667
Measurement & modeling (1),party,Other,distrust_post,20.0
Measurement & modeling (1),party,Other,donation_ams,5.0
Measurement & modeling (1),party,Other,funding_perceptions,55.0
Measurement & modeling (1),party,Other,inst_trust_mean,66.4
Measurement & modeling (1),party,Other,newsletter_signup,1.5
Measurement & modeling (1),party,Other,policy_general,68.0
Measurement & modeling (1),party,Other,policy_role_mean,56.25
Measurement & modeling (1),party,Other,policy_specific_mean,65.0
Measurement & modeling (1),party,Other,trust_multidimensional,73.33333333333333
Measurement & modeling (1),party,Other,trust_post,65.0
Measurement & modeling (1),party,Republican,behavior_mean,35.0
Measurement & modeling (1),party,Republican,belief_post,55.0
Measurement & modeling (1),party,Republican,concern_mean,50.0
Measurement & modeling (1),party,Republican,distrust_post,45.0
Measurement & modeling (1),party,Republican,donation_ams,4.0
Measurement & modeling (1),party,Republican,funding_perceptions,50.0
Measurement & modeling (1),party,Republican,inst_trust_mean,57.0
Measurement & modeling (1),party,Republican,newsletter_signup,2.0
Measurement & modeling (1),party,Republican,policy_general,35.0
Measurement & modeling (1),party,Republican,policy_role_mean,58.75
Measurement & modeling (1),party,Republican,policy_specific_mean,42.857142857142854
Measurement & modeling (1),party,Republican,trust_multidimensional,65.0
Measurement & modeling (1),party,Republican,trust_post,55.0
Measurement & modeling (1),race,Asian / Asian American,behavior_mean,62.5
Measurement & modeling (1),race,Asian / Asian American,belief_post,83.0
Measurement & modeling (1),race,Asian / Asian American,concern_mean,78.0
Measurement & modeling (1),race,Asian / Asian American,distrust_post,18.0
Measurement & modeling (1),race,Asian / Asian American,donation_ams,6.0
Measurement & modeling (1),race,Asian / Asian American,funding_perceptions,42.0
Measurement & modeling (1),race,Asian / Asian American,inst_trust_mean,80.0
Measurement & modeling (1),race,Asian / Asian American,newsletter_signup,60.0
Measurement & modeling (1),race,Asian / Asian American,policy_general,72.0
Measurement & modeling (1),race,Asian / Asian American,policy_role_mean,78.25
Measurement & modeling (1),race,Asian / Asian American,policy_specific_mean,72.71428571428571
Measurement & modeling (1),race,Asian / Asian American,trust_multidimensional,82.33333333333333
Measurement & modeling (1),race,Asian / Asian American,trust_post,82.0
Measurement & modeling (1),race,Black / African American,behavior_mean,61.666666666666664
Measurement & modeling (1),race,Black / African American,belief_post,85.0
Measurement & modeling (1),race,Black / African American,concern_mean,87.66666666666667
Measurement & modeling (1),race,Black / African American,distrust_post,18.0
Measurement & modeling (1),race,Black / African American,donation_ams,3.0
Measurement & modeling (1),race,Black / African American,funding_perceptions,70.0
Measurement & modeling (1),race,Black / African American,inst_trust_mean,74.0
Measurement & modeling (1),race,Black / African American,newsletter_signup,1.8
Measurement & modeling (1),race,Black / African American,policy_general,78.0
Measurement & modeling (1),race,Black / African American,policy_role_mean,75.25
Measurement & modeling (1),race,Black / African American,policy_specific_mean,76.14285714285714
Measurement & modeling (1),race,Black / African American,trust_multidimensional,79.25
Measurement & modeling (1),race,Black / African American,trust_post,82.0
Measurement & modeling (1),race,Hispanic / Latino,behavior_mean,57.5
Measurement & modeling (1),race,Hispanic / Latino,belief_post,83.0
Measurement & modeling (1),race,Hispanic / Latino,concern_mean,81.0
Measurement & modeling (1),race,Hispanic / Latino,distrust_post,15.0
Measurement & modeling (1),race,Hispanic / Latino,donation_ams,7.0
Measurement & modeling (1),race,Hispanic / Latino,funding_perceptions,55.0
Measurement & modeling (1),race,Hispanic / Latino,inst_trust_mean,78.8
Measurement & modeling (1),race,Hispanic / Latino,newsletter_signup,2.0
Measurement & modeling (1),race,Hispanic / Latino,policy_general,72.0
Measurement & modeling (1),race,Hispanic / Latino,policy_role_mean,71.25
Measurement & modeling (1),race,Hispanic / Latino,policy_specific_mean,69.71428571428571
Measurement & modeling (1),race,Hispanic / Latino,trust_multidimensional,81.33333333333333
Measurement & modeling (1),race,Hispanic / Latino,trust_post,78.0
Measurement & modeling (1),race,Other,behavior_mean,54.666666666666664
Measurement & modeling (1),race,Other,belief_post,82.0
Measurement & modeling (1),race,Other,concern_mean,75.0
Measurement & modeling (1),race,Other,distrust_post,15.0
Measurement & modeling (1),race,Other,donation_ams,7.5
Measurement & modeling (1),race,Other,funding_perceptions,45.0
Measurement & modeling (1),race,Other,inst_trust_mean,76.0
Measurement & modeling (1),race,Other,newsletter_signup,2.0
Measurement & modeling (1),race,Other,policy_general,80.0
Measurement & modeling (1),race,Other,policy_role_mean,76.0
Measurement & modeling (1),race,Other,policy_specific_mean,73.0
Measurement & modeling (1),race,Other,trust_multidimensional,76.5
Measurement & modeling (1),race,Other,trust_post,78.0
Measurement & modeling (1),race,White / Caucasian,behavior_mean,41.666666666666664
Measurement & modeling (1),race,White / Caucasian,belief_post,85.0
Measurement & modeling (1),race,White / Caucasian,concern_mean,73.33333333333333
Measurement & modeling (1),race,White / Caucasian,distrust_post,25.0
Measurement & modeling (1),race,White / Caucasian,donation_ams,3.0
Measurement & modeling (1),race,White / Caucasian,funding_perceptions,45.0
Measurement & modeling (1),race,White / Caucasian,inst_trust_mean,70.0
Measurement & modeling (1),race,White / Caucasian,newsletter_signup,2.0
Measurement & modeling (1),race,White / Caucasian,policy_general,70.0
Measurement & modeling (1),race,White / Caucasian,policy_role_mean,72.5
Measurement & modeling (1),race,White / Caucasian,policy_specific_mean,68.57142857142857
Measurement & modeling (1),race,White / Caucasian,trust_multidimensional,81.66666666666667
Measurement & modeling (1),race,White / Caucasian,trust_post,75.0
Measurement & modeling (2),age_band,18-29,behavior_mean,75.0
Measurement & modeling (2),age_band,18-29,belief_post,93.0
Measurement & modeling (2),age_band,18-29,concern_mean,91.33333333333333
Measurement & modeling (2),age_band,18-29,distrust_post,8.0
Measurement & modeling (2),age_band,18-29,donation_ams,6.0
Measurement & modeling (2),age_band,18-29,funding_perceptions,30.0
Measurement & modeling (2),age_band,18-29,inst_trust_mean,84.8
Measurement & modeling (2),age_band,18-29,newsletter_signup,0.5
Measurement & modeling (2),age_band,18-29,policy_general,90.0
Measurement & modeling (2),age_band,18-29,policy_role_mean,85.25
Measurement & modeling (2),age_band,18-29,policy_specific_mean,86.0
Measurement & modeling (2),age_band,18-29,trust_multidimensional,84.66666666666667
Measurement & modeling (2),age_band,18-29,trust_post,91.0
Measurement & modeling (2),age_band,30-44,behavior_mean,69.16666666666667
Measurement & modeling (2),age_band,30-44,belief_post,95.0
Measurement & modeling (2),age_band,30-44,concern_mean,90.0
Measurement & modeling (2),age_band,30-44,distrust_post,15.0
Measurement & modeling (2),age_band,30-44,donation_ams,5.0
Measurement & modeling (2),age_band,30-44,funding_perceptions,70.0
Measurement & modeling (2),age_band,30-44,inst_trust_mean,78.0
Measurement & modeling (2),age_band,30-44,newsletter_signup,1.0
Measurement & modeling (2),age_band,30-44,policy_general,85.0
Measurement & modeling (2),age_band,30-44,policy_role_mean,78.75
Measurement & modeling (2),age_band,30-44,policy_specific_mean,81.57142857142857
Measurement & modeling (2),age_band,30-44,trust_multidimensional,81.25
Measurement & modeling (2),age_band,30-44,trust_post,90.0
Measurement & modeling (2),age_band,45-59,behavior_mean,58.333333333333336
Measurement & modeling (2),age_band,45-59,belief_post,90.0
Measurement & modeling (2),age_band,45-59,concern_mean,85.66666666666667
Measurement & modeling (2),age_band,45-59,distrust_post,10.0
Measurement & modeling (2),age_band,45-59,donation_ams,6.0
Measurement & modeling (2),age_band,45-59,funding_perceptions,45.0
Measurement & modeling (2),age_band,45-59,inst_trust_mean,82.0
Measurement & modeling (2),age_band,45-59,newsletter_signup,65.0
Measurement & modeling (2),age_band,45-59,policy_general,78.0
Measurement & modeling (2),age_band,45-59,policy_role_mean,85.0
Measurement & modeling (2),age_band,45-59,policy_specific_mean,75.71428571428571
Measurement & modeling (2),age_band,45-59,trust_multidimensional,80.83333333333333
Measurement & modeling (2),age_band,45-59,trust_post,90.0
Measurement & modeling (2),age_band,60+,behavior_mean,54.166666666666664
Measurement & modeling (2),age_band,60+,belief_post,85.0
Measurement & modeling (2),age_band,60+,concern_mean,80.0
Measurement & modeling (2),age_band,60+,distrust_post,20.0
Measurement & modeling (2),age_band,60+,donation_ams,7.0
Measurement & modeling (2),age_band,60+,funding_perceptions,42.0
Measurement & modeling (2),age_band,60+,inst_trust_mean,84.0
Measurement & modeling (2),age_band,60+,newsletter_signup,1.5
Measurement & modeling (2),age_band,60+,policy_general,75.0
Measurement & modeling (2),age_band,60+,policy_role_mean,81.25
Measurement & modeling (2),age_band,60+,policy_specific_mean,72.14285714285714
Measurement & modeling (2),age_band,60+,trust_multidimensional,81.33333333333333
Measurement & modeling (2),age_band,60+,trust_post,80.0
Measurement & modeling (2),education,Bachelor's degree,behavior_mean,62.5
Measurement & modeling (2),education,Bachelor's degree,belief_post,95.0
Measurement & modeling (2),education,Bachelor's degree,concern_mean,87.33333333333333
Measurement & modeling (2),education,Bachelor's degree,distrust_post,10.0
Measurement & modeling (2),education,Bachelor's degree,donation_ams,7.0
Measurement & modeling (2),education,Bachelor's degree,funding_perceptions,60.0
Measurement & modeling (2),education,Bachelor's degree,inst_trust_mean,81.0
Measurement & modeling (2),education,Bachelor's degree,newsletter_signup,1.0
Measurement & modeling (2),education,Bachelor's degree,policy_general,80.0
Measurement & modeling (2),education,Bachelor's degree,policy_role_mean,72.5
Measurement & modeling (2),education,Bachelor's degree,policy_specific_mean,75.0
Measurement & modeling (2),education,Bachelor's degree,trust_multidimensional,85.91666666666667
Measurement & modeling (2),education,Bachelor's degree,trust_post,85.0
Measurement & modeling (2),education,Doctorate degree / Ph.D.,behavior_mean,69.33333333333333
Measurement & modeling (2),education,Doctorate degree / Ph.D.,belief_post,96.0
Measurement & modeling (2),education,Doctorate degree / Ph.D.,concern_mean,92.66666666666667
Measurement & modeling (2),education,Doctorate degree / Ph.D.,distrust_post,2.0
Measurement & modeling (2),education,Doctorate degree / Ph.D.,donation_ams,8.0
Measurement & modeling (2),education,Doctorate degree / Ph.D.,funding_perceptions,45.0
Measurement & modeling (2),education,Doctorate degree / Ph.D.,inst_trust_mean,88.8
Measurement & modeling (2),education,Doctorate degree / Ph.D.,newsletter_signup,2.0
Measurement & modeling (2),education,Doctorate degree / Ph.D.,policy_general,90.0
Measurement & modeling (2),education,Doctorate degree / Ph.D.,policy_role_mean,89.25
Measurement & modeling (2),education,Doctorate degree / Ph.D.,policy_specific_mean,86.42857142857143
Measurement & modeling (2),education,Doctorate degree / Ph.D.,trust_multidimensional,90.5
Measurement & modeling (2),education,Doctorate degree / Ph.D.,trust_post,94.0
Measurement & modeling (2),education,High school diploma / GED,behavior_mean,59.333333333333336
Measurement & modeling (2),education,High school diploma / GED,belief_post,83.0
Measurement & modeling (2),education,High school diploma / GED,concern_mean,71.33333333333333
Measurement & modeling (2),education,High school diploma / GED,distrust_post,21.0
Measurement & modeling (2),education,High school diploma / GED,donation_ams,4.0
Measurement & modeling (2),education,High school diploma / GED,funding_perceptions,38.0
Measurement & modeling (2),education,High school diploma / GED,inst_trust_mean,65.6
Measurement & modeling (2),education,High school diploma / GED,newsletter_signup,2.0
Measurement & modeling (2),education,High school diploma / GED,policy_general,70.0
Measurement & modeling (2),education,High school diploma / GED,policy_role_mean,75.25
Measurement & modeling (2),education,High school diploma / GED,policy_specific_mean,70.42857142857143
Measurement & modeling (2),education,High school diploma / GED,trust_multidimensional,76.33333333333333
Measurement & modeling (2),education,High school diploma / GED,trust_post,79.0
Measurement & modeling (2),education,Less than high school,behavior_mean,66.4
Measurement & modeling (2),education,Less than high school,belief_post,92.8
Measurement & modeling (2),education,Less than high school,concern_mean,86.0
Measurement & modeling (2),education,Less than high school,distrust_post,12.6
Measurement & modeling (2),education,Less than high school,donation_ams,6.4
Measurement & modeling (2),education,Less than high school,funding_perceptions,45.6
Measurement & modeling (2),education,Less than high school,inst_trust_mean,81.16
Measurement & modeling (2),education,Less than high school,newsletter_signup,1.52
Measurement & modeling (2),education,Less than high school,policy_general,82.0
Measurement & modeling (2),education,Less than high school,policy_role_mean,80.25
Measurement & modeling (2),education,Less than high school,policy_specific_mean,77.65714285714287
Measurement & modeling (2),education,Less than high school,trust_multidimensional,84.48333333333332
Measurement & modeling (2),education,Less than high school,trust_post,87.6
Measurement & modeling (2),education,Master's degree / Professional degree,behavior_mean,76.66666666666667
Measurement & modeling (2),education,Master's degree / Professional degree,belief_post,98.0
Measurement & modeling (2),education,Master's degree / Professional degree,concern_mean,92.0
Measurement & modeling (2),education,Master's degree / Professional degree,distrust_post,15.0
Measurement & modeling (2),education,Master's degree / Professional degree,donation_ams,8.0
Measurement & modeling (2),education,Master's degree / Professional degree,funding_perceptions,35.0
Measurement & modeling (2),education,Master's degree / Professional degree,inst_trust_mean,91.4
Measurement & modeling (2),education,Master's degree / Professional degree,newsletter_signup,1.0
Measurement & modeling (2),education,Master's degree / Professional degree,policy_general,90.0
Measurement & modeling (2),education,Master's degree / Professional degree,policy_role_mean,85.5
Measurement & modeling (2),education,Master's degree / Professional degree,policy_specific_mean,82.42857142857143
Measurement & modeling (2),education,Master's degree / Professional degree,trust_multidimensional,88.83333333333333
Measurement & modeling (2),education,Master's degree / Professional degree,trust_post,95.0
Measurement & modeling (2),education,Some college or Associate's degree,behavior_mean,64.16666666666667
Measurement & modeling (2),education,Some college or Associate's degree,belief_post,92.0
Measurement & modeling (2),education,Some college or Associate's degree,concern_mean,86.66666666666667
Measurement & modeling (2),education,Some college or Associate's degree,distrust_post,15.0
Measurement & modeling (2),education,Some college or Associate's degree,donation_ams,5.0
Measurement & modeling (2),education,Some college or Associate's degree,funding_perceptions,50.0
Measurement & modeling (2),education,Some college or Associate's degree,inst_trust_mean,79.0
Measurement & modeling (2),education,Some college or Associate's degree,newsletter_signup,1.6
Measurement & modeling (2),education,Some college or Associate's degree,policy_general,80.0
Measurement & modeling (2),education,Some college or Associate's degree,policy_role_mean,78.75
Measurement & modeling (2),education,Some college or Associate's degree,policy_specific_mean,74.0
Measurement & modeling (2),education,Some college or Associate's degree,trust_multidimensional,80.83333333333333
Measurement & modeling (2),education,Some college or Associate's degree,trust_post,85.0
Measurement & modeling (2),gender,Female,behavior_mean,66.66666666666667
Measurement & modeling (2),gender,Female,belief_post,91.0
Measurement & modeling (2),gender,Female,concern_mean,87.66666666666667
Measurement & modeling (2),gender,Female,distrust_post,15.0
Measurement & modeling (2),gender,Female,donation_ams,6.5
Measurement & modeling (2),gender,Female,funding_perceptions,60.0
Measurement & modeling (2),gender,Female,inst_trust_mean,85.8
Measurement & modeling (2),gender,Female,newsletter_signup,1.8
Measurement & modeling (2),gender,Female,policy_general,90.0
Measurement & modeling (2),gender,Female,policy_role_mean,82.25
Measurement & modeling (2),gender,Female,policy_specific_mean,78.85714285714286
Measurement & modeling (2),gender,Female,trust_multidimensional,88.41666666666667
Measurement & modeling (2),gender,Female,trust_post,90.0
Measurement & modeling (2),gender,Male,behavior_mean,48.0
Measurement & modeling (2),gender,Male,belief_post,90.0
Measurement & modeling (2),gender,Male,concern_mean,72.0
Measurement & modeling (2),gender,Male,distrust_post,20.0
Measurement & modeling (2),gender,Male,donation_ams,3.5
Measurement & modeling (2),gender,Male,funding_perceptions,40.0
Measurement & modeling (2),gender,Male,inst_trust_mean,79.6
Measurement & modeling (2),gender,Male,newsletter_signup,2.0
Measurement & modeling (2),gender,Male,policy_general,70.0
Measurement & modeling (2),gender,Male,policy_role_mean,65.0
Measurement & modeling (2),gender,Male,policy_specific_mean,67.28571428571429
Measurement & modeling (2),gender,Male,trust_multidimensional,75.0
Measurement & modeling (2),gender,Male,trust_post,80.0
Measurement & modeling (2),gender,Other,behavior_mean,53.333333333333336
Measurement & modeling (2),gender,Other,belief_post,85.0
Measurement & modeling (2),gender,Other,concern_mean,76.0
Measurement & modeling (2),gender,Other,distrust_post,20.0
Measurement & modeling (2),gender,Other,donation_ams,7.0
Measurement & modeling (2),gender,Other,funding_perceptions,35.0
Measurement & modeling (2),gender,Other,inst_trust_mean,78.0
Measurement & modeling (2),gender,Other,newsletter_signup,1.3
Measurement & modeling (2),gender,Other,policy_general,75.0
Measurement & modeling (2),gender,Other,policy_role_mean,68.75
Measurement & modeling (2),gender,Other,policy_specific_mean,69.28571428571429
Measurement & modeling (2),gender,Other,trust_multidimensional,78.25
Measurement & modeling (2),gender,Other,trust_post,80.0
Measurement & modeling (2),income,"$100,000 to $167,999",behavior_mean,71.0
Measurement & modeling (2),income,"$100,000 to $167,999",belief_post,95.0
Measurement & modeling (2),income,"$100,000 to $167,999",concern_mean,88.0
Measurement & modeling (2),income,"$100,000 to $167,999",distrust_post,12.0
Measurement & modeling (2),income,"$100,000 to $167,999",donation_ams,7.0
Measurement & modeling (2),income,"$100,000 to $167,999",funding_perceptions,50.0
Measurement & modeling (2),income,"$100,000 to $167,999",inst_trust_mean,83.2
Measurement & modeling (2),income,"$100,000 to $167,999",newsletter_signup,1.0
Measurement & modeling (2),income,"$100,000 to $167,999",policy_general,83.0
Measurement & modeling (2),income,"$100,000 to $167,999",policy_role_mean,82.25
Measurement & modeling (2),income,"$100,000 to $167,999",policy_specific_mean,80.0
Measurement & modeling (2),income,"$100,000 to $167,999",trust_multidimensional,83.16666666666667
Measurement & modeling (2),income,"$100,000 to $167,999",trust_post,90.0
Measurement & modeling (2),income,"$168,000 or more",behavior_mean,73.33333333333333
Measurement & modeling (2),income,"$168,000 or more",belief_post,98.0
Measurement & modeling (2),income,"$168,000 or more",concern_mean,92.33333333333333
Measurement & modeling (2),income,"$168,000 or more",distrust_post,5.0
Measurement & modeling (2),income,"$168,000 or more",donation_ams,8.0
Measurement & modeling (2),income,"$168,000 or more",funding_perceptions,45.0
Measurement & modeling (2),income,"$168,000 or more",inst_trust_mean,84.6
Measurement & modeling (2),income,"$168,000 or more",newsletter_signup,1.0
Measurement & modeling (2),income,"$168,000 or more",policy_general,90.0
Measurement & modeling (2),income,"$168,000 or more",policy_role_mean,88.0
Measurement & modeling (2),income,"$168,000 or more",policy_specific_mean,84.28571428571429
Measurement & modeling (2),income,"$168,000 or more",trust_multidimensional,88.58333333333333
Measurement & modeling (2),income,"$168,000 or more",trust_post,93.0
Measurement & modeling (2),income,"$30,000 to $55,999",behavior_mean,53.166666666666664
Measurement & modeling (2),income,"$30,000 to $55,999",belief_post,83.0
Measurement & modeling (2),income,"$30,000 to $55,999",concern_mean,70.0
Measurement & modeling (2),income,"$30,000 to $55,999",distrust_post,20.0
Measurement & modeling (2),income,"$30,000 to $55,999",donation_ams,5.5
Measurement & modeling (2),income,"$30,000 to $55,999",funding_perceptions,42.0
Measurement & modeling (2),income,"$30,000 to $55,999",inst_trust_mean,72.4
Measurement & modeling (2),income,"$30,000 to $55,999",newsletter_signup,1.5
Measurement & modeling (2),income,"$30,000 to $55,999",policy_general,70.0
Measurement & modeling (2),income,"$30,000 to $55,999",policy_role_mean,76.0
Measurement & modeling (2),income,"$30,000 to $55,999",policy_specific_mean,70.85714285714286
Measurement & modeling (2),income,"$30,000 to $55,999",trust_multidimensional,81.83333333333333
Measurement & modeling (2),income,"$30,000 to $55,999",trust_post,80.0
Measurement & modeling (2),income,"$56,000 to $99,999",behavior_mean,65.5
Measurement & modeling (2),income,"$56,000 to $99,999",belief_post,89.0
Measurement & modeling (2),income,"$56,000 to $99,999",concern_mean,74.66666666666667
Measurement & modeling (2),income,"$56,000 to $99,999",distrust_post,12.0
Measurement & modeling (2),income,"$56,000 to $99,999",donation_ams,5.0
Measurement & modeling (2),income,"$56,000 to $99,999",funding_perceptions,55.0
Measurement & modeling (2),income,"$56,000 to $99,999",inst_trust_mean,79.2
Measurement & modeling (2),income,"$56,000 to $99,999",newsletter_signup,1.6
Measurement & modeling (2),income,"$56,000 to $99,999",policy_general,80.0
Measurement & modeling (2),income,"$56,000 to $99,999",policy_role_mean,80.0
Measurement & modeling (2),income,"$56,000 to $99,999",policy_specific_mean,80.14285714285714
Measurement & modeling (2),income,"$56,000 to $99,999",trust_multidimensional,80.0
Measurement & modeling (2),income,"$56,000 to $99,999",trust_post,88.0
Measurement & modeling (2),income,"Less than $30,000",behavior_mean,42.5
Measurement & modeling (2),income,"Less than $30,000",belief_post,90.0
Measurement & modeling (2),income,"Less than $30,000",concern_mean,73.33333333333333
Measurement & modeling (2),income,"Less than $30,000",distrust_post,25.0
Measurement & modeling (2),income,"Less than $30,000",donation_ams,5.0
Measurement & modeling (2),income,"Less than $30,000",funding_perceptions,55.0
Measurement & modeling (2),income,"Less than $30,000",inst_trust_mean,70.0
Measurement & modeling (2),income,"Less than $30,000",newsletter_signup,2.0
Measurement & modeling (2),income,"Less than $30,000",policy_general,80.0
Measurement & modeling (2),income,"Less than $30,000",policy_role_mean,72.5
Measurement & modeling (2),income,"Less than $30,000",policy_specific_mean,61.42857142857143
Measurement & modeling (2),income,"Less than $30,000",trust_multidimensional,72.5
Measurement & modeling (2),income,"Less than $30,000",trust_post,68.0
Measurement & modeling (2),party,Democrat,behavior_mean,73.0
Measurement & modeling (2),party,Democrat,belief_post,97.5
Measurement & modeling (2),party,Democrat,concern_mean,90.66666666666667
Measurement & modeling (2),party,Democrat,distrust_post,8.0
Measurement & modeling (2),party,Democrat,donation_ams,7.5
Measurement & modeling (2),party,Democrat,funding_perceptions,42.0
Measurement & modeling (2),party,Democrat,inst_trust_mean,85.1
Measurement & modeling (2),party,Democrat,newsletter_signup,1.4
Measurement & modeling (2),party,Democrat,policy_general,91.0
Measurement & modeling (2),party,Democrat,policy_role_mean,87.375
Measurement & modeling (2),party,Democrat,policy_specific_mean,86.42857142857143
Measurement & modeling (2),party,Democrat,trust_multidimensional,87.04166666666667
Measurement & modeling (2),party,Democrat,trust_post,92.0
Measurement & modeling (2),party,Independent,behavior_mean,62.5
Measurement & modeling (2),party,Independent,belief_post,85.0
Measurement & modeling (2),party,Independent,concern_mean,81.66666666666667
Measurement & modeling (2),party,Independent,distrust_post,15.0
Measurement & modeling (2),party,Independent,donation_ams,6.0
Measurement & modeling (2),party,Independent,funding_perceptions,50.0
Measurement & modeling (2),party,Independent,inst_trust_mean,77.0
Measurement & modeling (2),party,Independent,newsletter_signup,2.0
Measurement & modeling (2),party,Independent,policy_general,70.0
Measurement & modeling (2),party,Independent,policy_role_mean,76.25
Measurement & modeling (2),party,Independent,policy_specific_mean,73.28571428571429
Measurement & modeling (2),party,Independent,trust_multidimensional,80.0
Measurement & modeling (2),party,Independent,trust_post,78.0
Measurement & modeling (2),party,Other,behavior_mean,55.5
Measurement & modeling (2),party,Other,belief_post,80.0
Measurement & modeling (2),party,Other,concern_mean,73.33333333333333
Measurement & modeling (2),party,Other,distrust_post,28.0
Measurement & modeling (2),party,Other,donation_ams,4.2
Measurement & modeling (2),party,Other,funding_perceptions,58.0
Measurement & modeling (2),party,Other,inst_trust_mean,68.2
Measurement & modeling (2),party,Other,newsletter_signup,1.4
Measurement & modeling (2),party,Other,policy_general,64.0
Measurement & modeling (2),party,Other,policy_role_mean,65.75
Measurement & modeling (2),party,Other,policy_specific_mean,68.85714285714286
Measurement & modeling (2),party,Other,trust_multidimensional,71.75
Measurement & modeling (2),party,Other,trust_post,72.0
Measurement & modeling (2),party,Republican,behavior_mean,63.666666666666664
Measurement & modeling (2),party,Republican,belief_post,87.5
Measurement & modeling (2),party,Republican,concern_mean,81.8888888888889
Measurement & modeling (2),party,Republican,distrust_post,17.0
Measurement & modeling (2),party,Republican,donation_ams,5.8999999999999995
Measurement & modeling (2),party,Republican,funding_perceptions,50.0
Measurement & modeling (2),party,Republican,inst_trust_mean,76.76666666666667
Measurement & modeling (2),party,Republican,newsletter_signup,1.5999999999999999
Measurement & modeling (2),party,Republican,policy_general,75.0
Measurement & modeling (2),party,Republican,policy_role_mean,76.45833333333333
Measurement & modeling (2),party,Republican,policy_specific_mean,76.19047619047619
Measurement & modeling (2),party,Republican,trust_multidimensional,79.59722222222223
Measurement & modeling (2),party,Republican,trust_post,80.66666666666667
Measurement & modeling (2),race,Asian / Asian American,behavior_mean,71.0
Measurement & modeling (2),race,Asian / Asian American,belief_post,94.0
Measurement & modeling (2),race,Asian / Asian American,concern_mean,84.66666666666667
Measurement & modeling (2),race,Asian / Asian American,distrust_post,5.0
Measurement & modeling (2),race,Asian / Asian American,donation_ams,7.2
Measurement & modeling (2),race,Asian / Asian American,funding_perceptions,28.0
Measurement & modeling (2),race,Asian / Asian American,inst_trust_mean,83.8
Measurement & modeling (2),race,Asian / Asian American,newsletter_signup,1.7
Measurement & modeling (2),race,Asian / Asian American,policy_general,85.0
Measurement & modeling (2),race,Asian / Asian American,policy_role_mean,80.5
Measurement & modeling (2),race,Asian / Asian American,policy_specific_mean,78.57142857142857
Measurement & modeling (2),race,Asian / Asian American,trust_multidimensional,86.08333333333333
Measurement & modeling (2),race,Asian / Asian American,trust_post,90.0
Measurement & modeling (2),race,Black / African American,behavior_mean,60.0
Measurement & modeling (2),race,Black / African American,belief_post,90.0
Measurement & modeling (2),race,Black / African American,concern_mean,86.66666666666667
Measurement & modeling (2),race,Black / African American,distrust_post,22.0
Measurement & modeling (2),race,Black / African American,donation_ams,6.0
Measurement & modeling (2),race,Black / African American,funding_perceptions,70.0
Measurement & modeling (2),race,Black / African American,inst_trust_mean,76.6
Measurement & modeling (2),race,Black / African American,newsletter_signup,1.5
Measurement & modeling (2),race,Black / African American,policy_general,85.0
Measurement & modeling (2),race,Black / African American,policy_role_mean,87.5
Measurement & modeling (2),race,Black / African American,policy_specific_mean,81.42857142857143
Measurement & modeling (2),race,Black / African American,trust_multidimensional,81.91666666666667
Measurement & modeling (2),race,Black / African American,trust_post,78.0
Measurement & modeling (2),race,Hispanic / Latino,behavior_mean,61.666666666666664
Measurement & modeling (2),race,Hispanic / Latino,belief_post,82.0
Measurement & modeling (2),race,Hispanic / Latino,concern_mean,85.0
Measurement & modeling (2),race,Hispanic / Latino,distrust_post,15.0
Measurement & modeling (2),race,Hispanic / Latino,donation_ams,5.0
Measurement & modeling (2),race,Hispanic / Latino,funding_perceptions,40.0
Measurement & modeling (2),race,Hispanic / Latino,inst_trust_mean,76.6
Measurement & modeling (2),race,Hispanic / Latino,newsletter_signup,50.0
Measurement & modeling (2),race,Hispanic / Latino,policy_general,77.0
Measurement & modeling (2),race,Hispanic / Latino,policy_role_mean,77.0
Measurement & modeling (2),race,Hispanic / Latino,policy_specific_mean,77.42857142857143
Measurement & modeling (2),race,Hispanic / Latino,trust_multidimensional,79.83333333333333
Measurement & modeling (2),race,Hispanic / Latino,trust_post,88.0
Measurement & modeling (2),race,Other,behavior_mean,50.833333333333336
Measurement & modeling (2),race,Other,belief_post,85.0
Measurement & modeling (2),race,Other,concern_mean,85.0
Measurement & modeling (2),race,Other,distrust_post,18.0
Measurement & modeling (2),race,Other,donation_ams,2.5
Measurement & modeling (2),race,Other,funding_perceptions,40.0
Measurement & modeling (2),race,Other,inst_trust_mean,78.6
Measurement & modeling (2),race,Other,newsletter_signup,2.0
Measurement & modeling (2),race,Other,policy_general,75.0
Measurement & modeling (2),race,Other,policy_role_mean,77.5
Measurement & modeling (2),race,Other,policy_specific_mean,70.42857142857143
Measurement & modeling (2),race,Other,trust_multidimensional,83.0
Measurement & modeling (2),race,Other,trust_post,82.0
Measurement & modeling (2),race,White / Caucasian,behavior_mean,46.166666666666664
Measurement & modeling (2),race,White / Caucasian,belief_post,93.0
Measurement & modeling (2),race,White / Caucasian,concern_mean,84.33333333333333
Measurement & modeling (2),race,White / Caucasian,distrust_post,22.0
Measurement & modeling (2),race,White / Caucasian,donation_ams,55.0
Measurement & modeling (2),race,White / Caucasian,funding_perceptions,40.0
Measurement & modeling (2),race,White / Caucasian,inst_trust_mean,82.4
Measurement & modeling (2),race,White / Caucasian,newsletter_signup,50.0
Measurement & modeling (2),race,White / Caucasian,policy_general,75.0
Measurement & modeling (2),race,White / Caucasian,policy_role_mean,79.0
Measurement & modeling (2),race,White / Caucasian,policy_specific_mean,74.71428571428571
Measurement & modeling (2),race,White / Caucasian,trust_multidimensional,76.0
Measurement & modeling (2),race,White / Caucasian,trust_post,80.0
Model accuracy,age_band,18-29,behavior_mean,71.16666666666667
Model accuracy,age_band,18-29,belief_post,95.0
Model accuracy,age_band,18-29,concern_mean,95.0
Model accuracy,age_band,18-29,distrust_post,10.0
Model accuracy,age_band,18-29,donation_ams,6.0
Model accuracy,age_band,18-29,funding_perceptions,70.0
Model accuracy,age_band,18-29,inst_trust_mean,84.0
Model accuracy,age_band,18-29,newsletter_signup,2.0
Model accuracy,age_band,18-29,policy_general,90.0
Model accuracy,age_band,18-29,policy_role_mean,90.0
Model accuracy,age_band,18-29,policy_specific_mean,89.28571428571429
Model accuracy,age_band,18-29,trust_multidimensional,87.33333333333333
Model accuracy,age_band,18-29,trust_post,92.0
Model accuracy,age_band,30-44,behavior_mean,68.5
Model accuracy,age_band,30-44,belief_post,92.0
Model accuracy,age_band,30-44,concern_mean,85.33333333333333
Model accuracy,age_band,30-44,distrust_post,20.0
Model accuracy,age_band,30-44,donation_ams,5.8
Model accuracy,age_band,30-44,funding_perceptions,70.0
Model accuracy,age_band,30-44,inst_trust_mean,82.6
Model accuracy,age_band,30-44,newsletter_signup,1.6
Model accuracy,age_band,30-44,policy_general,80.0
Model accuracy,age_band,30-44,policy_role_mean,79.25
Model accuracy,age_band,30-44,policy_specific_mean,76.71428571428571
Model accuracy,age_band,30-44,trust_multidimensional,79.83333333333333
Model accuracy,age_band,30-44,trust_post,80.0
Model accuracy,age_band,45-59,behavior_mean,48.333333333333336
Model accuracy,age_band,45-59,belief_post,90.0
Model accuracy,age_band,45-59,concern_mean,81.0
Model accuracy,age_band,45-59,distrust_post,15.0
Model accuracy,age_band,45-59,donation_ams,6.0
Model accuracy,age_band,45-59,funding_perceptions,70.0
Model accuracy,age_band,45-59,inst_trust_mean,78.4
Model accuracy,age_band,45-59,newsletter_signup,2.0
Model accuracy,age_band,45-59,policy_general,78.0
Model accuracy,age_band,45-59,policy_role_mean,77.5
Model accuracy,age_band,45-59,policy_specific_mean,68.57142857142857
Model accuracy,age_band,45-59,trust_multidimensional,81.58333333333333
Model accuracy,age_band,45-59,trust_post,85.0
Model accuracy,age_band,60+,behavior_mean,59.5
Model accuracy,age_band,60+,belief_post,87.0
Model accuracy,age_band,60+,concern_mean,76.66666666666667
Model accuracy,age_band,60+,distrust_post,15.0
Model accuracy,age_band,60+,donation_ams,6.0
Model accuracy,age_band,60+,funding_perceptions,45.0
Model accuracy,age_band,60+,inst_trust_mean,83.0
Model accuracy,age_band,60+,newsletter_signup,2.0
Model accuracy,age_band,60+,policy_general,75.0
Model accuracy,age_band,60+,policy_role_mean,81.25
Model accuracy,age_band,60+,policy_specific_mean,73.0
Model accuracy,age_band,60+,trust_multidimensional,84.5
Model accuracy,age_band,60+,trust_post,80.0
Model accuracy,education,Bachelor's degree,behavior_mean,64.16666666666667
Model accuracy,education,Bachelor's degree,belief_post,98.0
Model accuracy,education,Bachelor's degree,concern_mean,94.33333333333333
Model accuracy,education,Bachelor's degree,distrust_post,15.0
Model accuracy,education,Bachelor's degree,donation_ams,7.0
Model accuracy,education,Bachelor's degree,funding_perceptions,25.0
Model accuracy,education,Bachelor's degree,inst_trust_mean,88.2
Model accuracy,education,Bachelor's degree,newsletter_signup,2.0
Model accuracy,education,Bachelor's degree,policy_general,90.0
Model accuracy,education,Bachelor's degree,policy_role_mean,84.5
Model accuracy,education,Bachelor's degree,policy_specific_mean,82.14285714285714
Model accuracy,education,Bachelor's degree,trust_multidimensional,89.08333333333333
Model accuracy,education,Bachelor's degree,trust_post,88.0
Model accuracy,education,Doctorate degree / Ph.D.,behavior_mean,79.66666666666667
Model accuracy,education,Doctorate degree / Ph.D.,belief_post,98.0
Model accuracy,education,Doctorate degree / Ph.D.,concern_mean,97.33333333333333
Model accuracy,education,Doctorate degree / Ph.D.,distrust_post,12.0
Model accuracy,education,Doctorate degree / Ph.D.,donation_ams,9.0
Model accuracy,education,Doctorate degree / Ph.D.,funding_perceptions,50.0
Model accuracy,education,Doctorate degree / Ph.D.,inst_trust_mean,85.6
Model accuracy,education,Doctorate degree / Ph.D.,newsletter_signup,2.0
Model accuracy,education,Doctorate degree / Ph.D.,policy_general,90.0
Model accuracy,education,Doctorate degree / Ph.D.,policy_role_mean,91.25
Model accuracy,education,Doctorate degree / Ph.D.,policy_specific_mean,87.85714285714286
Model accuracy,education,Doctorate degree / Ph.D.,trust_multidimensional,86.83333333333333
Model accuracy,education,Doctorate degree / Ph.D.,trust_post,95.0
Model accuracy,education,High school diploma / GED,behavior_mean,50.833333333333336
Model accuracy,education,High school diploma / GED,belief_post,83.0
Model accuracy,education,High school diploma / GED,concern_mean,69.0
Model accuracy,education,High school diploma / GED,distrust_post,22.0
Model accuracy,education,High school diploma / GED,donation_ams,6.0
Model accuracy,education,High school diploma / GED,funding_perceptions,45.0
Model accuracy,education,High school diploma / GED,inst_trust_mean,67.6
Model accuracy,education,High school diploma / GED,newsletter_signup,2.0
Model accuracy,education,High school diploma / GED,policy_general,68.0
Model accuracy,education,High school diploma / GED,policy_role_mean,64.75
Model accuracy,education,High school diploma / GED,policy_specific_mean,63.42857142857143
Model accuracy,education,High school diploma / GED,trust_multidimensional,74.16666666666667
Model accuracy,education,High school diploma / GED,trust_post,78.0
Model accuracy,education,Less than high school,behavior_mean,40.833333333333336
Model accuracy,education,Less than high school,belief_post,50.0
Model accuracy,education,Less than high school,concern_mean,55.0
Model accuracy,education,Less than high school,distrust_post,45.0
Model accuracy,education,Less than high school,donation_ams,3.0
Model accuracy,education,Less than high school,funding_perceptions,50.0
Model accuracy,education,Less than high school,inst_trust_mean,59.0
Model accuracy,education,Less than high school,newsletter_signup,2.0
Model accuracy,education,Less than high school,policy_general,60.0
Model accuracy,education,Less than high school,policy_role_mean,53.75
Model accuracy,education,Less than high school,policy_specific_mean,47.142857142857146
Model accuracy,education,Less than high school,trust_multidimensional,57.916666666666664
Model accuracy,education,Less than high school,trust_post,55.0
Model accuracy,education,Master's degree / Professional degree,behavior_mean,78.33333333333333
Model accuracy,education,Master's degree / Professional degree,belief_post,95.0
Model accuracy,education,Master's degree / Professional degree,concern_mean,92.66666666666667
Model accuracy,education,Master's degree / Professional degree,distrust_post,10.0
Model accuracy,education,Master's degree / Professional degree,donation_ams,9.0
Model accuracy,education,Master's degree / Professional degree,funding_perceptions,40.0
Model accuracy,education,Master's degree / Professional degree,inst_trust_mean,84.0
Model accuracy,education,Master's degree / Professional degree,newsletter_signup,1.0
Model accuracy,education,Master's degree / Professional degree,policy_general,93.0
Model accuracy,education,Master's degree / Professional degree,policy_role_mean,87.0
Model accuracy,education,Master's degree / Professional degree,policy_specific_mean,85.42857142857143
Model accuracy,education,Master's degree / Professional degree,trust_multidimensional,86.5
Model accuracy,education,Master's degree / Professional degree,trust_post,90.0
Model accuracy,education,Some college or Associate's degree,behavior_mean,58.333333333333336
Model accuracy,education,Some college or Associate's degree,belief_post,90.0
Model accuracy,education,Some college or Associate's degree,concern_mean,75.0
Model accuracy,education,Some college or Associate's degree,distrust_post,18.0
Model accuracy,education,Some college or Associate's degree,donation_ams,4.0
Model accuracy,education,Some college or Associate's degree,funding_perceptions,48.0
Model accuracy,education,Some college or Associate's degree,inst_trust_mean,78.4
Model accuracy,education,Some college or Associate's degree,newsletter_signup,2.0
Model accuracy,education,Some college or Associate's degree,policy_general,74.0
Model accuracy,education,Some college or Associate's degree,policy_role_mean,79.25
Model accuracy,education,Some college or Associate's degree,policy_specific_mean,72.28571428571429
Model accuracy,education,Some college or Associate's degree,trust_multidimensional,77.5
Model accuracy,education,Some college or Associate's degree,trust_post,80.0
Model accuracy,gender,Female,behavior_mean,62.4
Model accuracy,gender,Female,belief_post,87.4
Model accuracy,gender,Female,concern_mean,73.06666666666668
Model accuracy,gender,Female,distrust_post,26.2
Model accuracy,gender,Female,donation_ams,5.0
Model accuracy,gender,Female,funding_perceptions,51.4
Model accuracy,gender,Female,inst_trust_mean,74.4
Model accuracy,gender,Female,newsletter_signup,1.0
Model accuracy,gender,Female,policy_general,83.8
Model accuracy,gender,Female,policy_role_mean,74.95
Model accuracy,gender,Female,policy_specific_mean,73.6857142857143
Model accuracy,gender,Female,trust_multidimensional,78.1
Model accuracy,gender,Female,trust_post,73.8
Model accuracy,gender,Male,behavior_mean,54.666666666666664
Model accuracy,gender,Male,belief_post,87.0
Model accuracy,gender,Male,concern_mean,79.33333333333333
Model accuracy,gender,Male,distrust_post,20.0
Model accuracy,gender,Male,donation_ams,4.5
Model accuracy,gender,Male,funding_perceptions,40.0
Model accuracy,gender,Male,inst_trust_mean,78.6
Model accuracy,gender,Male,newsletter_signup,2.0
Model accuracy,gender,Male,policy_general,80.0
Model accuracy,gender,Male,policy_role_mean,79.0
Model accuracy,gender,Male,policy_specific_mean,68.28571428571429
Model accuracy,gender,Male,trust_multidimensional,80.41666666666667
Model accuracy,gender,Male,trust_post,82.0
Model accuracy,gender,Other,behavior_mean,64.16666666666667
Model accuracy,gender,Other,belief_post,90.0
Model accuracy,gender,Other,concern_mean,81.66666666666667
Model accuracy,gender,Other,distrust_post,22.0
Model accuracy,gender,Other,donation_ams,7.0
Model accuracy,gender,Other,funding_perceptions,55.0
Model accuracy,gender,Other,inst_trust_mean,71.6
Model accuracy,gender,Other,newsletter_signup,2.0
Model accuracy,gender,Other,policy_general,75.0
Model accuracy,gender,Other,policy_role_mean,80.0
Model accuracy,gender,Other,policy_specific_mean,75.71428571428571
Model accuracy,gender,Other,trust_multidimensional,78.83333333333333
Model accuracy,gender,Other,trust_post,78.0
Model accuracy,income,"$100,000 to $167,999",behavior_mean,75.0
Model accuracy,income,"$100,000 to $167,999",belief_post,97.0
Model accuracy,income,"$100,000 to $167,999",concern_mean,86.0
Model accuracy,income,"$100,000 to $167,999",distrust_post,15.0
Model accuracy,income,"$100,000 to $167,999",donation_ams,8.0
Model accuracy,income,"$100,000 to $167,999",funding_perceptions,55.0
Model accuracy,income,"$100,000 to $167,999",inst_trust_mean,84.6
Model accuracy,income,"$100,000 to $167,999",newsletter_signup,1.0
Model accuracy,income,"$100,000 to $167,999",policy_general,85.0
Model accuracy,income,"$100,000 to $167,999",policy_role_mean,86.25
Model accuracy,income,"$100,000 to $167,999",policy_specific_mean,81.57142857142857
Model accuracy,income,"$100,000 to $167,999",trust_multidimensional,85.0
Model accuracy,income,"$100,000 to $167,999",trust_post,90.0
Model accuracy,income,"$168,000 or more",behavior_mean,81.5
Model accuracy,income,"$168,000 or more",belief_post,98.0
Model accuracy,income,"$168,000 or more",concern_mean,93.33333333333333
Model accuracy,income,"$168,000 or more",distrust_post,15.0
Model accuracy,income,"$168,000 or more",donation_ams,7.0
Model accuracy,income,"$168,000 or more",funding_perceptions,45.0
Model accuracy,income,"$168,000 or more",inst_trust_mean,87.8
Model accuracy,income,"$168,000 or more",newsletter_signup,60.0
Model accuracy,income,"$168,000 or more",policy_general,92.0
Model accuracy,income,"$168,000 or more",policy_role_mean,88.0
Model accuracy,income,"$168,000 or more",policy_specific_mean,84.28571428571429
Model accuracy,income,"$168,000 or more",trust_multidimensional,89.41666666666667
Model accuracy,income,"$168,000 or more",trust_post,95.0
Model accuracy,income,"$30,000 to $55,999",behavior_mean,64.16666666666667
Model accuracy,income,"$30,000 to $55,999",belief_post,90.0
Model accuracy,income,"$30,000 to $55,999",concern_mean,81.66666666666667
Model accuracy,income,"$30,000 to $55,999",distrust_post,20.0
Model accuracy,income,"$30,000 to $55,999",donation_ams,7.0
Model accuracy,income,"$30,000 to $55,999",funding_perceptions,45.0
Model accuracy,income,"$30,000 to $55,999",inst_trust_mean,82.0
Model accuracy,income,"$30,000 to $55,999",newsletter_signup,50.0
Model accuracy,income,"$30,000 to $55,999",policy_general,75.0
Model accuracy,income,"$30,000 to $55,999",policy_role_mean,72.5
Model accuracy,income,"$30,000 to $55,999",policy_specific_mean,72.14285714285714
Model accuracy,income,"$30,000 to $55,999",trust_multidimensional,75.25
Model accuracy,income,"$30,000 to $55,999",trust_post,80.0
Model accuracy,income,"$56,000 to $99,999",behavior_mean,64.16666666666667
Model accuracy,income,"$56,000 to $99,999",belief_post,95.0
Model accuracy,income,"$56,000 to $99,999",concern_mean,80.0
Model accuracy,income,"$56,000 to $99,999",distrust_post,10.0
Model accuracy,income,"$56,000 to $99,999",donation_ams,7.0
Model accuracy,income,"$56,000 to $99,999",funding_perceptions,45.0
Model accuracy,income,"$56,000 to $99,999",inst_trust_mean,80.6
Model accuracy,income,"$56,000 to $99,999",newsletter_signup,2.0
Model accuracy,income,"$56,000 to $99,999",policy_general,75.0
Model accuracy,income,"$56,000 to $99,999",policy_role_mean,78.75
Model accuracy,income,"$56,000 to $99,999",policy_specific_mean,71.42857142857143
Model accuracy,income,"$56,000 to $99,999",trust_multidimensional,82.75
Model accuracy,income,"$56,000 to $99,999",trust_post,90.0
Model accuracy,income,"Less than $30,000",behavior_mean,48.333333333333336
Model accuracy,income,"Less than $30,000",belief_post,75.0
Model accuracy,income,"Less than $30,000",concern_mean,68.33333333333333
Model accuracy,income,"Less than $30,000",distrust_post,15.0
Model accuracy,income,"Less than $30,000",donation_ams,5.0
Model accuracy,income,"Less than $30,000",funding_perceptions,50.0
Model accuracy,income,"Less than $30,000",inst_trust_mean,66.0
Model accuracy,income,"Less than $30,000",newsletter_signup,2.0
Model accuracy,income,"Less than $30,000",policy_general,65.0
Model accuracy,income,"Less than $30,000",policy_role_mean,57.5
Model accuracy,income,"Less than $30,000",policy_specific_mean,53.57142857142857
Model accuracy,income,"Less than $30,000",trust_multidimensional,77.08333333333333
Model accuracy,income,"Less than $30,000",trust_post,78.0
Model accuracy,party,Democrat,behavior_mean,70.0
Model accuracy,party,Democrat,belief_post,96.0
Model accuracy,party,Democrat,concern_mean,88.33333333333333
Model accuracy,party,Democrat,distrust_post,12.0
Model accuracy,party,Democrat,donation_ams,7.5
Model accuracy,party,Democrat,funding_perceptions,75.0
Model accuracy,party,Democrat,inst_trust_mean,84.4
Model accuracy,party,Democrat,newsletter_signup,2.0
Model accuracy,party,Democrat,policy_general,88.0
Model accuracy,party,Democrat,policy_role_mean,86.5
Model accuracy,party,Democrat,policy_specific_mean,83.42857142857143
Model accuracy,party,Democrat,trust_multidimensional,84.25
Model accuracy,party,Democrat,trust_post,88.0
Model accuracy,party,Independent,behavior_mean,53.666666666666664
Model accuracy,party,Independent,belief_post,88.0
Model accuracy,party,Independent,concern_mean,77.66666666666667
Model accuracy,party,Independent,distrust_post,20.0
Model accuracy,party,Independent,donation_ams,4.0
Model accuracy,party,Independent,funding_perceptions,38.0
Model accuracy,party,Independent,inst_trust_mean,74.4
Model accuracy,party,Independent,newsletter_signup,2.0
Model accuracy,party,Independent,policy_general,68.0
Model accuracy,party,Independent,policy_role_mean,71.75
Model accuracy,party,Independent,policy_specific_mean,70.14285714285714
Model accuracy,party,Independent,trust_multidimensional,78.33333333333333
Model accuracy,party,Independent,trust_post,80.0
Model accuracy,party,Other,behavior_mean,53.0
Model accuracy,party,Other,belief_post,80.0
Model accuracy,party,Other,concern_mean,72.66666666666667
Model accuracy,party,Other,distrust_post,18.0
Model accuracy,party,Other,donation_ams,6.0
Model accuracy,party,Other,funding_perceptions,50.0
Model accuracy,party,Other,inst_trust_mean,78.6
Model accuracy,party,Other,newsletter_signup,2.0
Model accuracy,party,Other,policy_general,65.0
Model accuracy,party,Other,policy_role_mean,70.0
Model accuracy,party,Other,policy_specific_mean,66.14285714285714
Model accuracy,party,Other,trust_multidimensional,75.75
Model accuracy,party,Other,trust_post,72.0
Model accuracy,party,Republican,behavior_mean,37.5
Model accuracy,party,Republican,belief_post,52.0
Model accuracy,party,Republican,concern_mean,43.333333333333336
Model accuracy,party,Republican,distrust_post,42.0
Model accuracy,party,Republican,donation_ams,3.5
Model accuracy,party,Republican,funding_perceptions,30.0
Model accuracy,party,Republican,inst_trust_mean,53.6
Model accuracy,party,Republican,newsletter_signup,2.0
Model accuracy,party,Republican,policy_general,28.0
Model accuracy,party,Republican,policy_role_mean,38.75
Model accuracy,party,Republican,policy_specific_mean,41.42857142857143
Model accuracy,party,Republican,trust_multidimensional,56.75
Model accuracy,party,Republican,trust_post,58.0
Model accuracy,race,Asian / Asian American,behavior_mean,73.33333333333333
Model accuracy,race,Asian / Asian American,belief_post,92.0
Model accuracy,race,Asian / Asian American,concern_mean,91.66666666666667
Model accuracy,race,Asian / Asian American,distrust_post,15.0
Model accuracy,race,Asian / Asian American,donation_ams,7.5
Model accuracy,race,Asian / Asian American,funding_perceptions,45.0
Model accuracy,race,Asian / Asian American,inst_trust_mean,84.6
Model accuracy,race,Asian / Asian American,newsletter_signup,1.0
Model accuracy,race,Asian / Asian American,policy_general,80.0
Model accuracy,race,Asian / Asian American,policy_role_mean,82.0
Model accuracy,race,Asian / Asian American,policy_specific_mean,78.42857142857143
Model accuracy,race,Asian / Asian American,trust_multidimensional,85.41666666666667
Model accuracy,race,Asian / Asian American,trust_post,85.0
Model accuracy,race,Black / African American,behavior_mean,68.83333333333333
Model accuracy,race,Black / African American,belief_post,92.0
Model accuracy,race,Black / African American,concern_mean,92.33333333333333
Model accuracy,race,Black / African American,distrust_post,15.0
Model accuracy,race,Black / African American,donation_ams,7.0
Model accuracy,race,Black / African American,funding_perceptions,75.0
Model accuracy,race,Black / African American,inst_trust_mean,79.6
Model accuracy,race,Black / African American,newsletter_signup,55.0
Model accuracy,race,Black / African American,policy_general,90.0
Model accuracy,race,Black / African American,policy_role_mean,81.25
Model accuracy,race,Black / African American,policy_specific_mean,81.71428571428571
Model accuracy,race,Black / African American,trust_multidimensional,87.16666666666667
Model accuracy,race,Black / African American,trust_post,85.0
Model accuracy,race,Hispanic / Latino,behavior_mean,71.66666666666667
Model accuracy,race,Hispanic / Latino,belief_post,92.0
Model accuracy,race,Hispanic / Latino,concern_mean,88.66666666666667
Model accuracy,race,Hispanic / Latino,distrust_post,20.0
Model accuracy,race,Hispanic / Latino,donation_ams,6.5
Model accuracy,race,Hispanic / Latino,funding_perceptions,40.0
Model accuracy,race,Hispanic / Latino,inst_trust_mean,73.6
Model accuracy,race,Hispanic / Latino,newsletter_signup,2.0
Model accuracy,race,Hispanic / Latino,policy_general,83.0
Model accuracy,race,Hispanic / Latino,policy_role_mean,76.25
Model accuracy,race,Hispanic / Latino,policy_specific_mean,74.71428571428571
Model accuracy,race,Hispanic / Latino,trust_multidimensional,81.58333333333333
Model accuracy,race,Hispanic / Latino,trust_post,80.0
Model accuracy,race,Other,behavior_mean,60.833333333333336
Model accuracy,race,Other,belief_post,82.0
Model accuracy,race,Other,concern_mean,78.33333333333333
Model accuracy,race,Other,distrust_post,25.0
Model accuracy,race,Other,donation_ams,6.0
Model accuracy,race,Other,funding_perceptions,45.0
Model accuracy,race,Other,inst_trust_mean,73.4
Model accuracy,race,Other,newsletter_signup,2.0
Model accuracy,race,Other,policy_general,65.0
Model accuracy,race,Other,policy_role_mean,75.25
Model accuracy,race,Other,policy_specific_mean,72.85714285714286
Model accuracy,race,Other,trust_multidimensional,75.83333333333333
Model accuracy,race,Other,trust_post,75.0
Model accuracy,race,White / Caucasian,behavior_mean,55.166666666666664
Model accuracy,race,White / Caucasian,belief_post,80.0
Model accuracy,race,White / Caucasian,concern_mean,73.66666666666667
Model accuracy,race,White / Caucasian,distrust_post,18.0
Model accuracy,race,White / Caucasian,donation_ams,6.0
Model accuracy,race,White / Caucasian,funding_perceptions,50.0
Model accuracy,race,White / Caucasian,inst_trust_mean,71.8
Model accuracy,race,White / Caucasian,newsletter_signup,3.0
Model accuracy,race,White / Caucasian,policy_general,75.0
Model accuracy,race,White / Caucasian,policy_role_mean,75.25
Model accuracy,race,White / Caucasian,policy_specific_mean,72.42857142857143
Model accuracy,race,White / Caucasian,trust_multidimensional,79.08333333333333
Model accuracy,race,White / Caucasian,trust_post,82.0
Oil industry misinformation,age_band,18-29,behavior_mean,81.0
Oil industry misinformation,age_band,18-29,belief_post,100.0
Oil industry misinformation,age_band,18-29,concern_mean,92.33333333333333
Oil industry misinformation,age_band,18-29,distrust_post,10.0
Oil industry misinformation,age_band,18-29,donation_ams,8.0
Oil industry misinformation,age_band,18-29,funding_perceptions,35.0
Oil industry misinformation,age_band,18-29,inst_trust_mean,86.2
Oil industry misinformation,age_band,18-29,newsletter_signup,2.0
Oil industry misinformation,age_band,18-29,policy_general,85.0
Oil industry misinformation,age_band,18-29,policy_role_mean,91.25
Oil industry misinformation,age_band,18-29,policy_specific_mean,84.85714285714286
Oil industry misinformation,age_band,18-29,trust_multidimensional,92.16666666666667
Oil industry misinformation,age_band,18-29,trust_post,95.0
Oil industry misinformation,age_band,30-44,behavior_mean,72.5
Oil industry misinformation,age_band,30-44,belief_post,96.0
Oil industry misinformation,age_band,30-44,concern_mean,92.0
Oil industry misinformation,age_band,30-44,distrust_post,6.0
Oil industry misinformation,age_band,30-44,donation_ams,7.0
Oil industry misinformation,age_band,30-44,funding_perceptions,22.0
Oil industry misinformation,age_band,30-44,inst_trust_mean,84.6
Oil industry misinformation,age_band,30-44,newsletter_signup,2.0
Oil industry misinformation,age_band,30-44,policy_general,85.0
Oil industry misinformation,age_band,30-44,policy_role_mean,86.25
Oil industry misinformation,age_band,30-44,policy_specific_mean,81.42857142857143
Oil industry misinformation,age_band,30-44,trust_multidimensional,86.91666666666667
Oil industry misinformation,age_band,30-44,trust_post,94.0
Oil industry misinformation,age_band,45-59,behavior_mean,63.333333333333336
Oil industry misinformation,age_band,45-59,belief_post,96.0
Oil industry misinformation,age_band,45-59,concern_mean,85.66666666666667
Oil industry misinformation,age_band,45-59,distrust_post,15.0
Oil industry misinformation,age_band,45-59,donation_ams,4.0
Oil industry misinformation,age_band,45-59,funding_perceptions,55.0
Oil industry misinformation,age_band,45-59,inst_trust_mean,72.0
Oil industry misinformation,age_band,45-59,newsletter_signup,55.0
Oil industry misinformation,age_band,45-59,policy_general,88.0
Oil industry misinformation,age_band,45-59,policy_role_mean,89.25
Oil industry misinformation,age_band,45-59,policy_specific_mean,73.57142857142857
Oil industry misinformation,age_band,45-59,trust_multidimensional,85.0
Oil industry misinformation,age_band,45-59,trust_post,93.0
Oil industry misinformation,age_band,60+,behavior_mean,50.166666666666664
Oil industry misinformation,age_band,60+,belief_post,80.0
Oil industry misinformation,age_band,60+,concern_mean,63.333333333333336
Oil industry misinformation,age_band,60+,distrust_post,15.0
Oil industry misinformation,age_band,60+,donation_ams,6.0
Oil industry misinformation,age_band,60+,funding_perceptions,35.0
Oil industry misinformation,age_band,60+,inst_trust_mean,79.8
Oil industry misinformation,age_band,60+,newsletter_signup,2.0
Oil industry misinformation,age_band,60+,policy_general,68.0
Oil industry misinformation,age_band,60+,policy_role_mean,75.75
Oil industry misinformation,age_band,60+,policy_specific_mean,68.28571428571429
Oil industry misinformation,age_band,60+,trust_multidimensional,81.5
Oil industry misinformation,age_band,60+,trust_post,90.0
Oil industry misinformation,education,Bachelor's degree,behavior_mean,60.5
Oil industry misinformation,education,Bachelor's degree,belief_post,98.0
Oil industry misinformation,education,Bachelor's degree,concern_mean,92.33333333333333
Oil industry misinformation,education,Bachelor's degree,distrust_post,15.0
Oil industry misinformation,education,Bachelor's degree,donation_ams,8.0
Oil industry misinformation,education,Bachelor's degree,funding_perceptions,40.0
Oil industry misinformation,education,Bachelor's degree,inst_trust_mean,84.2
Oil industry misinformation,education,Bachelor's degree,newsletter_signup,2.0
Oil industry misinformation,education,Bachelor's degree,policy_general,88.0
Oil industry misinformation,education,Bachelor's degree,policy_role_mean,84.0
Oil industry misinformation,education,Bachelor's degree,policy_specific_mean,81.71428571428571
Oil industry misinformation,education,Bachelor's degree,trust_multidimensional,88.5
Oil industry misinformation,education,Bachelor's degree,trust_post,94.0
Oil industry misinformation,education,Doctorate degree / Ph.D.,behavior_mean,84.83333333333333
Oil industry misinformation,education,Doctorate degree / Ph.D.,belief_post,97.0
Oil industry misinformation,education,Doctorate degree / Ph.D.,concern_mean,93.33333333333333
Oil industry misinformation,education,Doctorate degree / Ph.D.,distrust_post,4.0
Oil industry misinformation,education,Doctorate degree / Ph.D.,donation_ams,8.0
Oil industry misinformation,education,Doctorate degree / Ph.D.,funding_perceptions,65.0
Oil industry misinformation,education,Doctorate degree / Ph.D.,inst_trust_mean,88.4
Oil industry misinformation,education,Doctorate degree / Ph.D.,newsletter_signup,2.0
Oil industry misinformation,education,Doctorate degree / Ph.D.,policy_general,93.0
Oil industry misinformation,education,Doctorate degree / Ph.D.,policy_role_mean,91.75
Oil industry misinformation,education,Doctorate degree / Ph.D.,policy_specific_mean,91.0
Oil industry misinformation,education,Doctorate degree / Ph.D.,trust_multidimensional,92.25
Oil industry misinformation,education,Doctorate degree / Ph.D.,trust_post,96.0
Oil industry misinformation,education,High school diploma / GED,behavior_mean,59.666666666666664
Oil industry misinformation,education,High school diploma / GED,belief_post,92.0
Oil industry misinformation,education,High school diploma / GED,concern_mean,81.66666666666667
Oil industry misinformation,education,High school diploma / GED,distrust_post,15.0
Oil industry misinformation,education,High school diploma / GED,donation_ams,7.5
Oil industry misinformation,education,High school diploma / GED,funding_perceptions,45.0
Oil industry misinformation,education,High school diploma / GED,inst_trust_mean,77.0
Oil industry misinformation,education,High school diploma / GED,newsletter_signup,1.5
Oil industry misinformation,education,High school diploma / GED,policy_general,85.0
Oil industry misinformation,education,High school diploma / GED,policy_role_mean,80.0
Oil industry misinformation,education,High school diploma / GED,policy_specific_mean,76.71428571428571
Oil industry misinformation,education,High school diploma / GED,trust_multidimensional,84.66666666666667
Oil industry misinformation,education,High school diploma / GED,trust_post,88.0
Oil industry misinformation,education,Less than high school,behavior_mean,52.5
Oil industry misinformation,education,Less than high school,belief_post,90.0
Oil industry misinformation,education,Less than high school,concern_mean,80.0
Oil industry misinformation,education,Less than high school,distrust_post,20.0
Oil industry misinformation,education,Less than high school,donation_ams,6.0
Oil industry misinformation,education,Less than high school,funding_perceptions,45.0
Oil industry misinformation,education,Less than high school,inst_trust_mean,72.0
Oil industry misinformation,education,Less than high school,newsletter_signup,1.5
Oil industry misinformation,education,Less than high school,policy_general,70.0
Oil industry misinformation,education,Less than high school,policy_role_mean,62.5
Oil industry misinformation,education,Less than high school,policy_specific_mean,70.0
Oil industry misinformation,education,Less than high school,trust_multidimensional,77.75
Oil industry misinformation,education,Less than high school,trust_post,85.0
Oil industry misinformation,education,Master's degree / Professional degree,behavior_mean,76.33333333333333
Oil industry misinformation,education,Master's degree / Professional degree,belief_post,98.0
Oil industry misinformation,education,Master's degree / Professional degree,concern_mean,95.0
Oil industry misinformation,education,Master's degree / Professional degree,distrust_post,12.0
Oil industry misinformation,education,Master's degree / Professional degree,donation_ams,8.0
Oil industry misinformation,education,Master's degree / Professional degree,funding_perceptions,15.0
Oil industry misinformation,education,Master's degree / Professional degree,inst_trust_mean,82.2
Oil industry misinformation,education,Master's degree / Professional degree,newsletter_signup,2.0
Oil industry misinformation,education,Master's degree / Professional degree,policy_general,92.0
Oil industry misinformation,education,Master's degree / Professional degree,policy_role_mean,88.5
Oil industry misinformation,education,Master's degree / Professional degree,policy_specific_mean,84.28571428571429
Oil industry misinformation,education,Master's degree / Professional degree,trust_multidimensional,91.16666666666667
Oil industry misinformation,education,Master's degree / Professional degree,trust_post,93.0
Oil industry misinformation,education,Some college or Associate's degree,behavior_mean,71.66666666666667
Oil industry misinformation,education,Some college or Associate's degree,belief_post,97.0
Oil industry misinformation,education,Some college or Associate's degree,concern_mean,91.0
Oil industry misinformation,education,Some college or Associate's degree,distrust_post,10.0
Oil industry misinformation,education,Some college or Associate's degree,donation_ams,7.0
Oil industry misinformation,education,Some college or Associate's degree,funding_perceptions,25.0
Oil industry misinformation,education,Some college or Associate's degree,inst_trust_mean,79.4
Oil industry misinformation,education,Some college or Associate's degree,newsletter_signup,2.0
Oil industry misinformation,education,Some college or Associate's degree,policy_general,90.0
Oil industry misinformation,education,Some college or Associate's degree,policy_role_mean,88.25
Oil industry misinformation,education,Some college or Associate's degree,policy_specific_mean,78.57142857142857
Oil industry misinformation,education,Some college or Associate's degree,trust_multidimensional,86.83333333333333
Oil industry misinformation,education,Some college or Associate's degree,trust_post,90.0
Oil industry misinformation,gender,Female,behavior_mean,82.33333333333333
Oil industry misinformation,gender,Female,belief_post,99.0
Oil industry misinformation,gender,Female,concern_mean,97.0
Oil industry misinformation,gender,Female,distrust_post,3.0
Oil industry misinformation,gender,Female,donation_ams,6.5
Oil industry misinformation,gender,Female,funding_perceptions,55.0
Oil industry misinformation,gender,Female,inst_trust_mean,85.8
Oil industry misinformation,gender,Female,newsletter_signup,1.0
Oil industry misinformation,gender,Female,policy_general,93.0
Oil industry misinformation,gender,Female,policy_role_mean,84.75
Oil industry misinformation,gender,Female,policy_specific_mean,89.57142857142857
Oil industry misinformation,gender,Female,trust_multidimensional,87.25
Oil industry misinformation,gender,Female,trust_post,94.0
Oil industry misinformation,gender,Male,behavior_mean,62.5
Oil industry misinformation,gender,Male,belief_post,98.0
Oil industry misinformation,gender,Male,concern_mean,82.66666666666667
Oil industry misinformation,gender,Male,distrust_post,6.0
Oil industry misinformation,gender,Male,donation_ams,7.0
Oil industry misinformation,gender,Male,funding_perceptions,55.0
Oil industry misinformation,gender,Male,inst_trust_mean,76.2
Oil industry misinformation,gender,Male,newsletter_signup,0.35
Oil industry misinformation,gender,Male,policy_general,85.0
Oil industry misinformation,gender,Male,policy_role_mean,80.0
Oil industry misinformation,gender,Male,policy_specific_mean,72.14285714285714
Oil industry misinformation,gender,Male,trust_multidimensional,88.0
Oil industry misinformation,gender,Male,trust_post,92.0
Oil industry misinformation,gender,Other,behavior_mean,80.0
Oil industry misinformation,gender,Other,belief_post,97.0
Oil industry misinformation,gender,Other,concern_mean,93.0
Oil industry misinformation,gender,Other,distrust_post,17.0
Oil industry misinformation,gender,Other,donation_ams,7.0
Oil industry misinformation,gender,Other,funding_perceptions,20.0
Oil industry misinformation,gender,Other,inst_trust_mean,84.0
Oil industry misinformation,gender,Other,newsletter_signup,2.0
Oil industry misinformation,gender,Other,policy_general,90.0
Oil industry misinformation,gender,Other,policy_role_mean,91.0
Oil industry misinformation,gender,Other,policy_specific_mean,84.71428571428571
Oil industry misinformation,gender,Other,trust_multidimensional,88.41666666666667
Oil industry misinformation,gender,Other,trust_post,93.0
Oil industry misinformation,income,"$100,000 to $167,999",behavior_mean,75.5
Oil industry misinformation,income,"$100,000 to $167,999",belief_post,96.0
Oil industry misinformation,income,"$100,000 to $167,999",concern_mean,93.33333333333333
Oil industry misinformation,income,"$100,000 to $167,999",distrust_post,10.0
Oil industry misinformation,income,"$100,000 to $167,999",donation_ams,5.0
Oil industry misinformation,income,"$100,000 to $167,999",funding_perceptions,35.0
Oil industry misinformation,income,"$100,000 to $167,999",inst_trust_mean,87.0
Oil industry misinformation,income,"$100,000 to $167,999",newsletter_signup,2.0
Oil industry misinformation,income,"$100,000 to $167,999",policy_general,90.0
Oil industry misinformation,income,"$100,000 to $167,999",policy_role_mean,90.0
Oil industry misinformation,income,"$100,000 to $167,999",policy_specific_mean,85.57142857142857
Oil industry misinformation,income,"$100,000 to $167,999",trust_multidimensional,91.08333333333333
Oil industry misinformation,income,"$100,000 to $167,999",trust_post,96.0
Oil industry misinformation,income,"$168,000 or more",behavior_mean,79.5
Oil industry misinformation,income,"$168,000 or more",belief_post,100.0
Oil industry misinformation,income,"$168,000 or more",concern_mean,96.0
Oil industry misinformation,income,"$168,000 or more",distrust_post,5.0
Oil industry misinformation,income,"$168,000 or more",donation_ams,8.0
Oil industry misinformation,income,"$168,000 or more",funding_perceptions,25.0
Oil industry misinformation,income,"$168,000 or more",inst_trust_mean,90.0
Oil industry misinformation,income,"$168,000 or more",newsletter_signup,2.0
Oil industry misinformation,income,"$168,000 or more",policy_general,92.0
Oil industry misinformation,income,"$168,000 or more",policy_role_mean,90.0
Oil industry misinformation,income,"$168,000 or more",policy_specific_mean,88.28571428571429
Oil industry misinformation,income,"$168,000 or more",trust_multidimensional,93.16666666666667
Oil industry misinformation,income,"$168,000 or more",trust_post,96.0
Oil industry misinformation,income,"$30,000 to $55,999",behavior_mean,66.66666666666667
Oil industry misinformation,income,"$30,000 to $55,999",belief_post,95.0
Oil industry misinformation,income,"$30,000 to $55,999",concern_mean,85.0
Oil industry misinformation,income,"$30,000 to $55,999",distrust_post,10.0
Oil industry misinformation,income,"$30,000 to $55,999",donation_ams,7.0
Oil industry misinformation,income,"$30,000 to $55,999",funding_perceptions,55.0
Oil industry misinformation,income,"$30,000 to $55,999",inst_trust_mean,75.0
Oil industry misinformation,income,"$30,000 to $55,999",newsletter_signup,1.0
Oil industry misinformation,income,"$30,000 to $55,999",policy_general,85.0
Oil industry misinformation,income,"$30,000 to $55,999",policy_role_mean,85.0
Oil industry misinformation,income,"$30,000 to $55,999",policy_specific_mean,76.42857142857143
Oil industry misinformation,income,"$30,000 to $55,999",trust_multidimensional,89.16666666666667
Oil industry misinformation,income,"$30,000 to $55,999",trust_post,90.0
Oil industry misinformation,income,"$56,000 to $99,999",behavior_mean,64.66666666666667
Oil industry misinformation,income,"$56,000 to $99,999",belief_post,98.0
Oil industry misinformation,income,"$56,000 to $99,999",concern_mean,85.0
Oil industry misinformation,income,"$56,000 to $99,999",distrust_post,20.0
Oil industry misinformation,income,"$56,000 to $99,999",donation_ams,7.0
Oil industry misinformation,income,"$56,000 to $99,999",funding_perceptions,55.0
Oil industry misinformation,income,"$56,000 to $99,999",inst_trust_mean,79.8
Oil industry misinformation,income,"$56,000 to $99,999",newsletter_signup,2.0
Oil industry misinformation,income,"$56,000 to $99,999",policy_general,85.0
Oil industry misinformation,income,"$56,000 to $99,999",policy_role_mean,86.25
Oil industry misinformation,income,"$56,000 to $99,999",policy_specific_mean,81.14285714285714
Oil industry misinformation,income,"$56,000 to $99,999",trust_multidimensional,87.58333333333333
Oil industry misinformation,income,"$56,000 to $99,999",trust_post,92.0
Oil industry misinformation,income,"Less than $30,000",behavior_mean,50.0
Oil industry misinformation,income,"Less than $30,000",belief_post,95.0
Oil industry misinformation,income,"Less than $30,000",concern_mean,77.66666666666667
Oil industry misinformation,income,"Less than $30,000",distrust_post,10.0
Oil industry misinformation,income,"Less than $30,000",donation_ams,3.0
Oil industry misinformation,income,"Less than $30,000",funding_perceptions,40.0
Oil industry misinformation,income,"Less than $30,000",inst_trust_mean,60.0
Oil industry misinformation,income,"Less than $30,000",newsletter_signup,50.0
Oil industry misinformation,income,"Less than $30,000",policy_general,75.0
Oil industry misinformation,income,"Less than $30,000",policy_role_mean,78.75
Oil industry misinformation,income,"Less than $30,000",policy_specific_mean,69.71428571428571
Oil industry misinformation,income,"Less than $30,000",trust_multidimensional,80.91666666666667
Oil industry misinformation,income,"Less than $30,000",trust_post,90.0
Oil industry misinformation,party,Democrat,behavior_mean,79.33333333333333
Oil industry misinformation,party,Democrat,belief_post,98.0
Oil industry misinformation,party,Democrat,concern_mean,95.0
Oil industry misinformation,party,Democrat,distrust_post,18.0
Oil industry misinformation,party,Democrat,donation_ams,8.0
Oil industry misinformation,party,Democrat,funding_perceptions,22.0
Oil industry misinformation,party,Democrat,inst_trust_mean,85.0
Oil industry misinformation,party,Democrat,newsletter_signup,2.0
Oil industry misinformation,party,Democrat,policy_general,90.0
Oil industry misinformation,party,Democrat,policy_role_mean,87.5
Oil industry misinformation,party,Democrat,policy_specific_mean,86.71428571428571
Oil industry misinformation,party,Democrat,trust_multidimensional,90.91666666666667
Oil industry misinformation,party,Democrat,trust_post,93.0
Oil industry misinformation,party,Independent,behavior_mean,56.666666666666664
Oil industry misinformation,party,Independent,belief_post,90.0
Oil industry misinformation,party,Independent,concern_mean,80.0
Oil industry misinformation,party,Independent,distrust_post,10.0
Oil industry misinformation,party,Independent,donation_ams,7.0
Oil industry misinformation,party,Independent,funding_perceptions,55.0
Oil industry misinformation,party,Independent,inst_trust_mean,80.0
Oil industry misinformation,party,Independent,newsletter_signup,1.0
Oil industry misinformation,party,Independent,policy_general,75.0
Oil industry misinformation,party,Independent,policy_role_mean,81.25
Oil industry misinformation,party,Independent,policy_specific_mean,72.14285714285714
Oil industry misinformation,party,Independent,trust_multidimensional,84.16666666666667
Oil industry misinformation,party,Independent,trust_post,90.0
Oil industry misinformation,party,Other,behavior_mean,66.33333333333333
Oil industry misinformation,party,Other,belief_post,92.0
Oil industry misinformation,party,Other,concern_mean,82.33333333333333
Oil industry misinformation,party,Other,distrust_post,18.0
Oil industry misinformation,party,Other,donation_ams,8.0
Oil industry misinformation,party,Other,funding_perceptions,30.0
Oil industry misinformation,party,Other,inst_trust_mean,74.6
Oil industry misinformation,party,Other,newsletter_signup,1.0
Oil industry misinformation,party,Other,policy_general,80.0
Oil industry misinformation,party,Other,policy_role_mean,80.0
Oil industry misinformation,party,Other,policy_specific_mean,77.85714285714286
Oil industry misinformation,party,Other,trust_multidimensional,80.83333333333333
Oil industry misinformation,party,Other,trust_post,84.0
Oil industry misinformation,party,Republican,behavior_mean,43.333333333333336
Oil industry misinformation,party,Republican,belief_post,85.0
Oil industry misinformation,party,Republican,concern_mean,65.66666666666667
Oil industry misinformation,party,Republican,distrust_post,22.0
Oil industry misinformation,party,Republican,donation_ams,6.0
Oil industry misinformation,party,Republican,funding_perceptions,35.0
Oil industry misinformation,party,Republican,inst_trust_mean,57.4
Oil industry misinformation,party,Republican,newsletter_signup,2.0
Oil industry misinformation,party,Republican,policy_general,68.0
Oil industry misinformation,party,Republican,policy_role_mean,60.0
Oil industry misinformation,party,Republican,policy_specific_mean,47.57142857142857
Oil industry misinformation,party,Republican,trust_multidimensional,77.16666666666667
Oil industry misinformation,party,Republican,trust_post,78.0
Oil industry misinformation,race,Asian / Asian American,behavior_mean,75.83333333333333
Oil industry misinformation,race,Asian / Asian American,belief_post,100.0
Oil industry misinformation,race,Asian / Asian American,concern_mean,93.33333333333333
Oil industry misinformation,race,Asian / Asian American,distrust_post,10.0
Oil industry misinformation,race,Asian / Asian American,donation_ams,8.0
Oil industry misinformation,race,Asian / Asian American,funding_perceptions,45.0
Oil industry misinformation,race,Asian / Asian American,inst_trust_mean,86.0
Oil industry misinformation,race,Asian / Asian American,newsletter_signup,1.0
Oil industry misinformation,race,Asian / Asian American,policy_general,90.0
Oil industry misinformation,race,Asian / Asian American,policy_role_mean,88.75
Oil industry misinformation,race,Asian / Asian American,policy_specific_mean,83.57142857142857
Oil industry misinformation,race,Asian / Asian American,trust_multidimensional,88.08333333333333
Oil industry misinformation,race,Asian / Asian American,trust_post,90.0
Oil industry misinformation,race,Black / African American,behavior_mean,75.5
Oil industry misinformation,race,Black / African American,belief_post,98.0
Oil industry misinformation,race,Black / African American,concern_mean,93.66666666666667
Oil industry misinformation,race,Black / African American,distrust_post,8.0
Oil industry misinformation,race,Black / African American,donation_ams,7.0
Oil industry misinformation,race,Black / African American,funding_perceptions,70.0
Oil industry misinformation,race,Black / African American,inst_trust_mean,82.4
Oil industry misinformation,race,Black / African American,newsletter_signup,2.0
Oil industry misinformation,race,Black / African American,policy_general,92.0
Oil industry misinformation,race,Black / African American,policy_role_mean,90.75
Oil industry misinformation,race,Black / African American,policy_specific_mean,87.42857142857143
Oil industry misinformation,race,Black / African American,trust_multidimensional,93.0
Oil industry misinformation,race,Black / African American,trust_post,93.0
Oil industry misinformation,race,Hispanic / Latino,behavior_mean,69.16666666666667
Oil industry misinformation,race,Hispanic / Latino,belief_post,94.0
Oil industry misinformation,race,Hispanic / Latino,concern_mean,87.66666666666667
Oil industry misinformation,race,Hispanic / Latino,distrust_post,15.0
Oil industry misinformation,race,Hispanic / Latino,donation_ams,7.0
Oil industry misinformation,race,Hispanic / Latino,funding_perceptions,65.0
Oil industry misinformation,race,Hispanic / Latino,inst_trust_mean,76.4
Oil industry misinformation,race,Hispanic / Latino,newsletter_signup,2.0
Oil industry misinformation,race,Hispanic / Latino,policy_general,87.0
Oil industry misinformation,race,Hispanic / Latino,policy_role_mean,87.5
Oil industry misinformation,race,Hispanic / Latino,policy_specific_mean,76.57142857142857
Oil industry misinformation,race,Hispanic / Latino,trust_multidimensional,87.0
Oil industry misinformation,race,Hispanic / Latino,trust_post,91.0
Oil industry misinformation,race,Other,behavior_mean,72.5
Oil industry misinformation,race,Other,belief_post,90.0
Oil industry misinformation,race,Other,concern_mean,89.33333333333333
Oil industry misinformation,race,Other,distrust_post,10.0
Oil industry misinformation,race,Other,donation_ams,6.0
Oil industry misinformation,race,Other,funding_perceptions,35.0
Oil industry misinformation,race,Other,inst_trust_mean,79.0
Oil industry misinformation,race,Other,newsletter_signup,2.0
Oil industry misinformation,race,Other,policy_general,90.0
Oil industry misinformation,race,Other,policy_role_mean,83.75
Oil industry misinformation,race,Other,policy_specific_mean,85.71428571428571
Oil industry misinformation,race,Other,trust_multidimensional,88.25
Oil industry misinformation,race,Other,trust_post,90.0
Oil industry misinformation,race,White / Caucasian,behavior_mean,67.5
Oil industry misinformation,race,White / Caucasian,belief_post,95.0
Oil industry misinformation,race,White / Caucasian,concern_mean,93.33333333333333
Oil industry misinformation,race,White / Caucasian,distrust_post,5.0
Oil industry misinformation,race,White / Caucasian,donation_ams,5.0
Oil industry misinformation,race,White / Caucasian,funding_perceptions,40.0
Oil industry misinformation,race,White / Caucasian,inst_trust_mean,80.0
Oil industry misinformation,race,White / Caucasian,newsletter_signup,2.0
Oil industry misinformation,race,White / Caucasian,policy_general,85.0
Oil industry misinformation,race,White / Caucasian,policy_role_mean,87.5
Oil industry misinformation,race,White / Caucasian,policy_specific_mean,80.0
Oil industry misinformation,race,White / Caucasian,trust_multidimensional,90.41666666666667
Oil industry misinformation,race,White / Caucasian,trust_post,90.0
Peer-review,age_band,18-29,behavior_mean,67.5
Peer-review,age_band,18-29,belief_post,93.0
Peer-review,age_band,18-29,concern_mean,92.33333333333333
Peer-review,age_band,18-29,distrust_post,15.0
Peer-review,age_band,18-29,donation_ams,9.0
Peer-review,age_band,18-29,funding_perceptions,25.0
Peer-review,age_band,18-29,inst_trust_mean,81.0
Peer-review,age_band,18-29,newsletter_signup,2.0
Peer-review,age_band,18-29,policy_general,85.0
Peer-review,age_band,18-29,policy_role_mean,84.75
Peer-review,age_band,18-29,policy_specific_mean,77.57142857142857
Peer-review,age_band,18-29,trust_multidimensional,87.08333333333333
Peer-review,age_band,18-29,trust_post,90.0
Peer-review,age_band,30-44,behavior_mean,54.666666666666664
Peer-review,age_band,30-44,belief_post,93.0
Peer-review,age_band,30-44,concern_mean,80.33333333333333
Peer-review,age_band,30-44,distrust_post,5.0
Peer-review,age_band,30-44,donation_ams,4.0
Peer-review,age_band,30-44,funding_perceptions,35.0
Peer-review,age_band,30-44,inst_trust_mean,80.6
Peer-review,age_band,30-44,newsletter_signup,1.7
Peer-review,age_band,30-44,policy_general,75.0
Peer-review,age_band,30-44,policy_role_mean,75.0
Peer-review,age_band,30-44,policy_specific_mean,71.85714285714286
Peer-review,age_band,30-44,trust_multidimensional,87.5
Peer-review,age_band,30-44,trust_post,93.0
Peer-review,age_band,45-59,behavior_mean,59.166666666666664
Peer-review,age_band,45-59,belief_post,88.0
Peer-review,age_band,45-59,concern_mean,77.0
Peer-review,age_band,45-59,distrust_post,10.0
Peer-review,age_band,45-59,donation_ams,6.0
Peer-review,age_band,45-59,funding_perceptions,55.0
Peer-review,age_band,45-59,inst_trust_mean,83.0
Peer-review,age_band,45-59,newsletter_signup,50.0
Peer-review,age_band,45-59,policy_general,80.0
Peer-review,age_band,45-59,policy_role_mean,83.75
Peer-review,age_band,45-59,policy_specific_mean,75.0
Peer-review,age_band,45-59,trust_multidimensional,79.58333333333333
Peer-review,age_band,45-59,trust_post,90.0
Peer-review,age_band,60+,behavior_mean,47.5
Peer-review,age_band,60+,belief_post,80.0
Peer-review,age_band,60+,concern_mean,71.66666666666667
Peer-review,age_band,60+,distrust_post,15.0
Peer-review,age_band,60+,donation_ams,5.0
Peer-review,age_band,60+,funding_perceptions,55.0
Peer-review,age_band,60+,inst_trust_mean,82.8
Peer-review,age_band,60+,newsletter_signup,1.5
Peer-review,age_band,60+,policy_general,60.0
Peer-review,age_band,60+,policy_role_mean,72.5
Peer-review,age_band,60+,policy_specific_mean,64.28571428571429
Peer-review,age_band,60+,trust_multidimensional,82.83333333333333
Peer-review,age_band,60+,trust_post,85.0
Peer-review,education,Bachelor's degree,behavior_mean,73.33333333333333
Peer-review,education,Bachelor's degree,belief_post,94.0
Peer-review,education,Bachelor's degree,concern_mean,91.66666666666667
Peer-review,education,Bachelor's degree,distrust_post,15.0
Peer-review,education,Bachelor's degree,donation_ams,6.0
Peer-review,education,Bachelor's degree,funding_perceptions,35.0
Peer-review,education,Bachelor's degree,inst_trust_mean,81.8
Peer-review,education,Bachelor's degree,newsletter_signup,1.5
Peer-review,education,Bachelor's degree,policy_general,78.0
Peer-review,education,Bachelor's degree,policy_role_mean,82.5
Peer-review,education,Bachelor's degree,policy_specific_mean,80.0
Peer-review,education,Bachelor's degree,trust_multidimensional,85.58333333333333
Peer-review,education,Bachelor's degree,trust_post,93.0
Peer-review,education,Doctorate degree / Ph.D.,behavior_mean,64.1
Peer-review,education,Doctorate degree / Ph.D.,belief_post,78.4
Peer-review,education,Doctorate degree / Ph.D.,concern_mean,78.73333333333333
Peer-review,education,Doctorate degree / Ph.D.,distrust_post,20.0
Peer-review,education,Doctorate degree / Ph.D.,donation_ams,5.3
Peer-review,education,Doctorate degree / Ph.D.,funding_perceptions,49.0
Peer-review,education,Doctorate degree / Ph.D.,inst_trust_mean,73.4
Peer-review,education,Doctorate degree / Ph.D.,newsletter_signup,1.67
Peer-review,education,Doctorate degree / Ph.D.,policy_general,74.0
Peer-review,education,Doctorate degree / Ph.D.,policy_role_mean,73.3
Peer-review,education,Doctorate degree / Ph.D.,policy_specific_mean,70.62857142857142
Peer-review,education,Doctorate degree / Ph.D.,trust_multidimensional,76.7
Peer-review,education,Doctorate degree / Ph.D.,trust_post,78.8
Peer-review,education,High school diploma / GED,behavior_mean,45.833333333333336
Peer-review,education,High school diploma / GED,belief_post,75.0
Peer-review,education,High school diploma / GED,concern_mean,71.0
Peer-review,education,High school diploma / GED,distrust_post,10.0
Peer-review,education,High school diploma / GED,donation_ams,3.5
Peer-review,education,High school diploma / GED,funding_perceptions,45.0
Peer-review,education,High school diploma / GED,inst_trust_mean,69.8
Peer-review,education,High school diploma / GED,newsletter_signup,1.5
Peer-review,education,High school diploma / GED,policy_general,65.0
Peer-review,education,High school diploma / GED,policy_role_mean,68.75
Peer-review,education,High school diploma / GED,policy_specific_mean,56.142857142857146
Peer-review,education,High school diploma / GED,trust_multidimensional,82.75
Peer-review,education,High school diploma / GED,trust_post,86.0
Peer-review,education,Less than high school,behavior_mean,47.166666666666664
Peer-review,education,Less than high school,belief_post,38.0
Peer-review,education,Less than high school,concern_mean,57.666666666666664
Peer-review,education,Less than high school,distrust_post,55.0
Peer-review,education,Less than high school,donation_ams,4.0
Peer-review,education,Less than high school,funding_perceptions,35.0
Peer-review,education,Less than high school,inst_trust_mean,49.0
Peer-review,education,Less than high school,newsletter_signup,1.8
Peer-review,education,Less than high school,policy_general,52.0
Peer-review,education,Less than high school,policy_role_mean,47.75
Peer-review,education,Less than high school,policy_specific_mean,52.714285714285715
Peer-review,education,Less than high school,trust_multidimensional,43.75
Peer-review,education,Less than high school,trust_post,45.0
Peer-review,education,Master's degree / Professional degree,behavior_mean,80.0
Peer-review,education,Master's degree / Professional degree,belief_post,95.0
Peer-review,education,Master's degree / Professional degree,concern_mean,93.33333333333333
Peer-review,education,Master's degree / Professional degree,distrust_post,10.0
Peer-review,education,Master's degree / Professional degree,donation_ams,9.0
Peer-review,education,Master's degree / Professional degree,funding_perceptions,80.0
Peer-review,education,Master's degree / Professional degree,inst_trust_mean,87.4
Peer-review,education,Master's degree / Professional degree,newsletter_signup,2.0
Peer-review,education,Master's degree / Professional degree,policy_general,90.0
Peer-review,education,Master's degree / Professional degree,policy_role_mean,88.75
Peer-review,education,Master's degree / Professional degree,policy_specific_mean,86.42857142857143
Peer-review,education,Master's degree / Professional degree,trust_multidimensional,89.75
Peer-review,education,Master's degree / Professional degree,trust_post,90.0
Peer-review,education,Some college or Associate's degree,behavior_mean,74.16666666666667
Peer-review,education,Some college or Associate's degree,belief_post,90.0
Peer-review,education,Some college or Associate's degree,concern_mean,80.0
Peer-review,education,Some college or Associate's degree,distrust_post,10.0
Peer-review,education,Some college or Associate's degree,donation_ams,4.0
Peer-review,education,Some college or Associate's degree,funding_perceptions,50.0
Peer-review,education,Some college or Associate's degree,inst_trust_mean,79.0
Peer-review,education,Some college or Associate's degree,newsletter_signup,1.55
Peer-review,education,Some college or Associate's degree,policy_general,85.0
Peer-review,education,Some college or Associate's degree,policy_role_mean,78.75
Peer-review,education,Some college or Associate's degree,policy_specific_mean,77.85714285714286
Peer-review,education,Some college or Associate's degree,trust_multidimensional,81.66666666666667
Peer-review,education,Some college or Associate's degree,trust_post,80.0
Peer-review,gender,Female,behavior_mean,65.83333333333333
Peer-review,gender,Female,belief_post,90.0
Peer-review,gender,Female,concern_mean,83.33333333333333
Peer-review,gender,Female,distrust_post,5.0
Peer-review,gender,Female,donation_ams,6.0
Peer-review,gender,Female,funding_perceptions,55.0
Peer-review,gender,Female,inst_trust_mean,85.0
Peer-review,gender,Female,newsletter_signup,2.0
Peer-review,gender,Female,policy_general,85.0
Peer-review,gender,Female,policy_role_mean,81.25
Peer-review,gender,Female,policy_specific_mean,80.0
Peer-review,gender,Female,trust_multidimensional,85.0
Peer-review,gender,Female,trust_post,90.0
Peer-review,gender,Male,behavior_mean,67.91666666666666
Peer-review,gender,Male,belief_post,92.5
Peer-review,gender,Male,concern_mean,88.33333333333333
Peer-review,gender,Male,distrust_post,7.5
Peer-review,gender,Male,donation_ams,6.5
Peer-review,gender,Male,funding_perceptions,42.5
Peer-review,gender,Male,inst_trust_mean,83.5
Peer-review,gender,Male,newsletter_signup,2.0
Peer-review,gender,Male,policy_general,82.5
Peer-review,gender,Male,policy_role_mean,83.125
Peer-review,gender,Male,policy_specific_mean,80.0
Peer-review,gender,Male,trust_multidimensional,85.20833333333334
Peer-review,gender,Male,trust_post,90.0
Peer-review,gender,Other,behavior_mean,70.0
Peer-review,gender,Other,belief_post,95.0
Peer-review,gender,Other,concern_mean,93.33333333333333
Peer-review,gender,Other,distrust_post,10.0
Peer-review,gender,Other,donation_ams,7.0
Peer-review,gender,Other,funding_perceptions,30.0
Peer-review,gender,Other,inst_trust_mean,82.0
Peer-review,gender,Other,newsletter_signup,2.0
Peer-review,gender,Other,policy_general,80.0
Peer-review,gender,Other,policy_role_mean,85.0
Peer-review,gender,Other,policy_specific_mean,80.0
Peer-review,gender,Other,trust_multidimensional,85.41666666666667
Peer-review,gender,Other,trust_post,90.0
Peer-review,income,"$100,000 to $167,999",behavior_mean,76.66666666666667
Peer-review,income,"$100,000 to $167,999",belief_post,94.0
Peer-review,income,"$100,000 to $167,999",concern_mean,90.0
Peer-review,income,"$100,000 to $167,999",distrust_post,8.0
Peer-review,income,"$100,000 to $167,999",donation_ams,8.0
Peer-review,income,"$100,000 to $167,999",funding_perceptions,50.0
Peer-review,income,"$100,000 to $167,999",inst_trust_mean,89.6
Peer-review,income,"$100,000 to $167,999",newsletter_signup,1.6
Peer-review,income,"$100,000 to $167,999",policy_general,85.0
Peer-review,income,"$100,000 to $167,999",policy_role_mean,89.0
Peer-review,income,"$100,000 to $167,999",policy_specific_mean,86.71428571428571
Peer-review,income,"$100,000 to $167,999",trust_multidimensional,89.33333333333333
Peer-review,income,"$100,000 to $167,999",trust_post,91.0
Peer-review,income,"$168,000 or more",behavior_mean,78.33333333333333
Peer-review,income,"$168,000 or more",belief_post,98.0
Peer-review,income,"$168,000 or more",concern_mean,93.33333333333333
Peer-review,income,"$168,000 or more",distrust_post,5.0
Peer-review,income,"$168,000 or more",donation_ams,8.5
Peer-review,income,"$168,000 or more",funding_perceptions,70.0
Peer-review,income,"$168,000 or more",inst_trust_mean,90.0
Peer-review,income,"$168,000 or more",newsletter_signup,1.5
Peer-review,income,"$168,000 or more",policy_general,90.0
Peer-review,income,"$168,000 or more",policy_role_mean,90.0
Peer-review,income,"$168,000 or more",policy_specific_mean,83.57142857142857
Peer-review,income,"$168,000 or more",trust_multidimensional,88.75
Peer-review,income,"$168,000 or more",trust_post,92.0
Peer-review,income,"$30,000 to $55,999",behavior_mean,53.333333333333336
Peer-review,income,"$30,000 to $55,999",belief_post,85.0
Peer-review,income,"$30,000 to $55,999",concern_mean,71.66666666666667
Peer-review,income,"$30,000 to $55,999",distrust_post,10.0
Peer-review,income,"$30,000 to $55,999",donation_ams,4.0
Peer-review,income,"$30,000 to $55,999",funding_perceptions,40.0
Peer-review,income,"$30,000 to $55,999",inst_trust_mean,72.8
Peer-review,income,"$30,000 to $55,999",newsletter_signup,1.5
Peer-review,income,"$30,000 to $55,999",policy_general,70.0
Peer-review,income,"$30,000 to $55,999",policy_role_mean,72.0
Peer-review,income,"$30,000 to $55,999",policy_specific_mean,70.28571428571429
Peer-review,income,"$30,000 to $55,999",trust_multidimensional,82.33333333333333
Peer-review,income,"$30,000 to $55,999",trust_post,90.0
Peer-review,income,"$56,000 to $99,999",behavior_mean,61.5
Peer-review,income,"$56,000 to $99,999",belief_post,80.0
Peer-review,income,"$56,000 to $99,999",concern_mean,79.33333333333333
Peer-review,income,"$56,000 to $99,999",distrust_post,20.0
Peer-review,income,"$56,000 to $99,999",donation_ams,6.0
Peer-review,income,"$56,000 to $99,999",funding_perceptions,55.0
Peer-review,income,"$56,000 to $99,999",inst_trust_mean,76.6
Peer-review,income,"$56,000 to $99,999",newsletter_signup,1.0
Peer-review,income,"$56,000 to $99,999",policy_general,68.0
Peer-review,income,"$56,000 to $99,999",policy_role_mean,78.5
Peer-review,income,"$56,000 to $99,999",policy_specific_mean,70.71428571428571
Peer-review,income,"$56,000 to $99,999",trust_multidimensional,73.91666666666667
Peer-review,income,"$56,000 to $99,999",trust_post,80.0
Peer-review,income,"Less than $30,000",behavior_mean,57.5
Peer-review,income,"Less than $30,000",belief_post,85.0
Peer-review,income,"Less than $30,000",concern_mean,76.0
Peer-review,income,"Less than $30,000",distrust_post,15.0
Peer-review,income,"Less than $30,000",donation_ams,5.0
Peer-review,income,"Less than $30,000",funding_perceptions,35.0
Peer-review,income,"Less than $30,000",inst_trust_mean,74.0
Peer-review,income,"Less than $30,000",newsletter_signup,2.0
Peer-review,income,"Less than $30,000",policy_general,70.0
Peer-review,income,"Less than $30,000",policy_role_mean,70.0
Peer-review,income,"Less than $30,000",policy_specific_mean,62.57142857142857
Peer-review,income,"Less than $30,000",trust_multidimensional,83.25
Peer-review,income,"Less than $30,000",trust_post,80.0
Peer-review,party,Democrat,behavior_mean,64.16666666666667
Peer-review,party,Democrat,belief_post,95.0
Peer-review,party,Democrat,concern_mean,95.0
Peer-review,party,Democrat,distrust_post,5.0
Peer-review,party,Democrat,donation_ams,8.5
Peer-review,party,Democrat,funding_perceptions,70.0
Peer-review,party,Democrat,inst_trust_mean,85.0
Peer-review,party,Democrat,newsletter_signup,1.0
Peer-review,party,Democrat,policy_general,90.0
Peer-review,party,Democrat,policy_role_mean,85.0
Peer-review,party,Democrat,policy_specific_mean,86.42857142857143
Peer-review,party,Democrat,trust_multidimensional,87.5
Peer-review,party,Democrat,trust_post,95.0
Peer-review,party,Independent,behavior_mean,64.66666666666667
Peer-review,party,Independent,belief_post,88.0
Peer-review,party,Independent,concern_mean,79.0
Peer-review,party,Independent,distrust_post,15.0
Peer-review,party,Independent,donation_ams,6.0
Peer-review,party,Independent,funding_perceptions,60.0
Peer-review,party,Independent,inst_trust_mean,72.0
Peer-review,party,Independent,newsletter_signup,1.5
Peer-review,party,Independent,policy_general,70.0
Peer-review,party,Independent,policy_role_mean,72.5
Peer-review,party,Independent,policy_specific_mean,69.28571428571429
Peer-review,party,Independent,trust_multidimensional,79.58333333333333
Peer-review,party,Independent,trust_post,87.0
Peer-review,party,Other,behavior_mean,69.66666666666667
Peer-review,party,Other,belief_post,91.0
Peer-review,party,Other,concern_mean,80.33333333333333
Peer-review,party,Other,distrust_post,15.0
Peer-review,party,Other,donation_ams,5.0
Peer-review,party,Other,funding_perceptions,42.0
Peer-review,party,Other,inst_trust_mean,80.8
Peer-review,party,Other,newsletter_signup,2.0
Peer-review,party,Other,policy_general,75.0
Peer-review,party,Other,policy_role_mean,79.25
Peer-review,party,Other,policy_specific_mean,73.57142857142857
Peer-review,party,Other,trust_multidimensional,84.16666666666667
Peer-review,party,Other,trust_post,88.0
Peer-review,party,Republican,behavior_mean,35.833333333333336
Peer-review,party,Republican,belief_post,45.0
Peer-review,party,Republican,concern_mean,46.666666666666664
Peer-review,party,Republican,distrust_post,50.0
Peer-review,party,Republican,donation_ams,5.0
Peer-review,party,Republican,funding_perceptions,60.0
Peer-review,party,Republican,inst_trust_mean,49.0
Peer-review,party,Republican,newsletter_signup,2.0
Peer-review,party,Republican,policy_general,30.0
Peer-review,party,Republican,policy_role_mean,37.5
Peer-review,party,Republican,policy_specific_mean,38.57142857142857
Peer-review,party,Republican,trust_multidimensional,57.916666666666664
Peer-review,party,Republican,trust_post,50.0
Peer-review,race,Asian / Asian American,behavior_mean,64.16666666666667
Peer-review,race,Asian / Asian American,belief_post,90.0
Peer-review,race,Asian / Asian American,concern_mean,83.33333333333333
Peer-review,race,Asian / Asian American,distrust_post,15.0
Peer-review,race,Asian / Asian American,donation_ams,7.0
Peer-review,race,Asian / Asian American,funding_perceptions,35.0
Peer-review,race,Asian / Asian American,inst_trust_mean,81.0
Peer-review,race,Asian / Asian American,newsletter_signup,1.0
Peer-review,race,Asian / Asian American,policy_general,75.0
Peer-review,race,Asian / Asian American,policy_role_mean,78.75
Peer-review,race,Asian / Asian American,policy_specific_mean,75.0
Peer-review,race,Asian / Asian American,trust_multidimensional,85.0
Peer-review,race,Asian / Asian American,trust_post,85.0
Peer-review,race,Black / African American,behavior_mean,72.66666666666667
Peer-review,race,Black / African American,belief_post,85.0
Peer-review,race,Black / African American,concern_mean,91.66666666666667
Peer-review,race,Black / African American,distrust_post,20.0
Peer-review,race,Black / African American,donation_ams,4.5
Peer-review,race,Black / African American,funding_perceptions,50.0
Peer-review,race,Black / African American,inst_trust_mean,68.0
Peer-review,race,Black / African American,newsletter_signup,2.0
Peer-review,race,Black / African American,policy_general,80.0
Peer-review,race,Black / African American,policy_role_mean,71.25
Peer-review,race,Black / African American,policy_specific_mean,76.42857142857143
Peer-review,race,Black / African American,trust_multidimensional,78.25
Peer-review,race,Black / African American,trust_post,80.0
Peer-review,race,Hispanic / Latino,behavior_mean,65.0
Peer-review,race,Hispanic / Latino,belief_post,87.0
Peer-review,race,Hispanic / Latino,concern_mean,81.33333333333333
Peer-review,race,Hispanic / Latino,distrust_post,8.0
Peer-review,race,Hispanic / Latino,donation_ams,4.0
Peer-review,race,Hispanic / Latino,funding_perceptions,45.0
Peer-review,race,Hispanic / Latino,inst_trust_mean,79.2
Peer-review,race,Hispanic / Latino,newsletter_signup,1.7
Peer-review,race,Hispanic / Latino,policy_general,78.0
Peer-review,race,Hispanic / Latino,policy_role_mean,75.0
Peer-review,race,Hispanic / Latino,policy_specific_mean,77.28571428571429
Peer-review,race,Hispanic / Latino,trust_multidimensional,85.25
Peer-review,race,Hispanic / Latino,trust_post,88.0
Peer-review,race,Other,behavior_mean,64.20833333333334
Peer-review,race,Other,belief_post,86.75
Peer-review,race,Other,concern_mean,83.5
Peer-review,race,Other,distrust_post,13.25
Peer-review,race,Other,donation_ams,5.5
Peer-review,race,Other,funding_perceptions,42.5
Peer-review,race,Other,inst_trust_mean,75.3
Peer-review,race,Other,newsletter_signup,1.325
Peer-review,race,Other,policy_general,75.75
Peer-review,race,Other,policy_role_mean,74.5625
Peer-review,race,Other,policy_specific_mean,75.17857142857143
Peer-review,race,Other,trust_multidimensional,82.66666666666667
Peer-review,race,Other,trust_post,85.75
Peer-review,race,White / Caucasian,behavior_mean,55.0
Peer-review,race,White / Caucasian,belief_post,85.0
Peer-review,race,White / Caucasian,concern_mean,77.66666666666667
Peer-review,race,White / Caucasian,distrust_post,10.0
Peer-review,race,White / Caucasian,donation_ams,6.5
Peer-review,race,White / Caucasian,funding_perceptions,40.0
Peer-review,race,White / Caucasian,inst_trust_mean,73.0
Peer-review,race,White / Caucasian,newsletter_signup,0.6
Peer-review,race,White / Caucasian,policy_general,70.0
Peer-review,race,White / Caucasian,policy_role_mean,73.25
Peer-review,race,White / Caucasian,policy_specific_mean,72.0
Peer-review,race,White / Caucasian,trust_multidimensional,82.16666666666667
Peer-review,race,White / Caucasian,trust_post,90.0
Portrait Prof. Cherry,age_band,18-29,behavior_mean,74.16666666666667
Portrait Prof. Cherry,age_band,18-29,belief_post,90.0
Portrait Prof. Cherry,age_band,18-29,concern_mean,90.0
Portrait Prof. Cherry,age_band,18-29,distrust_post,10.0
Portrait Prof. Cherry,age_band,18-29,donation_ams,7.0
Portrait Prof. Cherry,age_band,18-29,funding_perceptions,75.0
Portrait Prof. Cherry,age_band,18-29,inst_trust_mean,81.0
Portrait Prof. Cherry,age_band,18-29,newsletter_signup,1.5
Portrait Prof. Cherry,age_band,18-29,policy_general,90.0
Portrait Prof. Cherry,age_band,18-29,policy_role_mean,85.0
Portrait Prof. Cherry,age_band,18-29,policy_specific_mean,83.57142857142857
Portrait Prof. Cherry,age_band,18-29,trust_multidimensional,83.33333333333333
Portrait Prof. Cherry,age_band,18-29,trust_post,90.0
Portrait Prof. Cherry,age_band,30-44,behavior_mean,59.666666666666664
Portrait Prof. Cherry,age_band,30-44,belief_post,88.0
Portrait Prof. Cherry,age_band,30-44,concern_mean,85.0
Portrait Prof. Cherry,age_band,30-44,distrust_post,15.0
Portrait Prof. Cherry,age_band,30-44,donation_ams,3.0
Portrait Prof. Cherry,age_band,30-44,funding_perceptions,70.0
Portrait Prof. Cherry,age_band,30-44,inst_trust_mean,77.8
Portrait Prof. Cherry,age_band,30-44,newsletter_signup,2.0
Portrait Prof. Cherry,age_band,30-44,policy_general,80.0
Portrait Prof. Cherry,age_band,30-44,policy_role_mean,82.5
Portrait Prof. Cherry,age_band,30-44,policy_specific_mean,79.71428571428571
Portrait Prof. Cherry,age_band,30-44,trust_multidimensional,82.25
Portrait Prof. Cherry,age_band,30-44,trust_post,85.0
Portrait Prof. Cherry,age_band,45-59,behavior_mean,58.333333333333336
Portrait Prof. Cherry,age_band,45-59,belief_post,88.0
Portrait Prof. Cherry,age_band,45-59,concern_mean,75.0
Portrait Prof. Cherry,age_band,45-59,distrust_post,20.0
Portrait Prof. Cherry,age_band,45-59,donation_ams,6.0
Portrait Prof. Cherry,age_band,45-59,funding_perceptions,35.0
Portrait Prof. Cherry,age_band,45-59,inst_trust_mean,77.2
Portrait Prof. Cherry,age_band,45-59,newsletter_signup,2.0
Portrait Prof. Cherry,age_band,45-59,policy_general,80.0
Portrait Prof. Cherry,age_band,45-59,policy_role_mean,80.0
Portrait Prof. Cherry,age_band,45-59,policy_specific_mean,72.85714285714286
Portrait Prof. Cherry,age_band,45-59,trust_multidimensional,82.08333333333333
Portrait Prof. Cherry,age_band,45-59,trust_post,80.0
Portrait Prof. Cherry,age_band,60+,behavior_mean,50.0
Portrait Prof. Cherry,age_band,60+,belief_post,90.0
Portrait Prof. Cherry,age_band,60+,concern_mean,81.66666666666667
Portrait Prof. Cherry,age_band,60+,distrust_post,15.0
Portrait Prof. Cherry,age_band,60+,donation_ams,6.0
Portrait Prof. Cherry,age_band,60+,funding_perceptions,60.0
Portrait Prof. Cherry,age_band,60+,inst_trust_mean,74.0
Portrait Prof. Cherry,age_band,60+,newsletter_signup,1.8
Portrait Prof. Cherry,age_band,60+,policy_general,75.0
Portrait Prof. Cherry,age_band,60+,policy_role_mean,82.5
Portrait Prof. Cherry,age_band,60+,policy_specific_mean,70.71428571428571
Portrait Prof. Cherry,age_band,60+,trust_multidimensional,77.5
Portrait Prof. Cherry,age_band,60+,trust_post,85.0
Portrait Prof. Cherry,education,Bachelor's degree,behavior_mean,58.833333333333336
Portrait Prof. Cherry,education,Bachelor's degree,belief_post,90.0
Portrait Prof. Cherry,education,Bachelor's degree,concern_mean,80.0
Portrait Prof. Cherry,education,Bachelor's degree,distrust_post,18.0
Portrait Prof. Cherry,education,Bachelor's degree,donation_ams,5.0
Portrait Prof. Cherry,education,Bachelor's degree,funding_perceptions,38.0
Portrait Prof. Cherry,education,Bachelor's degree,inst_trust_mean,81.0
Portrait Prof. Cherry,education,Bachelor's degree,newsletter_signup,1.0
Portrait Prof. Cherry,education,Bachelor's degree,policy_general,80.0
Portrait Prof. Cherry,education,Bachelor's degree,policy_role_mean,77.0
Portrait Prof. Cherry,education,Bachelor's degree,policy_specific_mean,77.14285714285714
Portrait Prof. Cherry,education,Bachelor's degree,trust_multidimensional,87.0
Portrait Prof. Cherry,education,Bachelor's degree,trust_post,80.0
Portrait Prof. Cherry,education,Doctorate degree / Ph.D.,behavior_mean,70.5
Portrait Prof. Cherry,education,Doctorate degree / Ph.D.,belief_post,98.0
Portrait Prof. Cherry,education,Doctorate degree / Ph.D.,concern_mean,96.0
Portrait Prof. Cherry,education,Doctorate degree / Ph.D.,distrust_post,5.0
Portrait Prof. Cherry,education,Doctorate degree / Ph.D.,donation_ams,7.0
Portrait Prof. Cherry,education,Doctorate degree / Ph.D.,funding_perceptions,55.0
Portrait Prof. Cherry,education,Doctorate degree / Ph.D.,inst_trust_mean,89.6
Portrait Prof. Cherry,education,Doctorate degree / Ph.D.,newsletter_signup,2.0
Portrait Prof. Cherry,education,Doctorate degree / Ph.D.,policy_general,92.0
Portrait Prof. Cherry,education,Doctorate degree / Ph.D.,policy_role_mean,90.0
Portrait Prof. Cherry,education,Doctorate degree / Ph.D.,policy_specific_mean,87.85714285714286
Portrait Prof. Cherry,education,Doctorate degree / Ph.D.,trust_multidimensional,90.5
Portrait Prof. Cherry,education,Doctorate degree / Ph.D.,trust_post,92.0
Portrait Prof. Cherry,education,High school diploma / GED,behavior_mean,54.333333333333336
Portrait Prof. Cherry,education,High school diploma / GED,belief_post,75.0
Portrait Prof. Cherry,education,High school diploma / GED,concern_mean,69.0
Portrait Prof. Cherry,education,High school diploma / GED,distrust_post,15.0
Portrait Prof. Cherry,education,High school diploma / GED,donation_ams,4.0
Portrait Prof. Cherry,education,High school diploma / GED,funding_perceptions,35.0
Portrait Prof. Cherry,education,High school diploma / GED,inst_trust_mean,68.2
Portrait Prof. Cherry,education,High school diploma / GED,newsletter_signup,55.0
Portrait Prof. Cherry,education,High school diploma / GED,policy_general,68.0
Portrait Prof. Cherry,education,High school diploma / GED,policy_role_mean,73.25
Portrait Prof. Cherry,education,High school diploma / GED,policy_specific_mean,62.42857142857143
Portrait Prof. Cherry,education,High school diploma / GED,trust_multidimensional,79.0
Portrait Prof. Cherry,education,High school diploma / GED,trust_post,80.0
Portrait Prof. Cherry,education,Less than high school,behavior_mean,36.666666666666664
Portrait Prof. Cherry,education,Less than high school,belief_post,40.0
Portrait Prof. Cherry,education,Less than high school,concern_mean,36.666666666666664
Portrait Prof. Cherry,education,Less than high school,distrust_post,40.0
Portrait Prof. Cherry,education,Less than high school,donation_ams,4.0
Portrait Prof. Cherry,education,Less than high school,funding_perceptions,30.0
Portrait Prof. Cherry,education,Less than high school,inst_trust_mean,46.0
Portrait Prof. Cherry,education,Less than high school,newsletter_signup,2.0
Portrait Prof. Cherry,education,Less than high school,policy_general,35.0
Portrait Prof. Cherry,education,Less than high school,policy_role_mean,57.5
Portrait Prof. Cherry,education,Less than high school,policy_specific_mean,42.857142857142854
Portrait Prof. Cherry,education,Less than high school,trust_multidimensional,59.166666666666664
Portrait Prof. Cherry,education,Less than high school,trust_post,60.0
Portrait Prof. Cherry,education,Master's degree / Professional degree,behavior_mean,79.0
Portrait Prof. Cherry,education,Master's degree / Professional degree,belief_post,98.0
Portrait Prof. Cherry,education,Master's degree / Professional degree,concern_mean,96.0
Portrait Prof. Cherry,education,Master's degree / Professional degree,distrust_post,5.0
Portrait Prof. Cherry,education,Master's degree / Professional degree,donation_ams,9.0
Portrait Prof. Cherry,education,Master's degree / Professional degree,funding_perceptions,50.0
Portrait Prof. Cherry,education,Master's degree / Professional degree,inst_trust_mean,86.6
Portrait Prof. Cherry,education,Master's degree / Professional degree,newsletter_signup,2.0
Portrait Prof. Cherry,education,Master's degree / Professional degree,policy_general,95.0
Portrait Prof. Cherry,education,Master's degree / Professional degree,policy_role_mean,92.25
Portrait Prof. Cherry,education,Master's degree / Professional degree,policy_specific_mean,89.28571428571429
Portrait Prof. Cherry,education,Master's degree / Professional degree,trust_multidimensional,90.75
Portrait Prof. Cherry,education,Master's degree / Professional degree,trust_post,93.0
Portrait Prof. Cherry,education,Some college or Associate's degree,behavior_mean,61.666666666666664
Portrait Prof. Cherry,education,Some college or Associate's degree,belief_post,92.0
Portrait Prof. Cherry,education,Some college or Associate's degree,concern_mean,80.0
Portrait Prof. Cherry,education,Some college or Associate's degree,distrust_post,25.0
Portrait Prof. Cherry,education,Some college or Associate's degree,donation_ams,5.0
Portrait Prof. Cherry,education,Some college or Associate's degree,funding_perceptions,60.0
Portrait Prof. Cherry,education,Some college or Associate's degree,inst_trust_mean,84.0
Portrait Prof. Cherry,education,Some college or Associate's degree,newsletter_signup,1.7
Portrait Prof. Cherry,education,Some college or Associate's degree,policy_general,70.0
Portrait Prof. Cherry,education,Some college or Associate's degree,policy_role_mean,83.75
Portrait Prof. Cherry,education,Some college or Associate's degree,policy_specific_mean,74.28571428571429
Portrait Prof. Cherry,education,Some college or Associate's degree,trust_multidimensional,80.83333333333333
Portrait Prof. Cherry,education,Some college or Associate's degree,trust_post,75.0
Portrait Prof. Cherry,gender,Female,behavior_mean,71.33333333333333
Portrait Prof. Cherry,gender,Female,belief_post,92.0
Portrait Prof. Cherry,gender,Female,concern_mean,90.0
Portrait Prof. Cherry,gender,Female,distrust_post,18.0
Portrait Prof. Cherry,gender,Female,donation_ams,5.0
Portrait Prof. Cherry,gender,Female,funding_perceptions,40.0
Portrait Prof. Cherry,gender,Female,inst_trust_mean,75.0
Portrait Prof. Cherry,gender,Female,newsletter_signup,2.0
Portrait Prof. Cherry,gender,Female,policy_general,80.0
Portrait Prof. Cherry,gender,Female,policy_role_mean,82.75
Portrait Prof. Cherry,gender,Female,policy_specific_mean,81.85714285714286
Portrait Prof. Cherry,gender,Female,trust_multidimensional,86.83333333333333
Portrait Prof. Cherry,gender,Female,trust_post,82.0
Portrait Prof. Cherry,gender,Male,behavior_mean,52.5
Portrait Prof. Cherry,gender,Male,belief_post,75.0
Portrait Prof. Cherry,gender,Male,concern_mean,67.66666666666667
Portrait Prof. Cherry,gender,Male,distrust_post,18.0
Portrait Prof. Cherry,gender,Male,donation_ams,4.5
Portrait Prof. Cherry,gender,Male,funding_perceptions,38.0
Portrait Prof. Cherry,gender,Male,inst_trust_mean,69.6
Portrait Prof. Cherry,gender,Male,newsletter_signup,2.0
Portrait Prof. Cherry,gender,Male,policy_general,65.0
Portrait Prof. Cherry,gender,Male,policy_role_mean,75.5
Portrait Prof. Cherry,gender,Male,policy_specific_mean,65.42857142857143
Portrait Prof. Cherry,gender,Male,trust_multidimensional,80.16666666666667
Portrait Prof. Cherry,gender,Male,trust_post,78.0
Portrait Prof. Cherry,gender,Other,behavior_mean,63.333333333333336
Portrait Prof. Cherry,gender,Other,belief_post,82.0
Portrait Prof. Cherry,gender,Other,concern_mean,76.66666666666667
Portrait Prof. Cherry,gender,Other,distrust_post,20.0
Portrait Prof. Cherry,gender,Other,donation_ams,6.0
Portrait Prof. Cherry,gender,Other,funding_perceptions,40.0
Portrait Prof. Cherry,gender,Other,inst_trust_mean,71.0
Portrait Prof. Cherry,gender,Other,newsletter_signup,60.0
Portrait Prof. Cherry,gender,Other,policy_general,70.0
Portrait Prof. Cherry,gender,Other,policy_role_mean,78.75
Portrait Prof. Cherry,gender,Other,policy_specific_mean,71.42857142857143
Portrait Prof. Cherry,gender,Other,trust_multidimensional,83.0
Portrait Prof. Cherry,gender,Other,trust_post,80.0
Portrait Prof. Cherry,income,"$100,000 to $167,999",behavior_mean,69.66666666666667
Portrait Prof. Cherry,income,"$100,000 to $167,999",belief_post,88.0
Portrait Prof. Cherry,income,"$100,000 to $167,999",concern_mean,88.33333333333333
Portrait Prof. Cherry,income,"$100,000 to $167,999",distrust_post,15.0
Portrait Prof. Cherry,income,"$100,000 to $167,999",donation_ams,7.0
Portrait Prof. Cherry,income,"$100,000 to $167,999",funding_perceptions,35.0
Portrait Prof. Cherry,income,"$100,000 to $167,999",inst_trust_mean,80.8
Portrait Prof. Cherry,income,"$100,000 to $167,999",newsletter_signup,2.0
Portrait Prof. Cherry,income,"$100,000 to $167,999",policy_general,82.0
Portrait Prof. Cherry,income,"$100,000 to $167,999",policy_role_mean,80.75
Portrait Prof. Cherry,income,"$100,000 to $167,999",policy_specific_mean,82.14285714285714
Portrait Prof. Cherry,income,"$100,000 to $167,999",trust_multidimensional,80.16666666666667
Portrait Prof. Cherry,income,"$100,000 to $167,999",trust_post,81.0
Portrait Prof. Cherry,income,"$168,000 or more",behavior_mean,68.83333333333333
Portrait Prof. Cherry,income,"$168,000 or more",belief_post,95.0
Portrait Prof. Cherry,income,"$168,000 or more",concern_mean,87.66666666666667
Portrait Prof. Cherry,income,"$168,000 or more",distrust_post,15.0
Portrait Prof. Cherry,income,"$168,000 or more",donation_ams,7.0
Portrait Prof. Cherry,income,"$168,000 or more",funding_perceptions,25.0
Portrait Prof. Cherry,income,"$168,000 or more",inst_trust_mean,87.8
Portrait Prof. Cherry,income,"$168,000 or more",newsletter_signup,2.0
Portrait Prof. Cherry,income,"$168,000 or more",policy_general,80.0
Portrait Prof. Cherry,income,"$168,000 or more",policy_role_mean,86.75
Portrait Prof. Cherry,income,"$168,000 or more",policy_specific_mean,79.28571428571429
Portrait Prof. Cherry,income,"$168,000 or more",trust_multidimensional,85.75
Portrait Prof. Cherry,income,"$168,000 or more",trust_post,90.0
Portrait Prof. Cherry,income,"$30,000 to $55,999",behavior_mean,55.833333333333336
Portrait Prof. Cherry,income,"$30,000 to $55,999",belief_post,80.0
Portrait Prof. Cherry,income,"$30,000 to $55,999",concern_mean,73.33333333333333
Portrait Prof. Cherry,income,"$30,000 to $55,999",distrust_post,22.0
Portrait Prof. Cherry,income,"$30,000 to $55,999",donation_ams,4.0
Portrait Prof. Cherry,income,"$30,000 to $55,999",funding_perceptions,50.0
Portrait Prof. Cherry,income,"$30,000 to $55,999",inst_trust_mean,72.0
Portrait Prof. Cherry,income,"$30,000 to $55,999",newsletter_signup,1.8
Portrait Prof. Cherry,income,"$30,000 to $55,999",policy_general,70.0
Portrait Prof. Cherry,income,"$30,000 to $55,999",policy_role_mean,78.75
Portrait Prof. Cherry,income,"$30,000 to $55,999",policy_specific_mean,69.71428571428571
Portrait Prof. Cherry,income,"$30,000 to $55,999",trust_multidimensional,78.33333333333333
Portrait Prof. Cherry,income,"$30,000 to $55,999",trust_post,78.0
Portrait Prof. Cherry,income,"$56,000 to $99,999",behavior_mean,65.5
Portrait Prof. Cherry,income,"$56,000 to $99,999",belief_post,92.0
Portrait Prof. Cherry,income,"$56,000 to $99,999",concern_mean,83.66666666666667
Portrait Prof. Cherry,income,"$56,000 to $99,999",distrust_post,33.0
Portrait Prof. Cherry,income,"$56,000 to $99,999",donation_ams,6.3
Portrait Prof. Cherry,income,"$56,000 to $99,999",funding_perceptions,48.0
Portrait Prof. Cherry,income,"$56,000 to $99,999",inst_trust_mean,78.8
Portrait Prof. Cherry,income,"$56,000 to $99,999",newsletter_signup,1.4
Portrait Prof. Cherry,income,"$56,000 to $99,999",policy_general,76.0
Portrait Prof. Cherry,income,"$56,000 to $99,999",policy_role_mean,83.25
Portrait Prof. Cherry,income,"$56,000 to $99,999",policy_specific_mean,72.0
Portrait Prof. Cherry,income,"$56,000 to $99,999",trust_multidimensional,78.91666666666667
Portrait Prof. Cherry,income,"$56,000 to $99,999",trust_post,75.0
Portrait Prof. Cherry,income,"Less than $30,000",behavior_mean,37.5
Portrait Prof. Cherry,income,"Less than $30,000",belief_post,90.0
Portrait Prof. Cherry,income,"Less than $30,000",concern_mean,73.33333333333333
Portrait Prof. Cherry,income,"Less than $30,000",distrust_post,25.0
Portrait Prof. Cherry,income,"Less than $30,000",donation_ams,3.0
Portrait Prof. Cherry,income,"Less than $30,000",funding_perceptions,50.0
Portrait Prof. Cherry,income,"Less than $30,000",inst_trust_mean,60.0
Portrait Prof. Cherry,income,"Less than $30,000",newsletter_signup,1.5
Portrait Prof. Cherry,income,"Less than $30,000",policy_general,65.0
Portrait Prof. Cherry,income,"Less than $30,000",policy_role_mean,78.75
Portrait Prof. Cherry,income,"Less than $30,000",policy_specific_mean,60.0
Portrait Prof. Cherry,income,"Less than $30,000",trust_multidimensional,76.66666666666667
Portrait Prof. Cherry,income,"Less than $30,000",trust_post,75.0
Portrait Prof. Cherry,party,Democrat,behavior_mean,70.83333333333333
Portrait Prof. Cherry,party,Democrat,belief_post,95.0
Portrait Prof. Cherry,party,Democrat,concern_mean,89.0
Portrait Prof. Cherry,party,Democrat,distrust_post,8.0
Portrait Prof. Cherry,party,Democrat,donation_ams,4.0
Portrait Prof. Cherry,party,Democrat,funding_perceptions,50.0
Portrait Prof. Cherry,party,Democrat,inst_trust_mean,76.0
Portrait Prof. Cherry,party,Democrat,newsletter_signup,1.8
Portrait Prof. Cherry,party,Democrat,policy_general,88.0
Portrait Prof. Cherry,party,Democrat,policy_role_mean,81.25
Portrait Prof. Cherry,party,Democrat,policy_specific_mean,82.14285714285714
Portrait Prof. Cherry,party,Democrat,trust_multidimensional,84.91666666666667
Portrait Prof. Cherry,party,Democrat,trust_post,88.0
Portrait Prof. Cherry,party,Independent,behavior_mean,62.5
Portrait Prof. Cherry,party,Independent,belief_post,90.0
Portrait Prof. Cherry,party,Independent,concern_mean,75.0
Portrait Prof. Cherry,party,Independent,distrust_post,25.0
Portrait Prof. Cherry,party,Independent,donation_ams,5.0
Portrait Prof. Cherry,party,Independent,funding_perceptions,40.0
Portrait Prof. Cherry,party,Independent,inst_trust_mean,73.0
Portrait Prof. Cherry,party,Independent,newsletter_signup,1.6
Portrait Prof. Cherry,party,Independent,policy_general,75.0
Portrait Prof. Cherry,party,Independent,policy_role_mean,73.75
Portrait Prof. Cherry,party,Independent,policy_specific_mean,72.85714285714286
Portrait Prof. Cherry,party,Independent,trust_multidimensional,80.0
Portrait Prof. Cherry,party,Independent,trust_post,75.0
Portrait Prof. Cherry,party,Other,behavior_mean,56.666666666666664
Portrait Prof. Cherry,party,Other,belief_post,80.0
Portrait Prof. Cherry,party,Other,concern_mean,73.33333333333333
Portrait Prof. Cherry,party,Other,distrust_post,30.0
Portrait Prof. Cherry,party,Other,donation_ams,3.5
Portrait Prof. Cherry,party,Other,funding_perceptions,45.0
Portrait Prof. Cherry,party,Other,inst_trust_mean,71.0
Portrait Prof. Cherry,party,Other,newsletter_signup,1.5
Portrait Prof. Cherry,party,Other,policy_general,65.0
Portrait Prof. Cherry,party,Other,policy_role_mean,70.0
Portrait Prof. Cherry,party,Other,policy_specific_mean,64.0
Portrait Prof. Cherry,party,Other,trust_multidimensional,75.41666666666667
Portrait Prof. Cherry,party,Other,trust_post,70.0
Portrait Prof. Cherry,party,Republican,behavior_mean,39.166666666666664
Portrait Prof. Cherry,party,Republican,belief_post,40.0
Portrait Prof. Cherry,party,Republican,concern_mean,56.666666666666664
Portrait Prof. Cherry,party,Republican,distrust_post,45.0
Portrait Prof. Cherry,party,Republican,donation_ams,3.0
Portrait Prof. Cherry,party,Republican,funding_perceptions,30.0
Portrait Prof. Cherry,party,Republican,inst_trust_mean,47.0
Portrait Prof. Cherry,party,Republican,newsletter_signup,2.0
Portrait Prof. Cherry,party,Republican,policy_general,35.0
Portrait Prof. Cherry,party,Republican,policy_role_mean,47.5
Portrait Prof. Cherry,party,Republican,policy_specific_mean,44.0
Portrait Prof. Cherry,party,Republican,trust_multidimensional,67.08333333333333
Portrait Prof. Cherry,party,Republican,trust_post,55.0
Portrait Prof. Cherry,race,Asian / Asian American,behavior_mean,64.66666666666667
Portrait Prof. Cherry,race,Asian / Asian American,belief_post,85.0
Portrait Prof. Cherry,race,Asian / Asian American,concern_mean,79.0
Portrait Prof. Cherry,race,Asian / Asian American,distrust_post,15.0
Portrait Prof. Cherry,race,Asian / Asian American,donation_ams,6.5
Portrait Prof. Cherry,race,Asian / Asian American,funding_perceptions,70.0
Portrait Prof. Cherry,race,Asian / Asian American,inst_trust_mean,77.6
Portrait Prof. Cherry,race,Asian / Asian American,newsletter_signup,2.0
Portrait Prof. Cherry,race,Asian / Asian American,policy_general,75.0
Portrait Prof. Cherry,race,Asian / Asian American,policy_role_mean,78.25
Portrait Prof. Cherry,race,Asian / Asian American,policy_specific_mean,76.57142857142857
Portrait Prof. Cherry,race,Asian / Asian American,trust_multidimensional,78.83333333333333
Portrait Prof. Cherry,race,Asian / Asian American,trust_post,84.0
Portrait Prof. Cherry,race,Black / African American,behavior_mean,67.5
Portrait Prof. Cherry,race,Black / African American,belief_post,90.0
Portrait Prof. Cherry,race,Black / African American,concern_mean,88.33333333333333
Portrait Prof. Cherry,race,Black / African American,distrust_post,20.0
Portrait Prof. Cherry,race,Black / African American,donation_ams,4.5
Portrait Prof. Cherry,race,Black / African American,funding_perceptions,40.0
Portrait Prof. Cherry,race,Black / African American,inst_trust_mean,71.0
Portrait Prof. Cherry,race,Black / African American,newsletter_signup,2.0
Portrait Prof. Cherry,race,Black / African American,policy_general,85.0
Portrait Prof. Cherry,race,Black / African American,policy_role_mean,83.75
Portrait Prof. Cherry,race,Black / African American,policy_specific_mean,85.0
Portrait Prof. Cherry,race,Black / African American,trust_multidimensional,82.91666666666667
Portrait Prof. Cherry,race,Black / African American,trust_post,80.0
Portrait Prof. Cherry,race,Hispanic / Latino,behavior_mean,55.833333333333336
Portrait Prof. Cherry,race,Hispanic / Latino,belief_post,80.0
Portrait Prof. Cherry,race,Hispanic / Latino,concern_mean,80.0
Portrait Prof. Cherry,race,Hispanic / Latino,distrust_post,20.0
Portrait Prof. Cherry,race,Hispanic / Latino,donation_ams,6.0
Portrait Prof. Cherry,race,Hispanic / Latino,funding_perceptions,55.0
Portrait Prof. Cherry,race,Hispanic / Latino,inst_trust_mean,81.0
Portrait Prof. Cherry,race,Hispanic / Latino,newsletter_signup,2.0
Portrait Prof. Cherry,race,Hispanic / Latino,policy_general,75.0
Portrait Prof. Cherry,race,Hispanic / Latino,policy_role_mean,78.75
Portrait Prof. Cherry,race,Hispanic / Latino,policy_specific_mean,71.57142857142857
Portrait Prof. Cherry,race,Hispanic / Latino,trust_multidimensional,83.91666666666667
Portrait Prof. Cherry,race,Hispanic / Latino,trust_post,80.0
Portrait Prof. Cherry,race,Other,behavior_mean,57.5
Portrait Prof. Cherry,race,Other,belief_post,80.0
Portrait Prof. Cherry,race,Other,concern_mean,77.66666666666667
Portrait Prof. Cherry,race,Other,distrust_post,22.0
Portrait Prof. Cherry,race,Other,donation_ams,2.5
Portrait Prof. Cherry,race,Other,funding_perceptions,50.0
Portrait Prof. Cherry,race,Other,inst_trust_mean,72.8
Portrait Prof. Cherry,race,Other,newsletter_signup,1.5
Portrait Prof. Cherry,race,Other,policy_general,70.0
Portrait Prof. Cherry,race,Other,policy_role_mean,71.75
Portrait Prof. Cherry,race,Other,policy_specific_mean,66.71428571428571
Portrait Prof. Cherry,race,Other,trust_multidimensional,77.5
Portrait Prof. Cherry,race,Other,trust_post,78.0
Portrait Prof. Cherry,race,White / Caucasian,behavior_mean,62.5
Portrait Prof. Cherry,race,White / Caucasian,belief_post,90.0
Portrait Prof. Cherry,race,White / Caucasian,concern_mean,79.33333333333333
Portrait Prof. Cherry,race,White / Caucasian,distrust_post,15.0
Portrait Prof. Cherry,race,White / Caucasian,donation_ams,7.0
Portrait Prof. Cherry,race,White / Caucasian,funding_perceptions,45.0
Portrait Prof. Cherry,race,White / Caucasian,inst_trust_mean,79.0
Portrait Prof. Cherry,race,White / Caucasian,newsletter_signup,1.0
Portrait Prof. Cherry,race,White / Caucasian,policy_general,75.0
Portrait Prof. Cherry,race,White / Caucasian,policy_role_mean,80.0
Portrait Prof. Cherry,race,White / Caucasian,policy_specific_mean,73.28571428571429
Portrait Prof. Cherry,race,White / Caucasian,trust_multidimensional,83.33333333333333
Portrait Prof. Cherry,race,White / Caucasian,trust_post,82.0
Scientist community helpers,age_band,18-29,behavior_mean,73.33333333333333
Scientist community helpers,age_band,18-29,belief_post,95.0
Scientist community helpers,age_band,18-29,concern_mean,92.33333333333333
Scientist community helpers,age_band,18-29,distrust_post,10.0
Scientist community helpers,age_band,18-29,donation_ams,5.0
Scientist community helpers,age_band,18-29,funding_perceptions,40.0
Scientist community helpers,age_band,18-29,inst_trust_mean,85.6
Scientist community helpers,age_band,18-29,newsletter_signup,2.5
Scientist community helpers,age_band,18-29,policy_general,90.0
Scientist community helpers,age_band,18-29,policy_role_mean,86.5
Scientist community helpers,age_band,18-29,policy_specific_mean,86.85714285714286
Scientist community helpers,age_band,18-29,trust_multidimensional,90.33333333333333
Scientist community helpers,age_band,18-29,trust_post,89.0
Scientist community helpers,age_band,30-44,behavior_mean,74.16666666666667
Scientist community helpers,age_band,30-44,belief_post,94.0
Scientist community helpers,age_band,30-44,concern_mean,87.0
Scientist community helpers,age_band,30-44,distrust_post,8.0
Scientist community helpers,age_band,30-44,donation_ams,7.0
Scientist community helpers,age_band,30-44,funding_perceptions,30.0
Scientist community helpers,age_band,30-44,inst_trust_mean,78.2
Scientist community helpers,age_band,30-44,newsletter_signup,2.0
Scientist community helpers,age_band,30-44,policy_general,80.0
Scientist community helpers,age_band,30-44,policy_role_mean,80.75
Scientist community helpers,age_band,30-44,policy_specific_mean,79.71428571428571
Scientist community helpers,age_band,30-44,trust_multidimensional,82.08333333333333
Scientist community helpers,age_band,30-44,trust_post,87.0
Scientist community helpers,age_band,45-59,behavior_mean,60.666666666666664
Scientist community helpers,age_band,45-59,belief_post,84.0
Scientist community helpers,age_band,45-59,concern_mean,73.33333333333333
Scientist community helpers,age_band,45-59,distrust_post,15.0
Scientist community helpers,age_band,45-59,donation_ams,6.0
Scientist community helpers,age_band,45-59,funding_perceptions,40.0
Scientist community helpers,age_band,45-59,inst_trust_mean,76.0
Scientist community helpers,age_band,45-59,newsletter_signup,2.0
Scientist community helpers,age_band,45-59,policy_general,75.0
Scientist community helpers,age_band,45-59,policy_role_mean,80.5
Scientist community helpers,age_band,45-59,policy_specific_mean,70.14285714285714
Scientist community helpers,age_band,45-59,trust_multidimensional,85.16666666666667
Scientist community helpers,age_band,45-59,trust_post,79.0
Scientist community helpers,age_band,60+,behavior_mean,52.333333333333336
Scientist community helpers,age_band,60+,belief_post,89.0
Scientist community helpers,age_band,60+,concern_mean,81.66666666666667
Scientist community helpers,age_band,60+,distrust_post,17.0
Scientist community helpers,age_band,60+,donation_ams,5.0
Scientist community helpers,age_band,60+,funding_perceptions,55.0
Scientist community helpers,age_band,60+,inst_trust_mean,83.0
Scientist community helpers,age_band,60+,newsletter_signup,2.0
Scientist community helpers,age_band,60+,policy_general,76.0
Scientist community helpers,age_band,60+,policy_role_mean,81.5
Scientist community helpers,age_band,60+,policy_specific_mean,71.42857142857143
Scientist community helpers,age_band,60+,trust_multidimensional,84.16666666666667
Scientist community helpers,age_band,60+,trust_post,83.0
Scientist community helpers,education,Bachelor's degree,behavior_mean,75.0
Scientist community helpers,education,Bachelor's degree,belief_post,94.0
Scientist community helpers,education,Bachelor's degree,concern_mean,89.0
Scientist community helpers,education,Bachelor's degree,distrust_post,5.0
Scientist community helpers,education,Bachelor's degree,donation_ams,7.0
Scientist community helpers,education,Bachelor's degree,funding_perceptions,30.0
Scientist community helpers,education,Bachelor's degree,inst_trust_mean,81.0
Scientist community helpers,education,Bachelor's degree,newsletter_signup,1.0
Scientist community helpers,education,Bachelor's degree,policy_general,80.0
Scientist community helpers,education,Bachelor's degree,policy_role_mean,81.25
Scientist community helpers,education,Bachelor's degree,policy_specific_mean,84.71428571428571
Scientist community helpers,education,Bachelor's degree,trust_multidimensional,86.16666666666667
Scientist community helpers,education,Bachelor's degree,trust_post,92.0
Scientist community helpers,education,Doctorate degree / Ph.D.,behavior_mean,73.33333333333333
Scientist community helpers,education,Doctorate degree / Ph.D.,belief_post,97.0
Scientist community helpers,education,Doctorate degree / Ph.D.,concern_mean,92.0
Scientist community helpers,education,Doctorate degree / Ph.D.,distrust_post,8.0
Scientist community helpers,education,Doctorate degree / Ph.D.,donation_ams,8.0
Scientist community helpers,education,Doctorate degree / Ph.D.,funding_perceptions,45.0
Scientist community helpers,education,Doctorate degree / Ph.D.,inst_trust_mean,84.8
Scientist community helpers,education,Doctorate degree / Ph.D.,newsletter_signup,1.6
Scientist community helpers,education,Doctorate degree / Ph.D.,policy_general,85.0
Scientist community helpers,education,Doctorate degree / Ph.D.,policy_role_mean,88.0
Scientist community helpers,education,Doctorate degree / Ph.D.,policy_specific_mean,84.42857142857143
Scientist community helpers,education,Doctorate degree / Ph.D.,trust_multidimensional,88.0
Scientist community helpers,education,Doctorate degree / Ph.D.,trust_post,93.0
Scientist community helpers,education,High school diploma / GED,behavior_mean,63.0
Scientist community helpers,education,High school diploma / GED,belief_post,88.0
Scientist community helpers,education,High school diploma / GED,concern_mean,81.0
Scientist community helpers,education,High school diploma / GED,distrust_post,17.0
Scientist community helpers,education,High school diploma / GED,donation_ams,4.0
Scientist community helpers,education,High school diploma / GED,funding_perceptions,45.0
Scientist community helpers,education,High school diploma / GED,inst_trust_mean,79.0
Scientist community helpers,education,High school diploma / GED,newsletter_signup,1.3
Scientist community helpers,education,High school diploma / GED,policy_general,80.0
Scientist community helpers,education,High school diploma / GED,policy_role_mean,80.0
Scientist community helpers,education,High school diploma / GED,policy_specific_mean,74.0
Scientist community helpers,education,High school diploma / GED,trust_multidimensional,77.41666666666667
Scientist community helpers,education,High school diploma / GED,trust_post,83.0
Scientist community helpers,education,Less than high school,behavior_mean,40.833333333333336
Scientist community helpers,education,Less than high school,belief_post,50.0
Scientist community helpers,education,Less than high school,concern_mean,60.0
Scientist community helpers,education,Less than high school,distrust_post,45.0
Scientist community helpers,education,Less than high school,donation_ams,3.5
Scientist community helpers,education,Less than high school,funding_perceptions,45.0
Scientist community helpers,education,Less than high school,inst_trust_mean,46.0
Scientist community helpers,education,Less than high school,newsletter_signup,2.0
Scientist community helpers,education,Less than high school,policy_general,40.0
Scientist community helpers,education,Less than high school,policy_role_mean,40.0
Scientist community helpers,education,Less than high school,policy_specific_mean,38.57142857142857
Scientist community helpers,education,Less than high school,trust_multidimensional,54.833333333333336
Scientist community helpers,education,Less than high school,trust_post,55.0
Scientist community helpers,education,Master's degree / Professional degree,behavior_mean,78.33333333333333
Scientist community helpers,education,Master's degree / Professional degree,belief_post,95.0
Scientist community helpers,education,Master's degree / Professional degree,concern_mean,88.33333333333333
Scientist community helpers,education,Master's degree / Professional degree,distrust_post,5.0
Scientist community helpers,education,Master's degree / Professional degree,donation_ams,5.0
Scientist community helpers,education,Master's degree / Professional degree,funding_perceptions,75.0
Scientist community helpers,education,Master's degree / Professional degree,inst_trust_mean,91.0
Scientist community helpers,education,Master's degree / Professional degree,newsletter_signup,0.6
Scientist community helpers,education,Master's degree / Professional degree,policy_general,85.0
Scientist community helpers,education,Master's degree / Professional degree,policy_role_mean,87.5
Scientist community helpers,education,Master's degree / Professional degree,policy_specific_mean,85.71428571428571
Scientist community helpers,education,Master's degree / Professional degree,trust_multidimensional,89.16666666666667
Scientist community helpers,education,Master's degree / Professional degree,trust_post,90.0
Scientist community helpers,education,Some college or Associate's degree,behavior_mean,60.833333333333336
Scientist community helpers,education,Some college or Associate's degree,belief_post,80.0
Scientist community helpers,education,Some college or Associate's degree,concern_mean,80.0
Scientist community helpers,education,Some college or Associate's degree,distrust_post,15.0
Scientist community helpers,education,Some college or Associate's degree,donation_ams,6.0
Scientist community helpers,education,Some college or Associate's degree,funding_perceptions,45.0
Scientist community helpers,education,Some college or Associate's degree,inst_trust_mean,80.6
Scientist community helpers,education,Some college or Associate's degree,newsletter_signup,2.0
Scientist community helpers,education,Some college or Associate's degree,policy_general,78.0
Scientist community helpers,education,Some college or Associate's degree,policy_role_mean,74.5
Scientist community helpers,education,Some college or Associate's degree,policy_specific_mean,74.85714285714286
Scientist community helpers,education,Some college or Associate's degree,trust_multidimensional,85.83333333333333
Scientist community helpers,education,Some college or Associate's degree,trust_post,87.0
Scientist community helpers,gender,Female,behavior_mean,71.33333333333333
Scientist community helpers,gender,Female,belief_post,94.0
Scientist community helpers,gender,Female,concern_mean,85.66666666666667
Scientist community helpers,gender,Female,distrust_post,10.0
Scientist community helpers,gender,Female,donation_ams,7.0
Scientist community helpers,gender,Female,funding_perceptions,40.0
Scientist community helpers,gender,Female,inst_trust_mean,82.6
Scientist community helpers,gender,Female,newsletter_signup,2.0
Scientist community helpers,gender,Female,policy_general,80.0
Scientist community helpers,gender,Female,policy_role_mean,84.0
Scientist community helpers,gender,Female,policy_specific_mean,80.85714285714286
Scientist community helpers,gender,Female,trust_multidimensional,87.75
Scientist community helpers,gender,Female,trust_post,91.0
Scientist community helpers,gender,Male,behavior_mean,60.833333333333336
Scientist community helpers,gender,Male,belief_post,90.0
Scientist community helpers,gender,Male,concern_mean,80.0
Scientist community helpers,gender,Male,distrust_post,15.0
Scientist community helpers,gender,Male,donation_ams,7.0
Scientist community helpers,gender,Male,funding_perceptions,50.0
Scientist community helpers,gender,Male,inst_trust_mean,81.2
Scientist community helpers,gender,Male,newsletter_signup,0.55
Scientist community helpers,gender,Male,policy_general,75.0
Scientist community helpers,gender,Male,policy_role_mean,85.0
Scientist community helpers,gender,Male,policy_specific_mean,77.14285714285714
Scientist community helpers,gender,Male,trust_multidimensional,85.66666666666667
Scientist community helpers,gender,Male,trust_post,90.0
Scientist community helpers,gender,Other,behavior_mean,54.166666666666664
Scientist community helpers,gender,Other,belief_post,88.0
Scientist community helpers,gender,Other,concern_mean,70.0
Scientist community helpers,gender,Other,distrust_post,20.0
Scientist community helpers,gender,Other,donation_ams,5.0
Scientist community helpers,gender,Other,funding_perceptions,50.0
Scientist community helpers,gender,Other,inst_trust_mean,72.0
Scientist community helpers,gender,Other,newsletter_signup,1.5
Scientist community helpers,gender,Other,policy_general,75.0
Scientist community helpers,gender,Other,policy_role_mean,81.25
Scientist community helpers,gender,Other,policy_specific_mean,70.71428571428571
Scientist community helpers,gender,Other,trust_multidimensional,77.91666666666667
Scientist community helpers,gender,Other,trust_post,80.0
Scientist community helpers,income,"$100,000 to $167,999",behavior_mean,77.5
Scientist community helpers,income,"$100,000 to $167,999",belief_post,96.0
Scientist community helpers,income,"$100,000 to $167,999",concern_mean,87.0
Scientist community helpers,income,"$100,000 to $167,999",distrust_post,10.0
Scientist community helpers,income,"$100,000 to $167,999",donation_ams,7.0
Scientist community helpers,income,"$100,000 to $167,999",funding_perceptions,60.0
Scientist community helpers,income,"$100,000 to $167,999",inst_trust_mean,82.6
Scientist community helpers,income,"$100,000 to $167,999",newsletter_signup,0.7
Scientist community helpers,income,"$100,000 to $167,999",policy_general,85.0
Scientist community helpers,income,"$100,000 to $167,999",policy_role_mean,82.5
Scientist community helpers,income,"$100,000 to $167,999",policy_specific_mean,84.0
Scientist community helpers,income,"$100,000 to $167,999",trust_multidimensional,84.58333333333333
Scientist community helpers,income,"$100,000 to $167,999",trust_post,90.0
Scientist community helpers,income,"$168,000 or more",behavior_mean,79.16666666666667
Scientist community helpers,income,"$168,000 or more",belief_post,98.0
Scientist community helpers,income,"$168,000 or more",concern_mean,96.0
Scientist community helpers,income,"$168,000 or more",distrust_post,10.0
Scientist community helpers,income,"$168,000 or more",donation_ams,7.0
Scientist community helpers,income,"$168,000 or more",funding_perceptions,30.0
Scientist community helpers,income,"$168,000 or more",inst_trust_mean,89.0
Scientist community helpers,income,"$168,000 or more",newsletter_signup,1.0
Scientist community helpers,income,"$168,000 or more",policy_general,93.0
Scientist community helpers,income,"$168,000 or more",policy_role_mean,89.25
Scientist community helpers,income,"$168,000 or more",policy_specific_mean,85.14285714285714
Scientist community helpers,income,"$168,000 or more",trust_multidimensional,87.91666666666667
Scientist community helpers,income,"$168,000 or more",trust_post,92.0
Scientist community helpers,income,"$30,000 to $55,999",behavior_mean,45.0
Scientist community helpers,income,"$30,000 to $55,999",belief_post,80.0
Scientist community helpers,income,"$30,000 to $55,999",concern_mean,73.33333333333333
Scientist community helpers,income,"$30,000 to $55,999",distrust_post,20.0
Scientist community helpers,income,"$30,000 to $55,999",donation_ams,4.0
Scientist community helpers,income,"$30,000 to $55,999",funding_perceptions,45.0
Scientist community helpers,income,"$30,000 to $55,999",inst_trust_mean,70.0
Scientist community helpers,income,"$30,000 to $55,999",newsletter_signup,1.8
Scientist community helpers,income,"$30,000 to $55,999",policy_general,70.0
Scientist community helpers,income,"$30,000 to $55,999",policy_role_mean,68.75
Scientist community helpers,income,"$30,000 to $55,999",policy_specific_mean,55.714285714285715
Scientist community helpers,income,"$30,000 to $55,999",trust_multidimensional,71.25
Scientist community helpers,income,"$30,000 to $55,999",trust_post,80.0
Scientist community helpers,income,"$56,000 to $99,999",behavior_mean,65.0
Scientist community helpers,income,"$56,000 to $99,999",belief_post,85.0
Scientist community helpers,income,"$56,000 to $99,999",concern_mean,76.66666666666667
Scientist community helpers,income,"$56,000 to $99,999",distrust_post,20.0
Scientist community helpers,income,"$56,000 to $99,999",donation_ams,6.0
Scientist community helpers,income,"$56,000 to $99,999",funding_perceptions,35.0
Scientist community helpers,income,"$56,000 to $99,999",inst_trust_mean,71.0
Scientist community helpers,income,"$56,000 to $99,999",newsletter_signup,55.0
Scientist community helpers,income,"$56,000 to $99,999",policy_general,78.0
Scientist community helpers,income,"$56,000 to $99,999",policy_role_mean,80.5
Scientist community helpers,income,"$56,000 to $99,999",policy_specific_mean,75.0
Scientist community helpers,income,"$56,000 to $99,999",trust_multidimensional,77.41666666666667
Scientist community helpers,income,"$56,000 to $99,999",trust_post,80.0
Scientist community helpers,income,"Less than $30,000",behavior_mean,42.5
Scientist community helpers,income,"Less than $30,000",belief_post,80.0
Scientist community helpers,income,"Less than $30,000",concern_mean,73.66666666666667
Scientist community helpers,income,"Less than $30,000",distrust_post,22.0
Scientist community helpers,income,"Less than $30,000",donation_ams,3.0
Scientist community helpers,income,"Less than $30,000",funding_perceptions,50.0
Scientist community helpers,income,"Less than $30,000",inst_trust_mean,63.8
Scientist community helpers,income,"Less than $30,000",newsletter_signup,2.0
Scientist community helpers,income,"Less than $30,000",policy_general,70.0
Scientist community helpers,income,"Less than $30,000",policy_role_mean,74.5
Scientist community helpers,income,"Less than $30,000",policy_specific_mean,61.42857142857143
Scientist community helpers,income,"Less than $30,000",trust_multidimensional,72.91666666666667
Scientist community helpers,income,"Less than $30,000",trust_post,78.0
Scientist community helpers,party,Democrat,behavior_mean,72.83333333333333
Scientist community helpers,party,Democrat,belief_post,96.0
Scientist community helpers,party,Democrat,concern_mean,91.33333333333333
Scientist community helpers,party,Democrat,distrust_post,18.0
Scientist community helpers,party,Democrat,donation_ams,6.0
Scientist community helpers,party,Democrat,funding_perceptions,22.0
Scientist community helpers,party,Democrat,inst_trust_mean,88.0
Scientist community helpers,party,Democrat,newsletter_signup,1.4
Scientist community helpers,party,Democrat,policy_general,91.0
Scientist community helpers,party,Democrat,policy_role_mean,90.25
Scientist community helpers,party,Democrat,policy_specific_mean,86.85714285714286
Scientist community helpers,party,Democrat,trust_multidimensional,90.5
Scientist community helpers,party,Democrat,trust_post,90.0
Scientist community helpers,party,Independent,behavior_mean,52.666666666666664
Scientist community helpers,party,Independent,belief_post,80.0
Scientist community helpers,party,Independent,concern_mean,69.0
Scientist community helpers,party,Independent,distrust_post,14.0
Scientist community helpers,party,Independent,donation_ams,6.5
Scientist community helpers,party,Independent,funding_perceptions,45.0
Scientist community helpers,party,Independent,inst_trust_mean,73.6
Scientist community helpers,party,Independent,newsletter_signup,1.2
Scientist community helpers,party,Independent,policy_general,68.0
Scientist community helpers,party,Independent,policy_role_mean,71.75
Scientist community helpers,party,Independent,policy_specific_mean,59.285714285714285
Scientist community helpers,party,Independent,trust_multidimensional,82.58333333333333
Scientist community helpers,party,Independent,trust_post,83.0
Scientist community helpers,party,Other,behavior_mean,41.666666666666664
Scientist community helpers,party,Other,belief_post,70.0
Scientist community helpers,party,Other,concern_mean,65.0
Scientist community helpers,party,Other,distrust_post,30.0
Scientist community helpers,party,Other,donation_ams,4.0
Scientist community helpers,party,Other,funding_perceptions,45.0
Scientist community helpers,party,Other,inst_trust_mean,67.0
Scientist community helpers,party,Other,newsletter_signup,2.0
Scientist community helpers,party,Other,policy_general,60.0
Scientist community helpers,party,Other,policy_role_mean,66.25
Scientist community helpers,party,Other,policy_specific_mean,60.0
Scientist community helpers,party,Other,trust_multidimensional,74.83333333333333
Scientist community helpers,party,Other,trust_post,70.0
Scientist community helpers,party,Republican,behavior_mean,31.666666666666668
Scientist community helpers,party,Republican,belief_post,38.0
Scientist community helpers,party,Republican,concern_mean,55.0
Scientist community helpers,party,Republican,distrust_post,45.0
Scientist community helpers,party,Republican,donation_ams,3.0
Scientist community helpers,party,Republican,funding_perceptions,48.0
Scientist community helpers,party,Republican,inst_trust_mean,53.0
Scientist community helpers,party,Republican,newsletter_signup,1.5333333333333332
Scientist community helpers,party,Republican,policy_general,30.0
Scientist community helpers,party,Republican,policy_role_mean,44.25
Scientist community helpers,party,Republican,policy_specific_mean,40.42857142857143
Scientist community helpers,party,Republican,trust_multidimensional,58.75
Scientist community helpers,party,Republican,trust_post,55.0
Scientist community helpers,race,Asian / Asian American,behavior_mean,62.5
Scientist community helpers,race,Asian / Asian American,belief_post,92.0
Scientist community helpers,race,Asian / Asian American,concern_mean,85.0
Scientist community helpers,race,Asian / Asian American,distrust_post,10.0
Scientist community helpers,race,Asian / Asian American,donation_ams,7.0
Scientist community helpers,race,Asian / Asian American,funding_perceptions,30.0
Scientist community helpers,race,Asian / Asian American,inst_trust_mean,84.2
Scientist community helpers,race,Asian / Asian American,newsletter_signup,1.5
Scientist community helpers,race,Asian / Asian American,policy_general,85.0
Scientist community helpers,race,Asian / Asian American,policy_role_mean,88.75
Scientist community helpers,race,Asian / Asian American,policy_specific_mean,75.0
Scientist community helpers,race,Asian / Asian American,trust_multidimensional,87.0
Scientist community helpers,race,Asian / Asian American,trust_post,90.0
Scientist community helpers,race,Black / African American,behavior_mean,60.0
Scientist community helpers,race,Black / African American,belief_post,90.0
Scientist community helpers,race,Black / African American,concern_mean,89.0
Scientist community helpers,race,Black / African American,distrust_post,15.0
Scientist community helpers,race,Black / African American,donation_ams,4.8
Scientist community helpers,race,Black / African American,funding_perceptions,45.0
Scientist community helpers,race,Black / African American,inst_trust_mean,77.2
Scientist community helpers,race,Black / African American,newsletter_signup,1.5
Scientist community helpers,race,Black / African American,policy_general,80.0
Scientist community helpers,race,Black / African American,policy_role_mean,76.25
Scientist community helpers,race,Black / African American,policy_specific_mean,75.42857142857143
Scientist community helpers,race,Black / African American,trust_multidimensional,86.75
Scientist community helpers,race,Black / African American,trust_post,85.0
Scientist community helpers,race,Hispanic / Latino,behavior_mean,55.166666666666664
Scientist community helpers,race,Hispanic / Latino,belief_post,75.0
Scientist community helpers,race,Hispanic / Latino,concern_mean,70.66666666666667
Scientist community helpers,race,Hispanic / Latino,distrust_post,20.0
Scientist community helpers,race,Hispanic / Latino,donation_ams,7.0
Scientist community helpers,race,Hispanic / Latino,funding_perceptions,45.0
Scientist community helpers,race,Hispanic / Latino,inst_trust_mean,69.6
Scientist community helpers,race,Hispanic / Latino,newsletter_signup,1.0
Scientist community helpers,race,Hispanic / Latino,policy_general,65.0
Scientist community helpers,race,Hispanic / Latino,policy_role_mean,69.25
Scientist community helpers,race,Hispanic / Latino,policy_specific_mean,61.714285714285715
Scientist community helpers,race,Hispanic / Latino,trust_multidimensional,79.33333333333333
Scientist community helpers,race,Hispanic / Latino,trust_post,78.0
Scientist community helpers,race,Other,behavior_mean,52.5
Scientist community helpers,race,Other,belief_post,80.0
Scientist community helpers,race,Other,concern_mean,70.0
Scientist community helpers,race,Other,distrust_post,25.0
Scientist community helpers,race,Other,donation_ams,5.0
Scientist community helpers,race,Other,funding_perceptions,40.0
Scientist community helpers,race,Other,inst_trust_mean,69.0
Scientist community helpers,race,Other,newsletter_signup,1.8
Scientist community helpers,race,Other,policy_general,70.0
Scientist community helpers,race,Other,policy_role_mean,73.0
Scientist community helpers,race,Other,policy_specific_mean,67.14285714285714
Scientist community helpers,race,Other,trust_multidimensional,71.5
Scientist community helpers,race,Other,trust_post,70.0
Scientist community helpers,race,White / Caucasian,behavior_mean,53.333333333333336
Scientist community helpers,race,White / Caucasian,belief_post,88.0
Scientist community helpers,race,White / Caucasian,concern_mean,74.0
Scientist community helpers,race,White / Caucasian,distrust_post,18.0
Scientist community helpers,race,White / Caucasian,donation_ams,5.0
Scientist community helpers,race,White / Caucasian,funding_perceptions,40.0
Scientist community helpers,race,White / Caucasian,inst_trust_mean,79.2
Scientist community helpers,race,White / Caucasian,newsletter_signup,2.0
Scientist community helpers,race,White / Caucasian,policy_general,79.0
Scientist community helpers,race,White / Caucasian,policy_role_mean,74.0
Scientist community helpers,race,White / Caucasian,policy_specific_mean,75.71428571428571
Scientist community helpers,race,White / Caucasian,trust_multidimensional,82.5
Scientist community helpers,race,White / Caucasian,trust_post,83.0
Social justice,age_band,18-29,behavior_mean,70.0
Social justice,age_band,18-29,belief_post,96.0
Social justice,age_band,18-29,concern_mean,92.0
Social justice,age_band,18-29,distrust_post,8.5
Social justice,age_band,18-29,donation_ams,8.0
Social justice,age_band,18-29,funding_perceptions,42.0
Social justice,age_band,18-29,inst_trust_mean,82.8
Social justice,age_band,18-29,newsletter_signup,1.0
Social justice,age_band,18-29,policy_general,86.0
Social justice,age_band,18-29,policy_role_mean,87.25
Social justice,age_band,18-29,policy_specific_mean,82.71428571428571
Social justice,age_band,18-29,trust_multidimensional,91.45833333333333
Social justice,age_band,18-29,trust_post,92.0
Social justice,age_band,30-44,behavior_mean,65.83333333333333
Social justice,age_band,30-44,belief_post,95.0
Social justice,age_band,30-44,concern_mean,88.33333333333333
Social justice,age_band,30-44,distrust_post,10.0
Social justice,age_band,30-44,donation_ams,7.5
Social justice,age_band,30-44,funding_perceptions,40.0
Social justice,age_band,30-44,inst_trust_mean,78.0
Social justice,age_band,30-44,newsletter_signup,2.0
Social justice,age_band,30-44,policy_general,82.0
Social justice,age_band,30-44,policy_role_mean,80.5
Social justice,age_band,30-44,policy_specific_mean,80.14285714285714
Social justice,age_band,30-44,trust_multidimensional,83.0
Social justice,age_band,30-44,trust_post,88.0
Social justice,age_band,45-59,behavior_mean,63.833333333333336
Social justice,age_band,45-59,belief_post,98.0
Social justice,age_band,45-59,concern_mean,82.66666666666667
Social justice,age_band,45-59,distrust_post,7.0
Social justice,age_band,45-59,donation_ams,7.5
Social justice,age_band,45-59,funding_perceptions,45.0
Social justice,age_band,45-59,inst_trust_mean,82.8
Social justice,age_band,45-59,newsletter_signup,1.0
Social justice,age_band,45-59,policy_general,83.0
Social justice,age_band,45-59,policy_role_mean,83.75
Social justice,age_band,45-59,policy_specific_mean,77.85714285714286
Social justice,age_band,45-59,trust_multidimensional,84.33333333333333
Social justice,age_band,45-59,trust_post,94.0
Social justice,age_band,60+,behavior_mean,65.5
Social justice,age_band,60+,belief_post,92.0
Social justice,age_band,60+,concern_mean,82.33333333333333
Social justice,age_band,60+,distrust_post,18.0
Social justice,age_band,60+,donation_ams,6.0
Social justice,age_band,60+,funding_perceptions,55.0
Social justice,age_band,60+,inst_trust_mean,72.8
Social justice,age_band,60+,newsletter_signup,2.0
Social justice,age_band,60+,policy_general,85.0
Social justice,age_band,60+,policy_role_mean,82.25
Social justice,age_band,60+,policy_specific_mean,77.0
Social justice,age_band,60+,trust_multidimensional,82.08333333333333
Social justice,age_band,60+,trust_post,87.0
Social justice,education,Bachelor's degree,behavior_mean,63.833333333333336
Social justice,education,Bachelor's degree,belief_post,95.0
Social justice,education,Bachelor's degree,concern_mean,83.33333333333333
Social justice,education,Bachelor's degree,distrust_post,10.0
Social justice,education,Bachelor's degree,donation_ams,7.0
Social justice,education,Bachelor's degree,funding_perceptions,65.0
Social justice,education,Bachelor's degree,inst_trust_mean,83.0
Social justice,education,Bachelor's degree,newsletter_signup,2.0
Social justice,education,Bachelor's degree,policy_general,82.0
Social justice,education,Bachelor's degree,policy_role_mean,83.75
Social justice,education,Bachelor's degree,policy_specific_mean,78.57142857142857
Social justice,education,Bachelor's degree,trust_multidimensional,86.66666666666667
Social justice,education,Bachelor's degree,trust_post,88.0
Social justice,education,Doctorate degree / Ph.D.,behavior_mean,76.66666666666667
Social justice,education,Doctorate degree / Ph.D.,belief_post,98.0
Social justice,education,Doctorate degree / Ph.D.,concern_mean,93.33333333333333
Social justice,education,Doctorate degree / Ph.D.,distrust_post,2.0
Social justice,education,Doctorate degree / Ph.D.,donation_ams,8.0
Social justice,education,Doctorate degree / Ph.D.,funding_perceptions,70.0
Social justice,education,Doctorate degree / Ph.D.,inst_trust_mean,87.0
Social justice,education,Doctorate degree / Ph.D.,newsletter_signup,0.6
Social justice,education,Doctorate degree / Ph.D.,policy_general,92.0
Social justice,education,Doctorate degree / Ph.D.,policy_role_mean,88.25
Social justice,education,Doctorate degree / Ph.D.,policy_specific_mean,89.0
Social justice,education,Doctorate degree / Ph.D.,trust_multidimensional,88.75
Social justice,education,Doctorate degree / Ph.D.,trust_post,98.0
Social justice,education,High school diploma / GED,behavior_mean,63.333333333333336
Social justice,education,High school diploma / GED,belief_post,88.0
Social justice,education,High school diploma / GED,concern_mean,80.33333333333333
Social justice,education,High school diploma / GED,distrust_post,18.0
Social justice,education,High school diploma / GED,donation_ams,6.0
Social justice,education,High school diploma / GED,funding_perceptions,38.0
Social justice,education,High school diploma / GED,inst_trust_mean,74.0
Social justice,education,High school diploma / GED,newsletter_signup,1.4
Social justice,education,High school diploma / GED,policy_general,80.0
Social justice,education,High school diploma / GED,policy_role_mean,78.75
Social justice,education,High school diploma / GED,policy_specific_mean,69.85714285714286
Social justice,education,High school diploma / GED,trust_multidimensional,82.08333333333333
Social justice,education,High school diploma / GED,trust_post,85.0
Social justice,education,Less than high school,behavior_mean,57.5
Social justice,education,Less than high school,belief_post,85.0
Social justice,education,Less than high school,concern_mean,78.33333333333333
Social justice,education,Less than high school,distrust_post,15.0
Social justice,education,Less than high school,donation_ams,4.0
Social justice,education,Less than high school,funding_perceptions,40.0
Social justice,education,Less than high school,inst_trust_mean,64.0
Social justice,education,Less than high school,newsletter_signup,2.0
Social justice,education,Less than high school,policy_general,85.0
Social justice,education,Less than high school,policy_role_mean,81.25
Social justice,education,Less than high school,policy_specific_mean,71.42857142857143
Social justice,education,Less than high school,trust_multidimensional,79.16666666666667
Social justice,education,Less than high school,trust_post,85.0
Social justice,education,Master's degree / Professional degree,behavior_mean,66.66666666666667
Social justice,education,Master's degree / Professional degree,belief_post,97.0
Social justice,education,Master's degree / Professional degree,concern_mean,91.0
Social justice,education,Master's degree / Professional degree,distrust_post,10.0
Social justice,education,Master's degree / Professional degree,donation_ams,7.5
Social justice,education,Master's degree / Professional degree,funding_perceptions,35.0
Social justice,education,Master's degree / Professional degree,inst_trust_mean,85.8
Social justice,education,Master's degree / Professional degree,newsletter_signup,2.0
Social justice,education,Master's degree / Professional degree,policy_general,92.0
Social justice,education,Master's degree / Professional degree,policy_role_mean,88.25
Social justice,education,Master's degree / Professional degree,policy_specific_mean,81.71428571428571
Social justice,education,Master's degree / Professional degree,trust_multidimensional,89.16666666666667
Social justice,education,Master's degree / Professional degree,trust_post,93.0
Social justice,education,Some college or Associate's degree,behavior_mean,68.5
Social justice,education,Some college or Associate's degree,belief_post,90.0
Social justice,education,Some college or Associate's degree,concern_mean,81.66666666666667
Social justice,education,Some college or Associate's degree,distrust_post,12.0
Social justice,education,Some college or Associate's degree,donation_ams,7.0
Social justice,education,Some college or Associate's degree,funding_perceptions,75.0
Social justice,education,Some college or Associate's degree,inst_trust_mean,75.4
Social justice,education,Some college or Associate's degree,newsletter_signup,2.0
Social justice,education,Some college or Associate's degree,policy_general,80.0
Social justice,education,Some college or Associate's degree,policy_role_mean,80.0
Social justice,education,Some college or Associate's degree,policy_specific_mean,75.85714285714286
Social justice,education,Some college or Associate's degree,trust_multidimensional,80.0
Social justice,education,Some college or Associate's degree,trust_post,92.0
Social justice,gender,Female,behavior_mean,59.166666666666664
Social justice,gender,Female,belief_post,95.0
Social justice,gender,Female,concern_mean,92.66666666666667
Social justice,gender,Female,distrust_post,7.0
Social justice,gender,Female,donation_ams,8.0
Social justice,gender,Female,funding_perceptions,55.0
Social justice,gender,Female,inst_trust_mean,82.0
Social justice,gender,Female,newsletter_signup,1.0
Social justice,gender,Female,policy_general,90.0
Social justice,gender,Female,policy_role_mean,84.5
Social justice,gender,Female,policy_specific_mean,84.0
Social justice,gender,Female,trust_multidimensional,87.91666666666667
Social justice,gender,Female,trust_post,84.0
Social justice,gender,Male,behavior_mean,70.0
Social justice,gender,Male,belief_post,95.0
Social justice,gender,Male,concern_mean,90.66666666666667
Social justice,gender,Male,distrust_post,10.0
Social justice,gender,Male,donation_ams,7.5
Social justice,gender,Male,funding_perceptions,35.0
Social justice,gender,Male,inst_trust_mean,79.0
Social justice,gender,Male,newsletter_signup,2.0
Social justice,gender,Male,policy_general,90.0
Social justice,gender,Male,policy_role_mean,90.75
Social justice,gender,Male,policy_specific_mean,82.14285714285714
Social justice,gender,Male,trust_multidimensional,87.41666666666667
Social justice,gender,Male,trust_post,90.0
Social justice,gender,Other,behavior_mean,74.16666666666667
Social justice,gender,Other,belief_post,98.0
Social justice,gender,Other,concern_mean,95.0
Social justice,gender,Other,distrust_post,5.0
Social justice,gender,Other,donation_ams,6.0
Social justice,gender,Other,funding_perceptions,65.0
Social justice,gender,Other,inst_trust_mean,82.8
Social justice,gender,Other,newsletter_signup,1.0
Social justice,gender,Other,policy_general,95.0
Social justice,gender,Other,policy_role_mean,93.0
Social justice,gender,Other,policy_specific_mean,84.42857142857143
Social justice,gender,Other,trust_multidimensional,90.41666666666667
Social justice,gender,Other,trust_post,95.0
Social justice,income,"$100,000 to $167,999",behavior_mean,68.83333333333333
Social justice,income,"$100,000 to $167,999",belief_post,95.0
Social justice,income,"$100,000 to $167,999",concern_mean,92.33333333333333
Social justice,income,"$100,000 to $167,999",distrust_post,15.0
Social justice,income,"$100,000 to $167,999",donation_ams,8.5
Social justice,income,"$100,000 to $167,999",funding_perceptions,35.0
Social justice,income,"$100,000 to $167,999",inst_trust_mean,79.6
Social justice,income,"$100,000 to $167,999",newsletter_signup,2.0
Social justice,income,"$100,000 to $167,999",policy_general,90.0
Social justice,income,"$100,000 to $167,999",policy_role_mean,81.25
Social justice,income,"$100,000 to $167,999",policy_specific_mean,81.28571428571429
Social justice,income,"$100,000 to $167,999",trust_multidimensional,87.08333333333333
Social justice,income,"$100,000 to $167,999",trust_post,92.0
Social justice,income,"$168,000 or more",behavior_mean,59.333333333333336
Social justice,income,"$168,000 or more",belief_post,95.0
Social justice,income,"$168,000 or more",concern_mean,84.33333333333333
Social justice,income,"$168,000 or more",distrust_post,25.0
Social justice,income,"$168,000 or more",donation_ams,7.0
Social justice,income,"$168,000 or more",funding_perceptions,35.0
Social justice,income,"$168,000 or more",inst_trust_mean,82.4
Social justice,income,"$168,000 or more",newsletter_signup,1.0
Social justice,income,"$168,000 or more",policy_general,84.0
Social justice,income,"$168,000 or more",policy_role_mean,85.25
Social justice,income,"$168,000 or more",policy_specific_mean,75.0
Social justice,income,"$168,000 or more",trust_multidimensional,85.83333333333333
Social justice,income,"$168,000 or more",trust_post,89.0
Social justice,income,"$30,000 to $55,999",behavior_mean,70.83333333333333
Social justice,income,"$30,000 to $55,999",belief_post,92.0
Social justice,income,"$30,000 to $55,999",concern_mean,87.0
Social justice,income,"$30,000 to $55,999",distrust_post,18.0
Social justice,income,"$30,000 to $55,999",donation_ams,5.0
Social justice,income,"$30,000 to $55,999",funding_perceptions,65.0
Social justice,income,"$30,000 to $55,999",inst_trust_mean,81.4
Social justice,income,"$30,000 to $55,999",newsletter_signup,85.0
Social justice,income,"$30,000 to $55,999",policy_general,80.0
Social justice,income,"$30,000 to $55,999",policy_role_mean,81.25
Social justice,income,"$30,000 to $55,999",policy_specific_mean,78.57142857142857
Social justice,income,"$30,000 to $55,999",trust_multidimensional,87.91666666666667
Social justice,income,"$30,000 to $55,999",trust_post,89.0
Social justice,income,"$56,000 to $99,999",behavior_mean,71.33333333333333
Social justice,income,"$56,000 to $99,999",belief_post,90.0
Social justice,income,"$56,000 to $99,999",concern_mean,87.66666666666667
Social justice,income,"$56,000 to $99,999",distrust_post,10.0
Social justice,income,"$56,000 to $99,999",donation_ams,8.0
Social justice,income,"$56,000 to $99,999",funding_perceptions,75.0
Social justice,income,"$56,000 to $99,999",inst_trust_mean,78.6
Social justice,income,"$56,000 to $99,999",newsletter_signup,1.0
Social justice,income,"$56,000 to $99,999",policy_general,92.0
Social justice,income,"$56,000 to $99,999",policy_role_mean,89.25
Social justice,income,"$56,000 to $99,999",policy_specific_mean,81.14285714285714
Social justice,income,"$56,000 to $99,999",trust_multidimensional,87.08333333333333
Social justice,income,"$56,000 to $99,999",trust_post,90.0
Social justice,income,"Less than $30,000",behavior_mean,43.0
Social justice,income,"Less than $30,000",belief_post,92.0
Social justice,income,"Less than $30,000",concern_mean,74.33333333333333
Social justice,income,"Less than $30,000",distrust_post,15.0
Social justice,income,"Less than $30,000",donation_ams,3.0
Social justice,income,"Less than $30,000",funding_perceptions,65.0
Social justice,income,"Less than $30,000",inst_trust_mean,77.4
Social justice,income,"Less than $30,000",newsletter_signup,2.0
Social justice,income,"Less than $30,000",policy_general,75.0
Social justice,income,"Less than $30,000",policy_role_mean,74.25
Social justice,income,"Less than $30,000",policy_specific_mean,65.71428571428571
Social justice,income,"Less than $30,000",trust_multidimensional,85.41666666666667
Social justice,income,"Less than $30,000",trust_post,82.0
Social justice,party,Democrat,behavior_mean,77.0
Social justice,party,Democrat,belief_post,96.0
Social justice,party,Democrat,concern_mean,92.66666666666667
Social justice,party,Democrat,distrust_post,8.0
Social justice,party,Democrat,donation_ams,7.2
Social justice,party,Democrat,funding_perceptions,45.0
Social justice,party,Democrat,inst_trust_mean,87.6
Social justice,party,Democrat,newsletter_signup,1.0
Social justice,party,Democrat,policy_general,91.0
Social justice,party,Democrat,policy_role_mean,89.75
Social justice,party,Democrat,policy_specific_mean,86.28571428571429
Social justice,party,Democrat,trust_multidimensional,90.75
Social justice,party,Democrat,trust_post,92.0
Social justice,party,Independent,behavior_mean,61.333333333333336
Social justice,party,Independent,belief_post,94.0
Social justice,party,Independent,concern_mean,86.66666666666667
Social justice,party,Independent,distrust_post,10.0
Social justice,party,Independent,donation_ams,3.0
Social justice,party,Independent,funding_perceptions,65.0
Social justice,party,Independent,inst_trust_mean,83.4
Social justice,party,Independent,newsletter_signup,50.0
Social justice,party,Independent,policy_general,90.0
Social justice,party,Independent,policy_role_mean,89.25
Social justice,party,Independent,policy_specific_mean,81.28571428571429
Social justice,party,Independent,trust_multidimensional,88.08333333333333
Social justice,party,Independent,trust_post,91.0
Social justice,party,Other,behavior_mean,48.5
Social justice,party,Other,belief_post,82.0
Social justice,party,Other,concern_mean,69.0
Social justice,party,Other,distrust_post,30.0
Social justice,party,Other,donation_ams,3.0
Social justice,party,Other,funding_perceptions,40.0
Social justice,party,Other,inst_trust_mean,69.4
Social justice,party,Other,newsletter_signup,1.1
Social justice,party,Other,policy_general,68.0
Social justice,party,Other,policy_role_mean,70.5
Social justice,party,Other,policy_specific_mean,66.71428571428571
Social justice,party,Other,trust_multidimensional,76.58333333333333
Social justice,party,Other,trust_post,70.0
Social justice,party,Republican,behavior_mean,42.166666666666664
Social justice,party,Republican,belief_post,80.0
Social justice,party,Republican,concern_mean,56.666666666666664
Social justice,party,Republican,distrust_post,25.0
Social justice,party,Republican,donation_ams,3.0
Social justice,party,Republican,funding_perceptions,50.0
Social justice,party,Republican,inst_trust_mean,55.0
Social justice,party,Republican,newsletter_signup,2.0
Social justice,party,Republican,policy_general,68.0
Social justice,party,Republican,policy_role_mean,62.5
Social justice,party,Republican,policy_specific_mean,55.714285714285715
Social justice,party,Republican,trust_multidimensional,78.16666666666667
Social justice,party,Republican,trust_post,75.0
Social justice,race,Asian / Asian American,behavior_mean,59.166666666666664
Social justice,race,Asian / Asian American,belief_post,92.0
Social justice,race,Asian / Asian American,concern_mean,85.0
Social justice,race,Asian / Asian American,distrust_post,20.0
Social justice,race,Asian / Asian American,donation_ams,5.0
Social justice,race,Asian / Asian American,funding_perceptions,40.0
Social justice,race,Asian / Asian American,inst_trust_mean,71.0
Social justice,race,Asian / Asian American,newsletter_signup,1.0
Social justice,race,Asian / Asian American,policy_general,85.0
Social justice,race,Asian / Asian American,policy_role_mean,82.5
Social justice,race,Asian / Asian American,policy_specific_mean,72.85714285714286
Social justice,race,Asian / Asian American,trust_multidimensional,85.0
Social justice,race,Asian / Asian American,trust_post,80.0
Social justice,race,Black / African American,behavior_mean,73.0
Social justice,race,Black / African American,belief_post,96.0
Social justice,race,Black / African American,concern_mean,94.33333333333333
Social justice,race,Black / African American,distrust_post,15.0
Social justice,race,Black / African American,donation_ams,6.5
Social justice,race,Black / African American,funding_perceptions,32.0
Social justice,race,Black / African American,inst_trust_mean,84.2
Social justice,race,Black / African American,newsletter_signup,1.0
Social justice,race,Black / African American,policy_general,92.0
Social justice,race,Black / African American,policy_role_mean,87.25
Social justice,race,Black / African American,policy_specific_mean,83.14285714285714
Social justice,race,Black / African American,trust_multidimensional,87.5
Social justice,race,Black / African American,trust_post,88.0
Social justice,race,Hispanic / Latino,behavior_mean,59.166666666666664
Social justice,race,Hispanic / Latino,belief_post,94.0
Social justice,race,Hispanic / Latino,concern_mean,85.0
Social justice,race,Hispanic / Latino,distrust_post,10.0
Social justice,race,Hispanic / Latino,donation_ams,7.0
Social justice,race,Hispanic / Latino,funding_perceptions,55.0
Social justice,race,Hispanic / Latino,inst_trust_mean,82.0
Social justice,race,Hispanic / Latino,newsletter_signup,1.0
Social justice,race,Hispanic / Latino,policy_general,84.0
Social justice,race,Hispanic / Latino,policy_role_mean,80.25
Social justice,race,Hispanic / Latino,policy_specific_mean,78.71428571428571
Social justice,race,Hispanic / Latino,trust_multidimensional,88.25
Social justice,race,Hispanic / Latino,trust_post,86.0
Social justice,race,Other,behavior_mean,70.5
Social justice,race,Other,belief_post,95.0
Social justice,race,Other,concern_mean,90.66666666666667
Social justice,race,Other,distrust_post,7.0
Social justice,race,Other,donation_ams,9.0
Social justice,race,Other,funding_perceptions,20.0
Social justice,race,Other,inst_trust_mean,82.0
Social justice,race,Other,newsletter_signup,55.0
Social justice,race,Other,policy_general,90.0
Social justice,race,Other,policy_role_mean,90.0
Social justice,race,Other,policy_specific_mean,86.57142857142857
Social justice,race,Other,trust_multidimensional,90.5
Social justice,race,Other,trust_post,93.0
Social justice,race,White / Caucasian,behavior_mean,64.16666666666667
Social justice,race,White / Caucasian,belief_post,95.0
Social justice,race,White / Caucasian,concern_mean,91.66666666666667
Social justice,race,White / Caucasian,distrust_post,5.0
Social justice,race,White / Caucasian,donation_ams,6.0
Social justice,race,White / Caucasian,funding_perceptions,70.0
Social justice,race,White / Caucasian,inst_trust_mean,89.0
Social justice,race,White / Caucasian,newsletter_signup,2.0
Social justice,race,White / Caucasian,policy_general,90.0
Social justice,race,White / Caucasian,policy_role_mean,90.0
Social justice,race,White / Caucasian,policy_specific_mean,84.28571428571429
Social justice,race,White / Caucasian,trust_multidimensional,91.25
Social justice,race,White / Caucasian,trust_post,92.0
control,age_band,18-29,behavior_mean,81.0
control,age_band,18-29,belief_post,96.0
control,age_band,18-29,concern_mean,94.33333333333333
control,age_band,18-29,distrust_post,8.0
control,age_band,18-29,donation_ams,7.0
control,age_band,18-29,funding_perceptions,28.0
control,age_band,18-29,inst_trust_mean,86.2
control,age_band,18-29,newsletter_signup,1.7
control,age_band,18-29,policy_general,88.0
control,age_band,18-29,policy_role_mean,88.0
control,age_band,18-29,policy_specific_mean,87.85714285714286
control,age_band,18-29,trust_multidimensional,88.41666666666667
control,age_band,18-29,trust_post,92.0
control,age_band,30-44,behavior_mean,60.5
control,age_band,30-44,belief_post,85.0
control,age_band,30-44,concern_mean,81.66666666666667
control,age_band,30-44,distrust_post,15.0
control,age_band,30-44,donation_ams,5.0
control,age_band,30-44,funding_perceptions,55.0
control,age_band,30-44,inst_trust_mean,74.4
control,age_band,30-44,newsletter_signup,1.0
control,age_band,30-44,policy_general,75.0
control,age_band,30-44,policy_role_mean,77.0
control,age_band,30-44,policy_specific_mean,73.71428571428571
control,age_band,30-44,trust_multidimensional,77.41666666666667
control,age_band,30-44,trust_post,70.0
control,age_band,45-59,behavior_mean,59.166666666666664
control,age_band,45-59,belief_post,90.0
control,age_band,45-59,concern_mean,86.66666666666667
control,age_band,45-59,distrust_post,25.0
control,age_band,45-59,donation_ams,7.0
control,age_band,45-59,funding_perceptions,35.0
control,age_band,45-59,inst_trust_mean,74.0
control,age_band,45-59,newsletter_signup,2.0
control,age_band,45-59,policy_general,80.0
control,age_band,45-59,policy_role_mean,78.75
control,age_band,45-59,policy_specific_mean,76.42857142857143
control,age_band,45-59,trust_multidimensional,79.58333333333333
control,age_band,45-59,trust_post,75.0
control,age_band,60+,behavior_mean,54.166666666666664
control,age_band,60+,belief_post,78.0
control,age_band,60+,concern_mean,77.66666666666667
control,age_band,60+,distrust_post,10.0
control,age_band,60+,donation_ams,4.0
control,age_band,60+,funding_perceptions,55.0
control,age_band,60+,inst_trust_mean,72.0
control,age_band,60+,newsletter_signup,2.0
control,age_band,60+,policy_general,72.0
control,age_band,60+,policy_role_mean,73.75
control,age_band,60+,policy_specific_mean,73.14285714285714
control,age_band,60+,trust_multidimensional,77.91666666666667
control,age_band,60+,trust_post,80.0
control,education,Bachelor's degree,behavior_mean,61.0
control,education,Bachelor's degree,belief_post,93.0
control,education,Bachelor's degree,concern_mean,85.0
control,education,Bachelor's degree,distrust_post,5.0
control,education,Bachelor's degree,donation_ams,7.0
control,education,Bachelor's degree,funding_perceptions,65.0
control,education,Bachelor's degree,inst_trust_mean,82.8
control,education,Bachelor's degree,newsletter_signup,2.0
control,education,Bachelor's degree,policy_general,85.0
control,education,Bachelor's degree,policy_role_mean,77.25
control,education,Bachelor's degree,policy_specific_mean,77.28571428571429
control,education,Bachelor's degree,trust_multidimensional,80.0
control,education,Bachelor's degree,trust_post,90.0
control,education,Doctorate degree / Ph.D.,behavior_mean,76.33333333333333
control,education,Doctorate degree / Ph.D.,belief_post,98.0
control,education,Doctorate degree / Ph.D.,concern_mean,90.0
control,education,Doctorate degree / Ph.D.,distrust_post,8.0
control,education,Doctorate degree / Ph.D.,donation_ams,6.5
control,education,Doctorate degree / Ph.D.,funding_perceptions,25.0
control,education,Doctorate degree / Ph.D.,inst_trust_mean,88.0
control,education,Doctorate degree / Ph.D.,newsletter_signup,1.0
control,education,Doctorate degree / Ph.D.,policy_general,87.0
control,education,Doctorate degree / Ph.D.,policy_role_mean,88.0
control,education,Doctorate degree / Ph.D.,policy_specific_mean,82.57142857142857
control,education,Doctorate degree / Ph.D.,trust_multidimensional,87.75
control,education,Doctorate degree / Ph.D.,trust_post,92.0
control,education,High school diploma / GED,behavior_mean,47.5
control,education,High school diploma / GED,belief_post,65.0
control,education,High school diploma / GED,concern_mean,71.66666666666667
control,education,High school diploma / GED,distrust_post,40.0
control,education,High school diploma / GED,donation_ams,4.0
control,education,High school diploma / GED,funding_perceptions,40.0
control,education,High school diploma / GED,inst_trust_mean,62.6
control,education,High school diploma / GED,newsletter_signup,2.0
control,education,High school diploma / GED,policy_general,65.0
control,education,High school diploma / GED,policy_role_mean,67.0
control,education,High school diploma / GED,policy_specific_mean,54.714285714285715
control,education,High school diploma / GED,trust_multidimensional,68.0
control,education,High school diploma / GED,trust_post,60.0
control,education,Less than high school,behavior_mean,30.833333333333332
control,education,Less than high school,belief_post,45.0
control,education,Less than high school,concern_mean,55.0
control,education,Less than high school,distrust_post,45.0
control,education,Less than high school,donation_ams,5.0
control,education,Less than high school,funding_perceptions,45.0
control,education,Less than high school,inst_trust_mean,45.0
control,education,Less than high school,newsletter_signup,1.6
control,education,Less than high school,policy_general,35.0
control,education,Less than high school,policy_role_mean,56.25
control,education,Less than high school,policy_specific_mean,44.285714285714285
control,education,Less than high school,trust_multidimensional,58.75
control,education,Less than high school,trust_post,55.0
control,education,Master's degree / Professional degree,behavior_mean,62.666666666666664
control,education,Master's degree / Professional degree,belief_post,90.0
control,education,Master's degree / Professional degree,concern_mean,85.0
control,education,Master's degree / Professional degree,distrust_post,15.0
control,education,Master's degree / Professional degree,donation_ams,8.0
control,education,Master's degree / Professional degree,funding_perceptions,65.0
control,education,Master's degree / Professional degree,inst_trust_mean,80.2
control,education,Master's degree / Professional degree,newsletter_signup,1.0
control,education,Master's degree / Professional degree,policy_general,80.0
control,education,Master's degree / Professional degree,policy_role_mean,77.5
control,education,Master's degree / Professional degree,policy_specific_mean,69.57142857142857
control,education,Master's degree / Professional degree,trust_multidimensional,82.08333333333333
control,education,Master's degree / Professional degree,trust_post,80.0
control,education,Some college or Associate's degree,behavior_mean,50.0
control,education,Some college or Associate's degree,belief_post,85.0
control,education,Some college or Associate's degree,concern_mean,70.0
control,education,Some college or Associate's degree,distrust_post,25.0
control,education,Some college or Associate's degree,donation_ams,4.0
control,education,Some college or Associate's degree,funding_perceptions,35.0
control,education,Some college or Associate's degree,inst_trust_mean,73.0
control,education,Some college or Associate's degree,newsletter_signup,2.0
control,education,Some college or Associate's degree,policy_general,68.0
control,education,Some college or Associate's degree,policy_role_mean,65.0
control,education,Some college or Associate's degree,policy_specific_mean,63.57142857142857
control,education,Some college or Associate's degree,trust_multidimensional,80.41666666666667
control,education,Some college or Associate's degree,trust_post,70.0
control,gender,Female,behavior_mean,61.166666666666664
control,gender,Female,belief_post,92.0
control,gender,Female,concern_mean,82.0
control,gender,Female,distrust_post,25.0
control,gender,Female,donation_ams,7.5
control,gender,Female,funding_perceptions,32.0
control,gender,Female,inst_trust_mean,81.0
control,gender,Female,newsletter_signup,3.0
control,gender,Female,policy_general,83.0
control,gender,Female,policy_role_mean,78.0
control,gender,Female,policy_specific_mean,77.42857142857143
control,gender,Female,trust_multidimensional,81.66666666666667
control,gender,Female,trust_post,80.0
control,gender,Male,behavior_mean,58.5
control,gender,Male,belief_post,91.0
control,gender,Male,concern_mean,82.66666666666666
control,gender,Male,distrust_post,20.0
control,gender,Male,donation_ams,5.75
control,gender,Male,funding_perceptions,43.5
control,gender,Male,inst_trust_mean,78.0
control,gender,Male,newsletter_signup,2.5
control,gender,Male,policy_general,79.0
control,gender,Male,policy_role_mean,75.875
control,gender,Male,policy_specific_mean,71.92857142857143
control,gender,Male,trust_multidimensional,77.91666666666667
control,gender,Male,trust_post,75.0
control,gender,Other,behavior_mean,55.833333333333336
control,gender,Other,belief_post,90.0
control,gender,Other,concern_mean,83.33333333333333
control,gender,Other,distrust_post,15.0
control,gender,Other,donation_ams,4.0
control,gender,Other,funding_perceptions,55.0
control,gender,Other,inst_trust_mean,75.0
control,gender,Other,newsletter_signup,2.0
control,gender,Other,policy_general,75.0
control,gender,Other,policy_role_mean,73.75
control,gender,Other,policy_specific_mean,66.42857142857143
control,gender,Other,trust_multidimensional,74.16666666666667
control,gender,Other,trust_post,70.0
control,income,"$100,000 to $167,999",behavior_mean,75.0
control,income,"$100,000 to $167,999",belief_post,90.0
control,income,"$100,000 to $167,999",concern_mean,88.33333333333333
control,income,"$100,000 to $167,999",distrust_post,15.0
control,income,"$100,000 to $167,999",donation_ams,7.0
control,income,"$100,000 to $167,999",funding_perceptions,30.0
control,income,"$100,000 to $167,999",inst_trust_mean,84.0
control,income,"$100,000 to $167,999",newsletter_signup,1.0
control,income,"$100,000 to $167,999",policy_general,85.0
control,income,"$100,000 to $167,999",policy_role_mean,85.0
control,income,"$100,000 to $167,999",policy_specific_mean,82.85714285714286
control,income,"$100,000 to $167,999",trust_multidimensional,85.91666666666667
control,income,"$100,000 to $167,999",trust_post,80.0
control,income,"$168,000 or more",behavior_mean,73.83333333333333
control,income,"$168,000 or more",belief_post,94.0
control,income,"$168,000 or more",concern_mean,85.0
control,income,"$168,000 or more",distrust_post,5.0
control,income,"$168,000 or more",donation_ams,7.0
control,income,"$168,000 or more",funding_perceptions,70.0
control,income,"$168,000 or more",inst_trust_mean,86.2
control,income,"$168,000 or more",newsletter_signup,1.0
control,income,"$168,000 or more",policy_general,88.0
control,income,"$168,000 or more",policy_role_mean,84.0
control,income,"$168,000 or more",policy_specific_mean,82.28571428571429
control,income,"$168,000 or more",trust_multidimensional,84.83333333333333
control,income,"$168,000 or more",trust_post,88.0
control,income,"$30,000 to $55,999",behavior_mean,60.0
control,income,"$30,000 to $55,999",belief_post,75.0
control,income,"$30,000 to $55,999",concern_mean,75.0
control,income,"$30,000 to $55,999",distrust_post,30.0
control,income,"$30,000 to $55,999",donation_ams,5.0
control,income,"$30,000 to $55,999",funding_perceptions,45.0
control,income,"$30,000 to $55,999",inst_trust_mean,76.0
control,income,"$30,000 to $55,999",newsletter_signup,2.0
control,income,"$30,000 to $55,999",policy_general,60.0
control,income,"$30,000 to $55,999",policy_role_mean,76.25
control,income,"$30,000 to $55,999",policy_specific_mean,65.0
control,income,"$30,000 to $55,999",trust_multidimensional,76.66666666666667
control,income,"$30,000 to $55,999",trust_post,70.0
control,income,"$56,000 to $99,999",behavior_mean,58.333333333333336
control,income,"$56,000 to $99,999",belief_post,80.0
control,income,"$56,000 to $99,999",concern_mean,75.0
control,income,"$56,000 to $99,999",distrust_post,15.0
control,income,"$56,000 to $99,999",donation_ams,7.0
control,income,"$56,000 to $99,999",funding_perceptions,35.0
control,income,"$56,000 to $99,999",inst_trust_mean,73.0
control,income,"$56,000 to $99,999",newsletter_signup,2.0
control,income,"$56,000 to $99,999",policy_general,75.0
control,income,"$56,000 to $99,999",policy_role_mean,77.5
control,income,"$56,000 to $99,999",policy_specific_mean,74.28571428571429
control,income,"$56,000 to $99,999",trust_multidimensional,81.66666666666667
control,income,"$56,000 to $99,999",trust_post,80.0
control,income,"Less than $30,000",behavior_mean,33.333333333333336
control,income,"Less than $30,000",belief_post,65.0
control,income,"Less than $30,000",concern_mean,71.66666666666667
control,income,"Less than $30,000",distrust_post,50.0
control,income,"Less than $30,000",donation_ams,2.0
control,income,"Less than $30,000",funding_perceptions,45.0
control,income,"Less than $30,000",inst_trust_mean,57.0
control,income,"Less than $30,000",newsletter_signup,1.0
control,income,"Less than $30,000",policy_general,60.0
control,income,"Less than $30,000",policy_role_mean,52.5
control,income,"Less than $30,000",policy_specific_mean,47.857142857142854
control,income,"Less than $30,000",trust_multidimensional,60.833333333333336
control,income,"Less than $30,000",trust_post,50.0
control,party,Democrat,behavior_mean,66.66666666666667
control,party,Democrat,belief_post,92.0
control,party,Democrat,concern_mean,84.33333333333333
control,party,Democrat,distrust_post,12.0
control,party,Democrat,donation_ams,6.5
control,party,Democrat,funding_perceptions,55.0
control,party,Democrat,inst_trust_mean,78.0
control,party,Democrat,newsletter_signup,0.9
control,party,Democrat,policy_general,88.0
control,party,Democrat,policy_role_mean,82.5
control,party,Democrat,policy_specific_mean,80.14285714285714
control,party,Democrat,trust_multidimensional,84.58333333333333
control,party,Democrat,trust_post,88.0
control,party,Independent,behavior_mean,59.166666666666664
control,party,Independent,belief_post,75.0
control,party,Independent,concern_mean,73.33333333333333
control,party,Independent,distrust_post,40.0
control,party,Independent,donation_ams,6.0
control,party,Independent,funding_perceptions,35.0
control,party,Independent,inst_trust_mean,70.0
control,party,Independent,newsletter_signup,2.0
control,party,Independent,policy_general,60.0
control,party,Independent,policy_role_mean,63.75
control,party,Independent,policy_specific_mean,68.57142857142857
control,party,Independent,trust_multidimensional,71.25
control,party,Independent,trust_post,70.0
control,party,Other,behavior_mean,55.0
control,party,Other,belief_post,85.0
control,party,Other,concern_mean,70.0
control,party,Other,distrust_post,25.0
control,party,Other,donation_ams,5.0
control,party,Other,funding_perceptions,45.0
control,party,Other,inst_trust_mean,74.0
control,party,Other,newsletter_signup,2.0
control,party,Other,policy_general,70.0
control,party,Other,policy_role_mean,68.75
control,party,Other,policy_specific_mean,64.28571428571429
control,party,Other,trust_multidimensional,74.16666666666667
control,party,Other,trust_post,75.0
control,party,Republican,behavior_mean,48.333333333333336
control,party,Republican,belief_post,60.0
control,party,Republican,concern_mean,58.333333333333336
control,party,Republican,distrust_post,55.0
control,party,Republican,donation_ams,3.0
control,party,Republican,funding_perceptions,45.0
control,party,Republican,inst_trust_mean,57.0
control,party,Republican,newsletter_signup,2.0
control,party,Republican,policy_general,45.0
control,party,Republican,policy_role_mean,62.5
control,party,Republican,policy_specific_mean,50.714285714285715
control,party,Republican,trust_multidimensional,53.75
control,party,Republican,trust_post,50.0
control,race,Asian / Asian American,behavior_mean,68.0
control,race,Asian / Asian American,belief_post,92.0
control,race,Asian / Asian American,concern_mean,90.66666666666667
control,race,Asian / Asian American,distrust_post,8.0
control,race,Asian / Asian American,donation_ams,6.0
control,race,Asian / Asian American,funding_perceptions,80.0
control,race,Asian / Asian American,inst_trust_mean,80.6
control,race,Asian / Asian American,newsletter_signup,1.6
control,race,Asian / Asian American,policy_general,85.0
control,race,Asian / Asian American,policy_role_mean,84.5
control,race,Asian / Asian American,policy_specific_mean,80.42857142857143
control,race,Asian / Asian American,trust_multidimensional,83.0
control,race,Asian / Asian American,trust_post,88.0
control,race,Black / African American,behavior_mean,66.66666666666667
control,race,Black / African American,belief_post,85.0
control,race,Black / African American,concern_mean,85.0
control,race,Black / African American,distrust_post,30.0
control,race,Black / African American,donation_ams,6.0
control,race,Black / African American,funding_perceptions,65.0
control,race,Black / African American,inst_trust_mean,80.6
control,race,Black / African American,newsletter_signup,2.0
control,race,Black / African American,policy_general,80.0
control,race,Black / African American,policy_role_mean,83.0
control,race,Black / African American,policy_specific_mean,77.28571428571429
control,race,Black / African American,trust_multidimensional,82.25
control,race,Black / African American,trust_post,70.0
control,race,Hispanic / Latino,behavior_mean,59.666666666666664
control,race,Hispanic / Latino,belief_post,70.0
control,race,Hispanic / Latino,concern_mean,76.66666666666667
control,race,Hispanic / Latino,distrust_post,30.0
control,race,Hispanic / Latino,donation_ams,5.0
control,race,Hispanic / Latino,funding_perceptions,40.0
control,race,Hispanic / Latino,inst_trust_mean,74.2
control,race,Hispanic / Latino,newsletter_signup,1.0
control,race,Hispanic / Latino,policy_general,65.0
control,race,Hispanic / Latino,policy_role_mean,70.5
control,race,Hispanic / Latino,policy_specific_mean,70.42857142857143
control,race,Hispanic / Latino,trust_multidimensional,75.16666666666667
control,race,Hispanic / Latino,trust_post,70.0
control,race,Other,behavior_mean,43.333333333333336
control,race,Other,belief_post,80.0
control,race,Other,concern_mean,78.33333333333333
control,race,Other,distrust_post,25.0
control,race,Other,donation_ams,5.0
control,race,Other,funding_perceptions,55.0
control,race,Other,inst_trust_mean,71.0
control,race,Other,newsletter_signup,1.5
control,race,Other,policy_general,75.0
control,race,Other,policy_role_mean,70.0
control,race,Other,policy_specific_mean,62.857142857142854
control,race,Other,trust_multidimensional,73.33333333333333
control,race,Other,trust_post,75.0
control,race,White / Caucasian,behavior_mean,57.5
control,race,White / Caucasian,belief_post,80.0
control,race,White / Caucasian,concern_mean,83.33333333333333
control,race,White / Caucasian,distrust_post,30.0
control,race,White / Caucasian,donation_ams,5.0
control,race,White / Caucasian,funding_perceptions,50.0
control,race,White / Caucasian,inst_trust_mean,74.0
control,race,White / Caucasian,newsletter_signup,1.5
control,race,White / Caucasian,policy_general,65.0
control,race,White / Caucasian,policy_role_mean,76.25
control,race,White / Caucasian,policy_specific_mean,69.0
control,race,White / Caucasian,trust_multidimensional,77.33333333333333
control,race,White / Caucasian,trust_post,70.0
