condition,moderator,moderator_level,outcome,mean
Consensus,age_band,18-29,behavior_mean,50.333333333333336
Consensus,age_band,18-29,belief_post,91.0
Consensus,age_band,18-29,concern_mean,79.0
Consensus,age_band,18-29,distrust_post,24.0
Consensus,age_band,18-29,donation_ams,1.8
Consensus,age_band,18-29,funding_perceptions,68.0
Consensus,age_band,18-29,inst_trust_mean,65.2
Consensus,age_band,18-29,newsletter_signup,1.6
Consensus,age_band,18-29,policy_general,86.0
Consensus,age_band,18-29,policy_role_mean,80.75
Consensus,age_band,18-29,policy_specific_mean,79.85714285714286
Consensus,age_band,18-29,trust_multidimensional,69.91666666666667
Consensus,age_band,18-29,trust_post,72.0
Consensus,age_band,30-44,behavior_mean,41.333333333333336
Consensus,age_band,30-44,belief_post,75.0
Consensus,age_band,30-44,concern_mean,62.333333333333336
Consensus,age_band,30-44,distrust_post,30.0
Consensus,age_band,30-44,donation_ams,2.5
Consensus,age_band,30-44,funding_perceptions,65.0
Consensus,age_band,30-44,inst_trust_mean,58.0
Consensus,age_band,30-44,newsletter_signup,1.6
Consensus,age_band,30-44,policy_general,68.0
Consensus,age_band,30-44,policy_role_mean,72.0
Consensus,age_band,30-44,policy_specific_mean,71.42857142857143
Consensus,age_band,30-44,trust_multidimensional,67.16666666666667
Consensus,age_band,30-44,trust_post,65.0
Consensus,age_band,45-59,behavior_mean,34.166666666666664
Consensus,age_band,45-59,belief_post,70.0
Consensus,age_band,45-59,concern_mean,61.666666666666664
Consensus,age_band,45-59,distrust_post,32.0
Consensus,age_band,45-59,donation_ams,1.5
Consensus,age_band,45-59,funding_perceptions,48.0
Consensus,age_band,45-59,inst_trust_mean,61.0
Consensus,age_band,45-59,newsletter_signup,1.8
Consensus,age_band,45-59,policy_general,68.0
Consensus,age_band,45-59,policy_role_mean,68.0
Consensus,age_band,45-59,policy_specific_mean,67.42857142857143
Consensus,age_band,45-59,trust_multidimensional,64.16666666666667
Consensus,age_band,45-59,trust_post,62.0
Consensus,age_band,60+,behavior_mean,29.666666666666668
Consensus,age_band,60+,belief_post,68.0
Consensus,age_band,60+,concern_mean,61.666666666666664
Consensus,age_band,60+,distrust_post,32.0
Consensus,age_band,60+,donation_ams,1.8
Consensus,age_band,60+,funding_perceptions,44.0
Consensus,age_band,60+,inst_trust_mean,58.0
Consensus,age_band,60+,newsletter_signup,1.85
Consensus,age_band,60+,policy_general,64.0
Consensus,age_band,60+,policy_role_mean,67.75
Consensus,age_band,60+,policy_specific_mean,62.285714285714285
Consensus,age_band,60+,trust_multidimensional,61.25
Consensus,age_band,60+,trust_post,61.0
Consensus,education,Bachelor's degree,behavior_mean,42.166666666666664
Consensus,education,Bachelor's degree,belief_post,82.0
Consensus,education,Bachelor's degree,concern_mean,70.66666666666667
Consensus,education,Bachelor's degree,distrust_post,22.0
Consensus,education,Bachelor's degree,donation_ams,2.5
Consensus,education,Bachelor's degree,funding_perceptions,62.0
Consensus,education,Bachelor's degree,inst_trust_mean,63.6
Consensus,education,Bachelor's degree,newsletter_signup,1.7
Consensus,education,Bachelor's degree,policy_general,78.0
Consensus,education,Bachelor's degree,policy_role_mean,71.5
Consensus,education,Bachelor's degree,policy_specific_mean,77.28571428571429
Consensus,education,Bachelor's degree,trust_multidimensional,68.91666666666667
Consensus,education,Bachelor's degree,trust_post,72.0
Consensus,education,Doctorate degree / Ph.D.,behavior_mean,44.833333333333336
Consensus,education,Doctorate degree / Ph.D.,belief_post,91.0
Consensus,education,Doctorate degree / Ph.D.,concern_mean,72.66666666666667
Consensus,education,Doctorate degree / Ph.D.,distrust_post,22.0
Consensus,education,Doctorate degree / Ph.D.,donation_ams,3.5
Consensus,education,Doctorate degree / Ph.D.,funding_perceptions,68.0
Consensus,education,Doctorate degree / Ph.D.,inst_trust_mean,72.4
Consensus,education,Doctorate degree / Ph.D.,newsletter_signup,1.4
Consensus,education,Doctorate degree / Ph.D.,policy_general,82.0
Consensus,education,Doctorate degree / Ph.D.,policy_role_mean,75.75
Consensus,education,Doctorate degree / Ph.D.,policy_specific_mean,77.28571428571429
Consensus,education,Doctorate degree / Ph.D.,trust_multidimensional,71.33333333333333
Consensus,education,Doctorate degree / Ph.D.,trust_post,78.0
Consensus,education,High school diploma / GED,behavior_mean,32.333333333333336
Consensus,education,High school diploma / GED,belief_post,64.0
Consensus,education,High school diploma / GED,concern_mean,55.666666666666664
Consensus,education,High school diploma / GED,distrust_post,35.0
Consensus,education,High school diploma / GED,donation_ams,1.2
Consensus,education,High school diploma / GED,funding_perceptions,42.0
Consensus,education,High school diploma / GED,inst_trust_mean,52.6
Consensus,education,High school diploma / GED,newsletter_signup,1.8
Consensus,education,High school diploma / GED,policy_general,62.0
Consensus,education,High school diploma / GED,policy_role_mean,63.5
Consensus,education,High school diploma / GED,policy_specific_mean,63.857142857142854
Consensus,education,High school diploma / GED,trust_multidimensional,57.333333333333336
Consensus,education,High school diploma / GED,trust_post,55.0
Consensus,education,Less than high school,behavior_mean,32.0
Consensus,education,Less than high school,belief_post,55.0
Consensus,education,Less than high school,concern_mean,50.0
Consensus,education,Less than high school,distrust_post,42.0
Consensus,education,Less than high school,donation_ams,1.5
Consensus,education,Less than high school,funding_perceptions,38.0
Consensus,education,Less than high school,inst_trust_mean,44.8
Consensus,education,Less than high school,newsletter_signup,1.7
Consensus,education,Less than high school,policy_general,58.0
Consensus,education,Less than high school,policy_role_mean,57.75
Consensus,education,Less than high school,policy_specific_mean,58.42857142857143
Consensus,education,Less than high school,trust_multidimensional,51.5
Consensus,education,Less than high school,trust_post,45.0
Consensus,education,Master's degree / Professional degree,behavior_mean,45.333333333333336
Consensus,education,Master's degree / Professional degree,belief_post,92.0
Consensus,education,Master's degree / Professional degree,concern_mean,80.33333333333333
Consensus,education,Master's degree / Professional degree,distrust_post,14.0
Consensus,education,Master's degree / Professional degree,donation_ams,2.4
Consensus,education,Master's degree / Professional degree,funding_perceptions,68.0
Consensus,education,Master's degree / Professional degree,inst_trust_mean,71.0
Consensus,education,Master's degree / Professional degree,newsletter_signup,1.4
Consensus,education,Master's degree / Professional degree,policy_general,86.0
Consensus,education,Master's degree / Professional degree,policy_role_mean,81.75
Consensus,education,Master's degree / Professional degree,policy_specific_mean,81.42857142857143
Consensus,education,Master's degree / Professional degree,trust_multidimensional,76.0
Consensus,education,Master's degree / Professional degree,trust_post,81.0
Consensus,education,Some college or Associate's degree,behavior_mean,33.5
Consensus,education,Some college or Associate's degree,belief_post,74.0
Consensus,education,Some college or Associate's degree,concern_mean,61.666666666666664
Consensus,education,Some college or Associate's degree,distrust_post,32.0
Consensus,education,Some college or Associate's degree,donation_ams,1.2
Consensus,education,Some college or Associate's degree,funding_perceptions,55.0
Consensus,education,Some college or Associate's degree,inst_trust_mean,58.0
Consensus,education,Some college or Associate's degree,newsletter_signup,1.8
Consensus,education,Some college or Associate's degree,policy_general,68.0
Consensus,education,Some college or Associate's degree,policy_role_mean,68.5
Consensus,education,Some college or Associate's degree,policy_specific_mean,68.71428571428571
Consensus,education,Some college or Associate's degree,trust_multidimensional,64.33333333333333
Consensus,education,Some college or Associate's degree,trust_post,65.0
Consensus,gender,Female,behavior_mean,42.166666666666664
Consensus,gender,Female,belief_post,85.0
Consensus,gender,Female,concern_mean,69.66666666666667
Consensus,gender,Female,distrust_post,25.0
Consensus,gender,Female,donation_ams,3.5
Consensus,gender,Female,funding_perceptions,65.0
Consensus,gender,Female,inst_trust_mean,61.8
Consensus,gender,Female,newsletter_signup,1.4
Consensus,gender,Female,policy_general,78.0
Consensus,gender,Female,policy_role_mean,75.0
Consensus,gender,Female,policy_specific_mean,76.14285714285714
Consensus,gender,Female,trust_multidimensional,71.66666666666667
Consensus,gender,Female,trust_post,75.0
Consensus,gender,Male,behavior_mean,34.333333333333336
Consensus,gender,Male,belief_post,66.0
Consensus,gender,Male,concern_mean,59.666666666666664
Consensus,gender,Male,distrust_post,32.0
Consensus,gender,Male,donation_ams,1.8
Consensus,gender,Male,funding_perceptions,45.0
Consensus,gender,Male,inst_trust_mean,57.8
Consensus,gender,Male,newsletter_signup,1.7
Consensus,gender,Male,policy_general,62.0
Consensus,gender,Male,policy_role_mean,64.25
Consensus,gender,Male,policy_specific_mean,63.57142857142857
Consensus,gender,Male,trust_multidimensional,59.0
Consensus,gender,Male,trust_post,58.0
Consensus,gender,Other,behavior_mean,49.666666666666664
Consensus,gender,Other,belief_post,88.0
Consensus,gender,Other,concern_mean,79.66666666666667
Consensus,gender,Other,distrust_post,22.0
Consensus,gender,Other,donation_ams,3.5
Consensus,gender,Other,funding_perceptions,68.0
Consensus,gender,Other,inst_trust_mean,67.6
Consensus,gender,Other,newsletter_signup,1.3
Consensus,gender,Other,policy_general,86.0
Consensus,gender,Other,policy_role_mean,77.5
Consensus,gender,Other,policy_specific_mean,79.42857142857143
Consensus,gender,Other,trust_multidimensional,69.66666666666667
Consensus,gender,Other,trust_post,76.0
Consensus,income,"$100,000 to $167,999",behavior_mean,37.166666666666664
Consensus,income,"$100,000 to $167,999",belief_post,78.0
Consensus,income,"$100,000 to $167,999",concern_mean,64.33333333333333
Consensus,income,"$100,000 to $167,999",distrust_post,24.0
Consensus,income,"$100,000 to $167,999",donation_ams,1.8
Consensus,income,"$100,000 to $167,999",funding_perceptions,58.0
Consensus,income,"$100,000 to $167,999",inst_trust_mean,60.8
Consensus,income,"$100,000 to $167,999",newsletter_signup,1.7
Consensus,income,"$100,000 to $167,999",policy_general,71.0
Consensus,income,"$100,000 to $167,999",policy_role_mean,72.25
Consensus,income,"$100,000 to $167,999",policy_specific_mean,68.14285714285714
Consensus,income,"$100,000 to $167,999",trust_multidimensional,68.0
Consensus,income,"$100,000 to $167,999",trust_post,72.0
Consensus,income,"$168,000 or more",behavior_mean,36.5
Consensus,income,"$168,000 or more",belief_post,76.0
Consensus,income,"$168,000 or more",concern_mean,69.0
Consensus,income,"$168,000 or more",distrust_post,28.0
Consensus,income,"$168,000 or more",donation_ams,1.5
Consensus,income,"$168,000 or more",funding_perceptions,48.0
Consensus,income,"$168,000 or more",inst_trust_mean,61.2
Consensus,income,"$168,000 or more",newsletter_signup,1.8
Consensus,income,"$168,000 or more",policy_general,67.0
Consensus,income,"$168,000 or more",policy_role_mean,68.75
Consensus,income,"$168,000 or more",policy_specific_mean,66.42857142857143
Consensus,income,"$168,000 or more",trust_multidimensional,65.58333333333333
Consensus,income,"$168,000 or more",trust_post,68.0
Consensus,income,"$30,000 to $55,999",behavior_mean,35.333333333333336
Consensus,income,"$30,000 to $55,999",belief_post,68.0
Consensus,income,"$30,000 to $55,999",concern_mean,60.666666666666664
Consensus,income,"$30,000 to $55,999",distrust_post,35.0
Consensus,income,"$30,000 to $55,999",donation_ams,1.5
Consensus,income,"$30,000 to $55,999",funding_perceptions,50.0
Consensus,income,"$30,000 to $55,999",inst_trust_mean,59.2
Consensus,income,"$30,000 to $55,999",newsletter_signup,1.7
Consensus,income,"$30,000 to $55,999",policy_general,62.0
Consensus,income,"$30,000 to $55,999",policy_role_mean,66.5
Consensus,income,"$30,000 to $55,999",policy_specific_mean,67.57142857142857
Consensus,income,"$30,000 to $55,999",trust_multidimensional,61.25
Consensus,income,"$30,000 to $55,999",trust_post,60.0
Consensus,income,"$56,000 to $99,999",behavior_mean,36.333333333333336
Consensus,income,"$56,000 to $99,999",belief_post,72.0
Consensus,income,"$56,000 to $99,999",concern_mean,64.33333333333333
Consensus,income,"$56,000 to $99,999",distrust_post,32.0
Consensus,income,"$56,000 to $99,999",donation_ams,1.5
Consensus,income,"$56,000 to $99,999",funding_perceptions,52.0
Consensus,income,"$56,000 to $99,999",inst_trust_mean,60.8
Consensus,income,"$56,000 to $99,999",newsletter_signup,1.7
Consensus,income,"$56,000 to $99,999",policy_general,68.0
Consensus,income,"$56,000 to $99,999",policy_role_mean,70.0
Consensus,income,"$56,000 to $99,999",policy_specific_mean,68.42857142857143
Consensus,income,"$56,000 to $99,999",trust_multidimensional,65.0
Consensus,income,"$56,000 to $99,999",trust_post,66.0
Consensus,income,"Less than $30,000",behavior_mean,41.666666666666664
Consensus,income,"Less than $30,000",belief_post,68.0
Consensus,income,"Less than $30,000",concern_mean,60.0
Consensus,income,"Less than $30,000",distrust_post,35.0
Consensus,income,"Less than $30,000",donation_ams,1.2
Consensus,income,"Less than $30,000",funding_perceptions,50.0
Consensus,income,"Less than $30,000",inst_trust_mean,52.0
Consensus,income,"Less than $30,000",newsletter_signup,1.7
Consensus,income,"Less than $30,000",policy_general,65.0
Consensus,income,"Less than $30,000",policy_role_mean,66.25
Consensus,income,"Less than $30,000",policy_specific_mean,65.71428571428571
Consensus,income,"Less than $30,000",trust_multidimensional,57.666666666666664
Consensus,income,"Less than $30,000",trust_post,60.0
Consensus,party,Democrat,behavior_mean,50.833333333333336
Consensus,party,Democrat,belief_post,92.0
Consensus,party,Democrat,concern_mean,80.33333333333333
Consensus,party,Democrat,distrust_post,15.0
Consensus,party,Democrat,donation_ams,3.5
Consensus,party,Democrat,funding_perceptions,75.0
Consensus,party,Democrat,inst_trust_mean,67.4
Consensus,party,Democrat,newsletter_signup,1.3
Consensus,party,Democrat,policy_general,88.0
Consensus,party,Democrat,policy_role_mean,80.0
Consensus,party,Democrat,policy_specific_mean,81.0
Consensus,party,Democrat,trust_multidimensional,75.25
Consensus,party,Democrat,trust_post,78.0
Consensus,party,Independent,behavior_mean,33.35
Consensus,party,Independent,belief_post,68.1
Consensus,party,Independent,concern_mean,60.43333333333334
Consensus,party,Independent,distrust_post,24.7
Consensus,party,Independent,donation_ams,2.4
Consensus,party,Independent,funding_perceptions,45.8
Consensus,party,Independent,inst_trust_mean,55.67999999999999
Consensus,party,Independent,newsletter_signup,1.7
Consensus,party,Independent,policy_general,61.8
Consensus,party,Independent,policy_role_mean,63.975
Consensus,party,Independent,policy_specific_mean,62.25714285714286
Consensus,party,Independent,trust_multidimensional,61.76666666666667
Consensus,party,Independent,trust_post,58.3
Consensus,party,Other,behavior_mean,44.666666666666664
Consensus,party,Other,belief_post,76.0
Consensus,party,Other,concern_mean,66.33333333333333
Consensus,party,Other,distrust_post,28.0
Consensus,party,Other,donation_ams,1.5
Consensus,party,Other,funding_perceptions,55.0
Consensus,party,Other,inst_trust_mean,56.8
Consensus,party,Other,newsletter_signup,1.6
Consensus,party,Other,policy_general,72.0
Consensus,party,Other,policy_role_mean,73.0
Consensus,party,Other,policy_specific_mean,72.57142857142857
Consensus,party,Other,trust_multidimensional,65.58333333333333
Consensus,party,Other,trust_post,62.0
Consensus,party,Republican,behavior_mean,18.0
Consensus,party,Republican,belief_post,46.0
Consensus,party,Republican,concern_mean,37.666666666666664
Consensus,party,Republican,distrust_post,56.0
Consensus,party,Republican,donation_ams,0.8
Consensus,party,Republican,funding_perceptions,24.0
Consensus,party,Republican,inst_trust_mean,39.8
Consensus,party,Republican,newsletter_signup,1.85
Consensus,party,Republican,policy_general,32.0
Consensus,party,Republican,policy_role_mean,48.25
Consensus,party,Republican,policy_specific_mean,46.42857142857143
Consensus,party,Republican,trust_multidimensional,45.166666666666664
Consensus,party,Republican,trust_post,34.0
Consensus,race,Asian / Asian American,behavior_mean,43.0
Consensus,race,Asian / Asian American,belief_post,82.0
Consensus,race,Asian / Asian American,concern_mean,74.33333333333333
Consensus,race,Asian / Asian American,distrust_post,22.0
Consensus,race,Asian / Asian American,donation_ams,2.45
Consensus,race,Asian / Asian American,funding_perceptions,66.0
Consensus,race,Asian / Asian American,inst_trust_mean,64.6
Consensus,race,Asian / Asian American,newsletter_signup,1.62
Consensus,race,Asian / Asian American,policy_general,77.0
Consensus,race,Asian / Asian American,policy_role_mean,79.75
Consensus,race,Asian / Asian American,policy_specific_mean,77.57142857142857
Consensus,race,Asian / Asian American,trust_multidimensional,69.33333333333333
Consensus,race,Asian / Asian American,trust_post,73.0
Consensus,race,Black / African American,behavior_mean,37.333333333333336
Consensus,race,Black / African American,belief_post,78.0
Consensus,race,Black / African American,concern_mean,65.0
Consensus,race,Black / African American,distrust_post,31.0
Consensus,race,Black / African American,donation_ams,1.2
Consensus,race,Black / African American,funding_perceptions,66.0
Consensus,race,Black / African American,inst_trust_mean,58.8
Consensus,race,Black / African American,newsletter_signup,1.8
Consensus,race,Black / African American,policy_general,76.0
Consensus,race,Black / African American,policy_role_mean,76.25
Consensus,race,Black / African American,policy_specific_mean,75.14285714285714
Consensus,race,Black / African American,trust_multidimensional,64.0
Consensus,race,Black / African American,trust_post,66.0
Consensus,race,Hispanic / Latino,behavior_mean,40.833333333333336
Consensus,race,Hispanic / Latino,belief_post,74.0
Consensus,race,Hispanic / Latino,concern_mean,69.33333333333333
Consensus,race,Hispanic / Latino,distrust_post,28.0
Consensus,race,Hispanic / Latino,donation_ams,1.8
Consensus,race,Hispanic / Latino,funding_perceptions,58.0
Consensus,race,Hispanic / Latino,inst_trust_mean,57.8
Consensus,race,Hispanic / Latino,newsletter_signup,1.7
Consensus,race,Hispanic / Latino,policy_general,76.0
Consensus,race,Hispanic / Latino,policy_role_mean,70.75
Consensus,race,Hispanic / Latino,policy_specific_mean,70.28571428571429
Consensus,race,Hispanic / Latino,trust_multidimensional,66.16666666666667
Consensus,race,Hispanic / Latino,trust_post,67.0
Consensus,race,Other,behavior_mean,37.666666666666664
Consensus,race,Other,belief_post,76.0
Consensus,race,Other,concern_mean,67.66666666666667
Consensus,race,Other,distrust_post,26.0
Consensus,race,Other,donation_ams,1.8
Consensus,race,Other,funding_perceptions,62.0
Consensus,race,Other,inst_trust_mean,58.6
Consensus,race,Other,newsletter_signup,1.75
Consensus,race,Other,policy_general,73.0
Consensus,race,Other,policy_role_mean,70.5
Consensus,race,Other,policy_specific_mean,75.0
Consensus,race,Other,trust_multidimensional,63.166666666666664
Consensus,race,Other,trust_post,66.0
Consensus,race,White / Caucasian,behavior_mean,35.333333333333336
Consensus,race,White / Caucasian,belief_post,66.0
Consensus,race,White / Caucasian,concern_mean,59.333333333333336
Consensus,race,White / Caucasian,distrust_post,32.0
Consensus,race,White / Caucasian,donation_ams,1.5
Consensus,race,White / Caucasian,funding_perceptions,42.0
Consensus,race,White / Caucasian,inst_trust_mean,57.8
Consensus,race,White / Caucasian,newsletter_signup,1.75
Consensus,race,White / Caucasian,policy_general,64.0
Consensus,race,White / Caucasian,policy_role_mean,69.5
Consensus,race,White / Caucasian,policy_specific_mean,65.57142857142857
Consensus,race,White / Caucasian,trust_multidimensional,62.333333333333336
Consensus,race,White / Caucasian,trust_post,61.0
Corporate reliance,age_band,18-29,behavior_mean,49.833333333333336
Corporate reliance,age_band,18-29,belief_post,92.0
Corporate reliance,age_band,18-29,concern_mean,82.66666666666667
Corporate reliance,age_band,18-29,distrust_post,18.0
Corporate reliance,age_band,18-29,donation_ams,2.1
Corporate reliance,age_band,18-29,funding_perceptions,68.0
Corporate reliance,age_band,18-29,inst_trust_mean,65.6
Corporate reliance,age_band,18-29,newsletter_signup,1.6
Corporate reliance,age_band,18-29,policy_general,87.0
Corporate reliance,age_band,18-29,policy_role_mean,80.75
Corporate reliance,age_band,18-29,policy_specific_mean,83.28571428571429
Corporate reliance,age_band,18-29,trust_multidimensional,75.08333333333333
Corporate reliance,age_band,18-29,trust_post,82.0
Corporate reliance,age_band,30-44,behavior_mean,38.666666666666664
Corporate reliance,age_band,30-44,belief_post,84.0
Corporate reliance,age_band,30-44,concern_mean,70.66666666666667
Corporate reliance,age_band,30-44,distrust_post,22.0
Corporate reliance,age_band,30-44,donation_ams,1.8
Corporate reliance,age_band,30-44,funding_perceptions,58.0
Corporate reliance,age_band,30-44,inst_trust_mean,63.2
Corporate reliance,age_band,30-44,newsletter_signup,1.7
Corporate reliance,age_band,30-44,policy_general,78.0
Corporate reliance,age_band,30-44,policy_role_mean,75.75
Corporate reliance,age_band,30-44,policy_specific_mean,73.42857142857143
Corporate reliance,age_band,30-44,trust_multidimensional,66.66666666666667
Corporate reliance,age_band,30-44,trust_post,74.0
Corporate reliance,age_band,45-59,behavior_mean,36.666666666666664
Corporate reliance,age_band,45-59,belief_post,76.0
Corporate reliance,age_band,45-59,concern_mean,66.0
Corporate reliance,age_band,45-59,distrust_post,32.0
Corporate reliance,age_band,45-59,donation_ams,1.5
Corporate reliance,age_band,45-59,funding_perceptions,58.0
Corporate reliance,age_band,45-59,inst_trust_mean,60.6
Corporate reliance,age_band,45-59,newsletter_signup,1.7
Corporate reliance,age_band,45-59,policy_general,71.0
Corporate reliance,age_band,45-59,policy_role_mean,71.0
Corporate reliance,age_band,45-59,policy_specific_mean,68.85714285714286
Corporate reliance,age_band,45-59,trust_multidimensional,64.83333333333333
Corporate reliance,age_band,45-59,trust_post,67.0
Corporate reliance,age_band,60+,behavior_mean,25.833333333333332
Corporate reliance,age_band,60+,belief_post,68.0
Corporate reliance,age_band,60+,concern_mean,59.0
Corporate reliance,age_band,60+,distrust_post,30.0
Corporate reliance,age_band,60+,donation_ams,1.5
Corporate reliance,age_band,60+,funding_perceptions,45.0
Corporate reliance,age_band,60+,inst_trust_mean,57.0
Corporate reliance,age_band,60+,newsletter_signup,1.8
Corporate reliance,age_band,60+,policy_general,62.0
Corporate reliance,age_band,60+,policy_role_mean,65.0
Corporate reliance,age_band,60+,policy_specific_mean,61.0
Corporate reliance,age_band,60+,trust_multidimensional,60.833333333333336
Corporate reliance,age_band,60+,trust_post,65.0
Corporate reliance,education,Bachelor's degree,behavior_mean,42.666666666666664
Corporate reliance,education,Bachelor's degree,belief_post,88.0
Corporate reliance,education,Bachelor's degree,concern_mean,73.66666666666667
Corporate reliance,education,Bachelor's degree,distrust_post,22.0
Corporate reliance,education,Bachelor's degree,donation_ams,2.4
Corporate reliance,education,Bachelor's degree,funding_perceptions,65.0
Corporate reliance,education,Bachelor's degree,inst_trust_mean,66.4
Corporate reliance,education,Bachelor's degree,newsletter_signup,1.7
Corporate reliance,education,Bachelor's degree,policy_general,78.0
Corporate reliance,education,Bachelor's degree,policy_role_mean,77.0
Corporate reliance,education,Bachelor's degree,policy_specific_mean,75.57142857142857
Corporate reliance,education,Bachelor's degree,trust_multidimensional,69.58333333333333
Corporate reliance,education,Bachelor's degree,trust_post,76.0
Corporate reliance,education,Doctorate degree / Ph.D.,behavior_mean,50.9
Corporate reliance,education,Doctorate degree / Ph.D.,belief_post,94.8
Corporate reliance,education,Doctorate degree / Ph.D.,concern_mean,79.43333333333334
Corporate reliance,education,Doctorate degree / Ph.D.,distrust_post,12.4
Corporate reliance,education,Doctorate degree / Ph.D.,donation_ams,3.2
Corporate reliance,education,Doctorate degree / Ph.D.,funding_perceptions,67.9
Corporate reliance,education,Doctorate degree / Ph.D.,inst_trust_mean,74.3
Corporate reliance,education,Doctorate degree / Ph.D.,newsletter_signup,1.35
Corporate reliance,education,Doctorate degree / Ph.D.,policy_general,88.7
Corporate reliance,education,Doctorate degree / Ph.D.,policy_role_mean,84.35
Corporate reliance,education,Doctorate degree / Ph.D.,policy_specific_mean,81.62857142857142
Corporate reliance,education,Doctorate degree / Ph.D.,trust_multidimensional,77.29166666666667
Corporate reliance,education,Doctorate degree / Ph.D.,trust_post,84.6
Corporate reliance,education,High school diploma / GED,behavior_mean,35.0
Corporate reliance,education,High school diploma / GED,belief_post,72.0
Corporate reliance,education,High school diploma / GED,concern_mean,64.0
Corporate reliance,education,High school diploma / GED,distrust_post,28.0
Corporate reliance,education,High school diploma / GED,donation_ams,0.8
Corporate reliance,education,High school diploma / GED,funding_perceptions,48.0
Corporate reliance,education,High school diploma / GED,inst_trust_mean,58.8
Corporate reliance,education,High school diploma / GED,newsletter_signup,1.7
Corporate reliance,education,High school diploma / GED,policy_general,66.0
Corporate reliance,education,High school diploma / GED,policy_role_mean,68.75
Corporate reliance,education,High school diploma / GED,policy_specific_mean,69.28571428571429
Corporate reliance,education,High school diploma / GED,trust_multidimensional,66.91666666666667
Corporate reliance,education,High school diploma / GED,trust_post,68.0
Corporate reliance,education,Less than high school,behavior_mean,19.5
Corporate reliance,education,Less than high school,belief_post,52.0
Corporate reliance,education,Less than high school,concern_mean,42.666666666666664
Corporate reliance,education,Less than high school,distrust_post,38.0
Corporate reliance,education,Less than high school,donation_ams,0.8
Corporate reliance,education,Less than high school,funding_perceptions,35.0
Corporate reliance,education,Less than high school,inst_trust_mean,42.4
Corporate reliance,education,Less than high school,newsletter_signup,1.8
Corporate reliance,education,Less than high school,policy_general,50.0
Corporate reliance,education,Less than high school,policy_role_mean,56.5
Corporate reliance,education,Less than high school,policy_specific_mean,54.285714285714285
Corporate reliance,education,Less than high school,trust_multidimensional,48.75
Corporate reliance,education,Less than high school,trust_post,45.0
Corporate reliance,education,Master's degree / Professional degree,behavior_mean,45.5
Corporate reliance,education,Master's degree / Professional degree,belief_post,92.0
Corporate reliance,education,Master's degree / Professional degree,concern_mean,79.0
Corporate reliance,education,Master's degree / Professional degree,distrust_post,18.0
Corporate reliance,education,Master's degree / Professional degree,donation_ams,2.5
Corporate reliance,education,Master's degree / Professional degree,funding_perceptions,65.0
Corporate reliance,education,Master's degree / Professional degree,inst_trust_mean,68.8
Corporate reliance,education,Master's degree / Professional degree,newsletter_signup,0.65
Corporate reliance,education,Master's degree / Professional degree,policy_general,84.0
Corporate reliance,education,Master's degree / Professional degree,policy_role_mean,78.0
Corporate reliance,education,Master's degree / Professional degree,policy_specific_mean,78.85714285714286
Corporate reliance,education,Master's degree / Professional degree,trust_multidimensional,73.5
Corporate reliance,education,Master's degree / Professional degree,trust_post,82.0
Corporate reliance,education,Some college or Associate's degree,behavior_mean,40.833333333333336
Corporate reliance,education,Some college or Associate's degree,belief_post,76.0
Corporate reliance,education,Some college or Associate's degree,concern_mean,73.66666666666667
Corporate reliance,education,Some college or Associate's degree,distrust_post,28.0
Corporate reliance,education,Some college or Associate's degree,donation_ams,1.5
Corporate reliance,education,Some college or Associate's degree,funding_perceptions,58.0
Corporate reliance,education,Some college or Associate's degree,inst_trust_mean,62.4
Corporate reliance,education,Some college or Associate's degree,newsletter_signup,1.75
Corporate reliance,education,Some college or Associate's degree,policy_general,78.0
Corporate reliance,education,Some college or Associate's degree,policy_role_mean,78.0
Corporate reliance,education,Some college or Associate's degree,policy_specific_mean,75.42857142857143
Corporate reliance,education,Some college or Associate's degree,trust_multidimensional,66.66666666666667
Corporate reliance,education,Some college or Associate's degree,trust_post,72.0
Corporate reliance,gender,Female,behavior_mean,43.333333333333336
Corporate reliance,gender,Female,belief_post,88.0
Corporate reliance,gender,Female,concern_mean,77.0
Corporate reliance,gender,Female,distrust_post,18.0
Corporate reliance,gender,Female,donation_ams,2.5
Corporate reliance,gender,Female,funding_perceptions,65.0
Corporate reliance,gender,Female,inst_trust_mean,63.0
Corporate reliance,gender,Female,newsletter_signup,1.4
Corporate reliance,gender,Female,policy_general,82.0
Corporate reliance,gender,Female,policy_role_mean,76.5
Corporate reliance,gender,Female,policy_specific_mean,79.71428571428571
Corporate reliance,gender,Female,trust_multidimensional,72.58333333333333
Corporate reliance,gender,Female,trust_post,78.0
Corporate reliance,gender,Male,behavior_mean,33.833333333333336
Corporate reliance,gender,Male,belief_post,72.0
Corporate reliance,gender,Male,concern_mean,63.333333333333336
Corporate reliance,gender,Male,distrust_post,32.0
Corporate reliance,gender,Male,donation_ams,1.5
Corporate reliance,gender,Male,funding_perceptions,42.0
Corporate reliance,gender,Male,inst_trust_mean,58.2
Corporate reliance,gender,Male,newsletter_signup,1.8
Corporate reliance,gender,Male,policy_general,62.0
Corporate reliance,gender,Male,policy_role_mean,70.0
Corporate reliance,gender,Male,policy_specific_mean,65.57142857142857
Corporate reliance,gender,Male,trust_multidimensional,61.75
Corporate reliance,gender,Male,trust_post,64.0
Corporate reliance,gender,Other,behavior_mean,56.5
Corporate reliance,gender,Other,belief_post,94.0
Corporate reliance,gender,Other,concern_mean,86.66666666666667
Corporate reliance,gender,Other,distrust_post,16.0
Corporate reliance,gender,Other,donation_ams,3.5
Corporate reliance,gender,Other,funding_perceptions,68.0
Corporate reliance,gender,Other,inst_trust_mean,71.6
Corporate reliance,gender,Other,newsletter_signup,1.3
Corporate reliance,gender,Other,policy_general,91.0
Corporate reliance,gender,Other,policy_role_mean,84.75
Corporate reliance,gender,Other,policy_specific_mean,84.28571428571429
Corporate reliance,gender,Other,trust_multidimensional,77.91666666666667
Corporate reliance,gender,Other,trust_post,84.0
Corporate reliance,income,"$100,000 to $167,999",behavior_mean,43.833333333333336
Corporate reliance,income,"$100,000 to $167,999",belief_post,81.0
Corporate reliance,income,"$100,000 to $167,999",concern_mean,67.66666666666667
Corporate reliance,income,"$100,000 to $167,999",distrust_post,24.0
Corporate reliance,income,"$100,000 to $167,999",donation_ams,2.1
Corporate reliance,income,"$100,000 to $167,999",funding_perceptions,46.0
Corporate reliance,income,"$100,000 to $167,999",inst_trust_mean,65.8
Corporate reliance,income,"$100,000 to $167,999",newsletter_signup,1.7
Corporate reliance,income,"$100,000 to $167,999",policy_general,68.0
Corporate reliance,income,"$100,000 to $167,999",policy_role_mean,71.5
Corporate reliance,income,"$100,000 to $167,999",policy_specific_mean,68.0
Corporate reliance,income,"$100,000 to $167,999",trust_multidimensional,66.66666666666667
Corporate reliance,income,"$100,000 to $167,999",trust_post,72.0
Corporate reliance,income,"$168,000 or more",behavior_mean,38.5
Corporate reliance,income,"$168,000 or more",belief_post,81.0
Corporate reliance,income,"$168,000 or more",concern_mean,64.0
Corporate reliance,income,"$168,000 or more",distrust_post,24.0
Corporate reliance,income,"$168,000 or more",donation_ams,1.85
Corporate reliance,income,"$168,000 or more",funding_perceptions,48.0
Corporate reliance,income,"$168,000 or more",inst_trust_mean,60.0
Corporate reliance,income,"$168,000 or more",newsletter_signup,1.4
Corporate reliance,income,"$168,000 or more",policy_general,64.0
Corporate reliance,income,"$168,000 or more",policy_role_mean,68.5
Corporate reliance,income,"$168,000 or more",policy_specific_mean,63.857142857142854
Corporate reliance,income,"$168,000 or more",trust_multidimensional,63.416666666666664
Corporate reliance,income,"$168,000 or more",trust_post,68.0
Corporate reliance,income,"$30,000 to $55,999",behavior_mean,38.5
Corporate reliance,income,"$30,000 to $55,999",belief_post,74.0
Corporate reliance,income,"$30,000 to $55,999",concern_mean,66.66666666666667
Corporate reliance,income,"$30,000 to $55,999",distrust_post,32.0
Corporate reliance,income,"$30,000 to $55,999",donation_ams,1.2
Corporate reliance,income,"$30,000 to $55,999",funding_perceptions,58.0
Corporate reliance,income,"$30,000 to $55,999",inst_trust_mean,57.0
Corporate reliance,income,"$30,000 to $55,999",newsletter_signup,1.4
Corporate reliance,income,"$30,000 to $55,999",policy_general,72.0
Corporate reliance,income,"$30,000 to $55,999",policy_role_mean,73.75
Corporate reliance,income,"$30,000 to $55,999",policy_specific_mean,70.42857142857143
Corporate reliance,income,"$30,000 to $55,999",trust_multidimensional,64.33333333333333
Corporate reliance,income,"$30,000 to $55,999",trust_post,66.0
Corporate reliance,income,"$56,000 to $99,999",behavior_mean,41.333333333333336
Corporate reliance,income,"$56,000 to $99,999",belief_post,78.0
Corporate reliance,income,"$56,000 to $99,999",concern_mean,68.0
Corporate reliance,income,"$56,000 to $99,999",distrust_post,24.0
Corporate reliance,income,"$56,000 to $99,999",donation_ams,1.8
Corporate reliance,income,"$56,000 to $99,999",funding_perceptions,58.0
Corporate reliance,income,"$56,000 to $99,999",inst_trust_mean,61.6
Corporate reliance,income,"$56,000 to $99,999",newsletter_signup,1.75
Corporate reliance,income,"$56,000 to $99,999",policy_general,70.0
Corporate reliance,income,"$56,000 to $99,999",policy_role_mean,72.25
Corporate reliance,income,"$56,000 to $99,999",policy_specific_mean,69.0
Corporate reliance,income,"$56,000 to $99,999",trust_multidimensional,65.33333333333333
Corporate reliance,income,"$56,000 to $99,999",trust_post,72.0
Corporate reliance,income,"Less than $30,000",behavior_mean,37.833333333333336
Corporate reliance,income,"Less than $30,000",belief_post,72.0
Corporate reliance,income,"Less than $30,000",concern_mean,69.0
Corporate reliance,income,"Less than $30,000",distrust_post,32.0
Corporate reliance,income,"Less than $30,000",donation_ams,0.8
Corporate reliance,income,"Less than $30,000",funding_perceptions,55.0
Corporate reliance,income,"Less than $30,000",inst_trust_mean,59.6
Corporate reliance,income,"Less than $30,000",newsletter_signup,1.75
Corporate reliance,income,"Less than $30,000",policy_general,75.0
Corporate reliance,income,"Less than $30,000",policy_role_mean,69.25
Corporate reliance,income,"Less than $30,000",policy_specific_mean,70.28571428571429
Corporate reliance,income,"Less than $30,000",trust_multidimensional,62.916666666666664
Corporate reliance,income,"Less than $30,000",trust_post,64.0
Corporate reliance,party,Democrat,behavior_mean,51.0
Corporate reliance,party,Democrat,belief_post,92.0
Corporate reliance,party,Democrat,concern_mean,82.0
Corporate reliance,party,Democrat,distrust_post,14.0
Corporate reliance,party,Democrat,donation_ams,3.5
Corporate reliance,party,Democrat,funding_perceptions,78.0
Corporate reliance,party,Democrat,inst_trust_mean,73.0
Corporate reliance,party,Democrat,newsletter_signup,1.3
Corporate reliance,party,Democrat,policy_general,91.0
Corporate reliance,party,Democrat,policy_role_mean,84.0
Corporate reliance,party,Democrat,policy_specific_mean,81.85714285714286
Corporate reliance,party,Democrat,trust_multidimensional,77.66666666666667
Corporate reliance,party,Democrat,trust_post,84.0
Corporate reliance,party,Independent,behavior_mean,33.666666666666664
Corporate reliance,party,Independent,belief_post,72.0
Corporate reliance,party,Independent,concern_mean,62.666666666666664
Corporate reliance,party,Independent,distrust_post,31.0
Corporate reliance,party,Independent,donation_ams,1.4
Corporate reliance,party,Independent,funding_perceptions,44.0
Corporate reliance,party,Independent,inst_trust_mean,55.4
Corporate reliance,party,Independent,newsletter_signup,1.7
Corporate reliance,party,Independent,policy_general,61.0
Corporate reliance,party,Independent,policy_role_mean,67.5
Corporate reliance,party,Independent,policy_specific_mean,65.0
Corporate reliance,party,Independent,trust_multidimensional,61.0
Corporate reliance,party,Independent,trust_post,64.0
Corporate reliance,party,Other,behavior_mean,37.666666666666664
Corporate reliance,party,Other,belief_post,81.0
Corporate reliance,party,Other,concern_mean,65.66666666666667
Corporate reliance,party,Other,distrust_post,24.0
Corporate reliance,party,Other,donation_ams,2.2
Corporate reliance,party,Other,funding_perceptions,68.0
Corporate reliance,party,Other,inst_trust_mean,58.8
Corporate reliance,party,Other,newsletter_signup,1.7
Corporate reliance,party,Other,policy_general,76.0
Corporate reliance,party,Other,policy_role_mean,71.75
Corporate reliance,party,Other,policy_specific_mean,71.85714285714286
Corporate reliance,party,Other,trust_multidimensional,66.58333333333333
Corporate reliance,party,Other,trust_post,72.0
Corporate reliance,party,Republican,behavior_mean,20.05
Corporate reliance,party,Republican,belief_post,44.1
Corporate reliance,party,Republican,concern_mean,33.833333333333336
Corporate reliance,party,Republican,distrust_post,54.2
Corporate reliance,party,Republican,donation_ams,0.65
Corporate reliance,party,Republican,funding_perceptions,23.700000000000003
Corporate reliance,party,Republican,inst_trust_mean,41.2
Corporate reliance,party,Republican,newsletter_signup,1.88
Corporate reliance,party,Republican,policy_general,41.8
Corporate reliance,party,Republican,policy_role_mean,53.35
Corporate reliance,party,Republican,policy_specific_mean,50.457142857142856
Corporate reliance,party,Republican,trust_multidimensional,42.93333333333334
Corporate reliance,party,Republican,trust_post,38.6
Corporate reliance,race,Asian / Asian American,behavior_mean,42.666666666666664
Corporate reliance,race,Asian / Asian American,belief_post,81.0
Corporate reliance,race,Asian / Asian American,concern_mean,71.33333333333333
Corporate reliance,race,Asian / Asian American,distrust_post,22.0
Corporate reliance,race,Asian / Asian American,donation_ams,2.1
Corporate reliance,race,Asian / Asian American,funding_perceptions,65.0
Corporate reliance,race,Asian / Asian American,inst_trust_mean,67.8
Corporate reliance,race,Asian / Asian American,newsletter_signup,1.65
Corporate reliance,race,Asian / Asian American,policy_general,78.0
Corporate reliance,race,Asian / Asian American,policy_role_mean,73.25
Corporate reliance,race,Asian / Asian American,policy_specific_mean,75.42857142857143
Corporate reliance,race,Asian / Asian American,trust_multidimensional,69.83333333333333
Corporate reliance,race,Asian / Asian American,trust_post,76.0
Corporate reliance,race,Black / African American,behavior_mean,44.5
Corporate reliance,race,Black / African American,belief_post,88.0
Corporate reliance,race,Black / African American,concern_mean,77.0
Corporate reliance,race,Black / African American,distrust_post,24.0
Corporate reliance,race,Black / African American,donation_ams,1.5
Corporate reliance,race,Black / African American,funding_perceptions,65.0
Corporate reliance,race,Black / African American,inst_trust_mean,60.0
Corporate reliance,race,Black / African American,newsletter_signup,1.7
Corporate reliance,race,Black / African American,policy_general,82.0
Corporate reliance,race,Black / African American,policy_role_mean,78.5
Corporate reliance,race,Black / African American,policy_specific_mean,75.14285714285714
Corporate reliance,race,Black / African American,trust_multidimensional,69.33333333333333
Corporate reliance,race,Black / African American,trust_post,72.0
Corporate reliance,race,Hispanic / Latino,behavior_mean,43.666666666666664
Corporate reliance,race,Hispanic / Latino,belief_post,76.0
Corporate reliance,race,Hispanic / Latino,concern_mean,71.0
Corporate reliance,race,Hispanic / Latino,distrust_post,24.0
Corporate reliance,race,Hispanic / Latino,donation_ams,1.85
Corporate reliance,race,Hispanic / Latino,funding_perceptions,65.0
Corporate reliance,race,Hispanic / Latino,inst_trust_mean,61.4
Corporate reliance,race,Hispanic / Latino,newsletter_signup,1.65
Corporate reliance,race,Hispanic / Latino,policy_general,78.0
Corporate reliance,race,Hispanic / Latino,policy_role_mean,74.5
Corporate reliance,race,Hispanic / Latino,policy_specific_mean,71.57142857142857
Corporate reliance,race,Hispanic / Latino,trust_multidimensional,68.5
Corporate reliance,race,Hispanic / Latino,trust_post,72.0
Corporate reliance,race,Other,behavior_mean,42.666666666666664
Corporate reliance,race,Other,belief_post,82.0
Corporate reliance,race,Other,concern_mean,70.66666666666667
Corporate reliance,race,Other,distrust_post,28.0
Corporate reliance,race,Other,donation_ams,1.8
Corporate reliance,race,Other,funding_perceptions,65.0
Corporate reliance,race,Other,inst_trust_mean,59.0
Corporate reliance,race,Other,newsletter_signup,1.6
Corporate reliance,race,Other,policy_general,76.0
Corporate reliance,race,Other,policy_role_mean,70.5
Corporate reliance,race,Other,policy_specific_mean,76.57142857142857
Corporate reliance,race,Other,trust_multidimensional,64.66666666666667
Corporate reliance,race,Other,trust_post,68.0
Corporate reliance,race,White / Caucasian,behavior_mean,33.166666666666664
Corporate reliance,race,White / Caucasian,belief_post,73.0
Corporate reliance,race,White / Caucasian,concern_mean,60.333333333333336
Corporate reliance,race,White / Caucasian,distrust_post,31.0
Corporate reliance,race,White / Caucasian,donation_ams,1.45
Corporate reliance,race,White / Caucasian,funding_perceptions,46.0
Corporate reliance,race,White / Caucasian,inst_trust_mean,57.2
Corporate reliance,race,White / Caucasian,newsletter_signup,1.78
Corporate reliance,race,White / Caucasian,policy_general,69.0
Corporate reliance,race,White / Caucasian,policy_role_mean,69.25
Corporate reliance,race,White / Caucasian,policy_specific_mean,66.14285714285714
Corporate reliance,race,White / Caucasian,trust_multidimensional,62.083333333333336
Corporate reliance,race,White / Caucasian,trust_post,66.0
Extreme weather predictions,age_band,18-29,behavior_mean,47.5
Extreme weather predictions,age_band,18-29,belief_post,88.0
Extreme weather predictions,age_band,18-29,concern_mean,80.0
Extreme weather predictions,age_band,18-29,distrust_post,24.0
Extreme weather predictions,age_band,18-29,donation_ams,3.2
Extreme weather predictions,age_band,18-29,funding_perceptions,68.0
Extreme weather predictions,age_band,18-29,inst_trust_mean,59.4
Extreme weather predictions,age_band,18-29,newsletter_signup,1.4
Extreme weather predictions,age_band,18-29,policy_general,82.0
Extreme weather predictions,age_band,18-29,policy_role_mean,76.75
Extreme weather predictions,age_band,18-29,policy_specific_mean,78.28571428571429
Extreme weather predictions,age_band,18-29,trust_multidimensional,68.41666666666667
Extreme weather predictions,age_band,18-29,trust_post,76.0
Extreme weather predictions,age_band,30-44,behavior_mean,45.833333333333336
Extreme weather predictions,age_band,30-44,belief_post,78.0
Extreme weather predictions,age_band,30-44,concern_mean,71.33333333333333
Extreme weather predictions,age_band,30-44,distrust_post,31.0
Extreme weather predictions,age_band,30-44,donation_ams,1.8
Extreme weather predictions,age_band,30-44,funding_perceptions,62.0
Extreme weather predictions,age_band,30-44,inst_trust_mean,64.2
Extreme weather predictions,age_band,30-44,newsletter_signup,1.7
Extreme weather predictions,age_band,30-44,policy_general,76.0
Extreme weather predictions,age_band,30-44,policy_role_mean,72.5
Extreme weather predictions,age_band,30-44,policy_specific_mean,71.14285714285714
Extreme weather predictions,age_band,30-44,trust_multidimensional,70.0
Extreme weather predictions,age_band,30-44,trust_post,67.0
Extreme weather predictions,age_band,45-59,behavior_mean,30.5
Extreme weather predictions,age_band,45-59,belief_post,72.0
Extreme weather predictions,age_band,45-59,concern_mean,66.33333333333333
Extreme weather predictions,age_band,45-59,distrust_post,32.0
Extreme weather predictions,age_band,45-59,donation_ams,1.5
Extreme weather predictions,age_band,45-59,funding_perceptions,58.0
Extreme weather predictions,age_band,45-59,inst_trust_mean,58.2
Extreme weather predictions,age_band,45-59,newsletter_signup,1.7
Extreme weather predictions,age_band,45-59,policy_general,68.0
Extreme weather predictions,age_band,45-59,policy_role_mean,74.0
Extreme weather predictions,age_band,45-59,policy_specific_mean,67.42857142857143
Extreme weather predictions,age_band,45-59,trust_multidimensional,64.58333333333333
Extreme weather predictions,age_band,45-59,trust_post,62.0
Extreme weather predictions,age_band,60+,behavior_mean,35.0
Extreme weather predictions,age_band,60+,belief_post,66.0
Extreme weather predictions,age_band,60+,concern_mean,60.666666666666664
Extreme weather predictions,age_band,60+,distrust_post,32.0
Extreme weather predictions,age_band,60+,donation_ams,1.45
Extreme weather predictions,age_band,60+,funding_perceptions,46.0
Extreme weather predictions,age_band,60+,inst_trust_mean,59.6
Extreme weather predictions,age_band,60+,newsletter_signup,1.72
Extreme weather predictions,age_band,60+,policy_general,64.0
Extreme weather predictions,age_band,60+,policy_role_mean,62.5
Extreme weather predictions,age_band,60+,policy_specific_mean,66.28571428571429
Extreme weather predictions,age_band,60+,trust_multidimensional,60.416666666666664
Extreme weather predictions,age_band,60+,trust_post,58.0
Extreme weather predictions,education,Bachelor's degree,behavior_mean,43.833333333333336
Extreme weather predictions,education,Bachelor's degree,belief_post,81.0
Extreme weather predictions,education,Bachelor's degree,concern_mean,74.33333333333333
Extreme weather predictions,education,Bachelor's degree,distrust_post,22.0
Extreme weather predictions,education,Bachelor's degree,donation_ams,3.5
Extreme weather predictions,education,Bachelor's degree,funding_perceptions,68.0
Extreme weather predictions,education,Bachelor's degree,inst_trust_mean,65.4
Extreme weather predictions,education,Bachelor's degree,newsletter_signup,1.7
Extreme weather predictions,education,Bachelor's degree,policy_general,78.0
Extreme weather predictions,education,Bachelor's degree,policy_role_mean,76.75
Extreme weather predictions,education,Bachelor's degree,policy_specific_mean,74.85714285714286
Extreme weather predictions,education,Bachelor's degree,trust_multidimensional,73.25
Extreme weather predictions,education,Bachelor's degree,trust_post,76.0
Extreme weather predictions,education,Doctorate degree / Ph.D.,behavior_mean,45.0
Extreme weather predictions,education,Doctorate degree / Ph.D.,belief_post,92.0
Extreme weather predictions,education,Doctorate degree / Ph.D.,concern_mean,76.66666666666667
Extreme weather predictions,education,Doctorate degree / Ph.D.,distrust_post,18.0
Extreme weather predictions,education,Doctorate degree / Ph.D.,donation_ams,3.5
Extreme weather predictions,education,Doctorate degree / Ph.D.,funding_perceptions,75.0
Extreme weather predictions,education,Doctorate degree / Ph.D.,inst_trust_mean,73.0
Extreme weather predictions,education,Doctorate degree / Ph.D.,newsletter_signup,1.4
Extreme weather predictions,education,Doctorate degree / Ph.D.,policy_general,88.0
Extreme weather predictions,education,Doctorate degree / Ph.D.,policy_role_mean,82.5
Extreme weather predictions,education,Doctorate degree / Ph.D.,policy_specific_mean,79.85714285714286
Extreme weather predictions,education,Doctorate degree / Ph.D.,trust_multidimensional,73.08333333333333
Extreme weather predictions,education,Doctorate degree / Ph.D.,trust_post,82.0
Extreme weather predictions,education,High school diploma / GED,behavior_mean,31.166666666666668
Extreme weather predictions,education,High school diploma / GED,belief_post,62.0
Extreme weather predictions,education,High school diploma / GED,concern_mean,61.333333333333336
Extreme weather predictions,education,High school diploma / GED,distrust_post,32.0
Extreme weather predictions,education,High school diploma / GED,donation_ams,1.2
Extreme weather predictions,education,High school diploma / GED,funding_perceptions,46.0
Extreme weather predictions,education,High school diploma / GED,inst_trust_mean,54.8
Extreme weather predictions,education,High school diploma / GED,newsletter_signup,1.7
Extreme weather predictions,education,High school diploma / GED,policy_general,68.0
Extreme weather predictions,education,High school diploma / GED,policy_role_mean,68.25
Extreme weather predictions,education,High school diploma / GED,policy_specific_mean,63.142857142857146
Extreme weather predictions,education,High school diploma / GED,trust_multidimensional,60.333333333333336
Extreme weather predictions,education,High school diploma / GED,trust_post,58.0
Extreme weather predictions,education,Less than high school,behavior_mean,30.333333333333332
Extreme weather predictions,education,Less than high school,belief_post,48.0
Extreme weather predictions,education,Less than high school,concern_mean,44.666666666666664
Extreme weather predictions,education,Less than high school,distrust_post,35.0
Extreme weather predictions,education,Less than high school,donation_ams,1.2
Extreme weather predictions,education,Less than high school,funding_perceptions,35.0
Extreme weather predictions,education,Less than high school,inst_trust_mean,45.0
Extreme weather predictions,education,Less than high school,newsletter_signup,1.8
Extreme weather predictions,education,Less than high school,policy_general,55.0
Extreme weather predictions,education,Less than high school,policy_role_mean,54.75
Extreme weather predictions,education,Less than high school,policy_specific_mean,55.42857142857143
Extreme weather predictions,education,Less than high school,trust_multidimensional,51.25
Extreme weather predictions,education,Less than high school,trust_post,45.0
Extreme weather predictions,education,Master's degree / Professional degree,behavior_mean,48.833333333333336
Extreme weather predictions,education,Master's degree / Professional degree,belief_post,92.0
Extreme weather predictions,education,Master's degree / Professional degree,concern_mean,79.33333333333333
Extreme weather predictions,education,Master's degree / Professional degree,distrust_post,18.0
Extreme weather predictions,education,Master's degree / Professional degree,donation_ams,3.5
Extreme weather predictions,education,Master's degree / Professional degree,funding_perceptions,68.0
Extreme weather predictions,education,Master's degree / Professional degree,inst_trust_mean,70.6
Extreme weather predictions,education,Master's degree / Professional degree,newsletter_signup,1.3
Extreme weather predictions,education,Master's degree / Professional degree,policy_general,86.0
Extreme weather predictions,education,Master's degree / Professional degree,policy_role_mean,79.5
Extreme weather predictions,education,Master's degree / Professional degree,policy_specific_mean,79.42857142857143
Extreme weather predictions,education,Master's degree / Professional degree,trust_multidimensional,75.91666666666667
Extreme weather predictions,education,Master's degree / Professional degree,trust_post,82.0
Extreme weather predictions,education,Some college or Associate's degree,behavior_mean,37.0
Extreme weather predictions,education,Some college or Associate's degree,belief_post,75.0
Extreme weather predictions,education,Some college or Associate's degree,concern_mean,70.66666666666667
Extreme weather predictions,education,Some college or Associate's degree,distrust_post,28.0
Extreme weather predictions,education,Some college or Associate's degree,donation_ams,1.5
Extreme weather predictions,education,Some college or Associate's degree,funding_perceptions,60.0
Extreme weather predictions,education,Some college or Associate's degree,inst_trust_mean,63.6
Extreme weather predictions,education,Some college or Associate's degree,newsletter_signup,1.7
Extreme weather predictions,education,Some college or Associate's degree,policy_general,72.0
Extreme weather predictions,education,Some college or Associate's degree,policy_role_mean,73.5
Extreme weather predictions,education,Some college or Associate's degree,policy_specific_mean,72.28571428571429
Extreme weather predictions,education,Some college or Associate's degree,trust_multidimensional,67.41666666666667
Extreme weather predictions,education,Some college or Associate's degree,trust_post,68.0
Extreme weather predictions,gender,Female,behavior_mean,46.333333333333336
Extreme weather predictions,gender,Female,belief_post,81.0
Extreme weather predictions,gender,Female,concern_mean,79.33333333333333
Extreme weather predictions,gender,Female,distrust_post,24.0
Extreme weather predictions,gender,Female,donation_ams,2.1
Extreme weather predictions,gender,Female,funding_perceptions,68.0
Extreme weather predictions,gender,Female,inst_trust_mean,61.6
Extreme weather predictions,gender,Female,newsletter_signup,1.4
Extreme weather predictions,gender,Female,policy_general,84.0
Extreme weather predictions,gender,Female,policy_role_mean,71.5
Extreme weather predictions,gender,Female,policy_specific_mean,75.42857142857143
Extreme weather predictions,gender,Female,trust_multidimensional,67.33333333333333
Extreme weather predictions,gender,Female,trust_post,72.0
Extreme weather predictions,gender,Male,behavior_mean,37.166666666666664
Extreme weather predictions,gender,Male,belief_post,74.0
Extreme weather predictions,gender,Male,concern_mean,66.33333333333333
Extreme weather predictions,gender,Male,distrust_post,33.0
Extreme weather predictions,gender,Male,donation_ams,1.5
Extreme weather predictions,gender,Male,funding_perceptions,58.0
Extreme weather predictions,gender,Male,inst_trust_mean,60.4
Extreme weather predictions,gender,Male,newsletter_signup,1.8
Extreme weather predictions,gender,Male,policy_general,68.0
Extreme weather predictions,gender,Male,policy_role_mean,73.75
Extreme weather predictions,gender,Male,policy_specific_mean,69.28571428571429
Extreme weather predictions,gender,Male,trust_multidimensional,65.16666666666667
Extreme weather predictions,gender,Male,trust_post,67.0
Extreme weather predictions,gender,Other,behavior_mean,53.5
Extreme weather predictions,gender,Other,belief_post,92.0
Extreme weather predictions,gender,Other,concern_mean,82.66666666666667
Extreme weather predictions,gender,Other,distrust_post,18.0
Extreme weather predictions,gender,Other,donation_ams,2.1
Extreme weather predictions,gender,Other,funding_perceptions,72.0
Extreme weather predictions,gender,Other,inst_trust_mean,67.6
Extreme weather predictions,gender,Other,newsletter_signup,1.3
Extreme weather predictions,gender,Other,policy_general,88.0
Extreme weather predictions,gender,Other,policy_role_mean,81.25
Extreme weather predictions,gender,Other,policy_specific_mean,81.28571428571429
Extreme weather predictions,gender,Other,trust_multidimensional,75.08333333333333
Extreme weather predictions,gender,Other,trust_post,81.0
Extreme weather predictions,income,"$100,000 to $167,999",behavior_mean,35.666666666666664
Extreme weather predictions,income,"$100,000 to $167,999",belief_post,81.0
Extreme weather predictions,income,"$100,000 to $167,999",concern_mean,70.0
Extreme weather predictions,income,"$100,000 to $167,999",distrust_post,26.0
Extreme weather predictions,income,"$100,000 to $167,999",donation_ams,2.45
Extreme weather predictions,income,"$100,000 to $167,999",funding_perceptions,62.0
Extreme weather predictions,income,"$100,000 to $167,999",inst_trust_mean,64.0
Extreme weather predictions,income,"$100,000 to $167,999",newsletter_signup,1.62
Extreme weather predictions,income,"$100,000 to $167,999",policy_general,78.0
Extreme weather predictions,income,"$100,000 to $167,999",policy_role_mean,74.25
Extreme weather predictions,income,"$100,000 to $167,999",policy_specific_mean,73.42857142857143
Extreme weather predictions,income,"$100,000 to $167,999",trust_multidimensional,68.75
Extreme weather predictions,income,"$100,000 to $167,999",trust_post,72.0
Extreme weather predictions,income,"$168,000 or more",behavior_mean,38.166666666666664
Extreme weather predictions,income,"$168,000 or more",belief_post,78.0
Extreme weather predictions,income,"$168,000 or more",concern_mean,71.0
Extreme weather predictions,income,"$168,000 or more",distrust_post,22.0
Extreme weather predictions,income,"$168,000 or more",donation_ams,3.5
Extreme weather predictions,income,"$168,000 or more",funding_perceptions,58.0
Extreme weather predictions,income,"$168,000 or more",inst_trust_mean,65.4
Extreme weather predictions,income,"$168,000 or more",newsletter_signup,1.7
Extreme weather predictions,income,"$168,000 or more",policy_general,72.0
Extreme weather predictions,income,"$168,000 or more",policy_role_mean,72.25
Extreme weather predictions,income,"$168,000 or more",policy_specific_mean,70.42857142857143
Extreme weather predictions,income,"$168,000 or more",trust_multidimensional,68.66666666666667
Extreme weather predictions,income,"$168,000 or more",trust_post,68.0
Extreme weather predictions,income,"$30,000 to $55,999",behavior_mean,34.5
Extreme weather predictions,income,"$30,000 to $55,999",belief_post,70.0
Extreme weather predictions,income,"$30,000 to $55,999",concern_mean,71.0
Extreme weather predictions,income,"$30,000 to $55,999",distrust_post,30.0
Extreme weather predictions,income,"$30,000 to $55,999",donation_ams,2.1
Extreme weather predictions,income,"$30,000 to $55,999",funding_perceptions,60.0
Extreme weather predictions,income,"$30,000 to $55,999",inst_trust_mean,55.0
Extreme weather predictions,income,"$30,000 to $55,999",newsletter_signup,1.8
Extreme weather predictions,income,"$30,000 to $55,999",policy_general,72.0
Extreme weather predictions,income,"$30,000 to $55,999",policy_role_mean,67.25
Extreme weather predictions,income,"$30,000 to $55,999",policy_specific_mean,64.28571428571429
Extreme weather predictions,income,"$30,000 to $55,999",trust_multidimensional,62.916666666666664
Extreme weather predictions,income,"$30,000 to $55,999",trust_post,65.0
Extreme weather predictions,income,"$56,000 to $99,999",behavior_mean,40.333333333333336
Extreme weather predictions,income,"$56,000 to $99,999",belief_post,76.0
Extreme weather predictions,income,"$56,000 to $99,999",concern_mean,70.33333333333333
Extreme weather predictions,income,"$56,000 to $99,999",distrust_post,22.0
Extreme weather predictions,income,"$56,000 to $99,999",donation_ams,1.85
Extreme weather predictions,income,"$56,000 to $99,999",funding_perceptions,65.0
Extreme weather predictions,income,"$56,000 to $99,999",inst_trust_mean,63.8
Extreme weather predictions,income,"$56,000 to $99,999",newsletter_signup,1.78
Extreme weather predictions,income,"$56,000 to $99,999",policy_general,72.0
Extreme weather predictions,income,"$56,000 to $99,999",policy_role_mean,71.0
Extreme weather predictions,income,"$56,000 to $99,999",policy_specific_mean,71.57142857142857
Extreme weather predictions,income,"$56,000 to $99,999",trust_multidimensional,68.0
Extreme weather predictions,income,"$56,000 to $99,999",trust_post,68.0
Extreme weather predictions,income,"Less than $30,000",behavior_mean,40.833333333333336
Extreme weather predictions,income,"Less than $30,000",belief_post,72.0
Extreme weather predictions,income,"Less than $30,000",concern_mean,71.0
Extreme weather predictions,income,"Less than $30,000",distrust_post,32.0
Extreme weather predictions,income,"Less than $30,000",donation_ams,1.5
Extreme weather predictions,income,"Less than $30,000",funding_perceptions,65.0
Extreme weather predictions,income,"Less than $30,000",inst_trust_mean,59.4
Extreme weather predictions,income,"Less than $30,000",newsletter_signup,1.7
Extreme weather predictions,income,"Less than $30,000",policy_general,75.0
Extreme weather predictions,income,"Less than $30,000",policy_role_mean,74.0
Extreme weather predictions,income,"Less than $30,000",policy_specific_mean,71.28571428571429
Extreme weather predictions,income,"Less than $30,000",trust_multidimensional,64.16666666666667
Extreme weather predictions,income,"Less than $30,000",trust_post,65.0
Extreme weather predictions,party,Democrat,behavior_mean,48.333333333333336
Extreme weather predictions,party,Democrat,belief_post,92.0
Extreme weather predictions,party,Democrat,concern_mean,78.33333333333333
Extreme weather predictions,party,Democrat,distrust_post,18.0
Extreme weather predictions,party,Democrat,donation_ams,3.5
Extreme weather predictions,party,Democrat,funding_perceptions,75.0
Extreme weather predictions,party,Democrat,inst_trust_mean,74.0
Extreme weather predictions,party,Democrat,newsletter_signup,1.3
Extreme weather predictions,party,Democrat,policy_general,88.0
Extreme weather predictions,party,Democrat,policy_role_mean,80.75
Extreme weather predictions,party,Democrat,policy_specific_mean,77.57142857142857
Extreme weather predictions,party,Democrat,trust_multidimensional,73.58333333333333
Extreme weather predictions,party,Democrat,trust_post,82.0
Extreme weather predictions,party,Independent,behavior_mean,34.0
Extreme weather predictions,party,Independent,belief_post,68.0
Extreme weather predictions,party,Independent,concern_mean,59.666666666666664
Extreme weather predictions,party,Independent,distrust_post,35.0
Extreme weather predictions,party,Independent,donation_ams,1.5
Extreme weather predictions,party,Independent,funding_perceptions,45.0
Extreme weather predictions,party,Independent,inst_trust_mean,59.4
Extreme weather predictions,party,Independent,newsletter_signup,1.65
Extreme weather predictions,party,Independent,policy_general,65.0
Extreme weather predictions,party,Independent,policy_role_mean,68.25
Extreme weather predictions,party,Independent,policy_specific_mean,63.57142857142857
Extreme weather predictions,party,Independent,trust_multidimensional,63.5
Extreme weather predictions,party,Independent,trust_post,58.0
Extreme weather predictions,party,Other,behavior_mean,37.666666666666664
Extreme weather predictions,party,Other,belief_post,75.0
Extreme weather predictions,party,Other,concern_mean,66.66666666666667
Extreme weather predictions,party,Other,distrust_post,30.0
Extreme weather predictions,party,Other,donation_ams,2.5
Extreme weather predictions,party,Other,funding_perceptions,65.0
Extreme weather predictions,party,Other,inst_trust_mean,60.2
Extreme weather predictions,party,Other,newsletter_signup,1.7
Extreme weather predictions,party,Other,policy_general,72.0
Extreme weather predictions,party,Other,policy_role_mean,74.25
Extreme weather predictions,party,Other,policy_specific_mean,71.14285714285714
Extreme weather predictions,party,Other,trust_multidimensional,66.16666666666667
Extreme weather predictions,party,Other,trust_post,65.0
Extreme weather predictions,party,Republican,behavior_mean,23.166666666666668
Extreme weather predictions,party,Republican,belief_post,42.0
Extreme weather predictions,party,Republican,concern_mean,35.0
Extreme weather predictions,party,Republican,distrust_post,52.0
Extreme weather predictions,party,Republican,donation_ams,0.6
Extreme weather predictions,party,Republican,funding_perceptions,28.0
Extreme weather predictions,party,Republican,inst_trust_mean,43.2
Extreme weather predictions,party,Republican,newsletter_signup,1.8
Extreme weather predictions,party,Republican,policy_general,38.0
Extreme weather predictions,party,Republican,policy_role_mean,50.0
Extreme weather predictions,party,Republican,policy_specific_mean,52.57142857142857
Extreme weather predictions,party,Republican,trust_multidimensional,46.25
Extreme weather predictions,party,Republican,trust_post,38.0
Extreme weather predictions,race,Asian / Asian American,behavior_mean,43.833333333333336
Extreme weather predictions,race,Asian / Asian American,belief_post,84.0
Extreme weather predictions,race,Asian / Asian American,concern_mean,73.66666666666667
Extreme weather predictions,race,Asian / Asian American,distrust_post,22.0
Extreme weather predictions,race,Asian / Asian American,donation_ams,2.5
Extreme weather predictions,race,Asian / Asian American,funding_perceptions,65.0
Extreme weather predictions,race,Asian / Asian American,inst_trust_mean,64.8
Extreme weather predictions,race,Asian / Asian American,newsletter_signup,1.7
Extreme weather predictions,race,Asian / Asian American,policy_general,81.0
Extreme weather predictions,race,Asian / Asian American,policy_role_mean,76.0
Extreme weather predictions,race,Asian / Asian American,policy_specific_mean,75.14285714285714
Extreme weather predictions,race,Asian / Asian American,trust_multidimensional,67.58333333333333
Extreme weather predictions,race,Asian / Asian American,trust_post,72.0
Extreme weather predictions,race,Black / African American,behavior_mean,40.333333333333336
Extreme weather predictions,race,Black / African American,belief_post,82.0
Extreme weather predictions,race,Black / African American,concern_mean,71.33333333333333
Extreme weather predictions,race,Black / African American,distrust_post,28.0
Extreme weather predictions,race,Black / African American,donation_ams,2.5
Extreme weather predictions,race,Black / African American,funding_perceptions,65.0
Extreme weather predictions,race,Black / African American,inst_trust_mean,55.6
Extreme weather predictions,race,Black / African American,newsletter_signup,1.7
Extreme weather predictions,race,Black / African American,policy_general,80.0
Extreme weather predictions,race,Black / African American,policy_role_mean,74.0
Extreme weather predictions,race,Black / African American,policy_specific_mean,71.57142857142857
Extreme weather predictions,race,Black / African American,trust_multidimensional,65.66666666666667
Extreme weather predictions,race,Black / African American,trust_post,68.0
Extreme weather predictions,race,Hispanic / Latino,behavior_mean,37.166666666666664
Extreme weather predictions,race,Hispanic / Latino,belief_post,82.0
Extreme weather predictions,race,Hispanic / Latino,concern_mean,73.0
Extreme weather predictions,race,Hispanic / Latino,distrust_post,22.0
Extreme weather predictions,race,Hispanic / Latino,donation_ams,1.8
Extreme weather predictions,race,Hispanic / Latino,funding_perceptions,65.0
Extreme weather predictions,race,Hispanic / Latino,inst_trust_mean,62.2
Extreme weather predictions,race,Hispanic / Latino,newsletter_signup,1.75
Extreme weather predictions,race,Hispanic / Latino,policy_general,78.0
Extreme weather predictions,race,Hispanic / Latino,policy_role_mean,80.0
Extreme weather predictions,race,Hispanic / Latino,policy_specific_mean,74.85714285714286
Extreme weather predictions,race,Hispanic / Latino,trust_multidimensional,69.16666666666667
Extreme weather predictions,race,Hispanic / Latino,trust_post,68.0
Extreme weather predictions,race,Other,behavior_mean,38.0
Extreme weather predictions,race,Other,belief_post,82.0
Extreme weather predictions,race,Other,concern_mean,71.33333333333333
Extreme weather predictions,race,Other,distrust_post,26.0
Extreme weather predictions,race,Other,donation_ams,2.1
Extreme weather predictions,race,Other,funding_perceptions,68.0
Extreme weather predictions,race,Other,inst_trust_mean,61.0
Extreme weather predictions,race,Other,newsletter_signup,1.65
Extreme weather predictions,race,Other,policy_general,78.0
Extreme weather predictions,race,Other,policy_role_mean,75.75
Extreme weather predictions,race,Other,policy_specific_mean,72.85714285714286
Extreme weather predictions,race,Other,trust_multidimensional,64.83333333333333
Extreme weather predictions,race,Other,trust_post,72.0
Extreme weather predictions,race,White / Caucasian,behavior_mean,37.833333333333336
Extreme weather predictions,race,White / Caucasian,belief_post,72.0
Extreme weather predictions,race,White / Caucasian,concern_mean,63.666666666666664
Extreme weather predictions,race,White / Caucasian,distrust_post,28.0
Extreme weather predictions,race,White / Caucasian,donation_ams,1.5
Extreme weather predictions,race,White / Caucasian,funding_perceptions,52.0
Extreme weather predictions,race,White / Caucasian,inst_trust_mean,57.6
Extreme weather predictions,race,White / Caucasian,newsletter_signup,1.7
Extreme weather predictions,race,White / Caucasian,policy_general,70.0
Extreme weather predictions,race,White / Caucasian,policy_role_mean,67.0
Extreme weather predictions,race,White / Caucasian,policy_specific_mean,64.57142857142857
Extreme weather predictions,race,White / Caucasian,trust_multidimensional,65.5
Extreme weather predictions,race,White / Caucasian,trust_post,62.0
Former skeptics,age_band,18-29,behavior_mean,52.166666666666664
Former skeptics,age_band,18-29,belief_post,88.0
Former skeptics,age_band,18-29,concern_mean,78.33333333333333
Former skeptics,age_band,18-29,distrust_post,22.0
Former skeptics,age_band,18-29,donation_ams,1.8
Former skeptics,age_band,18-29,funding_perceptions,68.0
Former skeptics,age_band,18-29,inst_trust_mean,69.8
Former skeptics,age_band,18-29,newsletter_signup,1.3
Former skeptics,age_band,18-29,policy_general,82.0
Former skeptics,age_band,18-29,policy_role_mean,81.25
Former skeptics,age_band,18-29,policy_specific_mean,79.71428571428571
Former skeptics,age_band,18-29,trust_multidimensional,71.66666666666667
Former skeptics,age_band,18-29,trust_post,78.0
Former skeptics,age_band,30-44,behavior_mean,41.833333333333336
Former skeptics,age_band,30-44,belief_post,78.0
Former skeptics,age_band,30-44,concern_mean,68.33333333333333
Former skeptics,age_band,30-44,distrust_post,22.0
Former skeptics,age_band,30-44,donation_ams,1.8
Former skeptics,age_band,30-44,funding_perceptions,58.0
Former skeptics,age_band,30-44,inst_trust_mean,61.0
Former skeptics,age_band,30-44,newsletter_signup,1.75
Former skeptics,age_band,30-44,policy_general,72.0
Former skeptics,age_band,30-44,policy_role_mean,76.75
Former skeptics,age_band,30-44,policy_specific_mean,71.71428571428571
Former skeptics,age_band,30-44,trust_multidimensional,68.75
Former skeptics,age_band,30-44,trust_post,68.0
Former skeptics,age_band,45-59,behavior_mean,35.166666666666664
Former skeptics,age_band,45-59,belief_post,76.0
Former skeptics,age_band,45-59,concern_mean,62.0
Former skeptics,age_band,45-59,distrust_post,28.0
Former skeptics,age_band,45-59,donation_ams,1.8
Former skeptics,age_band,45-59,funding_perceptions,52.0
Former skeptics,age_band,45-59,inst_trust_mean,59.6
Former skeptics,age_band,45-59,newsletter_signup,1.7
Former skeptics,age_band,45-59,policy_general,65.0
Former skeptics,age_band,45-59,policy_role_mean,68.5
Former skeptics,age_band,45-59,policy_specific_mean,65.71428571428571
Former skeptics,age_band,45-59,trust_multidimensional,68.58333333333333
Former skeptics,age_band,45-59,trust_post,68.0
Former skeptics,age_band,60+,behavior_mean,37.5
Former skeptics,age_band,60+,belief_post,65.0
Former skeptics,age_band,60+,concern_mean,59.666666666666664
Former skeptics,age_band,60+,distrust_post,35.0
Former skeptics,age_band,60+,donation_ams,2.1
Former skeptics,age_band,60+,funding_perceptions,42.0
Former skeptics,age_band,60+,inst_trust_mean,60.4
Former skeptics,age_band,60+,newsletter_signup,1.85
Former skeptics,age_band,60+,policy_general,62.0
Former skeptics,age_band,60+,policy_role_mean,69.0
Former skeptics,age_band,60+,policy_specific_mean,62.714285714285715
Former skeptics,age_band,60+,trust_multidimensional,60.25
Former skeptics,age_band,60+,trust_post,60.0
Former skeptics,education,Bachelor's degree,behavior_mean,40.5
Former skeptics,education,Bachelor's degree,belief_post,82.0
Former skeptics,education,Bachelor's degree,concern_mean,72.33333333333333
Former skeptics,education,Bachelor's degree,distrust_post,22.0
Former skeptics,education,Bachelor's degree,donation_ams,2.1
Former skeptics,education,Bachelor's degree,funding_perceptions,65.0
Former skeptics,education,Bachelor's degree,inst_trust_mean,68.2
Former skeptics,education,Bachelor's degree,newsletter_signup,1.7
Former skeptics,education,Bachelor's degree,policy_general,78.0
Former skeptics,education,Bachelor's degree,policy_role_mean,74.25
Former skeptics,education,Bachelor's degree,policy_specific_mean,74.42857142857143
Former skeptics,education,Bachelor's degree,trust_multidimensional,68.08333333333333
Former skeptics,education,Bachelor's degree,trust_post,72.0
Former skeptics,education,Doctorate degree / Ph.D.,behavior_mean,43.333333333333336
Former skeptics,education,Doctorate degree / Ph.D.,belief_post,92.0
Former skeptics,education,Doctorate degree / Ph.D.,concern_mean,77.33333333333333
Former skeptics,education,Doctorate degree / Ph.D.,distrust_post,18.0
Former skeptics,education,Doctorate degree / Ph.D.,donation_ams,3.5
Former skeptics,education,Doctorate degree / Ph.D.,funding_perceptions,65.0
Former skeptics,education,Doctorate degree / Ph.D.,inst_trust_mean,70.4
Former skeptics,education,Doctorate degree / Ph.D.,newsletter_signup,1.45
Former skeptics,education,Doctorate degree / Ph.D.,policy_general,80.0
Former skeptics,education,Doctorate degree / Ph.D.,policy_role_mean,82.0
Former skeptics,education,Doctorate degree / Ph.D.,policy_specific_mean,79.28571428571429
Former skeptics,education,Doctorate degree / Ph.D.,trust_multidimensional,73.75
Former skeptics,education,Doctorate degree / Ph.D.,trust_post,82.0
Former skeptics,education,High school diploma / GED,behavior_mean,35.5
Former skeptics,education,High school diploma / GED,belief_post,70.0
Former skeptics,education,High school diploma / GED,concern_mean,65.0
Former skeptics,education,High school diploma / GED,distrust_post,35.0
Former skeptics,education,High school diploma / GED,donation_ams,1.5
Former skeptics,education,High school diploma / GED,funding_perceptions,55.0
Former skeptics,education,High school diploma / GED,inst_trust_mean,57.6
Former skeptics,education,High school diploma / GED,newsletter_signup,2.0
Former skeptics,education,High school diploma / GED,policy_general,68.0
Former skeptics,education,High school diploma / GED,policy_role_mean,68.75
Former skeptics,education,High school diploma / GED,policy_specific_mean,65.0
Former skeptics,education,High school diploma / GED,trust_multidimensional,63.666666666666664
Former skeptics,education,High school diploma / GED,trust_post,65.0
Former skeptics,education,Less than high school,behavior_mean,23.333333333333332
Former skeptics,education,Less than high school,belief_post,48.0
Former skeptics,education,Less than high school,concern_mean,42.666666666666664
Former skeptics,education,Less than high school,distrust_post,38.0
Former skeptics,education,Less than high school,donation_ams,0.8
Former skeptics,education,Less than high school,funding_perceptions,32.0
Former skeptics,education,Less than high school,inst_trust_mean,43.4
Former skeptics,education,Less than high school,newsletter_signup,1.8
Former skeptics,education,Less than high school,policy_general,52.0
Former skeptics,education,Less than high school,policy_role_mean,55.5
Former skeptics,education,Less than high school,policy_specific_mean,57.142857142857146
Former skeptics,education,Less than high school,trust_multidimensional,50.666666666666664
Former skeptics,education,Less than high school,trust_post,46.0
Former skeptics,education,Master's degree / Professional degree,behavior_mean,44.333333333333336
Former skeptics,education,Master's degree / Professional degree,belief_post,86.0
Former skeptics,education,Master's degree / Professional degree,concern_mean,76.33333333333333
Former skeptics,education,Master's degree / Professional degree,distrust_post,22.0
Former skeptics,education,Master's degree / Professional degree,donation_ams,3.5
Former skeptics,education,Master's degree / Professional degree,funding_perceptions,68.0
Former skeptics,education,Master's degree / Professional degree,inst_trust_mean,71.4
Former skeptics,education,Master's degree / Professional degree,newsletter_signup,1.6
Former skeptics,education,Master's degree / Professional degree,policy_general,81.0
Former skeptics,education,Master's degree / Professional degree,policy_role_mean,79.75
Former skeptics,education,Master's degree / Professional degree,policy_specific_mean,78.14285714285714
Former skeptics,education,Master's degree / Professional degree,trust_multidimensional,72.66666666666667
Former skeptics,education,Master's degree / Professional degree,trust_post,78.0
Former skeptics,education,Some college or Associate's degree,behavior_mean,33.333333333333336
Former skeptics,education,Some college or Associate's degree,belief_post,72.0
Former skeptics,education,Some college or Associate's degree,concern_mean,64.66666666666667
Former skeptics,education,Some college or Associate's degree,distrust_post,26.0
Former skeptics,education,Some college or Associate's degree,donation_ams,2.5
Former skeptics,education,Some college or Associate's degree,funding_perceptions,55.0
Former skeptics,education,Some college or Associate's degree,inst_trust_mean,61.8
Former skeptics,education,Some college or Associate's degree,newsletter_signup,1.8
Former skeptics,education,Some college or Associate's degree,policy_general,66.0
Former skeptics,education,Some college or Associate's degree,policy_role_mean,69.25
Former skeptics,education,Some college or Associate's degree,policy_specific_mean,67.42857142857143
Former skeptics,education,Some college or Associate's degree,trust_multidimensional,64.33333333333333
Former skeptics,education,Some college or Associate's degree,trust_post,64.0
Former skeptics,gender,Female,behavior_mean,46.0
Former skeptics,gender,Female,belief_post,86.0
Former skeptics,gender,Female,concern_mean,79.33333333333333
Former skeptics,gender,Female,distrust_post,22.0
Former skeptics,gender,Female,donation_ams,2.5
Former skeptics,gender,Female,funding_perceptions,65.0
Former skeptics,gender,Female,inst_trust_mean,66.4
Former skeptics,gender,Female,newsletter_signup,1.7
Former skeptics,gender,Female,policy_general,81.0
Former skeptics,gender,Female,policy_role_mean,78.25
Former skeptics,gender,Female,policy_specific_mean,77.14285714285714
Former skeptics,gender,Female,trust_multidimensional,73.16666666666667
Former skeptics,gender,Female,trust_post,74.0
Former skeptics,gender,Male,behavior_mean,33.0
Former skeptics,gender,Male,belief_post,72.0
Former skeptics,gender,Male,concern_mean,64.0
Former skeptics,gender,Male,distrust_post,32.0
Former skeptics,gender,Male,donation_ams,1.5
Former skeptics,gender,Male,funding_perceptions,48.0
Former skeptics,gender,Male,inst_trust_mean,58.8
Former skeptics,gender,Male,newsletter_signup,1.8
Former skeptics,gender,Male,policy_general,61.0
Former skeptics,gender,Male,policy_role_mean,68.0
Former skeptics,gender,Male,policy_specific_mean,65.57142857142857
Former skeptics,gender,Male,trust_multidimensional,64.16666666666667
Former skeptics,gender,Male,trust_post,62.0
Former skeptics,gender,Other,behavior_mean,54.0
Former skeptics,gender,Other,belief_post,88.0
Former skeptics,gender,Other,concern_mean,81.0
Former skeptics,gender,Other,distrust_post,22.0
Former skeptics,gender,Other,donation_ams,2.5
Former skeptics,gender,Other,funding_perceptions,68.0
Former skeptics,gender,Other,inst_trust_mean,65.4
Former skeptics,gender,Other,newsletter_signup,1.4
Former skeptics,gender,Other,policy_general,82.0
Former skeptics,gender,Other,policy_role_mean,78.75
Former skeptics,gender,Other,policy_specific_mean,77.85714285714286
Former skeptics,gender,Other,trust_multidimensional,72.58333333333333
Former skeptics,gender,Other,trust_post,78.0
Former skeptics,income,"$100,000 to $167,999",behavior_mean,36.166666666666664
Former skeptics,income,"$100,000 to $167,999",belief_post,76.0
Former skeptics,income,"$100,000 to $167,999",concern_mean,67.0
Former skeptics,income,"$100,000 to $167,999",distrust_post,24.0
Former skeptics,income,"$100,000 to $167,999",donation_ams,1.85
Former skeptics,income,"$100,000 to $167,999",funding_perceptions,55.0
Former skeptics,income,"$100,000 to $167,999",inst_trust_mean,62.4
Former skeptics,income,"$100,000 to $167,999",newsletter_signup,1.72
Former skeptics,income,"$100,000 to $167,999",policy_general,68.0
Former skeptics,income,"$100,000 to $167,999",policy_role_mean,69.75
Former skeptics,income,"$100,000 to $167,999",policy_specific_mean,64.85714285714286
Former skeptics,income,"$100,000 to $167,999",trust_multidimensional,67.66666666666667
Former skeptics,income,"$100,000 to $167,999",trust_post,67.0
Former skeptics,income,"$168,000 or more",behavior_mean,39.0
Former skeptics,income,"$168,000 or more",belief_post,82.0
Former skeptics,income,"$168,000 or more",concern_mean,64.66666666666667
Former skeptics,income,"$168,000 or more",distrust_post,24.0
Former skeptics,income,"$168,000 or more",donation_ams,2.1
Former skeptics,income,"$168,000 or more",funding_perceptions,48.0
Former skeptics,income,"$168,000 or more",inst_trust_mean,67.0
Former skeptics,income,"$168,000 or more",newsletter_signup,1.75
Former skeptics,income,"$168,000 or more",policy_general,70.0
Former skeptics,income,"$168,000 or more",policy_role_mean,73.0
Former skeptics,income,"$168,000 or more",policy_specific_mean,67.57142857142857
Former skeptics,income,"$168,000 or more",trust_multidimensional,68.83333333333333
Former skeptics,income,"$168,000 or more",trust_post,72.0
Former skeptics,income,"$30,000 to $55,999",behavior_mean,34.833333333333336
Former skeptics,income,"$30,000 to $55,999",belief_post,71.0
Former skeptics,income,"$30,000 to $55,999",concern_mean,62.333333333333336
Former skeptics,income,"$30,000 to $55,999",distrust_post,28.0
Former skeptics,income,"$30,000 to $55,999",donation_ams,1.5
Former skeptics,income,"$30,000 to $55,999",funding_perceptions,55.0
Former skeptics,income,"$30,000 to $55,999",inst_trust_mean,59.0
Former skeptics,income,"$30,000 to $55,999",newsletter_signup,1.7
Former skeptics,income,"$30,000 to $55,999",policy_general,66.0
Former skeptics,income,"$30,000 to $55,999",policy_role_mean,70.5
Former skeptics,income,"$30,000 to $55,999",policy_specific_mean,67.71428571428571
Former skeptics,income,"$30,000 to $55,999",trust_multidimensional,62.583333333333336
Former skeptics,income,"$30,000 to $55,999",trust_post,61.0
Former skeptics,income,"$56,000 to $99,999",behavior_mean,38.333333333333336
Former skeptics,income,"$56,000 to $99,999",belief_post,75.0
Former skeptics,income,"$56,000 to $99,999",concern_mean,63.333333333333336
Former skeptics,income,"$56,000 to $99,999",distrust_post,25.0
Former skeptics,income,"$56,000 to $99,999",donation_ams,1.5
Former skeptics,income,"$56,000 to $99,999",funding_perceptions,58.0
Former skeptics,income,"$56,000 to $99,999",inst_trust_mean,64.2
Former skeptics,income,"$56,000 to $99,999",newsletter_signup,1.4
Former skeptics,income,"$56,000 to $99,999",policy_general,72.0
Former skeptics,income,"$56,000 to $99,999",policy_role_mean,70.0
Former skeptics,income,"$56,000 to $99,999",policy_specific_mean,70.28571428571429
Former skeptics,income,"$56,000 to $99,999",trust_multidimensional,67.33333333333333
Former skeptics,income,"$56,000 to $99,999",trust_post,68.0
Former skeptics,income,"Less than $30,000",behavior_mean,34.333333333333336
Former skeptics,income,"Less than $30,000",belief_post,68.0
Former skeptics,income,"Less than $30,000",concern_mean,57.666666666666664
Former skeptics,income,"Less than $30,000",distrust_post,22.0
Former skeptics,income,"Less than $30,000",donation_ams,1.2
Former skeptics,income,"Less than $30,000",funding_perceptions,52.0
Former skeptics,income,"Less than $30,000",inst_trust_mean,52.2
Former skeptics,income,"Less than $30,000",newsletter_signup,1.7
Former skeptics,income,"Less than $30,000",policy_general,65.0
Former skeptics,income,"Less than $30,000",policy_role_mean,66.75
Former skeptics,income,"Less than $30,000",policy_specific_mean,63.0
Former skeptics,income,"Less than $30,000",trust_multidimensional,60.5
Former skeptics,income,"Less than $30,000",trust_post,58.0
Former skeptics,party,Democrat,behavior_mean,51.666666666666664
Former skeptics,party,Democrat,belief_post,92.0
Former skeptics,party,Democrat,concern_mean,77.33333333333333
Former skeptics,party,Democrat,distrust_post,18.0
Former skeptics,party,Democrat,donation_ams,2.5
Former skeptics,party,Democrat,funding_perceptions,70.0
Former skeptics,party,Democrat,inst_trust_mean,72.2
Former skeptics,party,Democrat,newsletter_signup,1.4
Former skeptics,party,Democrat,policy_general,88.0
Former skeptics,party,Democrat,policy_role_mean,81.5
Former skeptics,party,Democrat,policy_specific_mean,77.14285714285714
Former skeptics,party,Democrat,trust_multidimensional,75.66666666666667
Former skeptics,party,Democrat,trust_post,82.0
Former skeptics,party,Independent,behavior_mean,34.333333333333336
Former skeptics,party,Independent,belief_post,78.0
Former skeptics,party,Independent,concern_mean,64.33333333333333
Former skeptics,party,Independent,distrust_post,32.0
Former skeptics,party,Independent,donation_ams,2.1
Former skeptics,party,Independent,funding_perceptions,48.0
Former skeptics,party,Independent,inst_trust_mean,58.2
Former skeptics,party,Independent,newsletter_signup,1.8
Former skeptics,party,Independent,policy_general,68.0
Former skeptics,party,Independent,policy_role_mean,68.5
Former skeptics,party,Independent,policy_specific_mean,63.285714285714285
Former skeptics,party,Independent,trust_multidimensional,63.916666666666664
Former skeptics,party,Independent,trust_post,66.0
Former skeptics,party,Other,behavior_mean,37.0
Former skeptics,party,Other,belief_post,78.0
Former skeptics,party,Other,concern_mean,69.33333333333333
Former skeptics,party,Other,distrust_post,25.0
Former skeptics,party,Other,donation_ams,2.5
Former skeptics,party,Other,funding_perceptions,65.0
Former skeptics,party,Other,inst_trust_mean,63.8
Former skeptics,party,Other,newsletter_signup,1.4
Former skeptics,party,Other,policy_general,68.0
Former skeptics,party,Other,policy_role_mean,72.0
Former skeptics,party,Other,policy_specific_mean,71.0
Former skeptics,party,Other,trust_multidimensional,68.33333333333333
Former skeptics,party,Other,trust_post,72.0
Former skeptics,party,Republican,behavior_mean,23.333333333333332
Former skeptics,party,Republican,belief_post,46.0
Former skeptics,party,Republican,concern_mean,37.333333333333336
Former skeptics,party,Republican,distrust_post,51.0
Former skeptics,party,Republican,donation_ams,1.2
Former skeptics,party,Republican,funding_perceptions,32.0
Former skeptics,party,Republican,inst_trust_mean,48.8
Former skeptics,party,Republican,newsletter_signup,1.8
Former skeptics,party,Republican,policy_general,44.0
Former skeptics,party,Republican,policy_role_mean,52.5
Former skeptics,party,Republican,policy_specific_mean,51.42857142857143
Former skeptics,party,Republican,trust_multidimensional,48.666666666666664
Former skeptics,party,Republican,trust_post,42.0
Former skeptics,race,Asian / Asian American,behavior_mean,43.0
Former skeptics,race,Asian / Asian American,belief_post,82.0
Former skeptics,race,Asian / Asian American,concern_mean,72.0
Former skeptics,race,Asian / Asian American,distrust_post,26.0
Former skeptics,race,Asian / Asian American,donation_ams,2.5
Former skeptics,race,Asian / Asian American,funding_perceptions,65.0
Former skeptics,race,Asian / Asian American,inst_trust_mean,67.8
Former skeptics,race,Asian / Asian American,newsletter_signup,1.4
Former skeptics,race,Asian / Asian American,policy_general,78.0
Former skeptics,race,Asian / Asian American,policy_role_mean,76.5
Former skeptics,race,Asian / Asian American,policy_specific_mean,75.57142857142857
Former skeptics,race,Asian / Asian American,trust_multidimensional,69.5
Former skeptics,race,Asian / Asian American,trust_post,74.0
Former skeptics,race,Black / African American,behavior_mean,41.5
Former skeptics,race,Black / African American,belief_post,76.0
Former skeptics,race,Black / African American,concern_mean,70.33333333333333
Former skeptics,race,Black / African American,distrust_post,24.0
Former skeptics,race,Black / African American,donation_ams,1.5
Former skeptics,race,Black / African American,funding_perceptions,65.0
Former skeptics,race,Black / African American,inst_trust_mean,66.8
Former skeptics,race,Black / African American,newsletter_signup,1.75
Former skeptics,race,Black / African American,policy_general,78.0
Former skeptics,race,Black / African American,policy_role_mean,74.5
Former skeptics,race,Black / African American,policy_specific_mean,74.71428571428571
Former skeptics,race,Black / African American,trust_multidimensional,66.16666666666667
Former skeptics,race,Black / African American,trust_post,72.0
Former skeptics,race,Hispanic / Latino,behavior_mean,36.5
Former skeptics,race,Hispanic / Latino,belief_post,76.0
Former skeptics,race,Hispanic / Latino,concern_mean,67.66666666666667
Former skeptics,race,Hispanic / Latino,distrust_post,28.0
Former skeptics,race,Hispanic / Latino,donation_ams,1.5
Former skeptics,race,Hispanic / Latino,funding_perceptions,65.0
Former skeptics,race,Hispanic / Latino,inst_trust_mean,62.6
Former skeptics,race,Hispanic / Latino,newsletter_signup,2.0
Former skeptics,race,Hispanic / Latino,policy_general,74.0
Former skeptics,race,Hispanic / Latino,policy_role_mean,70.25
Former skeptics,race,Hispanic / Latino,policy_specific_mean,70.57142857142857
Former skeptics,race,Hispanic / Latino,trust_multidimensional,68.0
Former skeptics,race,Hispanic / Latino,trust_post,68.0
Former skeptics,race,Other,behavior_mean,43.333333333333336
Former skeptics,race,Other,belief_post,82.0
Former skeptics,race,Other,concern_mean,76.66666666666667
Former skeptics,race,Other,distrust_post,22.0
Former skeptics,race,Other,donation_ams,2.4
Former skeptics,race,Other,funding_perceptions,68.0
Former skeptics,race,Other,inst_trust_mean,69.4
Former skeptics,race,Other,newsletter_signup,1.6
Former skeptics,race,Other,policy_general,80.0
Former skeptics,race,Other,policy_role_mean,76.5
Former skeptics,race,Other,policy_specific_mean,77.71428571428571
Former skeptics,race,Other,trust_multidimensional,71.75
Former skeptics,race,Other,trust_post,75.0
Former skeptics,race,White / Caucasian,behavior_mean,33.333333333333336
Former skeptics,race,White / Caucasian,belief_post,72.0
Former skeptics,race,White / Caucasian,concern_mean,62.666666666666664
Former skeptics,race,White / Caucasian,distrust_post,32.0
Former skeptics,race,White / Caucasian,donation_ams,1.5
Former skeptics,race,White / Caucasian,funding_perceptions,49.0
Former skeptics,race,White / Caucasian,inst_trust_mean,60.2
Former skeptics,race,White / Caucasian,newsletter_signup,1.8
Former skeptics,race,White / Caucasian,policy_general,68.0
Former skeptics,race,White / Caucasian,policy_role_mean,67.5
Former skeptics,race,White / Caucasian,policy_specific_mean,63.714285714285715
Former skeptics,race,White / Caucasian,trust_multidimensional,63.666666666666664
Former skeptics,race,White / Caucasian,trust_post,64.0
Funding,age_band,18-29,behavior_mean,44.833333333333336
Funding,age_band,18-29,belief_post,85.0
Funding,age_band,18-29,concern_mean,76.0
Funding,age_band,18-29,distrust_post,25.0
Funding,age_band,18-29,donation_ams,1.5
Funding,age_band,18-29,funding_perceptions,65.0
Funding,age_band,18-29,inst_trust_mean,59.6
Funding,age_band,18-29,newsletter_signup,1.7
Funding,age_band,18-29,policy_general,82.0
Funding,age_band,18-29,policy_role_mean,77.5
Funding,age_band,18-29,policy_specific_mean,77.28571428571429
Funding,age_band,18-29,trust_multidimensional,67.08333333333333
Funding,age_band,18-29,trust_post,75.0
Funding,age_band,30-44,behavior_mean,41.833333333333336
Funding,age_band,30-44,belief_post,82.0
Funding,age_band,30-44,concern_mean,70.66666666666667
Funding,age_band,30-44,distrust_post,28.0
Funding,age_band,30-44,donation_ams,1.5
Funding,age_band,30-44,funding_perceptions,65.0
Funding,age_band,30-44,inst_trust_mean,60.2
Funding,age_band,30-44,newsletter_signup,1.6
Funding,age_band,30-44,policy_general,76.0
Funding,age_band,30-44,policy_role_mean,75.75
Funding,age_band,30-44,policy_specific_mean,75.85714285714286
Funding,age_band,30-44,trust_multidimensional,64.66666666666667
Funding,age_band,30-44,trust_post,66.0
Funding,age_band,45-59,behavior_mean,33.833333333333336
Funding,age_band,45-59,belief_post,70.0
Funding,age_band,45-59,concern_mean,63.333333333333336
Funding,age_band,45-59,distrust_post,32.0
Funding,age_band,45-59,donation_ams,1.2
Funding,age_band,45-59,funding_perceptions,42.0
Funding,age_band,45-59,inst_trust_mean,60.4
Funding,age_band,45-59,newsletter_signup,1.7
Funding,age_band,45-59,policy_general,68.0
Funding,age_band,45-59,policy_role_mean,69.0
Funding,age_band,45-59,policy_specific_mean,65.14285714285714
Funding,age_band,45-59,trust_multidimensional,62.166666666666664
Funding,age_band,45-59,trust_post,62.0
Funding,age_band,60+,behavior_mean,30.5
Funding,age_band,60+,belief_post,65.0
Funding,age_band,60+,concern_mean,56.666666666666664
Funding,age_band,60+,distrust_post,35.0
Funding,age_band,60+,donation_ams,1.5
Funding,age_band,60+,funding_perceptions,45.0
Funding,age_band,60+,inst_trust_mean,55.8
Funding,age_band,60+,newsletter_signup,1.8
Funding,age_band,60+,policy_general,62.0
Funding,age_band,60+,policy_role_mean,65.75
Funding,age_band,60+,policy_specific_mean,62.142857142857146
Funding,age_band,60+,trust_multidimensional,55.916666666666664
Funding,age_band,60+,trust_post,60.0
Funding,education,Bachelor's degree,behavior_mean,43.5
Funding,education,Bachelor's degree,belief_post,82.0
Funding,education,Bachelor's degree,concern_mean,72.0
Funding,education,Bachelor's degree,distrust_post,25.0
Funding,education,Bachelor's degree,donation_ams,2.1
Funding,education,Bachelor's degree,funding_perceptions,65.0
Funding,education,Bachelor's degree,inst_trust_mean,65.4
Funding,education,Bachelor's degree,newsletter_signup,1.7
Funding,education,Bachelor's degree,policy_general,78.0
Funding,education,Bachelor's degree,policy_role_mean,76.5
Funding,education,Bachelor's degree,policy_specific_mean,75.42857142857143
Funding,education,Bachelor's degree,trust_multidimensional,67.33333333333333
Funding,education,Bachelor's degree,trust_post,72.0
Funding,education,Doctorate degree / Ph.D.,behavior_mean,51.666666666666664
Funding,education,Doctorate degree / Ph.D.,belief_post,92.0
Funding,education,Doctorate degree / Ph.D.,concern_mean,80.33333333333333
Funding,education,Doctorate degree / Ph.D.,distrust_post,18.0
Funding,education,Doctorate degree / Ph.D.,donation_ams,3.5
Funding,education,Doctorate degree / Ph.D.,funding_perceptions,68.0
Funding,education,Doctorate degree / Ph.D.,inst_trust_mean,73.0
Funding,education,Doctorate degree / Ph.D.,newsletter_signup,1.6
Funding,education,Doctorate degree / Ph.D.,policy_general,86.0
Funding,education,Doctorate degree / Ph.D.,policy_role_mean,81.25
Funding,education,Doctorate degree / Ph.D.,policy_specific_mean,80.85714285714286
Funding,education,Doctorate degree / Ph.D.,trust_multidimensional,76.0
Funding,education,Doctorate degree / Ph.D.,trust_post,82.0
Funding,education,High school diploma / GED,behavior_mean,32.0
Funding,education,High school diploma / GED,belief_post,62.0
Funding,education,High school diploma / GED,concern_mean,56.0
Funding,education,High school diploma / GED,distrust_post,32.0
Funding,education,High school diploma / GED,donation_ams,1.2
Funding,education,High school diploma / GED,funding_perceptions,44.0
Funding,education,High school diploma / GED,inst_trust_mean,54.0
Funding,education,High school diploma / GED,newsletter_signup,1.8
Funding,education,High school diploma / GED,policy_general,58.0
Funding,education,High school diploma / GED,policy_role_mean,61.75
Funding,education,High school diploma / GED,policy_specific_mean,61.142857142857146
Funding,education,High school diploma / GED,trust_multidimensional,55.583333333333336
Funding,education,High school diploma / GED,trust_post,54.0
Funding,education,Less than high school,behavior_mean,21.666666666666668
Funding,education,Less than high school,belief_post,55.0
Funding,education,Less than high school,concern_mean,38.333333333333336
Funding,education,Less than high school,distrust_post,45.0
Funding,education,Less than high school,donation_ams,0.5
Funding,education,Less than high school,funding_perceptions,40.0
Funding,education,Less than high school,inst_trust_mean,41.0
Funding,education,Less than high school,newsletter_signup,1.8
Funding,education,Less than high school,policy_general,50.0
Funding,education,Less than high school,policy_role_mean,52.5
Funding,education,Less than high school,policy_specific_mean,56.42857142857143
Funding,education,Less than high school,trust_multidimensional,45.416666666666664
Funding,education,Less than high school,trust_post,42.0
Funding,education,Master's degree / Professional degree,behavior_mean,45.5
Funding,education,Master's degree / Professional degree,belief_post,88.0
Funding,education,Master's degree / Professional degree,concern_mean,72.66666666666667
Funding,education,Master's degree / Professional degree,distrust_post,22.0
Funding,education,Master's degree / Professional degree,donation_ams,2.5
Funding,education,Master's degree / Professional degree,funding_perceptions,65.0
Funding,education,Master's degree / Professional degree,inst_trust_mean,69.0
Funding,education,Master's degree / Professional degree,newsletter_signup,1.4
Funding,education,Master's degree / Professional degree,policy_general,78.0
Funding,education,Master's degree / Professional degree,policy_role_mean,75.75
Funding,education,Master's degree / Professional degree,policy_specific_mean,77.0
Funding,education,Master's degree / Professional degree,trust_multidimensional,70.0
Funding,education,Master's degree / Professional degree,trust_post,76.0
Funding,education,Some college or Associate's degree,behavior_mean,36.0
Funding,education,Some college or Associate's degree,belief_post,68.0
Funding,education,Some college or Associate's degree,concern_mean,63.0
Funding,education,Some college or Associate's degree,distrust_post,28.0
Funding,education,Some college or Associate's degree,donation_ams,1.2
Funding,education,Some college or Associate's degree,funding_perceptions,48.0
Funding,education,Some college or Associate's degree,inst_trust_mean,61.6
Funding,education,Some college or Associate's degree,newsletter_signup,1.8
Funding,education,Some college or Associate's degree,policy_general,65.0
Funding,education,Some college or Associate's degree,policy_role_mean,68.75
Funding,education,Some college or Associate's degree,policy_specific_mean,69.14285714285714
Funding,education,Some college or Associate's degree,trust_multidimensional,62.25
Funding,education,Some college or Associate's degree,trust_post,62.0
Funding,gender,Female,behavior_mean,44.166666666666664
Funding,gender,Female,belief_post,82.0
Funding,gender,Female,concern_mean,73.66666666666667
Funding,gender,Female,distrust_post,24.0
Funding,gender,Female,donation_ams,2.1
Funding,gender,Female,funding_perceptions,62.0
Funding,gender,Female,inst_trust_mean,64.0
Funding,gender,Female,newsletter_signup,1.7
Funding,gender,Female,policy_general,76.0
Funding,gender,Female,policy_role_mean,76.25
Funding,gender,Female,policy_specific_mean,77.71428571428571
Funding,gender,Female,trust_multidimensional,66.16666666666667
Funding,gender,Female,trust_post,72.0
Funding,gender,Male,behavior_mean,34.5
Funding,gender,Male,belief_post,72.0
Funding,gender,Male,concern_mean,61.666666666666664
Funding,gender,Male,distrust_post,32.0
Funding,gender,Male,donation_ams,1.1
Funding,gender,Male,funding_perceptions,52.0
Funding,gender,Male,inst_trust_mean,60.2
Funding,gender,Male,newsletter_signup,1.8
Funding,gender,Male,policy_general,64.0
Funding,gender,Male,policy_role_mean,67.25
Funding,gender,Male,policy_specific_mean,65.71428571428571
Funding,gender,Male,trust_multidimensional,61.416666666666664
Funding,gender,Male,trust_post,62.0
Funding,gender,Other,behavior_mean,51.666666666666664
Funding,gender,Other,belief_post,90.0
Funding,gender,Other,concern_mean,80.0
Funding,gender,Other,distrust_post,20.0
Funding,gender,Other,donation_ams,3.5
Funding,gender,Other,funding_perceptions,65.0
Funding,gender,Other,inst_trust_mean,63.6
Funding,gender,Other,newsletter_signup,1.3
Funding,gender,Other,policy_general,85.0
Funding,gender,Other,policy_role_mean,77.75
Funding,gender,Other,policy_specific_mean,83.42857142857143
Funding,gender,Other,trust_multidimensional,74.75
Funding,gender,Other,trust_post,80.0
Funding,income,"$100,000 to $167,999",behavior_mean,36.166666666666664
Funding,income,"$100,000 to $167,999",belief_post,82.0
Funding,income,"$100,000 to $167,999",concern_mean,70.0
Funding,income,"$100,000 to $167,999",distrust_post,32.0
Funding,income,"$100,000 to $167,999",donation_ams,1.5
Funding,income,"$100,000 to $167,999",funding_perceptions,55.0
Funding,income,"$100,000 to $167,999",inst_trust_mean,64.4
Funding,income,"$100,000 to $167,999",newsletter_signup,1.7
Funding,income,"$100,000 to $167,999",policy_general,72.0
Funding,income,"$100,000 to $167,999",policy_role_mean,72.25
Funding,income,"$100,000 to $167,999",policy_specific_mean,71.85714285714286
Funding,income,"$100,000 to $167,999",trust_multidimensional,66.91666666666667
Funding,income,"$100,000 to $167,999",trust_post,68.0
Funding,income,"$168,000 or more",behavior_mean,46.0
Funding,income,"$168,000 or more",belief_post,81.0
Funding,income,"$168,000 or more",concern_mean,75.0
Funding,income,"$168,000 or more",distrust_post,25.0
Funding,income,"$168,000 or more",donation_ams,2.5
Funding,income,"$168,000 or more",funding_perceptions,42.0
Funding,income,"$168,000 or more",inst_trust_mean,66.6
Funding,income,"$168,000 or more",newsletter_signup,1.6
Funding,income,"$168,000 or more",policy_general,74.0
Funding,income,"$168,000 or more",policy_role_mean,73.5
Funding,income,"$168,000 or more",policy_specific_mean,69.71428571428571
Funding,income,"$168,000 or more",trust_multidimensional,67.66666666666667
Funding,income,"$168,000 or more",trust_post,72.0
Funding,income,"$30,000 to $55,999",behavior_mean,34.5
Funding,income,"$30,000 to $55,999",belief_post,68.0
Funding,income,"$30,000 to $55,999",concern_mean,63.666666666666664
Funding,income,"$30,000 to $55,999",distrust_post,32.0
Funding,income,"$30,000 to $55,999",donation_ams,1.45
Funding,income,"$30,000 to $55,999",funding_perceptions,48.0
Funding,income,"$30,000 to $55,999",inst_trust_mean,58.8
Funding,income,"$30,000 to $55,999",newsletter_signup,1.72
Funding,income,"$30,000 to $55,999",policy_general,64.0
Funding,income,"$30,000 to $55,999",policy_role_mean,71.0
Funding,income,"$30,000 to $55,999",policy_specific_mean,66.14285714285714
Funding,income,"$30,000 to $55,999",trust_multidimensional,60.625
Funding,income,"$30,000 to $55,999",trust_post,61.0
Funding,income,"$56,000 to $99,999",behavior_mean,39.666666666666664
Funding,income,"$56,000 to $99,999",belief_post,72.0
Funding,income,"$56,000 to $99,999",concern_mean,65.66666666666667
Funding,income,"$56,000 to $99,999",distrust_post,32.0
Funding,income,"$56,000 to $99,999",donation_ams,1.5
Funding,income,"$56,000 to $99,999",funding_perceptions,52.0
Funding,income,"$56,000 to $99,999",inst_trust_mean,58.8
Funding,income,"$56,000 to $99,999",newsletter_signup,1.7
Funding,income,"$56,000 to $99,999",policy_general,68.0
Funding,income,"$56,000 to $99,999",policy_role_mean,70.0
Funding,income,"$56,000 to $99,999",policy_specific_mean,67.71428571428571
Funding,income,"$56,000 to $99,999",trust_multidimensional,62.083333333333336
Funding,income,"$56,000 to $99,999",trust_post,62.0
Funding,income,"Less than $30,000",behavior_mean,33.333333333333336
Funding,income,"Less than $30,000",belief_post,68.0
Funding,income,"Less than $30,000",concern_mean,60.333333333333336
Funding,income,"Less than $30,000",distrust_post,32.0
Funding,income,"Less than $30,000",donation_ams,0.8
Funding,income,"Less than $30,000",funding_perceptions,48.0
Funding,income,"Less than $30,000",inst_trust_mean,50.2
Funding,income,"Less than $30,000",newsletter_signup,1.7
Funding,income,"Less than $30,000",policy_general,65.0
Funding,income,"Less than $30,000",policy_role_mean,68.25
Funding,income,"Less than $30,000",policy_specific_mean,68.42857142857143
Funding,income,"Less than $30,000",trust_multidimensional,55.166666666666664
Funding,income,"Less than $30,000",trust_post,58.0
Funding,party,Democrat,behavior_mean,45.333333333333336
Funding,party,Democrat,belief_post,92.0
Funding,party,Democrat,concern_mean,75.66666666666667
Funding,party,Democrat,distrust_post,18.0
Funding,party,Democrat,donation_ams,1.5
Funding,party,Democrat,funding_perceptions,70.0
Funding,party,Democrat,inst_trust_mean,69.6
Funding,party,Democrat,newsletter_signup,1.4
Funding,party,Democrat,policy_general,88.0
Funding,party,Democrat,policy_role_mean,80.0
Funding,party,Democrat,policy_specific_mean,80.42857142857143
Funding,party,Democrat,trust_multidimensional,72.91666666666667
Funding,party,Democrat,trust_post,82.0
Funding,party,Independent,behavior_mean,32.666666666666664
Funding,party,Independent,belief_post,68.0
Funding,party,Independent,concern_mean,59.333333333333336
Funding,party,Independent,distrust_post,32.0
Funding,party,Independent,donation_ams,1.2
Funding,party,Independent,funding_perceptions,48.0
Funding,party,Independent,inst_trust_mean,53.4
Funding,party,Independent,newsletter_signup,1.85
Funding,party,Independent,policy_general,65.0
Funding,party,Independent,policy_role_mean,64.75
Funding,party,Independent,policy_specific_mean,66.28571428571429
Funding,party,Independent,trust_multidimensional,60.833333333333336
Funding,party,Independent,trust_post,61.0
Funding,party,Other,behavior_mean,40.666666666666664
Funding,party,Other,belief_post,78.0
Funding,party,Other,concern_mean,69.66666666666667
Funding,party,Other,distrust_post,30.0
Funding,party,Other,donation_ams,2.1
Funding,party,Other,funding_perceptions,55.0
Funding,party,Other,inst_trust_mean,60.8
Funding,party,Other,newsletter_signup,1.7
Funding,party,Other,policy_general,72.0
Funding,party,Other,policy_role_mean,67.5
Funding,party,Other,policy_specific_mean,70.57142857142857
Funding,party,Other,trust_multidimensional,64.5
Funding,party,Other,trust_post,62.0
Funding,party,Republican,behavior_mean,25.833333333333332
Funding,party,Republican,belief_post,42.0
Funding,party,Republican,concern_mean,36.0
Funding,party,Republican,distrust_post,58.0
Funding,party,Republican,donation_ams,0.6
Funding,party,Republican,funding_perceptions,25.0
Funding,party,Republican,inst_trust_mean,45.2
Funding,party,Republican,newsletter_signup,1.9
Funding,party,Republican,policy_general,38.0
Funding,party,Republican,policy_role_mean,48.25
Funding,party,Republican,policy_specific_mean,53.285714285714285
Funding,party,Republican,trust_multidimensional,49.75
Funding,party,Republican,trust_post,35.0
Funding,race,Asian / Asian American,behavior_mean,44.666666666666664
Funding,race,Asian / Asian American,belief_post,82.0
Funding,race,Asian / Asian American,concern_mean,72.0
Funding,race,Asian / Asian American,distrust_post,25.0
Funding,race,Asian / Asian American,donation_ams,2.1
Funding,race,Asian / Asian American,funding_perceptions,65.0
Funding,race,Asian / Asian American,inst_trust_mean,65.2
Funding,race,Asian / Asian American,newsletter_signup,1.7
Funding,race,Asian / Asian American,policy_general,78.0
Funding,race,Asian / Asian American,policy_role_mean,76.0
Funding,race,Asian / Asian American,policy_specific_mean,74.28571428571429
Funding,race,Asian / Asian American,trust_multidimensional,67.5
Funding,race,Asian / Asian American,trust_post,72.0
Funding,race,Black / African American,behavior_mean,40.28333333333333
Funding,race,Black / African American,belief_post,81.3
Funding,race,Black / African American,concern_mean,72.33333333333333
Funding,race,Black / African American,distrust_post,24.8
Funding,race,Black / African American,donation_ams,1.45
Funding,race,Black / African American,funding_perceptions,67.4
Funding,race,Black / African American,inst_trust_mean,62.160000000000004
Funding,race,Black / African American,newsletter_signup,1.72
Funding,race,Black / African American,policy_general,83.7
Funding,race,Black / African American,policy_role_mean,76.975
Funding,race,Black / African American,policy_specific_mean,76.54285714285713
Funding,race,Black / African American,trust_multidimensional,65.61666666666666
Funding,race,Black / African American,trust_post,72.4
Funding,race,Hispanic / Latino,behavior_mean,37.6
Funding,race,Hispanic / Latino,belief_post,79.2
Funding,race,Hispanic / Latino,concern_mean,71.39999999999999
Funding,race,Hispanic / Latino,distrust_post,24.8
Funding,race,Hispanic / Latino,donation_ams,1.45
Funding,race,Hispanic / Latino,funding_perceptions,61.6
Funding,race,Hispanic / Latino,inst_trust_mean,61.239999999999995
Funding,race,Hispanic / Latino,newsletter_signup,1.72
Funding,race,Hispanic / Latino,policy_general,76.5
Funding,race,Hispanic / Latino,policy_role_mean,75.6
Funding,race,Hispanic / Latino,policy_specific_mean,73.44285714285715
Funding,race,Hispanic / Latino,trust_multidimensional,62.85
Funding,race,Hispanic / Latino,trust_post,66.1
Funding,race,Other,behavior_mean,42.9
Funding,race,Other,belief_post,82.3
Funding,race,Other,concern_mean,72.8
Funding,race,Other,distrust_post,28.1
Funding,race,Other,donation_ams,1.75
Funding,race,Other,funding_perceptions,65.2
Funding,race,Other,inst_trust_mean,62.88000000000001
Funding,race,Other,newsletter_signup,1.68
Funding,race,Other,policy_general,81.1
Funding,race,Other,policy_role_mean,69.125
Funding,race,Other,policy_specific_mean,73.37142857142858
Funding,race,Other,trust_multidimensional,63.125
Funding,race,Other,trust_post,67.5
Funding,race,White / Caucasian,behavior_mean,31.833333333333332
Funding,race,White / Caucasian,belief_post,68.0
Funding,race,White / Caucasian,concern_mean,58.333333333333336
Funding,race,White / Caucasian,distrust_post,31.0
Funding,race,White / Caucasian,donation_ams,1.5
Funding,race,White / Caucasian,funding_perceptions,48.0
Funding,race,White / Caucasian,inst_trust_mean,54.2
Funding,race,White / Caucasian,newsletter_signup,1.7
Funding,race,White / Caucasian,policy_general,64.0
Funding,race,White / Caucasian,policy_role_mean,68.0
Funding,race,White / Caucasian,policy_specific_mean,66.14285714285714
Funding,race,White / Caucasian,trust_multidimensional,63.833333333333336
Funding,race,White / Caucasian,trust_post,62.0
High public trust,age_band,18-29,behavior_mean,46.0
High public trust,age_band,18-29,belief_post,88.0
High public trust,age_band,18-29,concern_mean,76.33333333333333
High public trust,age_band,18-29,distrust_post,22.0
High public trust,age_band,18-29,donation_ams,1.8
High public trust,age_band,18-29,funding_perceptions,68.0
High public trust,age_band,18-29,inst_trust_mean,68.4
High public trust,age_band,18-29,newsletter_signup,1.6
High public trust,age_band,18-29,policy_general,82.0
High public trust,age_band,18-29,policy_role_mean,79.25
High public trust,age_band,18-29,policy_specific_mean,78.0
High public trust,age_band,18-29,trust_multidimensional,72.5
High public trust,age_band,18-29,trust_post,78.0
High public trust,age_band,30-44,behavior_mean,43.166666666666664
High public trust,age_band,30-44,belief_post,82.0
High public trust,age_band,30-44,concern_mean,69.33333333333333
High public trust,age_band,30-44,distrust_post,25.0
High public trust,age_band,30-44,donation_ams,1.5
High public trust,age_band,30-44,funding_perceptions,60.0
High public trust,age_band,30-44,inst_trust_mean,60.2
High public trust,age_band,30-44,newsletter_signup,1.7
High public trust,age_band,30-44,policy_general,78.0
High public trust,age_band,30-44,policy_role_mean,76.0
High public trust,age_band,30-44,policy_specific_mean,73.0
High public trust,age_band,30-44,trust_multidimensional,68.91666666666667
High public trust,age_band,30-44,trust_post,72.0
High public trust,age_band,45-59,behavior_mean,32.166666666666664
High public trust,age_band,45-59,belief_post,67.0
High public trust,age_band,45-59,concern_mean,59.333333333333336
High public trust,age_band,45-59,distrust_post,28.0
High public trust,age_band,45-59,donation_ams,1.8
High public trust,age_band,45-59,funding_perceptions,52.0
High public trust,age_band,45-59,inst_trust_mean,57.2
High public trust,age_band,45-59,newsletter_signup,1.7
High public trust,age_band,45-59,policy_general,63.0
High public trust,age_band,45-59,policy_role_mean,68.25
High public trust,age_band,45-59,policy_specific_mean,63.857142857142854
High public trust,age_band,45-59,trust_multidimensional,63.333333333333336
High public trust,age_band,45-59,trust_post,68.0
High public trust,age_band,60+,behavior_mean,32.333333333333336
High public trust,age_band,60+,belief_post,66.0
High public trust,age_band,60+,concern_mean,56.666666666666664
High public trust,age_band,60+,distrust_post,31.0
High public trust,age_band,60+,donation_ams,1.2
High public trust,age_band,60+,funding_perceptions,44.0
High public trust,age_band,60+,inst_trust_mean,57.4
High public trust,age_band,60+,newsletter_signup,1.8
High public trust,age_band,60+,policy_general,58.0
High public trust,age_band,60+,policy_role_mean,63.0
High public trust,age_band,60+,policy_specific_mean,61.285714285714285
High public trust,age_band,60+,trust_multidimensional,60.583333333333336
High public trust,age_band,60+,trust_post,64.0
High public trust,education,Bachelor's degree,behavior_mean,41.5
High public trust,education,Bachelor's degree,belief_post,88.0
High public trust,education,Bachelor's degree,concern_mean,74.33333333333333
High public trust,education,Bachelor's degree,distrust_post,18.0
High public trust,education,Bachelor's degree,donation_ams,2.15
High public trust,education,Bachelor's degree,funding_perceptions,68.0
High public trust,education,Bachelor's degree,inst_trust_mean,66.4
High public trust,education,Bachelor's degree,newsletter_signup,1.65
High public trust,education,Bachelor's degree,policy_general,82.0
High public trust,education,Bachelor's degree,policy_role_mean,77.0
High public trust,education,Bachelor's degree,policy_specific_mean,76.0
High public trust,education,Bachelor's degree,trust_multidimensional,72.83333333333333
High public trust,education,Bachelor's degree,trust_post,78.0
High public trust,education,Doctorate degree / Ph.D.,behavior_mean,49.666666666666664
High public trust,education,Doctorate degree / Ph.D.,belief_post,94.0
High public trust,education,Doctorate degree / Ph.D.,concern_mean,79.33333333333333
High public trust,education,Doctorate degree / Ph.D.,distrust_post,18.0
High public trust,education,Doctorate degree / Ph.D.,donation_ams,3.5
High public trust,education,Doctorate degree / Ph.D.,funding_perceptions,68.0
High public trust,education,Doctorate degree / Ph.D.,inst_trust_mean,72.2
High public trust,education,Doctorate degree / Ph.D.,newsletter_signup,1.35
High public trust,education,Doctorate degree / Ph.D.,policy_general,86.0
High public trust,education,Doctorate degree / Ph.D.,policy_role_mean,82.25
High public trust,education,Doctorate degree / Ph.D.,policy_specific_mean,82.14285714285714
High public trust,education,Doctorate degree / Ph.D.,trust_multidimensional,75.5
High public trust,education,Doctorate degree / Ph.D.,trust_post,82.0
High public trust,education,High school diploma / GED,behavior_mean,29.333333333333332
High public trust,education,High school diploma / GED,belief_post,64.0
High public trust,education,High school diploma / GED,concern_mean,58.333333333333336
High public trust,education,High school diploma / GED,distrust_post,26.0
High public trust,education,High school diploma / GED,donation_ams,1.45
High public trust,education,High school diploma / GED,funding_perceptions,47.0
High public trust,education,High school diploma / GED,inst_trust_mean,55.4
High public trust,education,High school diploma / GED,newsletter_signup,1.82
High public trust,education,High school diploma / GED,policy_general,61.0
High public trust,education,High school diploma / GED,policy_role_mean,63.0
High public trust,education,High school diploma / GED,policy_specific_mean,62.857142857142854
High public trust,education,High school diploma / GED,trust_multidimensional,60.0
High public trust,education,High school diploma / GED,trust_post,67.0
High public trust,education,Less than high school,behavior_mean,19.983333333333334
High public trust,education,Less than high school,belief_post,51.4
High public trust,education,Less than high school,concern_mean,47.699999999999996
High public trust,education,Less than high school,distrust_post,36.2
High public trust,education,Less than high school,donation_ams,0.45
High public trust,education,Less than high school,funding_perceptions,35.900000000000006
High public trust,education,Less than high school,inst_trust_mean,44.18
High public trust,education,Less than high school,newsletter_signup,1.88
High public trust,education,Less than high school,policy_general,48.7
High public trust,education,Less than high school,policy_role_mean,57.775
High public trust,education,Less than high school,policy_specific_mean,55.857142857142854
High public trust,education,Less than high school,trust_multidimensional,47.574999999999996
High public trust,education,Less than high school,trust_post,47.8
High public trust,education,Master's degree / Professional degree,behavior_mean,46.166666666666664
High public trust,education,Master's degree / Professional degree,belief_post,92.0
High public trust,education,Master's degree / Professional degree,concern_mean,80.33333333333333
High public trust,education,Master's degree / Professional degree,distrust_post,18.0
High public trust,education,Master's degree / Professional degree,donation_ams,3.5
High public trust,education,Master's degree / Professional degree,funding_perceptions,68.0
High public trust,education,Master's degree / Professional degree,inst_trust_mean,69.6
High public trust,education,Master's degree / Professional degree,newsletter_signup,1.3
High public trust,education,Master's degree / Professional degree,policy_general,86.0
High public trust,education,Master's degree / Professional degree,policy_role_mean,79.75
High public trust,education,Master's degree / Professional degree,policy_specific_mean,81.28571428571429
High public trust,education,Master's degree / Professional degree,trust_multidimensional,75.41666666666667
High public trust,education,Master's degree / Professional degree,trust_post,78.0
High public trust,education,Some college or Associate's degree,behavior_mean,31.333333333333332
High public trust,education,Some college or Associate's degree,belief_post,76.0
High public trust,education,Some college or Associate's degree,concern_mean,66.66666666666667
High public trust,education,Some college or Associate's degree,distrust_post,25.0
High public trust,education,Some college or Associate's degree,donation_ams,1.5
High public trust,education,Some college or Associate's degree,funding_perceptions,62.0
High public trust,education,Some college or Associate's degree,inst_trust_mean,60.6
High public trust,education,Some college or Associate's degree,newsletter_signup,1.8
High public trust,education,Some college or Associate's degree,policy_general,74.0
High public trust,education,Some college or Associate's degree,policy_role_mean,75.0
High public trust,education,Some college or Associate's degree,policy_specific_mean,70.14285714285714
High public trust,education,Some college or Associate's degree,trust_multidimensional,70.25
High public trust,education,Some college or Associate's degree,trust_post,72.0
High public trust,gender,Female,behavior_mean,44.166666666666664
High public trust,gender,Female,belief_post,81.0
High public trust,gender,Female,concern_mean,71.66666666666667
High public trust,gender,Female,distrust_post,24.0
High public trust,gender,Female,donation_ams,2.5
High public trust,gender,Female,funding_perceptions,65.0
High public trust,gender,Female,inst_trust_mean,67.4
High public trust,gender,Female,newsletter_signup,1.6
High public trust,gender,Female,policy_general,78.0
High public trust,gender,Female,policy_role_mean,75.5
High public trust,gender,Female,policy_specific_mean,74.71428571428571
High public trust,gender,Female,trust_multidimensional,71.83333333333333
High public trust,gender,Female,trust_post,76.0
High public trust,gender,Male,behavior_mean,32.916666666666664
High public trust,gender,Male,belief_post,72.1
High public trust,gender,Male,concern_mean,64.2
High public trust,gender,Male,distrust_post,24.2
High public trust,gender,Male,donation_ams,1.45
High public trust,gender,Male,funding_perceptions,48.7
High public trust,gender,Male,inst_trust_mean,57.04
High public trust,gender,Male,newsletter_signup,1.78
High public trust,gender,Male,policy_general,61.4
High public trust,gender,Male,policy_role_mean,67.025
High public trust,gender,Male,policy_specific_mean,62.971428571428575
High public trust,gender,Male,trust_multidimensional,64.95
High public trust,gender,Male,trust_post,68.5
High public trust,gender,Other,behavior_mean,47.833333333333336
High public trust,gender,Other,belief_post,92.0
High public trust,gender,Other,concern_mean,82.66666666666667
High public trust,gender,Other,distrust_post,22.0
High public trust,gender,Other,donation_ams,2.5
High public trust,gender,Other,funding_perceptions,70.0
High public trust,gender,Other,inst_trust_mean,66.2
High public trust,gender,Other,newsletter_signup,1.4
High public trust,gender,Other,policy_general,88.0
High public trust,gender,Other,policy_role_mean,83.0
High public trust,gender,Other,policy_specific_mean,81.42857142857143
High public trust,gender,Other,trust_multidimensional,71.25
High public trust,gender,Other,trust_post,78.0
High public trust,income,"$100,000 to $167,999",behavior_mean,39.833333333333336
High public trust,income,"$100,000 to $167,999",belief_post,81.0
High public trust,income,"$100,000 to $167,999",concern_mean,65.0
High public trust,income,"$100,000 to $167,999",distrust_post,22.0
High public trust,income,"$100,000 to $167,999",donation_ams,2.4
High public trust,income,"$100,000 to $167,999",funding_perceptions,58.0
High public trust,income,"$100,000 to $167,999",inst_trust_mean,61.8
High public trust,income,"$100,000 to $167,999",newsletter_signup,1.75
High public trust,income,"$100,000 to $167,999",policy_general,70.0
High public trust,income,"$100,000 to $167,999",policy_role_mean,74.25
High public trust,income,"$100,000 to $167,999",policy_specific_mean,73.0
High public trust,income,"$100,000 to $167,999",trust_multidimensional,67.33333333333333
High public trust,income,"$100,000 to $167,999",trust_post,72.0
High public trust,income,"$168,000 or more",behavior_mean,39.0
High public trust,income,"$168,000 or more",belief_post,74.0
High public trust,income,"$168,000 or more",concern_mean,64.0
High public trust,income,"$168,000 or more",distrust_post,24.0
High public trust,income,"$168,000 or more",donation_ams,3.2
High public trust,income,"$168,000 or more",funding_perceptions,42.0
High public trust,income,"$168,000 or more",inst_trust_mean,60.4
High public trust,income,"$168,000 or more",newsletter_signup,1.75
High public trust,income,"$168,000 or more",policy_general,68.0
High public trust,income,"$168,000 or more",policy_role_mean,72.5
High public trust,income,"$168,000 or more",policy_specific_mean,68.57142857142857
High public trust,income,"$168,000 or more",trust_multidimensional,66.33333333333333
High public trust,income,"$168,000 or more",trust_post,72.0
High public trust,income,"$30,000 to $55,999",behavior_mean,36.666666666666664
High public trust,income,"$30,000 to $55,999",belief_post,72.0
High public trust,income,"$30,000 to $55,999",concern_mean,65.0
High public trust,income,"$30,000 to $55,999",distrust_post,28.0
High public trust,income,"$30,000 to $55,999",donation_ams,1.5
High public trust,income,"$30,000 to $55,999",funding_perceptions,45.0
High public trust,income,"$30,000 to $55,999",inst_trust_mean,60.4
High public trust,income,"$30,000 to $55,999",newsletter_signup,1.6
High public trust,income,"$30,000 to $55,999",policy_general,70.0
High public trust,income,"$30,000 to $55,999",policy_role_mean,71.5
High public trust,income,"$30,000 to $55,999",policy_specific_mean,69.71428571428571
High public trust,income,"$30,000 to $55,999",trust_multidimensional,65.0
High public trust,income,"$30,000 to $55,999",trust_post,68.0
High public trust,income,"$56,000 to $99,999",behavior_mean,36.666666666666664
High public trust,income,"$56,000 to $99,999",belief_post,78.0
High public trust,income,"$56,000 to $99,999",concern_mean,64.0
High public trust,income,"$56,000 to $99,999",distrust_post,28.0
High public trust,income,"$56,000 to $99,999",donation_ams,2.1
High public trust,income,"$56,000 to $99,999",funding_perceptions,58.0
High public trust,income,"$56,000 to $99,999",inst_trust_mean,59.0
High public trust,income,"$56,000 to $99,999",newsletter_signup,1.8
High public trust,income,"$56,000 to $99,999",policy_general,70.0
High public trust,income,"$56,000 to $99,999",policy_role_mean,72.5
High public trust,income,"$56,000 to $99,999",policy_specific_mean,70.85714285714286
High public trust,income,"$56,000 to $99,999",trust_multidimensional,67.0
High public trust,income,"$56,000 to $99,999",trust_post,72.0
High public trust,income,"Less than $30,000",behavior_mean,32.833333333333336
High public trust,income,"Less than $30,000",belief_post,70.0
High public trust,income,"Less than $30,000",concern_mean,61.666666666666664
High public trust,income,"Less than $30,000",distrust_post,26.0
High public trust,income,"Less than $30,000",donation_ams,1.15
High public trust,income,"Less than $30,000",funding_perceptions,58.0
High public trust,income,"Less than $30,000",inst_trust_mean,60.6
High public trust,income,"Less than $30,000",newsletter_signup,1.78
High public trust,income,"Less than $30,000",policy_general,67.0
High public trust,income,"Less than $30,000",policy_role_mean,69.0
High public trust,income,"Less than $30,000",policy_specific_mean,68.14285714285714
High public trust,income,"Less than $30,000",trust_multidimensional,62.833333333333336
High public trust,income,"Less than $30,000",trust_post,64.0
High public trust,party,Democrat,behavior_mean,52.833333333333336
High public trust,party,Democrat,belief_post,94.0
High public trust,party,Democrat,concern_mean,84.0
High public trust,party,Democrat,distrust_post,14.0
High public trust,party,Democrat,donation_ams,2.8
High public trust,party,Democrat,funding_perceptions,78.0
High public trust,party,Democrat,inst_trust_mean,74.4
High public trust,party,Democrat,newsletter_signup,1.4
High public trust,party,Democrat,policy_general,92.0
High public trust,party,Democrat,policy_role_mean,85.5
High public trust,party,Democrat,policy_specific_mean,83.57142857142857
High public trust,party,Democrat,trust_multidimensional,79.33333333333333
High public trust,party,Democrat,trust_post,86.0
High public trust,party,Independent,behavior_mean,32.5
High public trust,party,Independent,belief_post,72.0
High public trust,party,Independent,concern_mean,63.333333333333336
High public trust,party,Independent,distrust_post,25.0
High public trust,party,Independent,donation_ams,1.5
High public trust,party,Independent,funding_perceptions,48.0
High public trust,party,Independent,inst_trust_mean,59.6
High public trust,party,Independent,newsletter_signup,1.7
High public trust,party,Independent,policy_general,66.0
High public trust,party,Independent,policy_role_mean,66.25
High public trust,party,Independent,policy_specific_mean,66.0
High public trust,party,Independent,trust_multidimensional,65.58333333333333
High public trust,party,Independent,trust_post,68.0
High public trust,party,Other,behavior_mean,35.0
High public trust,party,Other,belief_post,74.0
High public trust,party,Other,concern_mean,64.0
High public trust,party,Other,distrust_post,24.0
High public trust,party,Other,donation_ams,2.1
High public trust,party,Other,funding_perceptions,52.0
High public trust,party,Other,inst_trust_mean,57.2
High public trust,party,Other,newsletter_signup,1.7
High public trust,party,Other,policy_general,66.0
High public trust,party,Other,policy_role_mean,69.5
High public trust,party,Other,policy_specific_mean,65.42857142857143
High public trust,party,Other,trust_multidimensional,65.41666666666667
High public trust,party,Other,trust_post,68.0
High public trust,party,Republican,behavior_mean,26.0
High public trust,party,Republican,belief_post,44.0
High public trust,party,Republican,concern_mean,33.333333333333336
High public trust,party,Republican,distrust_post,48.0
High public trust,party,Republican,donation_ams,1.2
High public trust,party,Republican,funding_perceptions,24.0
High public trust,party,Republican,inst_trust_mean,41.2
High public trust,party,Republican,newsletter_signup,1.88
High public trust,party,Republican,policy_general,46.0
High public trust,party,Republican,policy_role_mean,50.75
High public trust,party,Republican,policy_specific_mean,51.142857142857146
High public trust,party,Republican,trust_multidimensional,51.5
High public trust,party,Republican,trust_post,42.0
High public trust,race,Asian / Asian American,behavior_mean,46.166666666666664
High public trust,race,Asian / Asian American,belief_post,84.0
High public trust,race,Asian / Asian American,concern_mean,72.66666666666667
High public trust,race,Asian / Asian American,distrust_post,24.0
High public trust,race,Asian / Asian American,donation_ams,2.5
High public trust,race,Asian / Asian American,funding_perceptions,65.0
High public trust,race,Asian / Asian American,inst_trust_mean,65.2
High public trust,race,Asian / Asian American,newsletter_signup,1.7
High public trust,race,Asian / Asian American,policy_general,78.0
High public trust,race,Asian / Asian American,policy_role_mean,74.25
High public trust,race,Asian / Asian American,policy_specific_mean,77.42857142857143
High public trust,race,Asian / Asian American,trust_multidimensional,70.33333333333333
High public trust,race,Asian / Asian American,trust_post,76.0
High public trust,race,Black / African American,behavior_mean,46.333333333333336
High public trust,race,Black / African American,belief_post,83.0
High public trust,race,Black / African American,concern_mean,73.0
High public trust,race,Black / African American,distrust_post,23.0
High public trust,race,Black / African American,donation_ams,1.4
High public trust,race,Black / African American,funding_perceptions,64.0
High public trust,race,Black / African American,inst_trust_mean,61.6
High public trust,race,Black / African American,newsletter_signup,1.7
High public trust,race,Black / African American,policy_general,79.0
High public trust,race,Black / African American,policy_role_mean,75.0
High public trust,race,Black / African American,policy_specific_mean,76.14285714285714
High public trust,race,Black / African American,trust_multidimensional,65.66666666666667
High public trust,race,Black / African American,trust_post,73.0
High public trust,race,Hispanic / Latino,behavior_mean,35.5
High public trust,race,Hispanic / Latino,belief_post,80.0
High public trust,race,Hispanic / Latino,concern_mean,71.0
High public trust,race,Hispanic / Latino,distrust_post,25.0
High public trust,race,Hispanic / Latino,donation_ams,2.5
High public trust,race,Hispanic / Latino,funding_perceptions,62.0
High public trust,race,Hispanic / Latino,inst_trust_mean,60.0
High public trust,race,Hispanic / Latino,newsletter_signup,1.7
High public trust,race,Hispanic / Latino,policy_general,78.0
High public trust,race,Hispanic / Latino,policy_role_mean,72.75
High public trust,race,Hispanic / Latino,policy_specific_mean,72.85714285714286
High public trust,race,Hispanic / Latino,trust_multidimensional,67.33333333333333
High public trust,race,Hispanic / Latino,trust_post,72.0
High public trust,race,Other,behavior_mean,43.0
High public trust,race,Other,belief_post,88.0
High public trust,race,Other,concern_mean,74.0
High public trust,race,Other,distrust_post,22.0
High public trust,race,Other,donation_ams,2.5
High public trust,race,Other,funding_perceptions,65.0
High public trust,race,Other,inst_trust_mean,63.6
High public trust,race,Other,newsletter_signup,1.4
High public trust,race,Other,policy_general,78.0
High public trust,race,Other,policy_role_mean,75.0
High public trust,race,Other,policy_specific_mean,76.0
High public trust,race,Other,trust_multidimensional,70.33333333333333
High public trust,race,Other,trust_post,76.0
High public trust,race,White / Caucasian,behavior_mean,35.666666666666664
High public trust,race,White / Caucasian,belief_post,71.0
High public trust,race,White / Caucasian,concern_mean,63.666666666666664
High public trust,race,White / Caucasian,distrust_post,24.0
High public trust,race,White / Caucasian,donation_ams,1.5
High public trust,race,White / Caucasian,funding_perceptions,52.0
High public trust,race,White / Caucasian,inst_trust_mean,58.4
High public trust,race,White / Caucasian,newsletter_signup,1.75
High public trust,race,White / Caucasian,policy_general,68.0
High public trust,race,White / Caucasian,policy_role_mean,66.75
High public trust,race,White / Caucasian,policy_specific_mean,64.57142857142857
High public trust,race,White / Caucasian,trust_multidimensional,66.08333333333333
High public trust,race,White / Caucasian,trust_post,72.0
Interview Prof. Maraun,age_band,18-29,behavior_mean,50.166666666666664
Interview Prof. Maraun,age_band,18-29,belief_post,88.0
Interview Prof. Maraun,age_band,18-29,concern_mean,78.66666666666667
Interview Prof. Maraun,age_band,18-29,distrust_post,22.0
Interview Prof. Maraun,age_band,18-29,donation_ams,2.5
Interview Prof. Maraun,age_band,18-29,funding_perceptions,65.0
Interview Prof. Maraun,age_band,18-29,inst_trust_mean,57.6
Interview Prof. Maraun,age_band,18-29,newsletter_signup,1.4
Interview Prof. Maraun,age_band,18-29,policy_general,85.0
Interview Prof. Maraun,age_band,18-29,policy_role_mean,80.0
Interview Prof. Maraun,age_band,18-29,policy_specific_mean,77.14285714285714
Interview Prof. Maraun,age_band,18-29,trust_multidimensional,71.5
Interview Prof. Maraun,age_band,18-29,trust_post,75.0
Interview Prof. Maraun,age_band,30-44,behavior_mean,35.166666666666664
Interview Prof. Maraun,age_band,30-44,belief_post,82.0
Interview Prof. Maraun,age_band,30-44,concern_mean,73.33333333333333
Interview Prof. Maraun,age_band,30-44,distrust_post,28.0
Interview Prof. Maraun,age_band,30-44,donation_ams,2.1
Interview Prof. Maraun,age_band,30-44,funding_perceptions,62.0
Interview Prof. Maraun,age_band,30-44,inst_trust_mean,67.8
Interview Prof. Maraun,age_band,30-44,newsletter_signup,1.75
Interview Prof. Maraun,age_band,30-44,policy_general,76.0
Interview Prof. Maraun,age_band,30-44,policy_role_mean,74.75
Interview Prof. Maraun,age_band,30-44,policy_specific_mean,73.14285714285714
Interview Prof. Maraun,age_band,30-44,trust_multidimensional,68.66666666666667
Interview Prof. Maraun,age_band,30-44,trust_post,71.0
Interview Prof. Maraun,age_band,45-59,behavior_mean,33.0
Interview Prof. Maraun,age_band,45-59,belief_post,73.0
Interview Prof. Maraun,age_band,45-59,concern_mean,64.33333333333333
Interview Prof. Maraun,age_band,45-59,distrust_post,24.0
Interview Prof. Maraun,age_band,45-59,donation_ams,2.1
Interview Prof. Maraun,age_band,45-59,funding_perceptions,54.0
Interview Prof. Maraun,age_band,45-59,inst_trust_mean,57.6
Interview Prof. Maraun,age_band,45-59,newsletter_signup,1.7
Interview Prof. Maraun,age_band,45-59,policy_general,67.0
Interview Prof. Maraun,age_band,45-59,policy_role_mean,68.0
Interview Prof. Maraun,age_band,45-59,policy_specific_mean,68.57142857142857
Interview Prof. Maraun,age_band,45-59,trust_multidimensional,68.0
Interview Prof. Maraun,age_band,45-59,trust_post,68.0
Interview Prof. Maraun,age_band,60+,behavior_mean,33.5
Interview Prof. Maraun,age_band,60+,belief_post,68.0
Interview Prof. Maraun,age_band,60+,concern_mean,61.666666666666664
Interview Prof. Maraun,age_band,60+,distrust_post,32.0
Interview Prof. Maraun,age_band,60+,donation_ams,1.2
Interview Prof. Maraun,age_band,60+,funding_perceptions,45.0
Interview Prof. Maraun,age_band,60+,inst_trust_mean,57.6
Interview Prof. Maraun,age_band,60+,newsletter_signup,2.0
Interview Prof. Maraun,age_band,60+,policy_general,63.0
Interview Prof. Maraun,age_band,60+,policy_role_mean,66.25
Interview Prof. Maraun,age_band,60+,policy_specific_mean,62.857142857142854
Interview Prof. Maraun,age_band,60+,trust_multidimensional,66.08333333333333
Interview Prof. Maraun,age_band,60+,trust_post,62.0
Interview Prof. Maraun,education,Bachelor's degree,behavior_mean,41.833333333333336
Interview Prof. Maraun,education,Bachelor's degree,belief_post,86.0
Interview Prof. Maraun,education,Bachelor's degree,concern_mean,72.66666666666667
Interview Prof. Maraun,education,Bachelor's degree,distrust_post,22.0
Interview Prof. Maraun,education,Bachelor's degree,donation_ams,3.5
Interview Prof. Maraun,education,Bachelor's degree,funding_perceptions,65.0
Interview Prof. Maraun,education,Bachelor's degree,inst_trust_mean,66.4
Interview Prof. Maraun,education,Bachelor's degree,newsletter_signup,1.6
Interview Prof. Maraun,education,Bachelor's degree,policy_general,78.0
Interview Prof. Maraun,education,Bachelor's degree,policy_role_mean,76.5
Interview Prof. Maraun,education,Bachelor's degree,policy_specific_mean,74.71428571428571
Interview Prof. Maraun,education,Bachelor's degree,trust_multidimensional,72.5
Interview Prof. Maraun,education,Bachelor's degree,trust_post,76.0
Interview Prof. Maraun,education,Doctorate degree / Ph.D.,behavior_mean,45.5
Interview Prof. Maraun,education,Doctorate degree / Ph.D.,belief_post,92.0
Interview Prof. Maraun,education,Doctorate degree / Ph.D.,concern_mean,75.0
Interview Prof. Maraun,education,Doctorate degree / Ph.D.,distrust_post,18.0
Interview Prof. Maraun,education,Doctorate degree / Ph.D.,donation_ams,3.5
Interview Prof. Maraun,education,Doctorate degree / Ph.D.,funding_perceptions,65.0
Interview Prof. Maraun,education,Doctorate degree / Ph.D.,inst_trust_mean,71.4
Interview Prof. Maraun,education,Doctorate degree / Ph.D.,newsletter_signup,1.4
Interview Prof. Maraun,education,Doctorate degree / Ph.D.,policy_general,80.0
Interview Prof. Maraun,education,Doctorate degree / Ph.D.,policy_role_mean,81.0
Interview Prof. Maraun,education,Doctorate degree / Ph.D.,policy_specific_mean,80.42857142857143
Interview Prof. Maraun,education,Doctorate degree / Ph.D.,trust_multidimensional,76.0
Interview Prof. Maraun,education,Doctorate degree / Ph.D.,trust_post,82.0
Interview Prof. Maraun,education,High school diploma / GED,behavior_mean,32.166666666666664
Interview Prof. Maraun,education,High school diploma / GED,belief_post,68.0
Interview Prof. Maraun,education,High school diploma / GED,concern_mean,62.0
Interview Prof. Maraun,education,High school diploma / GED,distrust_post,28.0
Interview Prof. Maraun,education,High school diploma / GED,donation_ams,1.5
Interview Prof. Maraun,education,High school diploma / GED,funding_perceptions,55.0
Interview Prof. Maraun,education,High school diploma / GED,inst_trust_mean,56.2
Interview Prof. Maraun,education,High school diploma / GED,newsletter_signup,1.3
Interview Prof. Maraun,education,High school diploma / GED,policy_general,58.0
Interview Prof. Maraun,education,High school diploma / GED,policy_role_mean,65.5
Interview Prof. Maraun,education,High school diploma / GED,policy_specific_mean,63.57142857142857
Interview Prof. Maraun,education,High school diploma / GED,trust_multidimensional,63.416666666666664
Interview Prof. Maraun,education,High school diploma / GED,trust_post,63.0
Interview Prof. Maraun,education,Less than high school,behavior_mean,29.0
Interview Prof. Maraun,education,Less than high school,belief_post,52.0
Interview Prof. Maraun,education,Less than high school,concern_mean,43.333333333333336
Interview Prof. Maraun,education,Less than high school,distrust_post,55.0
Interview Prof. Maraun,education,Less than high school,donation_ams,0.8
Interview Prof. Maraun,education,Less than high school,funding_perceptions,35.0
Interview Prof. Maraun,education,Less than high school,inst_trust_mean,43.6
Interview Prof. Maraun,education,Less than high school,newsletter_signup,1.8
Interview Prof. Maraun,education,Less than high school,policy_general,50.0
Interview Prof. Maraun,education,Less than high school,policy_role_mean,59.25
Interview Prof. Maraun,education,Less than high school,policy_specific_mean,59.142857142857146
Interview Prof. Maraun,education,Less than high school,trust_multidimensional,53.583333333333336
Interview Prof. Maraun,education,Less than high school,trust_post,42.0
Interview Prof. Maraun,education,Master's degree / Professional degree,behavior_mean,50.0
Interview Prof. Maraun,education,Master's degree / Professional degree,belief_post,89.0
Interview Prof. Maraun,education,Master's degree / Professional degree,concern_mean,77.33333333333333
Interview Prof. Maraun,education,Master's degree / Professional degree,distrust_post,14.0
Interview Prof. Maraun,education,Master's degree / Professional degree,donation_ams,3.5
Interview Prof. Maraun,education,Master's degree / Professional degree,funding_perceptions,68.0
Interview Prof. Maraun,education,Master's degree / Professional degree,inst_trust_mean,71.4
Interview Prof. Maraun,education,Master's degree / Professional degree,newsletter_signup,1.3
Interview Prof. Maraun,education,Master's degree / Professional degree,policy_general,81.0
Interview Prof. Maraun,education,Master's degree / Professional degree,policy_role_mean,81.0
Interview Prof. Maraun,education,Master's degree / Professional degree,policy_specific_mean,82.28571428571429
Interview Prof. Maraun,education,Master's degree / Professional degree,trust_multidimensional,78.16666666666667
Interview Prof. Maraun,education,Master's degree / Professional degree,trust_post,82.0
Interview Prof. Maraun,education,Some college or Associate's degree,behavior_mean,37.5
Interview Prof. Maraun,education,Some college or Associate's degree,belief_post,71.0
Interview Prof. Maraun,education,Some college or Associate's degree,concern_mean,64.0
Interview Prof. Maraun,education,Some college or Associate's degree,distrust_post,26.0
Interview Prof. Maraun,education,Some college or Associate's degree,donation_ams,2.1
Interview Prof. Maraun,education,Some college or Associate's degree,funding_perceptions,58.0
Interview Prof. Maraun,education,Some college or Associate's degree,inst_trust_mean,59.6
Interview Prof. Maraun,education,Some college or Associate's degree,newsletter_signup,1.4
Interview Prof. Maraun,education,Some college or Associate's degree,policy_general,68.0
Interview Prof. Maraun,education,Some college or Associate's degree,policy_role_mean,71.75
Interview Prof. Maraun,education,Some college or Associate's degree,policy_specific_mean,70.85714285714286
Interview Prof. Maraun,education,Some college or Associate's degree,trust_multidimensional,70.0
Interview Prof. Maraun,education,Some college or Associate's degree,trust_post,67.0
Interview Prof. Maraun,gender,Female,behavior_mean,41.5
Interview Prof. Maraun,gender,Female,belief_post,88.0
Interview Prof. Maraun,gender,Female,concern_mean,80.0
Interview Prof. Maraun,gender,Female,distrust_post,24.0
Interview Prof. Maraun,gender,Female,donation_ams,2.5
Interview Prof. Maraun,gender,Female,funding_perceptions,65.0
Interview Prof. Maraun,gender,Female,inst_trust_mean,63.6
Interview Prof. Maraun,gender,Female,newsletter_signup,1.3
Interview Prof. Maraun,gender,Female,policy_general,82.0
Interview Prof. Maraun,gender,Female,policy_role_mean,79.25
Interview Prof. Maraun,gender,Female,policy_specific_mean,79.28571428571429
Interview Prof. Maraun,gender,Female,trust_multidimensional,72.33333333333333
Interview Prof. Maraun,gender,Female,trust_post,76.0
Interview Prof. Maraun,gender,Male,behavior_mean,27.333333333333332
Interview Prof. Maraun,gender,Male,belief_post,72.0
Interview Prof. Maraun,gender,Male,concern_mean,64.0
Interview Prof. Maraun,gender,Male,distrust_post,32.0
Interview Prof. Maraun,gender,Male,donation_ams,1.2
Interview Prof. Maraun,gender,Male,funding_perceptions,46.0
Interview Prof. Maraun,gender,Male,inst_trust_mean,57.2
Interview Prof. Maraun,gender,Male,newsletter_signup,2.0
Interview Prof. Maraun,gender,Male,policy_general,66.0
Interview Prof. Maraun,gender,Male,policy_role_mean,66.0
Interview Prof. Maraun,gender,Male,policy_specific_mean,68.85714285714286
Interview Prof. Maraun,gender,Male,trust_multidimensional,66.75
Interview Prof. Maraun,gender,Male,trust_post,62.0
Interview Prof. Maraun,gender,Other,behavior_mean,53.333333333333336
Interview Prof. Maraun,gender,Other,belief_post,88.0
Interview Prof. Maraun,gender,Other,concern_mean,80.66666666666667
Interview Prof. Maraun,gender,Other,distrust_post,22.0
Interview Prof. Maraun,gender,Other,donation_ams,2.5
Interview Prof. Maraun,gender,Other,funding_perceptions,70.0
Interview Prof. Maraun,gender,Other,inst_trust_mean,62.0
Interview Prof. Maraun,gender,Other,newsletter_signup,1.4
Interview Prof. Maraun,gender,Other,policy_general,85.0
Interview Prof. Maraun,gender,Other,policy_role_mean,83.0
Interview Prof. Maraun,gender,Other,policy_specific_mean,82.85714285714286
Interview Prof. Maraun,gender,Other,trust_multidimensional,74.83333333333333
Interview Prof. Maraun,gender,Other,trust_post,78.0
Interview Prof. Maraun,income,"$100,000 to $167,999",behavior_mean,42.0
Interview Prof. Maraun,income,"$100,000 to $167,999",belief_post,82.0
Interview Prof. Maraun,income,"$100,000 to $167,999",concern_mean,72.33333333333333
Interview Prof. Maraun,income,"$100,000 to $167,999",distrust_post,28.0
Interview Prof. Maraun,income,"$100,000 to $167,999",donation_ams,2.5
Interview Prof. Maraun,income,"$100,000 to $167,999",funding_perceptions,58.0
Interview Prof. Maraun,income,"$100,000 to $167,999",inst_trust_mean,63.6
Interview Prof. Maraun,income,"$100,000 to $167,999",newsletter_signup,1.65
Interview Prof. Maraun,income,"$100,000 to $167,999",policy_general,76.0
Interview Prof. Maraun,income,"$100,000 to $167,999",policy_role_mean,73.5
Interview Prof. Maraun,income,"$100,000 to $167,999",policy_specific_mean,72.0
Interview Prof. Maraun,income,"$100,000 to $167,999",trust_multidimensional,69.75
Interview Prof. Maraun,income,"$100,000 to $167,999",trust_post,72.0
Interview Prof. Maraun,income,"$168,000 or more",behavior_mean,38.833333333333336
Interview Prof. Maraun,income,"$168,000 or more",belief_post,84.0
Interview Prof. Maraun,income,"$168,000 or more",concern_mean,69.0
Interview Prof. Maraun,income,"$168,000 or more",distrust_post,22.0
Interview Prof. Maraun,income,"$168,000 or more",donation_ams,3.2
Interview Prof. Maraun,income,"$168,000 or more",funding_perceptions,48.0
Interview Prof. Maraun,income,"$168,000 or more",inst_trust_mean,66.4
Interview Prof. Maraun,income,"$168,000 or more",newsletter_signup,1.62
Interview Prof. Maraun,income,"$168,000 or more",policy_general,74.0
Interview Prof. Maraun,income,"$168,000 or more",policy_role_mean,71.25
Interview Prof. Maraun,income,"$168,000 or more",policy_specific_mean,70.14285714285714
Interview Prof. Maraun,income,"$168,000 or more",trust_multidimensional,72.66666666666667
Interview Prof. Maraun,income,"$168,000 or more",trust_post,76.0
Interview Prof. Maraun,income,"$30,000 to $55,999",behavior_mean,34.333333333333336
Interview Prof. Maraun,income,"$30,000 to $55,999",belief_post,74.0
Interview Prof. Maraun,income,"$30,000 to $55,999",concern_mean,64.0
Interview Prof. Maraun,income,"$30,000 to $55,999",distrust_post,26.0
Interview Prof. Maraun,income,"$30,000 to $55,999",donation_ams,1.8
Interview Prof. Maraun,income,"$30,000 to $55,999",funding_perceptions,54.0
Interview Prof. Maraun,income,"$30,000 to $55,999",inst_trust_mean,61.2
Interview Prof. Maraun,income,"$30,000 to $55,999",newsletter_signup,1.75
Interview Prof. Maraun,income,"$30,000 to $55,999",policy_general,71.0
Interview Prof. Maraun,income,"$30,000 to $55,999",policy_role_mean,73.0
Interview Prof. Maraun,income,"$30,000 to $55,999",policy_specific_mean,69.28571428571429
Interview Prof. Maraun,income,"$30,000 to $55,999",trust_multidimensional,69.5
Interview Prof. Maraun,income,"$30,000 to $55,999",trust_post,68.0
Interview Prof. Maraun,income,"$56,000 to $99,999",behavior_mean,37.833333333333336
Interview Prof. Maraun,income,"$56,000 to $99,999",belief_post,78.0
Interview Prof. Maraun,income,"$56,000 to $99,999",concern_mean,66.66666666666667
Interview Prof. Maraun,income,"$56,000 to $99,999",distrust_post,28.0
Interview Prof. Maraun,income,"$56,000 to $99,999",donation_ams,3.5
Interview Prof. Maraun,income,"$56,000 to $99,999",funding_perceptions,52.0
Interview Prof. Maraun,income,"$56,000 to $99,999",inst_trust_mean,62.8
Interview Prof. Maraun,income,"$56,000 to $99,999",newsletter_signup,1.4
Interview Prof. Maraun,income,"$56,000 to $99,999",policy_general,70.0
Interview Prof. Maraun,income,"$56,000 to $99,999",policy_role_mean,76.75
Interview Prof. Maraun,income,"$56,000 to $99,999",policy_specific_mean,71.85714285714286
Interview Prof. Maraun,income,"$56,000 to $99,999",trust_multidimensional,67.83333333333333
Interview Prof. Maraun,income,"$56,000 to $99,999",trust_post,72.0
Interview Prof. Maraun,income,"Less than $30,000",behavior_mean,34.666666666666664
Interview Prof. Maraun,income,"Less than $30,000",belief_post,71.0
Interview Prof. Maraun,income,"Less than $30,000",concern_mean,64.66666666666667
Interview Prof. Maraun,income,"Less than $30,000",distrust_post,31.0
Interview Prof. Maraun,income,"Less than $30,000",donation_ams,1.2
Interview Prof. Maraun,income,"Less than $30,000",funding_perceptions,58.0
Interview Prof. Maraun,income,"Less than $30,000",inst_trust_mean,59.4
Interview Prof. Maraun,income,"Less than $30,000",newsletter_signup,0.45
Interview Prof. Maraun,income,"Less than $30,000",policy_general,66.0
Interview Prof. Maraun,income,"Less than $30,000",policy_role_mean,68.0
Interview Prof. Maraun,income,"Less than $30,000",policy_specific_mean,67.57142857142857
Interview Prof. Maraun,income,"Less than $30,000",trust_multidimensional,64.75
Interview Prof. Maraun,income,"Less than $30,000",trust_post,63.0
Interview Prof. Maraun,party,Democrat,behavior_mean,51.5
Interview Prof. Maraun,party,Democrat,belief_post,92.0
Interview Prof. Maraun,party,Democrat,concern_mean,81.33333333333333
Interview Prof. Maraun,party,Democrat,distrust_post,18.0
Interview Prof. Maraun,party,Democrat,donation_ams,3.5
Interview Prof. Maraun,party,Democrat,funding_perceptions,75.0
Interview Prof. Maraun,party,Democrat,inst_trust_mean,72.4
Interview Prof. Maraun,party,Democrat,newsletter_signup,1.4
Interview Prof. Maraun,party,Democrat,policy_general,88.0
Interview Prof. Maraun,party,Democrat,policy_role_mean,83.0
Interview Prof. Maraun,party,Democrat,policy_specific_mean,80.0
Interview Prof. Maraun,party,Democrat,trust_multidimensional,78.0
Interview Prof. Maraun,party,Democrat,trust_post,82.0
Interview Prof. Maraun,party,Independent,behavior_mean,32.333333333333336
Interview Prof. Maraun,party,Independent,belief_post,71.0
Interview Prof. Maraun,party,Independent,concern_mean,62.666666666666664
Interview Prof. Maraun,party,Independent,distrust_post,32.0
Interview Prof. Maraun,party,Independent,donation_ams,1.85
Interview Prof. Maraun,party,Independent,funding_perceptions,46.0
Interview Prof. Maraun,party,Independent,inst_trust_mean,56.2
Interview Prof. Maraun,party,Independent,newsletter_signup,1.75
Interview Prof. Maraun,party,Independent,policy_general,66.0
Interview Prof. Maraun,party,Independent,policy_role_mean,67.75
Interview Prof. Maraun,party,Independent,policy_specific_mean,63.285714285714285
Interview Prof. Maraun,party,Independent,trust_multidimensional,67.83333333333333
Interview Prof. Maraun,party,Independent,trust_post,63.0
Interview Prof. Maraun,party,Other,behavior_mean,38.333333333333336
Interview Prof. Maraun,party,Other,belief_post,80.0
Interview Prof. Maraun,party,Other,concern_mean,70.0
Interview Prof. Maraun,party,Other,distrust_post,25.0
Interview Prof. Maraun,party,Other,donation_ams,2.0
Interview Prof. Maraun,party,Other,funding_perceptions,65.0
Interview Prof. Maraun,party,Other,inst_trust_mean,59.6
Interview Prof. Maraun,party,Other,newsletter_signup,1.7
Interview Prof. Maraun,party,Other,policy_general,75.0
Interview Prof. Maraun,party,Other,policy_role_mean,74.25
Interview Prof. Maraun,party,Other,policy_specific_mean,76.0
Interview Prof. Maraun,party,Other,trust_multidimensional,69.33333333333333
Interview Prof. Maraun,party,Other,trust_post,70.0
Interview Prof. Maraun,party,Republican,behavior_mean,27.5
Interview Prof. Maraun,party,Republican,belief_post,45.0
Interview Prof. Maraun,party,Republican,concern_mean,36.666666666666664
Interview Prof. Maraun,party,Republican,distrust_post,55.0
Interview Prof. Maraun,party,Republican,donation_ams,1.2
Interview Prof. Maraun,party,Republican,funding_perceptions,25.0
Interview Prof. Maraun,party,Republican,inst_trust_mean,42.0
Interview Prof. Maraun,party,Republican,newsletter_signup,1.8
Interview Prof. Maraun,party,Republican,policy_general,35.0
Interview Prof. Maraun,party,Republican,policy_role_mean,52.5
Interview Prof. Maraun,party,Republican,policy_specific_mean,47.142857142857146
Interview Prof. Maraun,party,Republican,trust_multidimensional,53.75
Interview Prof. Maraun,party,Republican,trust_post,42.0
Interview Prof. Maraun,race,Asian / Asian American,behavior_mean,44.5
Interview Prof. Maraun,race,Asian / Asian American,belief_post,84.0
Interview Prof. Maraun,race,Asian / Asian American,concern_mean,74.33333333333333
Interview Prof. Maraun,race,Asian / Asian American,distrust_post,22.0
Interview Prof. Maraun,race,Asian / Asian American,donation_ams,2.4
Interview Prof. Maraun,race,Asian / Asian American,funding_perceptions,66.0
Interview Prof. Maraun,race,Asian / Asian American,inst_trust_mean,69.2
Interview Prof. Maraun,race,Asian / Asian American,newsletter_signup,1.65
Interview Prof. Maraun,race,Asian / Asian American,policy_general,79.0
Interview Prof. Maraun,race,Asian / Asian American,policy_role_mean,75.25
Interview Prof. Maraun,race,Asian / Asian American,policy_specific_mean,76.42857142857143
Interview Prof. Maraun,race,Asian / Asian American,trust_multidimensional,71.33333333333333
Interview Prof. Maraun,race,Asian / Asian American,trust_post,74.0
Interview Prof. Maraun,race,Black / African American,behavior_mean,35.833333333333336
Interview Prof. Maraun,race,Black / African American,belief_post,78.0
Interview Prof. Maraun,race,Black / African American,concern_mean,70.0
Interview Prof. Maraun,race,Black / African American,distrust_post,28.0
Interview Prof. Maraun,race,Black / African American,donation_ams,1.5
Interview Prof. Maraun,race,Black / African American,funding_perceptions,65.0
Interview Prof. Maraun,race,Black / African American,inst_trust_mean,60.2
Interview Prof. Maraun,race,Black / African American,newsletter_signup,1.7
Interview Prof. Maraun,race,Black / African American,policy_general,76.0
Interview Prof. Maraun,race,Black / African American,policy_role_mean,74.0
Interview Prof. Maraun,race,Black / African American,policy_specific_mean,73.85714285714286
Interview Prof. Maraun,race,Black / African American,trust_multidimensional,71.33333333333333
Interview Prof. Maraun,race,Black / African American,trust_post,72.0
Interview Prof. Maraun,race,Hispanic / Latino,behavior_mean,37.166666666666664
Interview Prof. Maraun,race,Hispanic / Latino,belief_post,76.0
Interview Prof. Maraun,race,Hispanic / Latino,concern_mean,70.33333333333333
Interview Prof. Maraun,race,Hispanic / Latino,distrust_post,28.0
Interview Prof. Maraun,race,Hispanic / Latino,donation_ams,2.1
Interview Prof. Maraun,race,Hispanic / Latino,funding_perceptions,65.0
Interview Prof. Maraun,race,Hispanic / Latino,inst_trust_mean,61.6
Interview Prof. Maraun,race,Hispanic / Latino,newsletter_signup,1.7
Interview Prof. Maraun,race,Hispanic / Latino,policy_general,74.0
Interview Prof. Maraun,race,Hispanic / Latino,policy_role_mean,74.5
Interview Prof. Maraun,race,Hispanic / Latino,policy_specific_mean,73.0
Interview Prof. Maraun,race,Hispanic / Latino,trust_multidimensional,68.41666666666667
Interview Prof. Maraun,race,Hispanic / Latino,trust_post,68.0
Interview Prof. Maraun,race,Other,behavior_mean,42.93333333333334
Interview Prof. Maraun,race,Other,belief_post,81.6
Interview Prof. Maraun,race,Other,concern_mean,73.3
Interview Prof. Maraun,race,Other,distrust_post,27.4
Interview Prof. Maraun,race,Other,donation_ams,1.85
Interview Prof. Maraun,race,Other,funding_perceptions,65.8
Interview Prof. Maraun,race,Other,inst_trust_mean,67.56
Interview Prof. Maraun,race,Other,newsletter_signup,1.72
Interview Prof. Maraun,race,Other,policy_general,74.8
Interview Prof. Maraun,race,Other,policy_role_mean,74.125
Interview Prof. Maraun,race,Other,policy_specific_mean,78.5
Interview Prof. Maraun,race,Other,trust_multidimensional,70.21666666666667
Interview Prof. Maraun,race,Other,trust_post,68.7
Interview Prof. Maraun,race,White / Caucasian,behavior_mean,35.0
Interview Prof. Maraun,race,White / Caucasian,belief_post,70.0
Interview Prof. Maraun,race,White / Caucasian,concern_mean,60.0
Interview Prof. Maraun,race,White / Caucasian,distrust_post,30.0
Interview Prof. Maraun,race,White / Caucasian,donation_ams,1.5
Interview Prof. Maraun,race,White / Caucasian,funding_perceptions,55.0
Interview Prof. Maraun,race,White / Caucasian,inst_trust_mean,57.0
Interview Prof. Maraun,race,White / Caucasian,newsletter_signup,1.7
Interview Prof. Maraun,race,White / Caucasian,policy_general,68.0
Interview Prof. Maraun,race,White / Caucasian,policy_role_mean,66.25
Interview Prof. Maraun,race,White / Caucasian,policy_specific_mean,65.71428571428571
Interview Prof. Maraun,race,White / Caucasian,trust_multidimensional,63.583333333333336
Interview Prof. Maraun,race,White / Caucasian,trust_post,65.0
Interview Prof. Sebille,age_band,18-29,behavior_mean,52.166666666666664
Interview Prof. Sebille,age_band,18-29,belief_post,88.0
Interview Prof. Sebille,age_band,18-29,concern_mean,80.33333333333333
Interview Prof. Sebille,age_band,18-29,distrust_post,22.0
Interview Prof. Sebille,age_band,18-29,donation_ams,2.5
Interview Prof. Sebille,age_band,18-29,funding_perceptions,68.0
Interview Prof. Sebille,age_band,18-29,inst_trust_mean,62.2
Interview Prof. Sebille,age_band,18-29,newsletter_signup,1.4
Interview Prof. Sebille,age_band,18-29,policy_general,86.0
Interview Prof. Sebille,age_band,18-29,policy_role_mean,81.75
Interview Prof. Sebille,age_band,18-29,policy_specific_mean,81.71428571428571
Interview Prof. Sebille,age_band,18-29,trust_multidimensional,73.16666666666667
Interview Prof. Sebille,age_band,18-29,trust_post,78.0
Interview Prof. Sebille,age_band,30-44,behavior_mean,44.699999999999996
Interview Prof. Sebille,age_band,30-44,belief_post,84.3
Interview Prof. Sebille,age_band,30-44,concern_mean,73.96666666666665
Interview Prof. Sebille,age_band,30-44,distrust_post,21.4
Interview Prof. Sebille,age_band,30-44,donation_ams,1.85
Interview Prof. Sebille,age_band,30-44,funding_perceptions,67.3
Interview Prof. Sebille,age_band,30-44,inst_trust_mean,67.72
Interview Prof. Sebille,age_band,30-44,newsletter_signup,1.62
Interview Prof. Sebille,age_band,30-44,policy_general,77.8
Interview Prof. Sebille,age_band,30-44,policy_role_mean,76.5
Interview Prof. Sebille,age_band,30-44,policy_specific_mean,77.08571428571429
Interview Prof. Sebille,age_band,30-44,trust_multidimensional,70.50833333333334
Interview Prof. Sebille,age_band,30-44,trust_post,69.1
Interview Prof. Sebille,age_band,45-59,behavior_mean,33.95
Interview Prof. Sebille,age_band,45-59,belief_post,74.2
Interview Prof. Sebille,age_band,45-59,concern_mean,67.89999999999999
Interview Prof. Sebille,age_band,45-59,distrust_post,24.1
Interview Prof. Sebille,age_band,45-59,donation_ams,1.85
Interview Prof. Sebille,age_band,45-59,funding_perceptions,57.5
Interview Prof. Sebille,age_band,45-59,inst_trust_mean,64.03999999999999
Interview Prof. Sebille,age_band,45-59,newsletter_signup,1.72
Interview Prof. Sebille,age_band,45-59,policy_general,68.7
Interview Prof. Sebille,age_band,45-59,policy_role_mean,70.15
Interview Prof. Sebille,age_band,45-59,policy_specific_mean,69.41428571428573
Interview Prof. Sebille,age_band,45-59,trust_multidimensional,67.89999999999999
Interview Prof. Sebille,age_band,45-59,trust_post,64.8
Interview Prof. Sebille,age_band,60+,behavior_mean,33.833333333333336
Interview Prof. Sebille,age_band,60+,belief_post,78.0
Interview Prof. Sebille,age_band,60+,concern_mean,67.33333333333333
Interview Prof. Sebille,age_band,60+,distrust_post,25.0
Interview Prof. Sebille,age_band,60+,donation_ams,1.5
Interview Prof. Sebille,age_band,60+,funding_perceptions,55.0
Interview Prof. Sebille,age_band,60+,inst_trust_mean,59.2
Interview Prof. Sebille,age_band,60+,newsletter_signup,1.8
Interview Prof. Sebille,age_band,60+,policy_general,72.0
Interview Prof. Sebille,age_band,60+,policy_role_mean,71.5
Interview Prof. Sebille,age_band,60+,policy_specific_mean,64.0
Interview Prof. Sebille,age_band,60+,trust_multidimensional,70.66666666666667
Interview Prof. Sebille,age_band,60+,trust_post,68.0
Interview Prof. Sebille,education,Bachelor's degree,behavior_mean,46.166666666666664
Interview Prof. Sebille,education,Bachelor's degree,belief_post,88.0
Interview Prof. Sebille,education,Bachelor's degree,concern_mean,72.66666666666667
Interview Prof. Sebille,education,Bachelor's degree,distrust_post,24.0
Interview Prof. Sebille,education,Bachelor's degree,donation_ams,3.2
Interview Prof. Sebille,education,Bachelor's degree,funding_perceptions,65.0
Interview Prof. Sebille,education,Bachelor's degree,inst_trust_mean,67.8
Interview Prof. Sebille,education,Bachelor's degree,newsletter_signup,1.4
Interview Prof. Sebille,education,Bachelor's degree,policy_general,82.0
Interview Prof. Sebille,education,Bachelor's degree,policy_role_mean,79.25
Interview Prof. Sebille,education,Bachelor's degree,policy_specific_mean,78.28571428571429
Interview Prof. Sebille,education,Bachelor's degree,trust_multidimensional,73.33333333333333
Interview Prof. Sebille,education,Bachelor's degree,trust_post,74.0
Interview Prof. Sebille,education,Doctorate degree / Ph.D.,behavior_mean,54.666666666666664
Interview Prof. Sebille,education,Doctorate degree / Ph.D.,belief_post,92.0
Interview Prof. Sebille,education,Doctorate degree / Ph.D.,concern_mean,85.0
Interview Prof. Sebille,education,Doctorate degree / Ph.D.,distrust_post,14.0
Interview Prof. Sebille,education,Doctorate degree / Ph.D.,donation_ams,3.2
Interview Prof. Sebille,education,Doctorate degree / Ph.D.,funding_perceptions,72.0
Interview Prof. Sebille,education,Doctorate degree / Ph.D.,inst_trust_mean,74.8
Interview Prof. Sebille,education,Doctorate degree / Ph.D.,newsletter_signup,1.4
Interview Prof. Sebille,education,Doctorate degree / Ph.D.,policy_general,86.0
Interview Prof. Sebille,education,Doctorate degree / Ph.D.,policy_role_mean,82.5
Interview Prof. Sebille,education,Doctorate degree / Ph.D.,policy_specific_mean,82.57142857142857
Interview Prof. Sebille,education,Doctorate degree / Ph.D.,trust_multidimensional,78.33333333333333
Interview Prof. Sebille,education,Doctorate degree / Ph.D.,trust_post,82.0
Interview Prof. Sebille,education,High school diploma / GED,behavior_mean,32.166666666666664
Interview Prof. Sebille,education,High school diploma / GED,belief_post,68.0
Interview Prof. Sebille,education,High school diploma / GED,concern_mean,58.333333333333336
Interview Prof. Sebille,education,High school diploma / GED,distrust_post,38.0
Interview Prof. Sebille,education,High school diploma / GED,donation_ams,1.5
Interview Prof. Sebille,education,High school diploma / GED,funding_perceptions,45.0
Interview Prof. Sebille,education,High school diploma / GED,inst_trust_mean,58.8
Interview Prof. Sebille,education,High school diploma / GED,newsletter_signup,1.6
Interview Prof. Sebille,education,High school diploma / GED,policy_general,64.0
Interview Prof. Sebille,education,High school diploma / GED,policy_role_mean,72.25
Interview Prof. Sebille,education,High school diploma / GED,policy_specific_mean,64.85714285714286
Interview Prof. Sebille,education,High school diploma / GED,trust_multidimensional,63.416666666666664
Interview Prof. Sebille,education,High school diploma / GED,trust_post,62.0
Interview Prof. Sebille,education,Less than high school,behavior_mean,29.166666666666668
Interview Prof. Sebille,education,Less than high school,belief_post,55.0
Interview Prof. Sebille,education,Less than high school,concern_mean,48.333333333333336
Interview Prof. Sebille,education,Less than high school,distrust_post,40.0
Interview Prof. Sebille,education,Less than high school,donation_ams,1.5
Interview Prof. Sebille,education,Less than high school,funding_perceptions,40.0
Interview Prof. Sebille,education,Less than high school,inst_trust_mean,45.8
Interview Prof. Sebille,education,Less than high school,newsletter_signup,1.8
Interview Prof. Sebille,education,Less than high school,policy_general,58.0
Interview Prof. Sebille,education,Less than high school,policy_role_mean,58.75
Interview Prof. Sebille,education,Less than high school,policy_specific_mean,60.42857142857143
Interview Prof. Sebille,education,Less than high school,trust_multidimensional,56.25
Interview Prof. Sebille,education,Less than high school,trust_post,50.0
Interview Prof. Sebille,education,Master's degree / Professional degree,behavior_mean,49.833333333333336
Interview Prof. Sebille,education,Master's degree / Professional degree,belief_post,92.0
Interview Prof. Sebille,education,Master's degree / Professional degree,concern_mean,80.66666666666667
Interview Prof. Sebille,education,Master's degree / Professional degree,distrust_post,18.0
Interview Prof. Sebille,education,Master's degree / Professional degree,donation_ams,3.5
Interview Prof. Sebille,education,Master's degree / Professional degree,funding_perceptions,65.0
Interview Prof. Sebille,education,Master's degree / Professional degree,inst_trust_mean,72.4
Interview Prof. Sebille,education,Master's degree / Professional degree,newsletter_signup,1.3
Interview Prof. Sebille,education,Master's degree / Professional degree,policy_general,84.0
Interview Prof. Sebille,education,Master's degree / Professional degree,policy_role_mean,83.0
Interview Prof. Sebille,education,Master's degree / Professional degree,policy_specific_mean,80.14285714285714
Interview Prof. Sebille,education,Master's degree / Professional degree,trust_multidimensional,75.41666666666667
Interview Prof. Sebille,education,Master's degree / Professional degree,trust_post,82.0
Interview Prof. Sebille,education,Some college or Associate's degree,behavior_mean,40.166666666666664
Interview Prof. Sebille,education,Some college or Associate's degree,belief_post,78.0
Interview Prof. Sebille,education,Some college or Associate's degree,concern_mean,68.66666666666667
Interview Prof. Sebille,education,Some college or Associate's degree,distrust_post,30.0
Interview Prof. Sebille,education,Some college or Associate's degree,donation_ams,1.45
Interview Prof. Sebille,education,Some college or Associate's degree,funding_perceptions,58.0
Interview Prof. Sebille,education,Some college or Associate's degree,inst_trust_mean,61.6
Interview Prof. Sebille,education,Some college or Associate's degree,newsletter_signup,1.72
Interview Prof. Sebille,education,Some college or Associate's degree,policy_general,74.0
Interview Prof. Sebille,education,Some college or Associate's degree,policy_role_mean,74.0
Interview Prof. Sebille,education,Some college or Associate's degree,policy_specific_mean,73.14285714285714
Interview Prof. Sebille,education,Some college or Associate's degree,trust_multidimensional,69.91666666666667
Interview Prof. Sebille,education,Some college or Associate's degree,trust_post,68.0
Interview Prof. Sebille,gender,Female,behavior_mean,48.166666666666664
Interview Prof. Sebille,gender,Female,belief_post,86.0
Interview Prof. Sebille,gender,Female,concern_mean,78.66666666666667
Interview Prof. Sebille,gender,Female,distrust_post,18.0
Interview Prof. Sebille,gender,Female,donation_ams,2.2
Interview Prof. Sebille,gender,Female,funding_perceptions,68.0
Interview Prof. Sebille,gender,Female,inst_trust_mean,66.0
Interview Prof. Sebille,gender,Female,newsletter_signup,1.3
Interview Prof. Sebille,gender,Female,policy_general,82.0
Interview Prof. Sebille,gender,Female,policy_role_mean,81.75
Interview Prof. Sebille,gender,Female,policy_specific_mean,79.28571428571429
Interview Prof. Sebille,gender,Female,trust_multidimensional,76.08333333333333
Interview Prof. Sebille,gender,Female,trust_post,78.0
Interview Prof. Sebille,gender,Male,behavior_mean,36.666666666666664
Interview Prof. Sebille,gender,Male,belief_post,74.0
Interview Prof. Sebille,gender,Male,concern_mean,61.666666666666664
Interview Prof. Sebille,gender,Male,distrust_post,28.0
Interview Prof. Sebille,gender,Male,donation_ams,1.5
Interview Prof. Sebille,gender,Male,funding_perceptions,55.0
Interview Prof. Sebille,gender,Male,inst_trust_mean,60.6
Interview Prof. Sebille,gender,Male,newsletter_signup,1.8
Interview Prof. Sebille,gender,Male,policy_general,70.0
Interview Prof. Sebille,gender,Male,policy_role_mean,71.0
Interview Prof. Sebille,gender,Male,policy_specific_mean,70.42857142857143
Interview Prof. Sebille,gender,Male,trust_multidimensional,68.08333333333333
Interview Prof. Sebille,gender,Male,trust_post,66.0
Interview Prof. Sebille,gender,Other,behavior_mean,54.666666666666664
Interview Prof. Sebille,gender,Other,belief_post,88.0
Interview Prof. Sebille,gender,Other,concern_mean,79.33333333333333
Interview Prof. Sebille,gender,Other,distrust_post,22.0
Interview Prof. Sebille,gender,Other,donation_ams,3.5
Interview Prof. Sebille,gender,Other,funding_perceptions,68.0
Interview Prof. Sebille,gender,Other,inst_trust_mean,65.4
Interview Prof. Sebille,gender,Other,newsletter_signup,1.3
Interview Prof. Sebille,gender,Other,policy_general,85.0
Interview Prof. Sebille,gender,Other,policy_role_mean,77.25
Interview Prof. Sebille,gender,Other,policy_specific_mean,81.42857142857143
Interview Prof. Sebille,gender,Other,trust_multidimensional,70.08333333333333
Interview Prof. Sebille,gender,Other,trust_post,76.0
Interview Prof. Sebille,income,"$100,000 to $167,999",behavior_mean,41.166666666666664
Interview Prof. Sebille,income,"$100,000 to $167,999",belief_post,76.0
Interview Prof. Sebille,income,"$100,000 to $167,999",concern_mean,71.33333333333333
Interview Prof. Sebille,income,"$100,000 to $167,999",distrust_post,28.0
Interview Prof. Sebille,income,"$100,000 to $167,999",donation_ams,1.8
Interview Prof. Sebille,income,"$100,000 to $167,999",funding_perceptions,58.0
Interview Prof. Sebille,income,"$100,000 to $167,999",inst_trust_mean,69.0
Interview Prof. Sebille,income,"$100,000 to $167,999",newsletter_signup,1.65
Interview Prof. Sebille,income,"$100,000 to $167,999",policy_general,68.0
Interview Prof. Sebille,income,"$100,000 to $167,999",policy_role_mean,71.75
Interview Prof. Sebille,income,"$100,000 to $167,999",policy_specific_mean,71.14285714285714
Interview Prof. Sebille,income,"$100,000 to $167,999",trust_multidimensional,69.5
Interview Prof. Sebille,income,"$100,000 to $167,999",trust_post,68.0
Interview Prof. Sebille,income,"$168,000 or more",behavior_mean,47.833333333333336
Interview Prof. Sebille,income,"$168,000 or more",belief_post,81.0
Interview Prof. Sebille,income,"$168,000 or more",concern_mean,70.33333333333333
Interview Prof. Sebille,income,"$168,000 or more",distrust_post,25.0
Interview Prof. Sebille,income,"$168,000 or more",donation_ams,3.5
Interview Prof. Sebille,income,"$168,000 or more",funding_perceptions,58.0
Interview Prof. Sebille,income,"$168,000 or more",inst_trust_mean,64.6
Interview Prof. Sebille,income,"$168,000 or more",newsletter_signup,1.4
Interview Prof. Sebille,income,"$168,000 or more",policy_general,76.0
Interview Prof. Sebille,income,"$168,000 or more",policy_role_mean,77.25
Interview Prof. Sebille,income,"$168,000 or more",policy_specific_mean,73.42857142857143
Interview Prof. Sebille,income,"$168,000 or more",trust_multidimensional,68.91666666666667
Interview Prof. Sebille,income,"$168,000 or more",trust_post,72.0
Interview Prof. Sebille,income,"$30,000 to $55,999",behavior_mean,34.63333333333333
Interview Prof. Sebille,income,"$30,000 to $55,999",belief_post,76.9
Interview Prof. Sebille,income,"$30,000 to $55,999",concern_mean,66.53333333333333
Interview Prof. Sebille,income,"$30,000 to $55,999",distrust_post,22.1
Interview Prof. Sebille,income,"$30,000 to $55,999",donation_ams,1.45
Interview Prof. Sebille,income,"$30,000 to $55,999",funding_perceptions,64.6
Interview Prof. Sebille,income,"$30,000 to $55,999",inst_trust_mean,60.7
Interview Prof. Sebille,income,"$30,000 to $55,999",newsletter_signup,1.62
Interview Prof. Sebille,income,"$30,000 to $55,999",policy_general,71.2
Interview Prof. Sebille,income,"$30,000 to $55,999",policy_role_mean,71.075
Interview Prof. Sebille,income,"$30,000 to $55,999",policy_specific_mean,68.8
Interview Prof. Sebille,income,"$30,000 to $55,999",trust_multidimensional,66.08333333333333
Interview Prof. Sebille,income,"$30,000 to $55,999",trust_post,68.3
Interview Prof. Sebille,income,"$56,000 to $99,999",behavior_mean,38.78333333333334
Interview Prof. Sebille,income,"$56,000 to $99,999",belief_post,76.8
Interview Prof. Sebille,income,"$56,000 to $99,999",concern_mean,65.13333333333334
Interview Prof. Sebille,income,"$56,000 to $99,999",distrust_post,24.1
Interview Prof. Sebille,income,"$56,000 to $99,999",donation_ams,1.85
Interview Prof. Sebille,income,"$56,000 to $99,999",funding_perceptions,57.3
Interview Prof. Sebille,income,"$56,000 to $99,999",inst_trust_mean,62.3
Interview Prof. Sebille,income,"$56,000 to $99,999",newsletter_signup,1.62
Interview Prof. Sebille,income,"$56,000 to $99,999",policy_general,72.1
Interview Prof. Sebille,income,"$56,000 to $99,999",policy_role_mean,70.1
Interview Prof. Sebille,income,"$56,000 to $99,999",policy_specific_mean,67.4
Interview Prof. Sebille,income,"$56,000 to $99,999",trust_multidimensional,66.66666666666667
Interview Prof. Sebille,income,"$56,000 to $99,999",trust_post,66.4
Interview Prof. Sebille,income,"Less than $30,000",behavior_mean,34.333333333333336
Interview Prof. Sebille,income,"Less than $30,000",belief_post,78.0
Interview Prof. Sebille,income,"Less than $30,000",concern_mean,66.66666666666667
Interview Prof. Sebille,income,"Less than $30,000",distrust_post,30.0
Interview Prof. Sebille,income,"Less than $30,000",donation_ams,1.2
Interview Prof. Sebille,income,"Less than $30,000",funding_perceptions,62.0
Interview Prof. Sebille,income,"Less than $30,000",inst_trust_mean,62.2
Interview Prof. Sebille,income,"Less than $30,000",newsletter_signup,1.65
Interview Prof. Sebille,income,"Less than $30,000",policy_general,75.0
Interview Prof. Sebille,income,"Less than $30,000",policy_role_mean,75.0
Interview Prof. Sebille,income,"Less than $30,000",policy_specific_mean,74.0
Interview Prof. Sebille,income,"Less than $30,000",trust_multidimensional,70.75
Interview Prof. Sebille,income,"Less than $30,000",trust_post,70.0
Interview Prof. Sebille,party,Democrat,behavior_mean,49.333333333333336
Interview Prof. Sebille,party,Democrat,belief_post,94.0
Interview Prof. Sebille,party,Democrat,concern_mean,82.0
Interview Prof. Sebille,party,Democrat,distrust_post,16.0
Interview Prof. Sebille,party,Democrat,donation_ams,3.5
Interview Prof. Sebille,party,Democrat,funding_perceptions,75.0
Interview Prof. Sebille,party,Democrat,inst_trust_mean,72.6
Interview Prof. Sebille,party,Democrat,newsletter_signup,1.0
Interview Prof. Sebille,party,Democrat,policy_general,92.0
Interview Prof. Sebille,party,Democrat,policy_role_mean,84.25
Interview Prof. Sebille,party,Democrat,policy_specific_mean,82.57142857142857
Interview Prof. Sebille,party,Democrat,trust_multidimensional,78.0
Interview Prof. Sebille,party,Democrat,trust_post,84.0
Interview Prof. Sebille,party,Independent,behavior_mean,34.5
Interview Prof. Sebille,party,Independent,belief_post,72.0
Interview Prof. Sebille,party,Independent,concern_mean,62.333333333333336
Interview Prof. Sebille,party,Independent,distrust_post,31.0
Interview Prof. Sebille,party,Independent,donation_ams,1.5
Interview Prof. Sebille,party,Independent,funding_perceptions,55.0
Interview Prof. Sebille,party,Independent,inst_trust_mean,61.0
Interview Prof. Sebille,party,Independent,newsletter_signup,1.7
Interview Prof. Sebille,party,Independent,policy_general,66.0
Interview Prof. Sebille,party,Independent,policy_role_mean,67.5
Interview Prof. Sebille,party,Independent,policy_specific_mean,67.28571428571429
Interview Prof. Sebille,party,Independent,trust_multidimensional,65.83333333333333
Interview Prof. Sebille,party,Independent,trust_post,64.0
Interview Prof. Sebille,party,Other,behavior_mean,39.833333333333336
Interview Prof. Sebille,party,Other,belief_post,82.0
Interview Prof. Sebille,party,Other,concern_mean,68.33333333333333
Interview Prof. Sebille,party,Other,distrust_post,24.0
Interview Prof. Sebille,party,Other,donation_ams,1.8
Interview Prof. Sebille,party,Other,funding_perceptions,65.0
Interview Prof. Sebille,party,Other,inst_trust_mean,61.4
Interview Prof. Sebille,party,Other,newsletter_signup,1.7
Interview Prof. Sebille,party,Other,policy_general,76.0
Interview Prof. Sebille,party,Other,policy_role_mean,76.75
Interview Prof. Sebille,party,Other,policy_specific_mean,74.71428571428571
Interview Prof. Sebille,party,Other,trust_multidimensional,72.66666666666667
Interview Prof. Sebille,party,Other,trust_post,68.0
Interview Prof. Sebille,party,Republican,behavior_mean,18.333333333333332
Interview Prof. Sebille,party,Republican,belief_post,40.0
Interview Prof. Sebille,party,Republican,concern_mean,35.0
Interview Prof. Sebille,party,Republican,distrust_post,55.0
Interview Prof. Sebille,party,Republican,donation_ams,0.5
Interview Prof. Sebille,party,Republican,funding_perceptions,25.0
Interview Prof. Sebille,party,Republican,inst_trust_mean,43.0
Interview Prof. Sebille,party,Republican,newsletter_signup,1.8
Interview Prof. Sebille,party,Republican,policy_general,35.0
Interview Prof. Sebille,party,Republican,policy_role_mean,50.0
Interview Prof. Sebille,party,Republican,policy_specific_mean,49.285714285714285
Interview Prof. Sebille,party,Republican,trust_multidimensional,44.583333333333336
Interview Prof. Sebille,party,Republican,trust_post,35.0
Interview Prof. Sebille,race,Asian / Asian American,behavior_mean,46.166666666666664
Interview Prof. Sebille,race,Asian / Asian American,belief_post,88.0
Interview Prof. Sebille,race,Asian / Asian American,concern_mean,76.0
Interview Prof. Sebille,race,Asian / Asian American,distrust_post,18.0
Interview Prof. Sebille,race,Asian / Asian American,donation_ams,2.1
Interview Prof. Sebille,race,Asian / Asian American,funding_perceptions,68.0
Interview Prof. Sebille,race,Asian / Asian American,inst_trust_mean,67.0
Interview Prof. Sebille,race,Asian / Asian American,newsletter_signup,1.65
Interview Prof. Sebille,race,Asian / Asian American,policy_general,80.0
Interview Prof. Sebille,race,Asian / Asian American,policy_role_mean,78.0
Interview Prof. Sebille,race,Asian / Asian American,policy_specific_mean,77.14285714285714
Interview Prof. Sebille,race,Asian / Asian American,trust_multidimensional,75.66666666666667
Interview Prof. Sebille,race,Asian / Asian American,trust_post,78.0
Interview Prof. Sebille,race,Black / African American,behavior_mean,43.833333333333336
Interview Prof. Sebille,race,Black / African American,belief_post,81.0
Interview Prof. Sebille,race,Black / African American,concern_mean,75.0
Interview Prof. Sebille,race,Black / African American,distrust_post,26.0
Interview Prof. Sebille,race,Black / African American,donation_ams,1.5
Interview Prof. Sebille,race,Black / African American,funding_perceptions,65.0
Interview Prof. Sebille,race,Black / African American,inst_trust_mean,61.8
Interview Prof. Sebille,race,Black / African American,newsletter_signup,1.6
Interview Prof. Sebille,race,Black / African American,policy_general,78.0
Interview Prof. Sebille,race,Black / African American,policy_role_mean,78.25
Interview Prof. Sebille,race,Black / African American,policy_specific_mean,73.42857142857143
Interview Prof. Sebille,race,Black / African American,trust_multidimensional,71.75
Interview Prof. Sebille,race,Black / African American,trust_post,74.0
Interview Prof. Sebille,race,Hispanic / Latino,behavior_mean,40.666666666666664
Interview Prof. Sebille,race,Hispanic / Latino,belief_post,78.0
Interview Prof. Sebille,race,Hispanic / Latino,concern_mean,68.33333333333333
Interview Prof. Sebille,race,Hispanic / Latino,distrust_post,30.0
Interview Prof. Sebille,race,Hispanic / Latino,donation_ams,1.5
Interview Prof. Sebille,race,Hispanic / Latino,funding_perceptions,65.0
Interview Prof. Sebille,race,Hispanic / Latino,inst_trust_mean,60.6
Interview Prof. Sebille,race,Hispanic / Latino,newsletter_signup,1.7
Interview Prof. Sebille,race,Hispanic / Latino,policy_general,75.0
Interview Prof. Sebille,race,Hispanic / Latino,policy_role_mean,70.0
Interview Prof. Sebille,race,Hispanic / Latino,policy_specific_mean,73.14285714285714
Interview Prof. Sebille,race,Hispanic / Latino,trust_multidimensional,66.75
Interview Prof. Sebille,race,Hispanic / Latino,trust_post,68.0
Interview Prof. Sebille,race,Other,behavior_mean,42.5
Interview Prof. Sebille,race,Other,belief_post,88.0
Interview Prof. Sebille,race,Other,concern_mean,74.66666666666667
Interview Prof. Sebille,race,Other,distrust_post,28.0
Interview Prof. Sebille,race,Other,donation_ams,2.1
Interview Prof. Sebille,race,Other,funding_perceptions,65.0
Interview Prof. Sebille,race,Other,inst_trust_mean,64.8
Interview Prof. Sebille,race,Other,newsletter_signup,1.75
Interview Prof. Sebille,race,Other,policy_general,82.0
Interview Prof. Sebille,race,Other,policy_role_mean,75.75
Interview Prof. Sebille,race,Other,policy_specific_mean,77.57142857142857
Interview Prof. Sebille,race,Other,trust_multidimensional,71.91666666666667
Interview Prof. Sebille,race,Other,trust_post,72.0
Interview Prof. Sebille,race,White / Caucasian,behavior_mean,36.0
Interview Prof. Sebille,race,White / Caucasian,belief_post,67.0
Interview Prof. Sebille,race,White / Caucasian,concern_mean,63.666666666666664
Interview Prof. Sebille,race,White / Caucasian,distrust_post,28.0
Interview Prof. Sebille,race,White / Caucasian,donation_ams,2.15
Interview Prof. Sebille,race,White / Caucasian,funding_perceptions,47.0
Interview Prof. Sebille,race,White / Caucasian,inst_trust_mean,59.4
Interview Prof. Sebille,race,White / Caucasian,newsletter_signup,1.78
Interview Prof. Sebille,race,White / Caucasian,policy_general,64.0
Interview Prof. Sebille,race,White / Caucasian,policy_role_mean,67.0
Interview Prof. Sebille,race,White / Caucasian,policy_specific_mean,67.0
Interview Prof. Sebille,race,White / Caucasian,trust_multidimensional,65.16666666666667
Interview Prof. Sebille,race,White / Caucasian,trust_post,62.0
Measurement & modeling (1),age_band,18-29,behavior_mean,41.666666666666664
Measurement & modeling (1),age_band,18-29,belief_post,91.0
Measurement & modeling (1),age_band,18-29,concern_mean,75.33333333333333
Measurement & modeling (1),age_band,18-29,distrust_post,18.0
Measurement & modeling (1),age_band,18-29,donation_ams,1.8
Measurement & modeling (1),age_band,18-29,funding_perceptions,68.0
Measurement & modeling (1),age_band,18-29,inst_trust_mean,67.0
Measurement & modeling (1),age_band,18-29,newsletter_signup,1.75
Measurement & modeling (1),age_band,18-29,policy_general,84.0
Measurement & modeling (1),age_band,18-29,policy_role_mean,79.5
Measurement & modeling (1),age_band,18-29,policy_specific_mean,79.28571428571429
Measurement & modeling (1),age_band,18-29,trust_multidimensional,71.66666666666667
Measurement & modeling (1),age_band,18-29,trust_post,76.0
Measurement & modeling (1),age_band,30-44,behavior_mean,36.5
Measurement & modeling (1),age_band,30-44,belief_post,81.0
Measurement & modeling (1),age_band,30-44,concern_mean,74.0
Measurement & modeling (1),age_band,30-44,distrust_post,24.0
Measurement & modeling (1),age_band,30-44,donation_ams,1.85
Measurement & modeling (1),age_band,30-44,funding_perceptions,62.0
Measurement & modeling (1),age_band,30-44,inst_trust_mean,66.2
Measurement & modeling (1),age_band,30-44,newsletter_signup,1.42
Measurement & modeling (1),age_band,30-44,policy_general,78.0
Measurement & modeling (1),age_band,30-44,policy_role_mean,77.5
Measurement & modeling (1),age_band,30-44,policy_specific_mean,74.14285714285714
Measurement & modeling (1),age_band,30-44,trust_multidimensional,72.5
Measurement & modeling (1),age_band,30-44,trust_post,71.0
Measurement & modeling (1),age_band,45-59,behavior_mean,34.833333333333336
Measurement & modeling (1),age_band,45-59,belief_post,72.0
Measurement & modeling (1),age_band,45-59,concern_mean,61.333333333333336
Measurement & modeling (1),age_band,45-59,distrust_post,22.0
Measurement & modeling (1),age_band,45-59,donation_ams,2.1
Measurement & modeling (1),age_band,45-59,funding_perceptions,54.0
Measurement & modeling (1),age_band,45-59,inst_trust_mean,60.2
Measurement & modeling (1),age_band,45-59,newsletter_signup,1.8
Measurement & modeling (1),age_band,45-59,policy_general,68.0
Measurement & modeling (1),age_band,45-59,policy_role_mean,72.25
Measurement & modeling (1),age_band,45-59,policy_specific_mean,69.14285714285714
Measurement & modeling (1),age_band,45-59,trust_multidimensional,64.0
Measurement & modeling (1),age_band,45-59,trust_post,65.0
Measurement & modeling (1),age_band,60+,behavior_mean,30.0
Measurement & modeling (1),age_band,60+,belief_post,64.0
Measurement & modeling (1),age_band,60+,concern_mean,54.666666666666664
Measurement & modeling (1),age_band,60+,distrust_post,31.0
Measurement & modeling (1),age_band,60+,donation_ams,1.4
Measurement & modeling (1),age_band,60+,funding_perceptions,42.0
Measurement & modeling (1),age_band,60+,inst_trust_mean,57.0
Measurement & modeling (1),age_band,60+,newsletter_signup,1.6
Measurement & modeling (1),age_band,60+,policy_general,59.0
Measurement & modeling (1),age_band,60+,policy_role_mean,67.75
Measurement & modeling (1),age_band,60+,policy_specific_mean,62.857142857142854
Measurement & modeling (1),age_band,60+,trust_multidimensional,61.25
Measurement & modeling (1),age_band,60+,trust_post,61.0
Measurement & modeling (1),education,Bachelor's degree,behavior_mean,37.0
Measurement & modeling (1),education,Bachelor's degree,belief_post,84.0
Measurement & modeling (1),education,Bachelor's degree,concern_mean,74.66666666666667
Measurement & modeling (1),education,Bachelor's degree,distrust_post,24.0
Measurement & modeling (1),education,Bachelor's degree,donation_ams,2.1
Measurement & modeling (1),education,Bachelor's degree,funding_perceptions,64.0
Measurement & modeling (1),education,Bachelor's degree,inst_trust_mean,69.6
Measurement & modeling (1),education,Bachelor's degree,newsletter_signup,1.6
Measurement & modeling (1),education,Bachelor's degree,policy_general,81.0
Measurement & modeling (1),education,Bachelor's degree,policy_role_mean,78.75
Measurement & modeling (1),education,Bachelor's degree,policy_specific_mean,79.42857142857143
Measurement & modeling (1),education,Bachelor's degree,trust_multidimensional,71.83333333333333
Measurement & modeling (1),education,Bachelor's degree,trust_post,74.0
Measurement & modeling (1),education,Doctorate degree / Ph.D.,behavior_mean,53.666666666666664
Measurement & modeling (1),education,Doctorate degree / Ph.D.,belief_post,92.0
Measurement & modeling (1),education,Doctorate degree / Ph.D.,concern_mean,79.33333333333333
Measurement & modeling (1),education,Doctorate degree / Ph.D.,distrust_post,18.0
Measurement & modeling (1),education,Doctorate degree / Ph.D.,donation_ams,4.5
Measurement & modeling (1),education,Doctorate degree / Ph.D.,funding_perceptions,70.0
Measurement & modeling (1),education,Doctorate degree / Ph.D.,inst_trust_mean,71.6
Measurement & modeling (1),education,Doctorate degree / Ph.D.,newsletter_signup,1.3
Measurement & modeling (1),education,Doctorate degree / Ph.D.,policy_general,88.0
Measurement & modeling (1),education,Doctorate degree / Ph.D.,policy_role_mean,81.25
Measurement & modeling (1),education,Doctorate degree / Ph.D.,policy_specific_mean,81.42857142857143
Measurement & modeling (1),education,Doctorate degree / Ph.D.,trust_multidimensional,75.66666666666667
Measurement & modeling (1),education,Doctorate degree / Ph.D.,trust_post,82.0
Measurement & modeling (1),education,High school diploma / GED,behavior_mean,34.333333333333336
Measurement & modeling (1),education,High school diploma / GED,belief_post,68.0
Measurement & modeling (1),education,High school diploma / GED,concern_mean,58.333333333333336
Measurement & modeling (1),education,High school diploma / GED,distrust_post,28.0
Measurement & modeling (1),education,High school diploma / GED,donation_ams,1.2
Measurement & modeling (1),education,High school diploma / GED,funding_perceptions,46.0
Measurement & modeling (1),education,High school diploma / GED,inst_trust_mean,55.4
Measurement & modeling (1),education,High school diploma / GED,newsletter_signup,1.7
Measurement & modeling (1),education,High school diploma / GED,policy_general,64.0
Measurement & modeling (1),education,High school diploma / GED,policy_role_mean,68.5
Measurement & modeling (1),education,High school diploma / GED,policy_specific_mean,67.28571428571429
Measurement & modeling (1),education,High school diploma / GED,trust_multidimensional,64.25
Measurement & modeling (1),education,High school diploma / GED,trust_post,63.0
Measurement & modeling (1),education,Less than high school,behavior_mean,24.5
Measurement & modeling (1),education,Less than high school,belief_post,50.0
Measurement & modeling (1),education,Less than high school,concern_mean,48.333333333333336
Measurement & modeling (1),education,Less than high school,distrust_post,45.0
Measurement & modeling (1),education,Less than high school,donation_ams,0.5
Measurement & modeling (1),education,Less than high school,funding_perceptions,40.0
Measurement & modeling (1),education,Less than high school,inst_trust_mean,46.0
Measurement & modeling (1),education,Less than high school,newsletter_signup,1.8
Measurement & modeling (1),education,Less than high school,policy_general,60.0
Measurement & modeling (1),education,Less than high school,policy_role_mean,60.0
Measurement & modeling (1),education,Less than high school,policy_specific_mean,60.714285714285715
Measurement & modeling (1),education,Less than high school,trust_multidimensional,54.333333333333336
Measurement & modeling (1),education,Less than high school,trust_post,50.0
Measurement & modeling (1),education,Master's degree / Professional degree,behavior_mean,36.166666666666664
Measurement & modeling (1),education,Master's degree / Professional degree,belief_post,88.0
Measurement & modeling (1),education,Master's degree / Professional degree,concern_mean,76.33333333333333
Measurement & modeling (1),education,Master's degree / Professional degree,distrust_post,18.0
Measurement & modeling (1),education,Master's degree / Professional degree,donation_ams,2.4
Measurement & modeling (1),education,Master's degree / Professional degree,funding_perceptions,68.0
Measurement & modeling (1),education,Master's degree / Professional degree,inst_trust_mean,71.6
Measurement & modeling (1),education,Master's degree / Professional degree,newsletter_signup,1.4
Measurement & modeling (1),education,Master's degree / Professional degree,policy_general,84.0
Measurement & modeling (1),education,Master's degree / Professional degree,policy_role_mean,80.25
Measurement & modeling (1),education,Master's degree / Professional degree,policy_specific_mean,80.85714285714286
Measurement & modeling (1),education,Master's degree / Professional degree,trust_multidimensional,74.58333333333333
Measurement & modeling (1),education,Master's degree / Professional degree,trust_post,78.0
Measurement & modeling (1),education,Some college or Associate's degree,behavior_mean,36.333333333333336
Measurement & modeling (1),education,Some college or Associate's degree,belief_post,76.0
Measurement & modeling (1),education,Some college or Associate's degree,concern_mean,66.66666666666667
Measurement & modeling (1),education,Some college or Associate's degree,distrust_post,28.0
Measurement & modeling (1),education,Some college or Associate's degree,donation_ams,1.8
Measurement & modeling (1),education,Some college or Associate's degree,funding_perceptions,62.0
Measurement & modeling (1),education,Some college or Associate's degree,inst_trust_mean,59.6
Measurement & modeling (1),education,Some college or Associate's degree,newsletter_signup,1.6
Measurement & modeling (1),education,Some college or Associate's degree,policy_general,72.0
Measurement & modeling (1),education,Some college or Associate's degree,policy_role_mean,72.25
Measurement & modeling (1),education,Some college or Associate's degree,policy_specific_mean,69.14285714285714
Measurement & modeling (1),education,Some college or Associate's degree,trust_multidimensional,67.58333333333333
Measurement & modeling (1),education,Some college or Associate's degree,trust_post,68.0
Measurement & modeling (1),gender,Female,behavior_mean,42.833333333333336
Measurement & modeling (1),gender,Female,belief_post,82.0
Measurement & modeling (1),gender,Female,concern_mean,74.0
Measurement & modeling (1),gender,Female,distrust_post,22.0
Measurement & modeling (1),gender,Female,donation_ams,3.5
Measurement & modeling (1),gender,Female,funding_perceptions,62.0
Measurement & modeling (1),gender,Female,inst_trust_mean,63.6
Measurement & modeling (1),gender,Female,newsletter_signup,1.4
Measurement & modeling (1),gender,Female,policy_general,81.0
Measurement & modeling (1),gender,Female,policy_role_mean,77.0
Measurement & modeling (1),gender,Female,policy_specific_mean,76.57142857142857
Measurement & modeling (1),gender,Female,trust_multidimensional,73.08333333333333
Measurement & modeling (1),gender,Female,trust_post,72.0
Measurement & modeling (1),gender,Male,behavior_mean,35.666666666666664
Measurement & modeling (1),gender,Male,belief_post,72.0
Measurement & modeling (1),gender,Male,concern_mean,58.0
Measurement & modeling (1),gender,Male,distrust_post,30.0
Measurement & modeling (1),gender,Male,donation_ams,1.2
Measurement & modeling (1),gender,Male,funding_perceptions,48.0
Measurement & modeling (1),gender,Male,inst_trust_mean,59.4
Measurement & modeling (1),gender,Male,newsletter_signup,1.8
Measurement & modeling (1),gender,Male,policy_general,64.0
Measurement & modeling (1),gender,Male,policy_role_mean,66.75
Measurement & modeling (1),gender,Male,policy_specific_mean,62.857142857142854
Measurement & modeling (1),gender,Male,trust_multidimensional,66.08333333333333
Measurement & modeling (1),gender,Male,trust_post,66.0
Measurement & modeling (1),gender,Other,behavior_mean,51.666666666666664
Measurement & modeling (1),gender,Other,belief_post,92.0
Measurement & modeling (1),gender,Other,concern_mean,82.66666666666667
Measurement & modeling (1),gender,Other,distrust_post,20.0
Measurement & modeling (1),gender,Other,donation_ams,3.5
Measurement & modeling (1),gender,Other,funding_perceptions,65.0
Measurement & modeling (1),gender,Other,inst_trust_mean,67.0
Measurement & modeling (1),gender,Other,newsletter_signup,1.4
Measurement & modeling (1),gender,Other,policy_general,88.0
Measurement & modeling (1),gender,Other,policy_role_mean,81.25
Measurement & modeling (1),gender,Other,policy_specific_mean,81.0
Measurement & modeling (1),gender,Other,trust_multidimensional,70.33333333333333
Measurement & modeling (1),gender,Other,trust_post,75.0
Measurement & modeling (1),income,"$100,000 to $167,999",behavior_mean,42.5
Measurement & modeling (1),income,"$100,000 to $167,999",belief_post,78.0
Measurement & modeling (1),income,"$100,000 to $167,999",concern_mean,67.0
Measurement & modeling (1),income,"$100,000 to $167,999",distrust_post,24.0
Measurement & modeling (1),income,"$100,000 to $167,999",donation_ams,2.2
Measurement & modeling (1),income,"$100,000 to $167,999",funding_perceptions,58.0
Measurement & modeling (1),income,"$100,000 to $167,999",inst_trust_mean,64.8
Measurement & modeling (1),income,"$100,000 to $167,999",newsletter_signup,1.7
Measurement & modeling (1),income,"$100,000 to $167,999",policy_general,73.0
Measurement & modeling (1),income,"$100,000 to $167,999",policy_role_mean,75.0
Measurement & modeling (1),income,"$100,000 to $167,999",policy_specific_mean,72.71428571428571
Measurement & modeling (1),income,"$100,000 to $167,999",trust_multidimensional,68.5
Measurement & modeling (1),income,"$100,000 to $167,999",trust_post,71.0
Measurement & modeling (1),income,"$168,000 or more",behavior_mean,40.0
Measurement & modeling (1),income,"$168,000 or more",belief_post,80.0
Measurement & modeling (1),income,"$168,000 or more",concern_mean,65.33333333333333
Measurement & modeling (1),income,"$168,000 or more",distrust_post,22.0
Measurement & modeling (1),income,"$168,000 or more",donation_ams,3.5
Measurement & modeling (1),income,"$168,000 or more",funding_perceptions,55.0
Measurement & modeling (1),income,"$168,000 or more",inst_trust_mean,60.2
Measurement & modeling (1),income,"$168,000 or more",newsletter_signup,1.7
Measurement & modeling (1),income,"$168,000 or more",policy_general,70.0
Measurement & modeling (1),income,"$168,000 or more",policy_role_mean,73.0
Measurement & modeling (1),income,"$168,000 or more",policy_specific_mean,70.0
Measurement & modeling (1),income,"$168,000 or more",trust_multidimensional,68.58333333333333
Measurement & modeling (1),income,"$168,000 or more",trust_post,70.0
Measurement & modeling (1),income,"$30,000 to $55,999",behavior_mean,38.166666666666664
Measurement & modeling (1),income,"$30,000 to $55,999",belief_post,74.0
Measurement & modeling (1),income,"$30,000 to $55,999",concern_mean,64.0
Measurement & modeling (1),income,"$30,000 to $55,999",distrust_post,25.0
Measurement & modeling (1),income,"$30,000 to $55,999",donation_ams,2.5
Measurement & modeling (1),income,"$30,000 to $55,999",funding_perceptions,58.0
Measurement & modeling (1),income,"$30,000 to $55,999",inst_trust_mean,59.0
Measurement & modeling (1),income,"$30,000 to $55,999",newsletter_signup,1.7
Measurement & modeling (1),income,"$30,000 to $55,999",policy_general,68.0
Measurement & modeling (1),income,"$30,000 to $55,999",policy_role_mean,71.5
Measurement & modeling (1),income,"$30,000 to $55,999",policy_specific_mean,68.28571428571429
Measurement & modeling (1),income,"$30,000 to $55,999",trust_multidimensional,65.58333333333333
Measurement & modeling (1),income,"$30,000 to $55,999",trust_post,72.0
Measurement & modeling (1),income,"$56,000 to $99,999",behavior_mean,40.5
Measurement & modeling (1),income,"$56,000 to $99,999",belief_post,78.0
Measurement & modeling (1),income,"$56,000 to $99,999",concern_mean,64.0
Measurement & modeling (1),income,"$56,000 to $99,999",distrust_post,26.0
Measurement & modeling (1),income,"$56,000 to $99,999",donation_ams,1.8
Measurement & modeling (1),income,"$56,000 to $99,999",funding_perceptions,58.0
Measurement & modeling (1),income,"$56,000 to $99,999",inst_trust_mean,62.2
Measurement & modeling (1),income,"$56,000 to $99,999",newsletter_signup,1.6
Measurement & modeling (1),income,"$56,000 to $99,999",policy_general,74.0
Measurement & modeling (1),income,"$56,000 to $99,999",policy_role_mean,73.5
Measurement & modeling (1),income,"$56,000 to $99,999",policy_specific_mean,68.85714285714286
Measurement & modeling (1),income,"$56,000 to $99,999",trust_multidimensional,67.16666666666667
Measurement & modeling (1),income,"$56,000 to $99,999",trust_post,72.0
Measurement & modeling (1),income,"Less than $30,000",behavior_mean,36.25
Measurement & modeling (1),income,"Less than $30,000",belief_post,71.4
Measurement & modeling (1),income,"Less than $30,000",concern_mean,64.5
Measurement & modeling (1),income,"Less than $30,000",distrust_post,36.2
Measurement & modeling (1),income,"Less than $30,000",donation_ams,0.75
Measurement & modeling (1),income,"Less than $30,000",funding_perceptions,53.2
Measurement & modeling (1),income,"Less than $30,000",inst_trust_mean,58.279999999999994
Measurement & modeling (1),income,"Less than $30,000",newsletter_signup,1.62
Measurement & modeling (1),income,"Less than $30,000",policy_general,74.2
Measurement & modeling (1),income,"Less than $30,000",policy_role_mean,70.525
Measurement & modeling (1),income,"Less than $30,000",policy_specific_mean,67.7
Measurement & modeling (1),income,"Less than $30,000",trust_multidimensional,64.53333333333333
Measurement & modeling (1),income,"Less than $30,000",trust_post,61.5
Measurement & modeling (1),party,Democrat,behavior_mean,45.166666666666664
Measurement & modeling (1),party,Democrat,belief_post,92.0
Measurement & modeling (1),party,Democrat,concern_mean,77.33333333333333
Measurement & modeling (1),party,Democrat,distrust_post,15.0
Measurement & modeling (1),party,Democrat,donation_ams,3.5
Measurement & modeling (1),party,Democrat,funding_perceptions,75.0
Measurement & modeling (1),party,Democrat,inst_trust_mean,69.6
Measurement & modeling (1),party,Democrat,newsletter_signup,1.4
Measurement & modeling (1),party,Democrat,policy_general,88.0
Measurement & modeling (1),party,Democrat,policy_role_mean,81.25
Measurement & modeling (1),party,Democrat,policy_specific_mean,80.28571428571429
Measurement & modeling (1),party,Democrat,trust_multidimensional,75.66666666666667
Measurement & modeling (1),party,Democrat,trust_post,80.0
Measurement & modeling (1),party,Independent,behavior_mean,33.166666666666664
Measurement & modeling (1),party,Independent,belief_post,72.0
Measurement & modeling (1),party,Independent,concern_mean,61.666666666666664
Measurement & modeling (1),party,Independent,distrust_post,28.0
Measurement & modeling (1),party,Independent,donation_ams,1.2
Measurement & modeling (1),party,Independent,funding_perceptions,46.0
Measurement & modeling (1),party,Independent,inst_trust_mean,57.6
Measurement & modeling (1),party,Independent,newsletter_signup,1.7
Measurement & modeling (1),party,Independent,policy_general,64.0
Measurement & modeling (1),party,Independent,policy_role_mean,66.5
Measurement & modeling (1),party,Independent,policy_specific_mean,63.714285714285715
Measurement & modeling (1),party,Independent,trust_multidimensional,63.583333333333336
Measurement & modeling (1),party,Independent,trust_post,62.0
Measurement & modeling (1),party,Other,behavior_mean,36.800000000000004
Measurement & modeling (1),party,Other,belief_post,77.8
Measurement & modeling (1),party,Other,concern_mean,68.43333333333334
Measurement & modeling (1),party,Other,distrust_post,24.5
Measurement & modeling (1),party,Other,donation_ams,1.4
Measurement & modeling (1),party,Other,funding_perceptions,58.8
Measurement & modeling (1),party,Other,inst_trust_mean,56.04
Measurement & modeling (1),party,Other,newsletter_signup,1.6
Measurement & modeling (1),party,Other,policy_general,71.5
Measurement & modeling (1),party,Other,policy_role_mean,70.75
Measurement & modeling (1),party,Other,policy_specific_mean,69.44285714285715
Measurement & modeling (1),party,Other,trust_multidimensional,67.26666666666667
Measurement & modeling (1),party,Other,trust_post,68.2
Measurement & modeling (1),party,Republican,behavior_mean,23.5
Measurement & modeling (1),party,Republican,belief_post,41.0
Measurement & modeling (1),party,Republican,concern_mean,34.0
Measurement & modeling (1),party,Republican,distrust_post,58.0
Measurement & modeling (1),party,Republican,donation_ams,0.8
Measurement & modeling (1),party,Republican,funding_perceptions,28.0
Measurement & modeling (1),party,Republican,inst_trust_mean,43.2
Measurement & modeling (1),party,Republican,newsletter_signup,1.8
Measurement & modeling (1),party,Republican,policy_general,34.0
Measurement & modeling (1),party,Republican,policy_role_mean,51.5
Measurement & modeling (1),party,Republican,policy_specific_mean,50.857142857142854
Measurement & modeling (1),party,Republican,trust_multidimensional,47.5
Measurement & modeling (1),party,Republican,trust_post,36.0
Measurement & modeling (1),race,Asian / Asian American,behavior_mean,43.85
Measurement & modeling (1),race,Asian / Asian American,belief_post,86.7
Measurement & modeling (1),race,Asian / Asian American,concern_mean,74.13333333333334
Measurement & modeling (1),race,Asian / Asian American,distrust_post,21.3
Measurement & modeling (1),race,Asian / Asian American,donation_ams,2.1
Measurement & modeling (1),race,Asian / Asian American,funding_perceptions,67.9
Measurement & modeling (1),race,Asian / Asian American,inst_trust_mean,65.7
Measurement & modeling (1),race,Asian / Asian American,newsletter_signup,1.65
Measurement & modeling (1),race,Asian / Asian American,policy_general,81.4
Measurement & modeling (1),race,Asian / Asian American,policy_role_mean,77.1
Measurement & modeling (1),race,Asian / Asian American,policy_specific_mean,78.5
Measurement & modeling (1),race,Asian / Asian American,trust_multidimensional,72.34166666666667
Measurement & modeling (1),race,Asian / Asian American,trust_post,78.6
Measurement & modeling (1),race,Black / African American,behavior_mean,42.333333333333336
Measurement & modeling (1),race,Black / African American,belief_post,82.0
Measurement & modeling (1),race,Black / African American,concern_mean,70.0
Measurement & modeling (1),race,Black / African American,distrust_post,25.0
Measurement & modeling (1),race,Black / African American,donation_ams,1.5
Measurement & modeling (1),race,Black / African American,funding_perceptions,65.0
Measurement & modeling (1),race,Black / African American,inst_trust_mean,59.2
Measurement & modeling (1),race,Black / African American,newsletter_signup,1.8
Measurement & modeling (1),race,Black / African American,policy_general,80.0
Measurement & modeling (1),race,Black / African American,policy_role_mean,78.25
Measurement & modeling (1),race,Black / African American,policy_specific_mean,72.57142857142857
Measurement & modeling (1),race,Black / African American,trust_multidimensional,69.25
Measurement & modeling (1),race,Black / African American,trust_post,68.0
Measurement & modeling (1),race,Hispanic / Latino,behavior_mean,37.833333333333336
Measurement & modeling (1),race,Hispanic / Latino,belief_post,76.0
Measurement & modeling (1),race,Hispanic / Latino,concern_mean,70.33333333333333
Measurement & modeling (1),race,Hispanic / Latino,distrust_post,24.0
Measurement & modeling (1),race,Hispanic / Latino,donation_ams,2.1
Measurement & modeling (1),race,Hispanic / Latino,funding_perceptions,62.0
Measurement & modeling (1),race,Hispanic / Latino,inst_trust_mean,61.4
Measurement & modeling (1),race,Hispanic / Latino,newsletter_signup,1.7
Measurement & modeling (1),race,Hispanic / Latino,policy_general,79.0
Measurement & modeling (1),race,Hispanic / Latino,policy_role_mean,75.25
Measurement & modeling (1),race,Hispanic / Latino,policy_specific_mean,72.0
Measurement & modeling (1),race,Hispanic / Latino,trust_multidimensional,68.66666666666667
Measurement & modeling (1),race,Hispanic / Latino,trust_post,72.0
Measurement & modeling (1),race,Other,behavior_mean,35.5
Measurement & modeling (1),race,Other,belief_post,76.0
Measurement & modeling (1),race,Other,concern_mean,70.0
Measurement & modeling (1),race,Other,distrust_post,24.0
Measurement & modeling (1),race,Other,donation_ams,1.8
Measurement & modeling (1),race,Other,funding_perceptions,63.0
Measurement & modeling (1),race,Other,inst_trust_mean,65.0
Measurement & modeling (1),race,Other,newsletter_signup,1.7
Measurement & modeling (1),race,Other,policy_general,78.0
Measurement & modeling (1),race,Other,policy_role_mean,76.0
Measurement & modeling (1),race,Other,policy_specific_mean,78.57142857142857
Measurement & modeling (1),race,Other,trust_multidimensional,70.08333333333333
Measurement & modeling (1),race,Other,trust_post,71.0
Measurement & modeling (1),race,White / Caucasian,behavior_mean,30.666666666666668
Measurement & modeling (1),race,White / Caucasian,belief_post,72.0
Measurement & modeling (1),race,White / Caucasian,concern_mean,62.666666666666664
Measurement & modeling (1),race,White / Caucasian,distrust_post,28.0
Measurement & modeling (1),race,White / Caucasian,donation_ams,1.8
Measurement & modeling (1),race,White / Caucasian,funding_perceptions,55.0
Measurement & modeling (1),race,White / Caucasian,inst_trust_mean,61.0
Measurement & modeling (1),race,White / Caucasian,newsletter_signup,1.7
Measurement & modeling (1),race,White / Caucasian,policy_general,68.0
Measurement & modeling (1),race,White / Caucasian,policy_role_mean,68.5
Measurement & modeling (1),race,White / Caucasian,policy_specific_mean,67.57142857142857
Measurement & modeling (1),race,White / Caucasian,trust_multidimensional,66.91666666666667
Measurement & modeling (1),race,White / Caucasian,trust_post,66.0
Measurement & modeling (2),age_band,18-29,behavior_mean,50.333333333333336
Measurement & modeling (2),age_band,18-29,belief_post,89.0
Measurement & modeling (2),age_band,18-29,concern_mean,80.33333333333333
Measurement & modeling (2),age_band,18-29,distrust_post,18.0
Measurement & modeling (2),age_band,18-29,donation_ams,1.8
Measurement & modeling (2),age_band,18-29,funding_perceptions,68.0
Measurement & modeling (2),age_band,18-29,inst_trust_mean,66.0
Measurement & modeling (2),age_band,18-29,newsletter_signup,1.7
Measurement & modeling (2),age_band,18-29,policy_general,86.0
Measurement & modeling (2),age_band,18-29,policy_role_mean,81.25
Measurement & modeling (2),age_band,18-29,policy_specific_mean,82.14285714285714
Measurement & modeling (2),age_band,18-29,trust_multidimensional,74.91666666666667
Measurement & modeling (2),age_band,18-29,trust_post,76.0
Measurement & modeling (2),age_band,30-44,behavior_mean,39.166666666666664
Measurement & modeling (2),age_band,30-44,belief_post,81.0
Measurement & modeling (2),age_band,30-44,concern_mean,73.0
Measurement & modeling (2),age_band,30-44,distrust_post,22.0
Measurement & modeling (2),age_band,30-44,donation_ams,1.45
Measurement & modeling (2),age_band,30-44,funding_perceptions,62.0
Measurement & modeling (2),age_band,30-44,inst_trust_mean,63.2
Measurement & modeling (2),age_band,30-44,newsletter_signup,1.72
Measurement & modeling (2),age_band,30-44,policy_general,76.0
Measurement & modeling (2),age_band,30-44,policy_role_mean,77.25
Measurement & modeling (2),age_band,30-44,policy_specific_mean,77.0
Measurement & modeling (2),age_band,30-44,trust_multidimensional,71.08333333333333
Measurement & modeling (2),age_band,30-44,trust_post,71.0
Measurement & modeling (2),age_band,45-59,behavior_mean,35.0
Measurement & modeling (2),age_band,45-59,belief_post,72.0
Measurement & modeling (2),age_band,45-59,concern_mean,63.333333333333336
Measurement & modeling (2),age_band,45-59,distrust_post,25.0
Measurement & modeling (2),age_band,45-59,donation_ams,1.5
Measurement & modeling (2),age_band,45-59,funding_perceptions,58.0
Measurement & modeling (2),age_band,45-59,inst_trust_mean,63.4
Measurement & modeling (2),age_band,45-59,newsletter_signup,1.8
Measurement & modeling (2),age_band,45-59,policy_general,68.0
Measurement & modeling (2),age_band,45-59,policy_role_mean,63.25
Measurement & modeling (2),age_band,45-59,policy_specific_mean,66.14285714285714
Measurement & modeling (2),age_band,45-59,trust_multidimensional,65.91666666666667
Measurement & modeling (2),age_band,45-59,trust_post,65.0
Measurement & modeling (2),age_band,60+,behavior_mean,32.833333333333336
Measurement & modeling (2),age_band,60+,belief_post,68.0
Measurement & modeling (2),age_band,60+,concern_mean,58.333333333333336
Measurement & modeling (2),age_band,60+,distrust_post,31.0
Measurement & modeling (2),age_band,60+,donation_ams,1.5
Measurement & modeling (2),age_band,60+,funding_perceptions,42.0
Measurement & modeling (2),age_band,60+,inst_trust_mean,60.0
Measurement & modeling (2),age_band,60+,newsletter_signup,1.8
Measurement & modeling (2),age_band,60+,policy_general,64.0
Measurement & modeling (2),age_band,60+,policy_role_mean,70.75
Measurement & modeling (2),age_band,60+,policy_specific_mean,66.14285714285714
Measurement & modeling (2),age_band,60+,trust_multidimensional,64.5
Measurement & modeling (2),age_band,60+,trust_post,62.0
Measurement & modeling (2),education,Bachelor's degree,behavior_mean,36.166666666666664
Measurement & modeling (2),education,Bachelor's degree,belief_post,84.0
Measurement & modeling (2),education,Bachelor's degree,concern_mean,70.0
Measurement & modeling (2),education,Bachelor's degree,distrust_post,25.0
Measurement & modeling (2),education,Bachelor's degree,donation_ams,1.5
Measurement & modeling (2),education,Bachelor's degree,funding_perceptions,65.0
Measurement & modeling (2),education,Bachelor's degree,inst_trust_mean,62.2
Measurement & modeling (2),education,Bachelor's degree,newsletter_signup,1.7
Measurement & modeling (2),education,Bachelor's degree,policy_general,78.0
Measurement & modeling (2),education,Bachelor's degree,policy_role_mean,74.5
Measurement & modeling (2),education,Bachelor's degree,policy_specific_mean,72.71428571428571
Measurement & modeling (2),education,Bachelor's degree,trust_multidimensional,66.5
Measurement & modeling (2),education,Bachelor's degree,trust_post,72.0
Measurement & modeling (2),education,Doctorate degree / Ph.D.,behavior_mean,50.166666666666664
Measurement & modeling (2),education,Doctorate degree / Ph.D.,belief_post,94.0
Measurement & modeling (2),education,Doctorate degree / Ph.D.,concern_mean,82.66666666666667
Measurement & modeling (2),education,Doctorate degree / Ph.D.,distrust_post,14.0
Measurement & modeling (2),education,Doctorate degree / Ph.D.,donation_ams,3.2
Measurement & modeling (2),education,Doctorate degree / Ph.D.,funding_perceptions,70.0
Measurement & modeling (2),education,Doctorate degree / Ph.D.,inst_trust_mean,76.2
Measurement & modeling (2),education,Doctorate degree / Ph.D.,newsletter_signup,1.3
Measurement & modeling (2),education,Doctorate degree / Ph.D.,policy_general,87.0
Measurement & modeling (2),education,Doctorate degree / Ph.D.,policy_role_mean,80.25
Measurement & modeling (2),education,Doctorate degree / Ph.D.,policy_specific_mean,84.14285714285714
Measurement & modeling (2),education,Doctorate degree / Ph.D.,trust_multidimensional,75.83333333333333
Measurement & modeling (2),education,Doctorate degree / Ph.D.,trust_post,84.0
Measurement & modeling (2),education,High school diploma / GED,behavior_mean,36.166666666666664
Measurement & modeling (2),education,High school diploma / GED,belief_post,72.0
Measurement & modeling (2),education,High school diploma / GED,concern_mean,66.0
Measurement & modeling (2),education,High school diploma / GED,distrust_post,32.0
Measurement & modeling (2),education,High school diploma / GED,donation_ams,1.5
Measurement & modeling (2),education,High school diploma / GED,funding_perceptions,48.0
Measurement & modeling (2),education,High school diploma / GED,inst_trust_mean,59.6
Measurement & modeling (2),education,High school diploma / GED,newsletter_signup,1.7
Measurement & modeling (2),education,High school diploma / GED,policy_general,68.0
Measurement & modeling (2),education,High school diploma / GED,policy_role_mean,70.75
Measurement & modeling (2),education,High school diploma / GED,policy_specific_mean,68.85714285714286
Measurement & modeling (2),education,High school diploma / GED,trust_multidimensional,63.25
Measurement & modeling (2),education,High school diploma / GED,trust_post,62.0
Measurement & modeling (2),education,Less than high school,behavior_mean,24.333333333333332
Measurement & modeling (2),education,Less than high school,belief_post,52.0
Measurement & modeling (2),education,Less than high school,concern_mean,46.333333333333336
Measurement & modeling (2),education,Less than high school,distrust_post,42.0
Measurement & modeling (2),education,Less than high school,donation_ams,1.2
Measurement & modeling (2),education,Less than high school,funding_perceptions,32.0
Measurement & modeling (2),education,Less than high school,inst_trust_mean,46.8
Measurement & modeling (2),education,Less than high school,newsletter_signup,2.0
Measurement & modeling (2),education,Less than high school,policy_general,46.0
Measurement & modeling (2),education,Less than high school,policy_role_mean,52.25
Measurement & modeling (2),education,Less than high school,policy_specific_mean,56.857142857142854
Measurement & modeling (2),education,Less than high school,trust_multidimensional,52.5
Measurement & modeling (2),education,Less than high school,trust_post,48.0
Measurement & modeling (2),education,Master's degree / Professional degree,behavior_mean,44.166666666666664
Measurement & modeling (2),education,Master's degree / Professional degree,belief_post,92.0
Measurement & modeling (2),education,Master's degree / Professional degree,concern_mean,71.66666666666667
Measurement & modeling (2),education,Master's degree / Professional degree,distrust_post,18.0
Measurement & modeling (2),education,Master's degree / Professional degree,donation_ams,3.5
Measurement & modeling (2),education,Master's degree / Professional degree,funding_perceptions,65.0
Measurement & modeling (2),education,Master's degree / Professional degree,inst_trust_mean,70.6
Measurement & modeling (2),education,Master's degree / Professional degree,newsletter_signup,1.4
Measurement & modeling (2),education,Master's degree / Professional degree,policy_general,85.0
Measurement & modeling (2),education,Master's degree / Professional degree,policy_role_mean,79.0
Measurement & modeling (2),education,Master's degree / Professional degree,policy_specific_mean,78.85714285714286
Measurement & modeling (2),education,Master's degree / Professional degree,trust_multidimensional,74.08333333333333
Measurement & modeling (2),education,Master's degree / Professional degree,trust_post,80.0
Measurement & modeling (2),education,Some college or Associate's degree,behavior_mean,38.666666666666664
Measurement & modeling (2),education,Some college or Associate's degree,belief_post,72.0
Measurement & modeling (2),education,Some college or Associate's degree,concern_mean,66.66666666666667
Measurement & modeling (2),education,Some college or Associate's degree,distrust_post,28.0
Measurement & modeling (2),education,Some college or Associate's degree,donation_ams,1.8
Measurement & modeling (2),education,Some college or Associate's degree,funding_perceptions,58.0
Measurement & modeling (2),education,Some college or Associate's degree,inst_trust_mean,59.0
Measurement & modeling (2),education,Some college or Associate's degree,newsletter_signup,1.75
Measurement & modeling (2),education,Some college or Associate's degree,policy_general,66.0
Measurement & modeling (2),education,Some college or Associate's degree,policy_role_mean,70.5
Measurement & modeling (2),education,Some college or Associate's degree,policy_specific_mean,71.14285714285714
Measurement & modeling (2),education,Some college or Associate's degree,trust_multidimensional,65.66666666666667
Measurement & modeling (2),education,Some college or Associate's degree,trust_post,68.0
Measurement & modeling (2),gender,Female,behavior_mean,43.5
Measurement & modeling (2),gender,Female,belief_post,82.0
Measurement & modeling (2),gender,Female,concern_mean,75.0
Measurement & modeling (2),gender,Female,distrust_post,28.0
Measurement & modeling (2),gender,Female,donation_ams,2.5
Measurement & modeling (2),gender,Female,funding_perceptions,65.0
Measurement & modeling (2),gender,Female,inst_trust_mean,61.6
Measurement & modeling (2),gender,Female,newsletter_signup,1.7
Measurement & modeling (2),gender,Female,policy_general,78.0
Measurement & modeling (2),gender,Female,policy_role_mean,73.5
Measurement & modeling (2),gender,Female,policy_specific_mean,77.28571428571429
Measurement & modeling (2),gender,Female,trust_multidimensional,67.08333333333333
Measurement & modeling (2),gender,Female,trust_post,72.0
Measurement & modeling (2),gender,Male,behavior_mean,32.166666666666664
Measurement & modeling (2),gender,Male,belief_post,68.0
Measurement & modeling (2),gender,Male,concern_mean,60.666666666666664
Measurement & modeling (2),gender,Male,distrust_post,32.0
Measurement & modeling (2),gender,Male,donation_ams,1.2
Measurement & modeling (2),gender,Male,funding_perceptions,45.0
Measurement & modeling (2),gender,Male,inst_trust_mean,56.4
Measurement & modeling (2),gender,Male,newsletter_signup,1.8
Measurement & modeling (2),gender,Male,policy_general,60.0
Measurement & modeling (2),gender,Male,policy_role_mean,65.0
Measurement & modeling (2),gender,Male,policy_specific_mean,65.0
Measurement & modeling (2),gender,Male,trust_multidimensional,61.333333333333336
Measurement & modeling (2),gender,Male,trust_post,62.0
Measurement & modeling (2),gender,Other,behavior_mean,51.333333333333336
Measurement & modeling (2),gender,Other,belief_post,88.0
Measurement & modeling (2),gender,Other,concern_mean,80.66666666666667
Measurement & modeling (2),gender,Other,distrust_post,22.0
Measurement & modeling (2),gender,Other,donation_ams,3.5
Measurement & modeling (2),gender,Other,funding_perceptions,65.0
Measurement & modeling (2),gender,Other,inst_trust_mean,66.6
Measurement & modeling (2),gender,Other,newsletter_signup,1.3
Measurement & modeling (2),gender,Other,policy_general,82.0
Measurement & modeling (2),gender,Other,policy_role_mean,81.75
Measurement & modeling (2),gender,Other,policy_specific_mean,81.42857142857143
Measurement & modeling (2),gender,Other,trust_multidimensional,69.5
Measurement & modeling (2),gender,Other,trust_post,74.0
Measurement & modeling (2),income,"$100,000 to $167,999",behavior_mean,37.333333333333336
Measurement & modeling (2),income,"$100,000 to $167,999",belief_post,82.0
Measurement & modeling (2),income,"$100,000 to $167,999",concern_mean,72.0
Measurement & modeling (2),income,"$100,000 to $167,999",distrust_post,22.0
Measurement & modeling (2),income,"$100,000 to $167,999",donation_ams,1.8
Measurement & modeling (2),income,"$100,000 to $167,999",funding_perceptions,62.0
Measurement & modeling (2),income,"$100,000 to $167,999",inst_trust_mean,62.6
Measurement & modeling (2),income,"$100,000 to $167,999",newsletter_signup,1.6
Measurement & modeling (2),income,"$100,000 to $167,999",policy_general,78.0
Measurement & modeling (2),income,"$100,000 to $167,999",policy_role_mean,74.0
Measurement & modeling (2),income,"$100,000 to $167,999",policy_specific_mean,72.0
Measurement & modeling (2),income,"$100,000 to $167,999",trust_multidimensional,72.08333333333333
Measurement & modeling (2),income,"$100,000 to $167,999",trust_post,75.0
Measurement & modeling (2),income,"$168,000 or more",behavior_mean,38.333333333333336
Measurement & modeling (2),income,"$168,000 or more",belief_post,72.0
Measurement & modeling (2),income,"$168,000 or more",concern_mean,67.33333333333333
Measurement & modeling (2),income,"$168,000 or more",distrust_post,22.0
Measurement & modeling (2),income,"$168,000 or more",donation_ams,2.5
Measurement & modeling (2),income,"$168,000 or more",funding_perceptions,46.0
Measurement & modeling (2),income,"$168,000 or more",inst_trust_mean,62.4
Measurement & modeling (2),income,"$168,000 or more",newsletter_signup,1.7
Measurement & modeling (2),income,"$168,000 or more",policy_general,66.0
Measurement & modeling (2),income,"$168,000 or more",policy_role_mean,70.5
Measurement & modeling (2),income,"$168,000 or more",policy_specific_mean,69.71428571428571
Measurement & modeling (2),income,"$168,000 or more",trust_multidimensional,64.33333333333333
Measurement & modeling (2),income,"$168,000 or more",trust_post,64.0
Measurement & modeling (2),income,"$30,000 to $55,999",behavior_mean,44.166666666666664
Measurement & modeling (2),income,"$30,000 to $55,999",belief_post,74.0
Measurement & modeling (2),income,"$30,000 to $55,999",concern_mean,68.66666666666667
Measurement & modeling (2),income,"$30,000 to $55,999",distrust_post,32.0
Measurement & modeling (2),income,"$30,000 to $55,999",donation_ams,1.8
Measurement & modeling (2),income,"$30,000 to $55,999",funding_perceptions,58.0
Measurement & modeling (2),income,"$30,000 to $55,999",inst_trust_mean,59.4
Measurement & modeling (2),income,"$30,000 to $55,999",newsletter_signup,1.7
Measurement & modeling (2),income,"$30,000 to $55,999",policy_general,71.0
Measurement & modeling (2),income,"$30,000 to $55,999",policy_role_mean,71.75
Measurement & modeling (2),income,"$30,000 to $55,999",policy_specific_mean,69.0
Measurement & modeling (2),income,"$30,000 to $55,999",trust_multidimensional,66.75
Measurement & modeling (2),income,"$30,000 to $55,999",trust_post,66.0
Measurement & modeling (2),income,"$56,000 to $99,999",behavior_mean,35.31666666666667
Measurement & modeling (2),income,"$56,000 to $99,999",belief_post,72.1
Measurement & modeling (2),income,"$56,000 to $99,999",concern_mean,62.666666666666664
Measurement & modeling (2),income,"$56,000 to $99,999",distrust_post,28.2
Measurement & modeling (2),income,"$56,000 to $99,999",donation_ams,1.85
Measurement & modeling (2),income,"$56,000 to $99,999",funding_perceptions,55.5
Measurement & modeling (2),income,"$56,000 to $99,999",inst_trust_mean,57.6
Measurement & modeling (2),income,"$56,000 to $99,999",newsletter_signup,1.72
Measurement & modeling (2),income,"$56,000 to $99,999",policy_general,68.4
Measurement & modeling (2),income,"$56,000 to $99,999",policy_role_mean,70.65
Measurement & modeling (2),income,"$56,000 to $99,999",policy_specific_mean,67.4
Measurement & modeling (2),income,"$56,000 to $99,999",trust_multidimensional,62.59166666666667
Measurement & modeling (2),income,"$56,000 to $99,999",trust_post,67.9
Measurement & modeling (2),income,"Less than $30,000",behavior_mean,31.666666666666668
Measurement & modeling (2),income,"Less than $30,000",belief_post,65.0
Measurement & modeling (2),income,"Less than $30,000",concern_mean,58.0
Measurement & modeling (2),income,"Less than $30,000",distrust_post,32.0
Measurement & modeling (2),income,"Less than $30,000",donation_ams,0.8
Measurement & modeling (2),income,"Less than $30,000",funding_perceptions,62.0
Measurement & modeling (2),income,"Less than $30,000",inst_trust_mean,54.4
Measurement & modeling (2),income,"Less than $30,000",newsletter_signup,1.8
Measurement & modeling (2),income,"Less than $30,000",policy_general,68.0
Measurement & modeling (2),income,"Less than $30,000",policy_role_mean,70.0
Measurement & modeling (2),income,"Less than $30,000",policy_specific_mean,66.57142857142857
Measurement & modeling (2),income,"Less than $30,000",trust_multidimensional,58.5
Measurement & modeling (2),income,"Less than $30,000",trust_post,58.0
Measurement & modeling (2),party,Democrat,behavior_mean,51.833333333333336
Measurement & modeling (2),party,Democrat,belief_post,94.0
Measurement & modeling (2),party,Democrat,concern_mean,83.0
Measurement & modeling (2),party,Democrat,distrust_post,18.0
Measurement & modeling (2),party,Democrat,donation_ams,2.5
Measurement & modeling (2),party,Democrat,funding_perceptions,75.0
Measurement & modeling (2),party,Democrat,inst_trust_mean,73.0
Measurement & modeling (2),party,Democrat,newsletter_signup,1.3
Measurement & modeling (2),party,Democrat,policy_general,91.0
Measurement & modeling (2),party,Democrat,policy_role_mean,84.75
Measurement & modeling (2),party,Democrat,policy_specific_mean,82.28571428571429
Measurement & modeling (2),party,Democrat,trust_multidimensional,74.25
Measurement & modeling (2),party,Democrat,trust_post,82.0
Measurement & modeling (2),party,Independent,behavior_mean,35.833333333333336
Measurement & modeling (2),party,Independent,belief_post,68.0
Measurement & modeling (2),party,Independent,concern_mean,60.666666666666664
Measurement & modeling (2),party,Independent,distrust_post,31.0
Measurement & modeling (2),party,Independent,donation_ams,1.8
Measurement & modeling (2),party,Independent,funding_perceptions,49.0
Measurement & modeling (2),party,Independent,inst_trust_mean,56.6
Measurement & modeling (2),party,Independent,newsletter_signup,1.7
Measurement & modeling (2),party,Independent,policy_general,64.0
Measurement & modeling (2),party,Independent,policy_role_mean,66.75
Measurement & modeling (2),party,Independent,policy_specific_mean,63.285714285714285
Measurement & modeling (2),party,Independent,trust_multidimensional,63.416666666666664
Measurement & modeling (2),party,Independent,trust_post,62.0
Measurement & modeling (2),party,Other,behavior_mean,35.0
Measurement & modeling (2),party,Other,belief_post,82.0
Measurement & modeling (2),party,Other,concern_mean,65.66666666666667
Measurement & modeling (2),party,Other,distrust_post,31.0
Measurement & modeling (2),party,Other,donation_ams,2.5
Measurement & modeling (2),party,Other,funding_perceptions,58.0
Measurement & modeling (2),party,Other,inst_trust_mean,57.8
Measurement & modeling (2),party,Other,newsletter_signup,1.8
Measurement & modeling (2),party,Other,policy_general,71.0
Measurement & modeling (2),party,Other,policy_role_mean,69.75
Measurement & modeling (2),party,Other,policy_specific_mean,71.71428571428571
Measurement & modeling (2),party,Other,trust_multidimensional,65.41666666666667
Measurement & modeling (2),party,Other,trust_post,65.0
Measurement & modeling (2),party,Republican,behavior_mean,25.5
Measurement & modeling (2),party,Republican,belief_post,46.0
Measurement & modeling (2),party,Republican,concern_mean,40.333333333333336
Measurement & modeling (2),party,Republican,distrust_post,58.0
Measurement & modeling (2),party,Republican,donation_ams,0.5
Measurement & modeling (2),party,Republican,funding_perceptions,26.0
Measurement & modeling (2),party,Republican,inst_trust_mean,41.2
Measurement & modeling (2),party,Republican,newsletter_signup,1.8
Measurement & modeling (2),party,Republican,policy_general,40.0
Measurement & modeling (2),party,Republican,policy_role_mean,51.75
Measurement & modeling (2),party,Republican,policy_specific_mean,49.142857142857146
Measurement & modeling (2),party,Republican,trust_multidimensional,51.583333333333336
Measurement & modeling (2),party,Republican,trust_post,42.0
Measurement & modeling (2),race,Asian / Asian American,behavior_mean,42.166666666666664
Measurement & modeling (2),race,Asian / Asian American,belief_post,86.0
Measurement & modeling (2),race,Asian / Asian American,concern_mean,75.0
Measurement & modeling (2),race,Asian / Asian American,distrust_post,21.0
Measurement & modeling (2),race,Asian / Asian American,donation_ams,2.5
Measurement & modeling (2),race,Asian / Asian American,funding_perceptions,65.0
Measurement & modeling (2),race,Asian / Asian American,inst_trust_mean,69.4
Measurement & modeling (2),race,Asian / Asian American,newsletter_signup,1.75
Measurement & modeling (2),race,Asian / Asian American,policy_general,81.0
Measurement & modeling (2),race,Asian / Asian American,policy_role_mean,76.75
Measurement & modeling (2),race,Asian / Asian American,policy_specific_mean,78.14285714285714
Measurement & modeling (2),race,Asian / Asian American,trust_multidimensional,71.25
Measurement & modeling (2),race,Asian / Asian American,trust_post,76.0
Measurement & modeling (2),race,Black / African American,behavior_mean,36.0
Measurement & modeling (2),race,Black / African American,belief_post,80.0
Measurement & modeling (2),race,Black / African American,concern_mean,71.66666666666667
Measurement & modeling (2),race,Black / African American,distrust_post,25.0
Measurement & modeling (2),race,Black / African American,donation_ams,1.5
Measurement & modeling (2),race,Black / African American,funding_perceptions,65.0
Measurement & modeling (2),race,Black / African American,inst_trust_mean,59.6
Measurement & modeling (2),race,Black / African American,newsletter_signup,1.7
Measurement & modeling (2),race,Black / African American,policy_general,82.0
Measurement & modeling (2),race,Black / African American,policy_role_mean,78.5
Measurement & modeling (2),race,Black / African American,policy_specific_mean,75.71428571428571
Measurement & modeling (2),race,Black / African American,trust_multidimensional,67.75
Measurement & modeling (2),race,Black / African American,trust_post,68.0
Measurement & modeling (2),race,Hispanic / Latino,behavior_mean,40.4
Measurement & modeling (2),race,Hispanic / Latino,belief_post,82.1
Measurement & modeling (2),race,Hispanic / Latino,concern_mean,74.26666666666667
Measurement & modeling (2),race,Hispanic / Latino,distrust_post,22.1
Measurement & modeling (2),race,Hispanic / Latino,donation_ams,1.8
Measurement & modeling (2),race,Hispanic / Latino,funding_perceptions,63.5
Measurement & modeling (2),race,Hispanic / Latino,inst_trust_mean,63.48
Measurement & modeling (2),race,Hispanic / Latino,newsletter_signup,1.82
Measurement & modeling (2),race,Hispanic / Latino,policy_general,76.8
Measurement & modeling (2),race,Hispanic / Latino,policy_role_mean,74.5
Measurement & modeling (2),race,Hispanic / Latino,policy_specific_mean,75.01428571428572
Measurement & modeling (2),race,Hispanic / Latino,trust_multidimensional,66.39999999999999
Measurement & modeling (2),race,Hispanic / Latino,trust_post,67.4
Measurement & modeling (2),race,Other,behavior_mean,38.03333333333333
Measurement & modeling (2),race,Other,belief_post,79.1
Measurement & modeling (2),race,Other,concern_mean,75.10000000000001
Measurement & modeling (2),race,Other,distrust_post,27.1
Measurement & modeling (2),race,Other,donation_ams,1.8
Measurement & modeling (2),race,Other,funding_perceptions,65.2
Measurement & modeling (2),race,Other,inst_trust_mean,63.779999999999994
Measurement & modeling (2),race,Other,newsletter_signup,1.6
Measurement & modeling (2),race,Other,policy_general,76.3
Measurement & modeling (2),race,Other,policy_role_mean,76.275
Measurement & modeling (2),race,Other,policy_specific_mean,75.18571428571428
Measurement & modeling (2),race,Other,trust_multidimensional,69.20833333333333
Measurement & modeling (2),race,Other,trust_post,66.4
Measurement & modeling (2),race,White / Caucasian,behavior_mean,35.68333333333333
Measurement & modeling (2),race,White / Caucasian,belief_post,71.4
Measurement & modeling (2),race,White / Caucasian,concern_mean,62.633333333333326
Measurement & modeling (2),race,White / Caucasian,distrust_post,31.2
Measurement & modeling (2),race,White / Caucasian,donation_ams,1.8
Measurement & modeling (2),race,White / Caucasian,funding_perceptions,47.7
Measurement & modeling (2),race,White / Caucasian,inst_trust_mean,62.4
Measurement & modeling (2),race,White / Caucasian,newsletter_signup,1.7
Measurement & modeling (2),race,White / Caucasian,policy_general,68.9
Measurement & modeling (2),race,White / Caucasian,policy_role_mean,71.35000000000001
Measurement & modeling (2),race,White / Caucasian,policy_specific_mean,65.94285714285715
Measurement & modeling (2),race,White / Caucasian,trust_multidimensional,66.36666666666666
Measurement & modeling (2),race,White / Caucasian,trust_post,66.7
Model accuracy,age_band,18-29,behavior_mean,42.166666666666664
Model accuracy,age_band,18-29,belief_post,88.0
Model accuracy,age_band,18-29,concern_mean,78.33333333333333
Model accuracy,age_band,18-29,distrust_post,22.0
Model accuracy,age_band,18-29,donation_ams,1.5
Model accuracy,age_band,18-29,funding_perceptions,72.0
Model accuracy,age_band,18-29,inst_trust_mean,68.6
Model accuracy,age_band,18-29,newsletter_signup,1.7
Model accuracy,age_band,18-29,policy_general,82.0
Model accuracy,age_band,18-29,policy_role_mean,80.75
Model accuracy,age_band,18-29,policy_specific_mean,78.85714285714286
Model accuracy,age_band,18-29,trust_multidimensional,72.66666666666667
Model accuracy,age_band,18-29,trust_post,78.0
Model accuracy,age_band,30-44,behavior_mean,42.0
Model accuracy,age_band,30-44,belief_post,86.0
Model accuracy,age_band,30-44,concern_mean,73.66666666666667
Model accuracy,age_band,30-44,distrust_post,26.0
Model accuracy,age_band,30-44,donation_ams,1.8
Model accuracy,age_band,30-44,funding_perceptions,62.0
Model accuracy,age_band,30-44,inst_trust_mean,66.2
Model accuracy,age_band,30-44,newsletter_signup,1.7
Model accuracy,age_band,30-44,policy_general,81.0
Model accuracy,age_band,30-44,policy_role_mean,76.25
Model accuracy,age_band,30-44,policy_specific_mean,75.85714285714286
Model accuracy,age_band,30-44,trust_multidimensional,73.08333333333333
Model accuracy,age_band,30-44,trust_post,74.0
Model accuracy,age_band,45-59,behavior_mean,35.833333333333336
Model accuracy,age_band,45-59,belief_post,72.0
Model accuracy,age_band,45-59,concern_mean,63.333333333333336
Model accuracy,age_band,45-59,distrust_post,30.0
Model accuracy,age_band,45-59,donation_ams,1.5
Model accuracy,age_band,45-59,funding_perceptions,55.0
Model accuracy,age_band,45-59,inst_trust_mean,61.4
Model accuracy,age_band,45-59,newsletter_signup,1.8
Model accuracy,age_band,45-59,policy_general,68.0
Model accuracy,age_band,45-59,policy_role_mean,70.0
Model accuracy,age_band,45-59,policy_specific_mean,67.14285714285714
Model accuracy,age_band,45-59,trust_multidimensional,65.75
Model accuracy,age_band,45-59,trust_post,65.0
Model accuracy,age_band,60+,behavior_mean,35.0
Model accuracy,age_band,60+,belief_post,68.0
Model accuracy,age_band,60+,concern_mean,55.333333333333336
Model accuracy,age_band,60+,distrust_post,32.0
Model accuracy,age_band,60+,donation_ams,1.5
Model accuracy,age_band,60+,funding_perceptions,45.0
Model accuracy,age_band,60+,inst_trust_mean,56.0
Model accuracy,age_band,60+,newsletter_signup,1.8
Model accuracy,age_band,60+,policy_general,61.0
Model accuracy,age_band,60+,policy_role_mean,67.5
Model accuracy,age_band,60+,policy_specific_mean,65.0
Model accuracy,age_band,60+,trust_multidimensional,60.5
Model accuracy,age_band,60+,trust_post,62.0
Model accuracy,education,Bachelor's degree,behavior_mean,45.166666666666664
Model accuracy,education,Bachelor's degree,belief_post,88.0
Model accuracy,education,Bachelor's degree,concern_mean,75.66666666666667
Model accuracy,education,Bachelor's degree,distrust_post,22.0
Model accuracy,education,Bachelor's degree,donation_ams,2.1
Model accuracy,education,Bachelor's degree,funding_perceptions,68.0
Model accuracy,education,Bachelor's degree,inst_trust_mean,69.0
Model accuracy,education,Bachelor's degree,newsletter_signup,1.4
Model accuracy,education,Bachelor's degree,policy_general,81.0
Model accuracy,education,Bachelor's degree,policy_role_mean,78.25
Model accuracy,education,Bachelor's degree,policy_specific_mean,75.57142857142857
Model accuracy,education,Bachelor's degree,trust_multidimensional,70.33333333333333
Model accuracy,education,Bachelor's degree,trust_post,76.0
Model accuracy,education,Doctorate degree / Ph.D.,behavior_mean,51.833333333333336
Model accuracy,education,Doctorate degree / Ph.D.,belief_post,92.0
Model accuracy,education,Doctorate degree / Ph.D.,concern_mean,80.33333333333333
Model accuracy,education,Doctorate degree / Ph.D.,distrust_post,18.0
Model accuracy,education,Doctorate degree / Ph.D.,donation_ams,3.5
Model accuracy,education,Doctorate degree / Ph.D.,funding_perceptions,68.0
Model accuracy,education,Doctorate degree / Ph.D.,inst_trust_mean,72.8
Model accuracy,education,Doctorate degree / Ph.D.,newsletter_signup,1.3
Model accuracy,education,Doctorate degree / Ph.D.,policy_general,86.0
Model accuracy,education,Doctorate degree / Ph.D.,policy_role_mean,80.25
Model accuracy,education,Doctorate degree / Ph.D.,policy_specific_mean,82.85714285714286
Model accuracy,education,Doctorate degree / Ph.D.,trust_multidimensional,77.41666666666667
Model accuracy,education,Doctorate degree / Ph.D.,trust_post,82.0
Model accuracy,education,High school diploma / GED,behavior_mean,32.25
Model accuracy,education,High school diploma / GED,belief_post,66.2
Model accuracy,education,High school diploma / GED,concern_mean,58.6
Model accuracy,education,High school diploma / GED,distrust_post,34.2
Model accuracy,education,High school diploma / GED,donation_ams,0.85
Model accuracy,education,High school diploma / GED,funding_perceptions,45.9
Model accuracy,education,High school diploma / GED,inst_trust_mean,53.42
Model accuracy,education,High school diploma / GED,newsletter_signup,1.88
Model accuracy,education,High school diploma / GED,policy_general,63.8
Model accuracy,education,High school diploma / GED,policy_role_mean,63.125
Model accuracy,education,High school diploma / GED,policy_specific_mean,60.4
Model accuracy,education,High school diploma / GED,trust_multidimensional,59.19166666666666
Model accuracy,education,High school diploma / GED,trust_post,61.4
Model accuracy,education,Less than high school,behavior_mean,25.833333333333332
Model accuracy,education,Less than high school,belief_post,60.0
Model accuracy,education,Less than high school,concern_mean,48.333333333333336
Model accuracy,education,Less than high school,distrust_post,42.0
Model accuracy,education,Less than high school,donation_ams,1.2
Model accuracy,education,Less than high school,funding_perceptions,32.0
Model accuracy,education,Less than high school,inst_trust_mean,44.8
Model accuracy,education,Less than high school,newsletter_signup,1.8
Model accuracy,education,Less than high school,policy_general,62.0
Model accuracy,education,Less than high school,policy_role_mean,60.0
Model accuracy,education,Less than high school,policy_specific_mean,56.42857142857143
Model accuracy,education,Less than high school,trust_multidimensional,51.75
Model accuracy,education,Less than high school,trust_post,48.0
Model accuracy,education,Master's degree / Professional degree,behavior_mean,51.0
Model accuracy,education,Master's degree / Professional degree,belief_post,91.0
Model accuracy,education,Master's degree / Professional degree,concern_mean,79.66666666666667
Model accuracy,education,Master's degree / Professional degree,distrust_post,16.0
Model accuracy,education,Master's degree / Professional degree,donation_ams,2.4
Model accuracy,education,Master's degree / Professional degree,funding_perceptions,68.0
Model accuracy,education,Master's degree / Professional degree,inst_trust_mean,73.6
Model accuracy,education,Master's degree / Professional degree,newsletter_signup,1.7
Model accuracy,education,Master's degree / Professional degree,policy_general,86.0
Model accuracy,education,Master's degree / Professional degree,policy_role_mean,81.25
Model accuracy,education,Master's degree / Professional degree,policy_specific_mean,81.57142857142857
Model accuracy,education,Master's degree / Professional degree,trust_multidimensional,76.41666666666667
Model accuracy,education,Master's degree / Professional degree,trust_post,84.0
Model accuracy,education,Some college or Associate's degree,behavior_mean,38.333333333333336
Model accuracy,education,Some college or Associate's degree,belief_post,78.0
Model accuracy,education,Some college or Associate's degree,concern_mean,67.33333333333333
Model accuracy,education,Some college or Associate's degree,distrust_post,28.0
Model accuracy,education,Some college or Associate's degree,donation_ams,2.5
Model accuracy,education,Some college or Associate's degree,funding_perceptions,65.0
Model accuracy,education,Some college or Associate's degree,inst_trust_mean,59.6
Model accuracy,education,Some college or Associate's degree,newsletter_signup,1.7
Model accuracy,education,Some college or Associate's degree,policy_general,70.0
Model accuracy,education,Some college or Associate's degree,policy_role_mean,72.25
Model accuracy,education,Some college or Associate's degree,policy_specific_mean,70.85714285714286
Model accuracy,education,Some college or Associate's degree,trust_multidimensional,65.5
Model accuracy,education,Some college or Associate's degree,trust_post,72.0
Model accuracy,gender,Female,behavior_mean,45.5
Model accuracy,gender,Female,belief_post,88.0
Model accuracy,gender,Female,concern_mean,78.33333333333333
Model accuracy,gender,Female,distrust_post,18.0
Model accuracy,gender,Female,donation_ams,2.45
Model accuracy,gender,Female,funding_perceptions,68.0
Model accuracy,gender,Female,inst_trust_mean,67.2
Model accuracy,gender,Female,newsletter_signup,1.55
Model accuracy,gender,Female,policy_general,82.0
Model accuracy,gender,Female,policy_role_mean,78.0
Model accuracy,gender,Female,policy_specific_mean,81.14285714285714
Model accuracy,gender,Female,trust_multidimensional,74.0
Model accuracy,gender,Female,trust_post,76.0
Model accuracy,gender,Male,behavior_mean,34.333333333333336
Model accuracy,gender,Male,belief_post,74.0
Model accuracy,gender,Male,concern_mean,66.66666666666667
Model accuracy,gender,Male,distrust_post,32.0
Model accuracy,gender,Male,donation_ams,1.2
Model accuracy,gender,Male,funding_perceptions,48.0
Model accuracy,gender,Male,inst_trust_mean,58.2
Model accuracy,gender,Male,newsletter_signup,1.8
Model accuracy,gender,Male,policy_general,68.0
Model accuracy,gender,Male,policy_role_mean,70.5
Model accuracy,gender,Male,policy_specific_mean,68.14285714285714
Model accuracy,gender,Male,trust_multidimensional,63.416666666666664
Model accuracy,gender,Male,trust_post,66.0
Model accuracy,gender,Other,behavior_mean,51.166666666666664
Model accuracy,gender,Other,belief_post,92.0
Model accuracy,gender,Other,concern_mean,84.0
Model accuracy,gender,Other,distrust_post,22.0
Model accuracy,gender,Other,donation_ams,2.5
Model accuracy,gender,Other,funding_perceptions,70.0
Model accuracy,gender,Other,inst_trust_mean,66.8
Model accuracy,gender,Other,newsletter_signup,1.4
Model accuracy,gender,Other,policy_general,88.0
Model accuracy,gender,Other,policy_role_mean,81.75
Model accuracy,gender,Other,policy_specific_mean,81.85714285714286
Model accuracy,gender,Other,trust_multidimensional,71.41666666666667
Model accuracy,gender,Other,trust_post,78.0
Model accuracy,income,"$100,000 to $167,999",behavior_mean,32.0
Model accuracy,income,"$100,000 to $167,999",belief_post,84.0
Model accuracy,income,"$100,000 to $167,999",concern_mean,66.66666666666667
Model accuracy,income,"$100,000 to $167,999",distrust_post,24.0
Model accuracy,income,"$100,000 to $167,999",donation_ams,1.85
Model accuracy,income,"$100,000 to $167,999",funding_perceptions,58.0
Model accuracy,income,"$100,000 to $167,999",inst_trust_mean,64.8
Model accuracy,income,"$100,000 to $167,999",newsletter_signup,1.75
Model accuracy,income,"$100,000 to $167,999",policy_general,76.0
Model accuracy,income,"$100,000 to $167,999",policy_role_mean,72.5
Model accuracy,income,"$100,000 to $167,999",policy_specific_mean,71.85714285714286
Model accuracy,income,"$100,000 to $167,999",trust_multidimensional,67.5
Model accuracy,income,"$100,000 to $167,999",trust_post,72.0
Model accuracy,income,"$168,000 or more",behavior_mean,38.5
Model accuracy,income,"$168,000 or more",belief_post,81.0
Model accuracy,income,"$168,000 or more",concern_mean,63.333333333333336
Model accuracy,income,"$168,000 or more",distrust_post,28.0
Model accuracy,income,"$168,000 or more",donation_ams,2.1
Model accuracy,income,"$168,000 or more",funding_perceptions,48.0
Model accuracy,income,"$168,000 or more",inst_trust_mean,60.2
Model accuracy,income,"$168,000 or more",newsletter_signup,1.82
Model accuracy,income,"$168,000 or more",policy_general,68.0
Model accuracy,income,"$168,000 or more",policy_role_mean,73.75
Model accuracy,income,"$168,000 or more",policy_specific_mean,67.14285714285714
Model accuracy,income,"$168,000 or more",trust_multidimensional,68.41666666666667
Model accuracy,income,"$168,000 or more",trust_post,72.0
Model accuracy,income,"$30,000 to $55,999",behavior_mean,31.333333333333332
Model accuracy,income,"$30,000 to $55,999",belief_post,81.0
Model accuracy,income,"$30,000 to $55,999",concern_mean,71.0
Model accuracy,income,"$30,000 to $55,999",distrust_post,34.0
Model accuracy,income,"$30,000 to $55,999",donation_ams,1.2
Model accuracy,income,"$30,000 to $55,999",funding_perceptions,54.0
Model accuracy,income,"$30,000 to $55,999",inst_trust_mean,58.8
Model accuracy,income,"$30,000 to $55,999",newsletter_signup,1.85
Model accuracy,income,"$30,000 to $55,999",policy_general,71.0
Model accuracy,income,"$30,000 to $55,999",policy_role_mean,71.25
Model accuracy,income,"$30,000 to $55,999",policy_specific_mean,68.28571428571429
Model accuracy,income,"$30,000 to $55,999",trust_multidimensional,62.916666666666664
Model accuracy,income,"$30,000 to $55,999",trust_post,66.0
Model accuracy,income,"$56,000 to $99,999",behavior_mean,41.666666666666664
Model accuracy,income,"$56,000 to $99,999",belief_post,76.0
Model accuracy,income,"$56,000 to $99,999",concern_mean,68.33333333333333
Model accuracy,income,"$56,000 to $99,999",distrust_post,28.0
Model accuracy,income,"$56,000 to $99,999",donation_ams,1.5
Model accuracy,income,"$56,000 to $99,999",funding_perceptions,52.0
Model accuracy,income,"$56,000 to $99,999",inst_trust_mean,61.6
Model accuracy,income,"$56,000 to $99,999",newsletter_signup,1.8
Model accuracy,income,"$56,000 to $99,999",policy_general,70.0
Model accuracy,income,"$56,000 to $99,999",policy_role_mean,75.0
Model accuracy,income,"$56,000 to $99,999",policy_specific_mean,71.71428571428571
Model accuracy,income,"$56,000 to $99,999",trust_multidimensional,66.66666666666667
Model accuracy,income,"$56,000 to $99,999",trust_post,72.0
Model accuracy,income,"Less than $30,000",behavior_mean,40.833333333333336
Model accuracy,income,"Less than $30,000",belief_post,71.0
Model accuracy,income,"Less than $30,000",concern_mean,60.333333333333336
Model accuracy,income,"Less than $30,000",distrust_post,32.0
Model accuracy,income,"Less than $30,000",donation_ams,0.85
Model accuracy,income,"Less than $30,000",funding_perceptions,55.0
Model accuracy,income,"Less than $30,000",inst_trust_mean,56.8
Model accuracy,income,"Less than $30,000",newsletter_signup,0.18
Model accuracy,income,"Less than $30,000",policy_general,66.0
Model accuracy,income,"Less than $30,000",policy_role_mean,65.5
Model accuracy,income,"Less than $30,000",policy_specific_mean,66.71428571428571
Model accuracy,income,"Less than $30,000",trust_multidimensional,58.833333333333336
Model accuracy,income,"Less than $30,000",trust_post,62.0
Model accuracy,party,Democrat,behavior_mean,51.0
Model accuracy,party,Democrat,belief_post,94.0
Model accuracy,party,Democrat,concern_mean,86.0
Model accuracy,party,Democrat,distrust_post,14.0
Model accuracy,party,Democrat,donation_ams,2.4
Model accuracy,party,Democrat,funding_perceptions,78.0
Model accuracy,party,Democrat,inst_trust_mean,72.2
Model accuracy,party,Democrat,newsletter_signup,1.4
Model accuracy,party,Democrat,policy_general,92.0
Model accuracy,party,Democrat,policy_role_mean,85.5
Model accuracy,party,Democrat,policy_specific_mean,83.85714285714286
Model accuracy,party,Democrat,trust_multidimensional,79.83333333333333
Model accuracy,party,Democrat,trust_post,86.0
Model accuracy,party,Independent,behavior_mean,37.0
Model accuracy,party,Independent,belief_post,75.0
Model accuracy,party,Independent,concern_mean,62.333333333333336
Model accuracy,party,Independent,distrust_post,30.0
Model accuracy,party,Independent,donation_ams,1.5
Model accuracy,party,Independent,funding_perceptions,50.0
Model accuracy,party,Independent,inst_trust_mean,59.0
Model accuracy,party,Independent,newsletter_signup,1.8
Model accuracy,party,Independent,policy_general,68.0
Model accuracy,party,Independent,policy_role_mean,66.75
Model accuracy,party,Independent,policy_specific_mean,64.0
Model accuracy,party,Independent,trust_multidimensional,63.833333333333336
Model accuracy,party,Independent,trust_post,65.0
Model accuracy,party,Other,behavior_mean,43.333333333333336
Model accuracy,party,Other,belief_post,81.0
Model accuracy,party,Other,concern_mean,75.0
Model accuracy,party,Other,distrust_post,25.0
Model accuracy,party,Other,donation_ams,2.1
Model accuracy,party,Other,funding_perceptions,65.0
Model accuracy,party,Other,inst_trust_mean,60.8
Model accuracy,party,Other,newsletter_signup,1.7
Model accuracy,party,Other,policy_general,78.0
Model accuracy,party,Other,policy_role_mean,75.75
Model accuracy,party,Other,policy_specific_mean,75.0
Model accuracy,party,Other,trust_multidimensional,68.83333333333333
Model accuracy,party,Other,trust_post,72.0
Model accuracy,party,Republican,behavior_mean,22.666666666666668
Model accuracy,party,Republican,belief_post,48.0
Model accuracy,party,Republican,concern_mean,32.0
Model accuracy,party,Republican,distrust_post,52.0
Model accuracy,party,Republican,donation_ams,0.8
Model accuracy,party,Republican,funding_perceptions,28.0
Model accuracy,party,Republican,inst_trust_mean,42.2
Model accuracy,party,Republican,newsletter_signup,1.8
Model accuracy,party,Republican,policy_general,34.0
Model accuracy,party,Republican,policy_role_mean,46.0
Model accuracy,party,Republican,policy_specific_mean,51.285714285714285
Model accuracy,party,Republican,trust_multidimensional,43.083333333333336
Model accuracy,party,Republican,trust_post,38.0
Model accuracy,race,Asian / Asian American,behavior_mean,45.0
Model accuracy,race,Asian / Asian American,belief_post,88.0
Model accuracy,race,Asian / Asian American,concern_mean,71.66666666666667
Model accuracy,race,Asian / Asian American,distrust_post,22.0
Model accuracy,race,Asian / Asian American,donation_ams,2.1
Model accuracy,race,Asian / Asian American,funding_perceptions,68.0
Model accuracy,race,Asian / Asian American,inst_trust_mean,66.0
Model accuracy,race,Asian / Asian American,newsletter_signup,1.65
Model accuracy,race,Asian / Asian American,policy_general,80.0
Model accuracy,race,Asian / Asian American,policy_role_mean,79.25
Model accuracy,race,Asian / Asian American,policy_specific_mean,75.71428571428571
Model accuracy,race,Asian / Asian American,trust_multidimensional,70.91666666666667
Model accuracy,race,Asian / Asian American,trust_post,75.0
Model accuracy,race,Black / African American,behavior_mean,35.333333333333336
Model accuracy,race,Black / African American,belief_post,78.0
Model accuracy,race,Black / African American,concern_mean,66.66666666666667
Model accuracy,race,Black / African American,distrust_post,24.0
Model accuracy,race,Black / African American,donation_ams,1.2
Model accuracy,race,Black / African American,funding_perceptions,66.0
Model accuracy,race,Black / African American,inst_trust_mean,56.6
Model accuracy,race,Black / African American,newsletter_signup,1.82
Model accuracy,race,Black / African American,policy_general,76.0
Model accuracy,race,Black / African American,policy_role_mean,76.75
Model accuracy,race,Black / African American,policy_specific_mean,70.57142857142857
Model accuracy,race,Black / African American,trust_multidimensional,68.0
Model accuracy,race,Black / African American,trust_post,71.0
Model accuracy,race,Hispanic / Latino,behavior_mean,41.5
Model accuracy,race,Hispanic / Latino,belief_post,84.0
Model accuracy,race,Hispanic / Latino,concern_mean,74.0
Model accuracy,race,Hispanic / Latino,distrust_post,24.0
Model accuracy,race,Hispanic / Latino,donation_ams,2.15
Model accuracy,race,Hispanic / Latino,funding_perceptions,62.0
Model accuracy,race,Hispanic / Latino,inst_trust_mean,63.2
Model accuracy,race,Hispanic / Latino,newsletter_signup,1.85
Model accuracy,race,Hispanic / Latino,policy_general,78.0
Model accuracy,race,Hispanic / Latino,policy_role_mean,78.5
Model accuracy,race,Hispanic / Latino,policy_specific_mean,75.28571428571429
Model accuracy,race,Hispanic / Latino,trust_multidimensional,66.91666666666667
Model accuracy,race,Hispanic / Latino,trust_post,72.0
Model accuracy,race,Other,behavior_mean,42.5
Model accuracy,race,Other,belief_post,82.0
Model accuracy,race,Other,concern_mean,71.66666666666667
Model accuracy,race,Other,distrust_post,25.0
Model accuracy,race,Other,donation_ams,2.5
Model accuracy,race,Other,funding_perceptions,65.0
Model accuracy,race,Other,inst_trust_mean,61.2
Model accuracy,race,Other,newsletter_signup,1.7
Model accuracy,race,Other,policy_general,76.0
Model accuracy,race,Other,policy_role_mean,74.75
Model accuracy,race,Other,policy_specific_mean,73.57142857142857
Model accuracy,race,Other,trust_multidimensional,67.33333333333333
Model accuracy,race,Other,trust_post,72.0
Model accuracy,race,White / Caucasian,behavior_mean,40.833333333333336
Model accuracy,race,White / Caucasian,belief_post,72.0
Model accuracy,race,White / Caucasian,concern_mean,67.33333333333333
Model accuracy,race,White / Caucasian,distrust_post,32.0
Model accuracy,race,White / Caucasian,donation_ams,1.5
Model accuracy,race,White / Caucasian,funding_perceptions,48.0
Model accuracy,race,White / Caucasian,inst_trust_mean,59.8
Model accuracy,race,White / Caucasian,newsletter_signup,1.8
Model accuracy,race,White / Caucasian,policy_general,65.0
Model accuracy,race,White / Caucasian,policy_role_mean,70.5
Model accuracy,race,White / Caucasian,policy_specific_mean,67.0
Model accuracy,race,White / Caucasian,trust_multidimensional,65.41666666666667
Model accuracy,race,White / Caucasian,trust_post,68.0
Oil industry misinformation,age_band,18-29,behavior_mean,45.0
Oil industry misinformation,age_band,18-29,belief_post,92.0
Oil industry misinformation,age_band,18-29,concern_mean,83.33333333333333
Oil industry misinformation,age_band,18-29,distrust_post,16.0
Oil industry misinformation,age_band,18-29,donation_ams,2.5
Oil industry misinformation,age_band,18-29,funding_perceptions,72.0
Oil industry misinformation,age_band,18-29,inst_trust_mean,65.0
Oil industry misinformation,age_band,18-29,newsletter_signup,1.6
Oil industry misinformation,age_band,18-29,policy_general,87.0
Oil industry misinformation,age_band,18-29,policy_role_mean,82.25
Oil industry misinformation,age_band,18-29,policy_specific_mean,79.57142857142857
Oil industry misinformation,age_band,18-29,trust_multidimensional,77.33333333333333
Oil industry misinformation,age_band,18-29,trust_post,84.0
Oil industry misinformation,age_band,30-44,behavior_mean,40.333333333333336
Oil industry misinformation,age_band,30-44,belief_post,85.0
Oil industry misinformation,age_band,30-44,concern_mean,72.0
Oil industry misinformation,age_band,30-44,distrust_post,18.0
Oil industry misinformation,age_band,30-44,donation_ams,1.5
Oil industry misinformation,age_band,30-44,funding_perceptions,68.0
Oil industry misinformation,age_band,30-44,inst_trust_mean,62.6
Oil industry misinformation,age_band,30-44,newsletter_signup,1.7
Oil industry misinformation,age_band,30-44,policy_general,78.0
Oil industry misinformation,age_band,30-44,policy_role_mean,79.25
Oil industry misinformation,age_band,30-44,policy_specific_mean,73.42857142857143
Oil industry misinformation,age_band,30-44,trust_multidimensional,75.66666666666667
Oil industry misinformation,age_band,30-44,trust_post,82.0
Oil industry misinformation,age_band,45-59,behavior_mean,38.0
Oil industry misinformation,age_band,45-59,belief_post,78.0
Oil industry misinformation,age_band,45-59,concern_mean,63.0
Oil industry misinformation,age_band,45-59,distrust_post,24.0
Oil industry misinformation,age_band,45-59,donation_ams,1.8
Oil industry misinformation,age_band,45-59,funding_perceptions,62.0
Oil industry misinformation,age_band,45-59,inst_trust_mean,58.4
Oil industry misinformation,age_band,45-59,newsletter_signup,1.7
Oil industry misinformation,age_band,45-59,policy_general,74.0
Oil industry misinformation,age_band,45-59,policy_role_mean,74.75
Oil industry misinformation,age_band,45-59,policy_specific_mean,71.42857142857143
Oil industry misinformation,age_band,45-59,trust_multidimensional,69.66666666666667
Oil industry misinformation,age_band,45-59,trust_post,76.0
Oil industry misinformation,age_band,60+,behavior_mean,39.166666666666664
Oil industry misinformation,age_band,60+,belief_post,64.0
Oil industry misinformation,age_band,60+,concern_mean,55.666666666666664
Oil industry misinformation,age_band,60+,distrust_post,32.0
Oil industry misinformation,age_band,60+,donation_ams,1.8
Oil industry misinformation,age_band,60+,funding_perceptions,45.0
Oil industry misinformation,age_band,60+,inst_trust_mean,55.8
Oil industry misinformation,age_band,60+,newsletter_signup,1.7
Oil industry misinformation,age_band,60+,policy_general,62.0
Oil industry misinformation,age_band,60+,policy_role_mean,66.0
Oil industry misinformation,age_band,60+,policy_specific_mean,63.42857142857143
Oil industry misinformation,age_band,60+,trust_multidimensional,65.5
Oil industry misinformation,age_band,60+,trust_post,68.0
Oil industry misinformation,education,Bachelor's degree,behavior_mean,42.333333333333336
Oil industry misinformation,education,Bachelor's degree,belief_post,88.0
Oil industry misinformation,education,Bachelor's degree,concern_mean,76.33333333333333
Oil industry misinformation,education,Bachelor's degree,distrust_post,18.0
Oil industry misinformation,education,Bachelor's degree,donation_ams,3.5
Oil industry misinformation,education,Bachelor's degree,funding_perceptions,68.0
Oil industry misinformation,education,Bachelor's degree,inst_trust_mean,68.0
Oil industry misinformation,education,Bachelor's degree,newsletter_signup,1.7
Oil industry misinformation,education,Bachelor's degree,policy_general,81.0
Oil industry misinformation,education,Bachelor's degree,policy_role_mean,79.0
Oil industry misinformation,education,Bachelor's degree,policy_specific_mean,76.85714285714286
Oil industry misinformation,education,Bachelor's degree,trust_multidimensional,74.83333333333333
Oil industry misinformation,education,Bachelor's degree,trust_post,82.0
Oil industry misinformation,education,Doctorate degree / Ph.D.,behavior_mean,53.333333333333336
Oil industry misinformation,education,Doctorate degree / Ph.D.,belief_post,96.0
Oil industry misinformation,education,Doctorate degree / Ph.D.,concern_mean,82.66666666666667
Oil industry misinformation,education,Doctorate degree / Ph.D.,distrust_post,12.0
Oil industry misinformation,education,Doctorate degree / Ph.D.,donation_ams,3.5
Oil industry misinformation,education,Doctorate degree / Ph.D.,funding_perceptions,70.0
Oil industry misinformation,education,Doctorate degree / Ph.D.,inst_trust_mean,73.0
Oil industry misinformation,education,Doctorate degree / Ph.D.,newsletter_signup,1.3
Oil industry misinformation,education,Doctorate degree / Ph.D.,policy_general,92.0
Oil industry misinformation,education,Doctorate degree / Ph.D.,policy_role_mean,82.0
Oil industry misinformation,education,Doctorate degree / Ph.D.,policy_specific_mean,82.57142857142857
Oil industry misinformation,education,Doctorate degree / Ph.D.,trust_multidimensional,80.41666666666667
Oil industry misinformation,education,Doctorate degree / Ph.D.,trust_post,88.0
Oil industry misinformation,education,High school diploma / GED,behavior_mean,36.166666666666664
Oil industry misinformation,education,High school diploma / GED,belief_post,76.0
Oil industry misinformation,education,High school diploma / GED,concern_mean,64.33333333333333
Oil industry misinformation,education,High school diploma / GED,distrust_post,28.0
Oil industry misinformation,education,High school diploma / GED,donation_ams,2.1
Oil industry misinformation,education,High school diploma / GED,funding_perceptions,62.0
Oil industry misinformation,education,High school diploma / GED,inst_trust_mean,59.6
Oil industry misinformation,education,High school diploma / GED,newsletter_signup,1.75
Oil industry misinformation,education,High school diploma / GED,policy_general,71.0
Oil industry misinformation,education,High school diploma / GED,policy_role_mean,68.75
Oil industry misinformation,education,High school diploma / GED,policy_specific_mean,69.85714285714286
Oil industry misinformation,education,High school diploma / GED,trust_multidimensional,68.66666666666667
Oil industry misinformation,education,High school diploma / GED,trust_post,72.0
Oil industry misinformation,education,Less than high school,behavior_mean,28.5
Oil industry misinformation,education,Less than high school,belief_post,62.0
Oil industry misinformation,education,Less than high school,concern_mean,52.666666666666664
Oil industry misinformation,education,Less than high school,distrust_post,28.0
Oil industry misinformation,education,Less than high school,donation_ams,1.5
Oil industry misinformation,education,Less than high school,funding_perceptions,58.0
Oil industry misinformation,education,Less than high school,inst_trust_mean,51.0
Oil industry misinformation,education,Less than high school,newsletter_signup,1.8
Oil industry misinformation,education,Less than high school,policy_general,60.0
Oil industry misinformation,education,Less than high school,policy_role_mean,64.0
Oil industry misinformation,education,Less than high school,policy_specific_mean,61.0
Oil industry misinformation,education,Less than high school,trust_multidimensional,58.083333333333336
Oil industry misinformation,education,Less than high school,trust_post,58.0
Oil industry misinformation,education,Master's degree / Professional degree,behavior_mean,52.333333333333336
Oil industry misinformation,education,Master's degree / Professional degree,belief_post,96.0
Oil industry misinformation,education,Master's degree / Professional degree,concern_mean,84.33333333333333
Oil industry misinformation,education,Master's degree / Professional degree,distrust_post,14.0
Oil industry misinformation,education,Master's degree / Professional degree,donation_ams,3.25
Oil industry misinformation,education,Master's degree / Professional degree,funding_perceptions,78.0
Oil industry misinformation,education,Master's degree / Professional degree,inst_trust_mean,72.0
Oil industry misinformation,education,Master's degree / Professional degree,newsletter_signup,1.4
Oil industry misinformation,education,Master's degree / Professional degree,policy_general,92.0
Oil industry misinformation,education,Master's degree / Professional degree,policy_role_mean,83.0
Oil industry misinformation,education,Master's degree / Professional degree,policy_specific_mean,82.85714285714286
Oil industry misinformation,education,Master's degree / Professional degree,trust_multidimensional,78.16666666666667
Oil industry misinformation,education,Master's degree / Professional degree,trust_post,86.0
Oil industry misinformation,education,Some college or Associate's degree,behavior_mean,46.666666666666664
Oil industry misinformation,education,Some college or Associate's degree,belief_post,85.0
Oil industry misinformation,education,Some college or Associate's degree,concern_mean,76.0
Oil industry misinformation,education,Some college or Associate's degree,distrust_post,22.0
Oil industry misinformation,education,Some college or Associate's degree,donation_ams,2.2
Oil industry misinformation,education,Some college or Associate's degree,funding_perceptions,68.0
Oil industry misinformation,education,Some college or Associate's degree,inst_trust_mean,66.4
Oil industry misinformation,education,Some college or Associate's degree,newsletter_signup,1.7
Oil industry misinformation,education,Some college or Associate's degree,policy_general,82.0
Oil industry misinformation,education,Some college or Associate's degree,policy_role_mean,80.0
Oil industry misinformation,education,Some college or Associate's degree,policy_specific_mean,77.85714285714286
Oil industry misinformation,education,Some college or Associate's degree,trust_multidimensional,73.58333333333333
Oil industry misinformation,education,Some college or Associate's degree,trust_post,76.0
Oil industry misinformation,gender,Female,behavior_mean,45.46666666666667
Oil industry misinformation,gender,Female,belief_post,89.2
Oil industry misinformation,gender,Female,concern_mean,80.43333333333334
Oil industry misinformation,gender,Female,distrust_post,16.3
Oil industry misinformation,gender,Female,donation_ams,2.35
Oil industry misinformation,gender,Female,funding_perceptions,71.6
Oil industry misinformation,gender,Female,inst_trust_mean,61.92
Oil industry misinformation,gender,Female,newsletter_signup,1.42
Oil industry misinformation,gender,Female,policy_general,81.5
Oil industry misinformation,gender,Female,policy_role_mean,79.4
Oil industry misinformation,gender,Female,policy_specific_mean,79.15714285714286
Oil industry misinformation,gender,Female,trust_multidimensional,76.075
Oil industry misinformation,gender,Female,trust_post,82.7
Oil industry misinformation,gender,Male,behavior_mean,38.5
Oil industry misinformation,gender,Male,belief_post,82.0
Oil industry misinformation,gender,Male,concern_mean,73.0
Oil industry misinformation,gender,Male,distrust_post,22.0
Oil industry misinformation,gender,Male,donation_ams,2.5
Oil industry misinformation,gender,Male,funding_perceptions,65.0
Oil industry misinformation,gender,Male,inst_trust_mean,65.6
Oil industry misinformation,gender,Male,newsletter_signup,1.4
Oil industry misinformation,gender,Male,policy_general,76.0
Oil industry misinformation,gender,Male,policy_role_mean,76.75
Oil industry misinformation,gender,Male,policy_specific_mean,74.28571428571429
Oil industry misinformation,gender,Male,trust_multidimensional,73.33333333333333
Oil industry misinformation,gender,Male,trust_post,78.0
Oil industry misinformation,gender,Other,behavior_mean,58.666666666666664
Oil industry misinformation,gender,Other,belief_post,94.0
Oil industry misinformation,gender,Other,concern_mean,85.33333333333333
Oil industry misinformation,gender,Other,distrust_post,12.0
Oil industry misinformation,gender,Other,donation_ams,3.5
Oil industry misinformation,gender,Other,funding_perceptions,78.0
Oil industry misinformation,gender,Other,inst_trust_mean,69.4
Oil industry misinformation,gender,Other,newsletter_signup,1.4
Oil industry misinformation,gender,Other,policy_general,91.0
Oil industry misinformation,gender,Other,policy_role_mean,85.0
Oil industry misinformation,gender,Other,policy_specific_mean,86.57142857142857
Oil industry misinformation,gender,Other,trust_multidimensional,79.08333333333333
Oil industry misinformation,gender,Other,trust_post,86.0
Oil industry misinformation,income,"$100,000 to $167,999",behavior_mean,39.5
Oil industry misinformation,income,"$100,000 to $167,999",belief_post,82.0
Oil industry misinformation,income,"$100,000 to $167,999",concern_mean,65.66666666666667
Oil industry misinformation,income,"$100,000 to $167,999",distrust_post,22.0
Oil industry misinformation,income,"$100,000 to $167,999",donation_ams,3.5
Oil industry misinformation,income,"$100,000 to $167,999",funding_perceptions,65.0
Oil industry misinformation,income,"$100,000 to $167,999",inst_trust_mean,62.4
Oil industry misinformation,income,"$100,000 to $167,999",newsletter_signup,1.7
Oil industry misinformation,income,"$100,000 to $167,999",policy_general,76.0
Oil industry misinformation,income,"$100,000 to $167,999",policy_role_mean,71.5
Oil industry misinformation,income,"$100,000 to $167,999",policy_specific_mean,69.28571428571429
Oil industry misinformation,income,"$100,000 to $167,999",trust_multidimensional,68.33333333333333
Oil industry misinformation,income,"$100,000 to $167,999",trust_post,74.0
Oil industry misinformation,income,"$168,000 or more",behavior_mean,42.166666666666664
Oil industry misinformation,income,"$168,000 or more",belief_post,88.0
Oil industry misinformation,income,"$168,000 or more",concern_mean,76.0
Oil industry misinformation,income,"$168,000 or more",distrust_post,18.0
Oil industry misinformation,income,"$168,000 or more",donation_ams,3.5
Oil industry misinformation,income,"$168,000 or more",funding_perceptions,65.0
Oil industry misinformation,income,"$168,000 or more",inst_trust_mean,66.2
Oil industry misinformation,income,"$168,000 or more",newsletter_signup,1.6
Oil industry misinformation,income,"$168,000 or more",policy_general,78.0
Oil industry misinformation,income,"$168,000 or more",policy_role_mean,77.0
Oil industry misinformation,income,"$168,000 or more",policy_specific_mean,73.14285714285714
Oil industry misinformation,income,"$168,000 or more",trust_multidimensional,74.5
Oil industry misinformation,income,"$168,000 or more",trust_post,82.0
Oil industry misinformation,income,"$30,000 to $55,999",behavior_mean,47.166666666666664
Oil industry misinformation,income,"$30,000 to $55,999",belief_post,88.0
Oil industry misinformation,income,"$30,000 to $55,999",concern_mean,77.0
Oil industry misinformation,income,"$30,000 to $55,999",distrust_post,18.0
Oil industry misinformation,income,"$30,000 to $55,999",donation_ams,2.1
Oil industry misinformation,income,"$30,000 to $55,999",funding_perceptions,65.0
Oil industry misinformation,income,"$30,000 to $55,999",inst_trust_mean,63.2
Oil industry misinformation,income,"$30,000 to $55,999",newsletter_signup,1.6
Oil industry misinformation,income,"$30,000 to $55,999",policy_general,81.0
Oil industry misinformation,income,"$30,000 to $55,999",policy_role_mean,77.5
Oil industry misinformation,income,"$30,000 to $55,999",policy_specific_mean,76.0
Oil industry misinformation,income,"$30,000 to $55,999",trust_multidimensional,74.58333333333333
Oil industry misinformation,income,"$30,000 to $55,999",trust_post,82.0
Oil industry misinformation,income,"$56,000 to $99,999",behavior_mean,44.0
Oil industry misinformation,income,"$56,000 to $99,999",belief_post,88.0
Oil industry misinformation,income,"$56,000 to $99,999",concern_mean,75.0
Oil industry misinformation,income,"$56,000 to $99,999",distrust_post,24.0
Oil industry misinformation,income,"$56,000 to $99,999",donation_ams,2.5
Oil industry misinformation,income,"$56,000 to $99,999",funding_perceptions,65.0
Oil industry misinformation,income,"$56,000 to $99,999",inst_trust_mean,65.6
Oil industry misinformation,income,"$56,000 to $99,999",newsletter_signup,1.7
Oil industry misinformation,income,"$56,000 to $99,999",policy_general,82.0
Oil industry misinformation,income,"$56,000 to $99,999",policy_role_mean,74.0
Oil industry misinformation,income,"$56,000 to $99,999",policy_specific_mean,76.14285714285714
Oil industry misinformation,income,"$56,000 to $99,999",trust_multidimensional,72.83333333333333
Oil industry misinformation,income,"$56,000 to $99,999",trust_post,76.0
Oil industry misinformation,income,"Less than $30,000",behavior_mean,43.166666666666664
Oil industry misinformation,income,"Less than $30,000",belief_post,88.0
Oil industry misinformation,income,"Less than $30,000",concern_mean,72.33333333333333
Oil industry misinformation,income,"Less than $30,000",distrust_post,24.0
Oil industry misinformation,income,"Less than $30,000",donation_ams,1.5
Oil industry misinformation,income,"Less than $30,000",funding_perceptions,70.0
Oil industry misinformation,income,"Less than $30,000",inst_trust_mean,58.6
Oil industry misinformation,income,"Less than $30,000",newsletter_signup,1.3
Oil industry misinformation,income,"Less than $30,000",policy_general,82.0
Oil industry misinformation,income,"Less than $30,000",policy_role_mean,80.25
Oil industry misinformation,income,"Less than $30,000",policy_specific_mean,74.14285714285714
Oil industry misinformation,income,"Less than $30,000",trust_multidimensional,72.91666666666667
Oil industry misinformation,income,"Less than $30,000",trust_post,76.0
Oil industry misinformation,party,Democrat,behavior_mean,52.666666666666664
Oil industry misinformation,party,Democrat,belief_post,94.0
Oil industry misinformation,party,Democrat,concern_mean,84.0
Oil industry misinformation,party,Democrat,distrust_post,12.0
Oil industry misinformation,party,Democrat,donation_ams,2.5
Oil industry misinformation,party,Democrat,funding_perceptions,78.0
Oil industry misinformation,party,Democrat,inst_trust_mean,73.4
Oil industry misinformation,party,Democrat,newsletter_signup,1.4
Oil industry misinformation,party,Democrat,policy_general,92.0
Oil industry misinformation,party,Democrat,policy_role_mean,82.25
Oil industry misinformation,party,Democrat,policy_specific_mean,82.42857142857143
Oil industry misinformation,party,Democrat,trust_multidimensional,77.91666666666667
Oil industry misinformation,party,Democrat,trust_post,88.0
Oil industry misinformation,party,Independent,behavior_mean,38.833333333333336
Oil industry misinformation,party,Independent,belief_post,81.0
Oil industry misinformation,party,Independent,concern_mean,70.0
Oil industry misinformation,party,Independent,distrust_post,24.0
Oil industry misinformation,party,Independent,donation_ams,2.1
Oil industry misinformation,party,Independent,funding_perceptions,62.0
Oil industry misinformation,party,Independent,inst_trust_mean,61.6
Oil industry misinformation,party,Independent,newsletter_signup,1.8
Oil industry misinformation,party,Independent,policy_general,76.0
Oil industry misinformation,party,Independent,policy_role_mean,75.25
Oil industry misinformation,party,Independent,policy_specific_mean,73.85714285714286
Oil industry misinformation,party,Independent,trust_multidimensional,71.25
Oil industry misinformation,party,Independent,trust_post,72.0
Oil industry misinformation,party,Other,behavior_mean,39.666666666666664
Oil industry misinformation,party,Other,belief_post,78.0
Oil industry misinformation,party,Other,concern_mean,71.33333333333333
Oil industry misinformation,party,Other,distrust_post,24.0
Oil industry misinformation,party,Other,donation_ams,2.5
Oil industry misinformation,party,Other,funding_perceptions,65.0
Oil industry misinformation,party,Other,inst_trust_mean,60.2
Oil industry misinformation,party,Other,newsletter_signup,1.6
Oil industry misinformation,party,Other,policy_general,70.0
Oil industry misinformation,party,Other,policy_role_mean,73.75
Oil industry misinformation,party,Other,policy_specific_mean,72.14285714285714
Oil industry misinformation,party,Other,trust_multidimensional,71.58333333333333
Oil industry misinformation,party,Other,trust_post,76.0
Oil industry misinformation,party,Republican,behavior_mean,25.5
Oil industry misinformation,party,Republican,belief_post,48.0
Oil industry misinformation,party,Republican,concern_mean,35.0
Oil industry misinformation,party,Republican,distrust_post,55.0
Oil industry misinformation,party,Republican,donation_ams,0.8
Oil industry misinformation,party,Republican,funding_perceptions,28.0
Oil industry misinformation,party,Republican,inst_trust_mean,41.6
Oil industry misinformation,party,Republican,newsletter_signup,2.0
Oil industry misinformation,party,Republican,policy_general,38.0
Oil industry misinformation,party,Republican,policy_role_mean,49.25
Oil industry misinformation,party,Republican,policy_specific_mean,50.285714285714285
Oil industry misinformation,party,Republican,trust_multidimensional,48.75
Oil industry misinformation,party,Republican,trust_post,42.0
Oil industry misinformation,race,Asian / Asian American,behavior_mean,47.666666666666664
Oil industry misinformation,race,Asian / Asian American,belief_post,92.0
Oil industry misinformation,race,Asian / Asian American,concern_mean,77.66666666666667
Oil industry misinformation,race,Asian / Asian American,distrust_post,16.0
Oil industry misinformation,race,Asian / Asian American,donation_ams,3.5
Oil industry misinformation,race,Asian / Asian American,funding_perceptions,72.0
Oil industry misinformation,race,Asian / Asian American,inst_trust_mean,72.0
Oil industry misinformation,race,Asian / Asian American,newsletter_signup,1.7
Oil industry misinformation,race,Asian / Asian American,policy_general,82.0
Oil industry misinformation,race,Asian / Asian American,policy_role_mean,83.0
Oil industry misinformation,race,Asian / Asian American,policy_specific_mean,77.85714285714286
Oil industry misinformation,race,Asian / Asian American,trust_multidimensional,78.75
Oil industry misinformation,race,Asian / Asian American,trust_post,84.0
Oil industry misinformation,race,Black / African American,behavior_mean,43.166666666666664
Oil industry misinformation,race,Black / African American,belief_post,91.0
Oil industry misinformation,race,Black / African American,concern_mean,74.66666666666667
Oil industry misinformation,race,Black / African American,distrust_post,18.0
Oil industry misinformation,race,Black / African American,donation_ams,2.45
Oil industry misinformation,race,Black / African American,funding_perceptions,68.0
Oil industry misinformation,race,Black / African American,inst_trust_mean,58.8
Oil industry misinformation,race,Black / African American,newsletter_signup,1.38
Oil industry misinformation,race,Black / African American,policy_general,86.0
Oil industry misinformation,race,Black / African American,policy_role_mean,80.75
Oil industry misinformation,race,Black / African American,policy_specific_mean,78.14285714285714
Oil industry misinformation,race,Black / African American,trust_multidimensional,77.41666666666667
Oil industry misinformation,race,Black / African American,trust_post,81.0
Oil industry misinformation,race,Hispanic / Latino,behavior_mean,41.65
Oil industry misinformation,race,Hispanic / Latino,belief_post,81.2
Oil industry misinformation,race,Hispanic / Latino,concern_mean,70.83333333333333
Oil industry misinformation,race,Hispanic / Latino,distrust_post,24.1
Oil industry misinformation,race,Hispanic / Latino,donation_ams,2.45
Oil industry misinformation,race,Hispanic / Latino,funding_perceptions,67.5
Oil industry misinformation,race,Hispanic / Latino,inst_trust_mean,61.36
Oil industry misinformation,race,Hispanic / Latino,newsletter_signup,1.65
Oil industry misinformation,race,Hispanic / Latino,policy_general,78.6
Oil industry misinformation,race,Hispanic / Latino,policy_role_mean,80.125
Oil industry misinformation,race,Hispanic / Latino,policy_specific_mean,74.15714285714286
Oil industry misinformation,race,Hispanic / Latino,trust_multidimensional,71.79166666666667
Oil industry misinformation,race,Hispanic / Latino,trust_post,76.3
Oil industry misinformation,race,Other,behavior_mean,39.166666666666664
Oil industry misinformation,race,Other,belief_post,86.0
Oil industry misinformation,race,Other,concern_mean,70.66666666666667
Oil industry misinformation,race,Other,distrust_post,22.0
Oil industry misinformation,race,Other,donation_ams,2.1
Oil industry misinformation,race,Other,funding_perceptions,68.0
Oil industry misinformation,race,Other,inst_trust_mean,59.0
Oil industry misinformation,race,Other,newsletter_signup,1.7
Oil industry misinformation,race,Other,policy_general,78.0
Oil industry misinformation,race,Other,policy_role_mean,77.0
Oil industry misinformation,race,Other,policy_specific_mean,74.42857142857143
Oil industry misinformation,race,Other,trust_multidimensional,71.16666666666667
Oil industry misinformation,race,Other,trust_post,78.0
Oil industry misinformation,race,White / Caucasian,behavior_mean,35.050000000000004
Oil industry misinformation,race,White / Caucasian,belief_post,76.1
Oil industry misinformation,race,White / Caucasian,concern_mean,61.133333333333326
Oil industry misinformation,race,White / Caucasian,distrust_post,27.2
Oil industry misinformation,race,White / Caucasian,donation_ams,1.85
Oil industry misinformation,race,White / Caucasian,funding_perceptions,61.6
Oil industry misinformation,race,White / Caucasian,inst_trust_mean,60.52
Oil industry misinformation,race,White / Caucasian,newsletter_signup,1.72
Oil industry misinformation,race,White / Caucasian,policy_general,68.5
Oil industry misinformation,race,White / Caucasian,policy_role_mean,75.4
Oil industry misinformation,race,White / Caucasian,policy_specific_mean,69.74285714285715
Oil industry misinformation,race,White / Caucasian,trust_multidimensional,69.51666666666667
Oil industry misinformation,race,White / Caucasian,trust_post,72.8
Peer-review,age_band,18-29,behavior_mean,42.666666666666664
Peer-review,age_band,18-29,belief_post,86.0
Peer-review,age_band,18-29,concern_mean,79.0
Peer-review,age_band,18-29,distrust_post,22.0
Peer-review,age_band,18-29,donation_ams,2.5
Peer-review,age_band,18-29,funding_perceptions,62.0
Peer-review,age_band,18-29,inst_trust_mean,64.0
Peer-review,age_band,18-29,newsletter_signup,1.4
Peer-review,age_band,18-29,policy_general,82.0
Peer-review,age_band,18-29,policy_role_mean,80.0
Peer-review,age_band,18-29,policy_specific_mean,81.42857142857143
Peer-review,age_band,18-29,trust_multidimensional,71.08333333333333
Peer-review,age_band,18-29,trust_post,78.0
Peer-review,age_band,30-44,behavior_mean,45.0
Peer-review,age_band,30-44,belief_post,78.0
Peer-review,age_band,30-44,concern_mean,71.0
Peer-review,age_band,30-44,distrust_post,28.0
Peer-review,age_band,30-44,donation_ams,2.1
Peer-review,age_band,30-44,funding_perceptions,62.0
Peer-review,age_band,30-44,inst_trust_mean,66.0
Peer-review,age_band,30-44,newsletter_signup,1.7
Peer-review,age_band,30-44,policy_general,74.0
Peer-review,age_band,30-44,policy_role_mean,75.0
Peer-review,age_band,30-44,policy_specific_mean,73.57142857142857
Peer-review,age_band,30-44,trust_multidimensional,68.16666666666667
Peer-review,age_band,30-44,trust_post,72.0
Peer-review,age_band,45-59,behavior_mean,37.93333333333333
Peer-review,age_band,45-59,belief_post,74.6
Peer-review,age_band,45-59,concern_mean,62.23333333333333
Peer-review,age_band,45-59,distrust_post,27.2
Peer-review,age_band,45-59,donation_ams,1.85
Peer-review,age_band,45-59,funding_perceptions,57.5
Peer-review,age_band,45-59,inst_trust_mean,58.6
Peer-review,age_band,45-59,newsletter_signup,1.72
Peer-review,age_band,45-59,policy_general,71.3
Peer-review,age_band,45-59,policy_role_mean,64.6
Peer-review,age_band,45-59,policy_specific_mean,65.77142857142857
Peer-review,age_band,45-59,trust_multidimensional,66.85833333333333
Peer-review,age_band,45-59,trust_post,67.8
Peer-review,age_band,60+,behavior_mean,29.5
Peer-review,age_band,60+,belief_post,75.0
Peer-review,age_band,60+,concern_mean,62.666666666666664
Peer-review,age_band,60+,distrust_post,25.0
Peer-review,age_band,60+,donation_ams,1.5
Peer-review,age_band,60+,funding_perceptions,45.0
Peer-review,age_band,60+,inst_trust_mean,59.2
Peer-review,age_band,60+,newsletter_signup,1.8
Peer-review,age_band,60+,policy_general,65.0
Peer-review,age_band,60+,policy_role_mean,65.5
Peer-review,age_band,60+,policy_specific_mean,62.142857142857146
Peer-review,age_band,60+,trust_multidimensional,66.58333333333333
Peer-review,age_band,60+,trust_post,68.0
Peer-review,education,Bachelor's degree,behavior_mean,44.5
Peer-review,education,Bachelor's degree,belief_post,82.0
Peer-review,education,Bachelor's degree,concern_mean,74.0
Peer-review,education,Bachelor's degree,distrust_post,24.0
Peer-review,education,Bachelor's degree,donation_ams,2.5
Peer-review,education,Bachelor's degree,funding_perceptions,65.0
Peer-review,education,Bachelor's degree,inst_trust_mean,69.4
Peer-review,education,Bachelor's degree,newsletter_signup,1.6
Peer-review,education,Bachelor's degree,policy_general,78.0
Peer-review,education,Bachelor's degree,policy_role_mean,75.5
Peer-review,education,Bachelor's degree,policy_specific_mean,76.85714285714286
Peer-review,education,Bachelor's degree,trust_multidimensional,71.91666666666667
Peer-review,education,Bachelor's degree,trust_post,74.0
Peer-review,education,Doctorate degree / Ph.D.,behavior_mean,50.833333333333336
Peer-review,education,Doctorate degree / Ph.D.,belief_post,94.0
Peer-review,education,Doctorate degree / Ph.D.,concern_mean,77.33333333333333
Peer-review,education,Doctorate degree / Ph.D.,distrust_post,17.0
Peer-review,education,Doctorate degree / Ph.D.,donation_ams,3.2
Peer-review,education,Doctorate degree / Ph.D.,funding_perceptions,68.0
Peer-review,education,Doctorate degree / Ph.D.,inst_trust_mean,73.2
Peer-review,education,Doctorate degree / Ph.D.,newsletter_signup,1.4
Peer-review,education,Doctorate degree / Ph.D.,policy_general,81.0
Peer-review,education,Doctorate degree / Ph.D.,policy_role_mean,80.5
Peer-review,education,Doctorate degree / Ph.D.,policy_specific_mean,80.42857142857143
Peer-review,education,Doctorate degree / Ph.D.,trust_multidimensional,75.25
Peer-review,education,Doctorate degree / Ph.D.,trust_post,82.0
Peer-review,education,High school diploma / GED,behavior_mean,32.166666666666664
Peer-review,education,High school diploma / GED,belief_post,67.0
Peer-review,education,High school diploma / GED,concern_mean,61.666666666666664
Peer-review,education,High school diploma / GED,distrust_post,32.0
Peer-review,education,High school diploma / GED,donation_ams,1.2
Peer-review,education,High school diploma / GED,funding_perceptions,52.0
Peer-review,education,High school diploma / GED,inst_trust_mean,56.8
Peer-review,education,High school diploma / GED,newsletter_signup,1.8
Peer-review,education,High school diploma / GED,policy_general,69.0
Peer-review,education,High school diploma / GED,policy_role_mean,68.0
Peer-review,education,High school diploma / GED,policy_specific_mean,67.71428571428571
Peer-review,education,High school diploma / GED,trust_multidimensional,60.25
Peer-review,education,High school diploma / GED,trust_post,61.0
Peer-review,education,Less than high school,behavior_mean,25.166666666666668
Peer-review,education,Less than high school,belief_post,48.0
Peer-review,education,Less than high school,concern_mean,46.0
Peer-review,education,Less than high school,distrust_post,42.0
Peer-review,education,Less than high school,donation_ams,0.8
Peer-review,education,Less than high school,funding_perceptions,32.0
Peer-review,education,Less than high school,inst_trust_mean,47.0
Peer-review,education,Less than high school,newsletter_signup,1.85
Peer-review,education,Less than high school,policy_general,52.0
Peer-review,education,Less than high school,policy_role_mean,56.25
Peer-review,education,Less than high school,policy_specific_mean,59.0
Peer-review,education,Less than high school,trust_multidimensional,52.416666666666664
Peer-review,education,Less than high school,trust_post,50.0
Peer-review,education,Master's degree / Professional degree,behavior_mean,43.666666666666664
Peer-review,education,Master's degree / Professional degree,belief_post,89.0
Peer-review,education,Master's degree / Professional degree,concern_mean,76.66666666666667
Peer-review,education,Master's degree / Professional degree,distrust_post,22.0
Peer-review,education,Master's degree / Professional degree,donation_ams,2.2
Peer-review,education,Master's degree / Professional degree,funding_perceptions,62.0
Peer-review,education,Master's degree / Professional degree,inst_trust_mean,67.2
Peer-review,education,Master's degree / Professional degree,newsletter_signup,1.6
Peer-review,education,Master's degree / Professional degree,policy_general,77.0
Peer-review,education,Master's degree / Professional degree,policy_role_mean,77.25
Peer-review,education,Master's degree / Professional degree,policy_specific_mean,79.14285714285714
Peer-review,education,Master's degree / Professional degree,trust_multidimensional,71.91666666666667
Peer-review,education,Master's degree / Professional degree,trust_post,78.0
Peer-review,education,Some college or Associate's degree,behavior_mean,40.5
Peer-review,education,Some college or Associate's degree,belief_post,72.0
Peer-review,education,Some college or Associate's degree,concern_mean,68.0
Peer-review,education,Some college or Associate's degree,distrust_post,28.0
Peer-review,education,Some college or Associate's degree,donation_ams,1.5
Peer-review,education,Some college or Associate's degree,funding_perceptions,58.0
Peer-review,education,Some college or Associate's degree,inst_trust_mean,61.8
Peer-review,education,Some college or Associate's degree,newsletter_signup,1.8
Peer-review,education,Some college or Associate's degree,policy_general,70.0
Peer-review,education,Some college or Associate's degree,policy_role_mean,71.25
Peer-review,education,Some college or Associate's degree,policy_specific_mean,73.71428571428571
Peer-review,education,Some college or Associate's degree,trust_multidimensional,66.33333333333333
Peer-review,education,Some college or Associate's degree,trust_post,68.0
Peer-review,gender,Female,behavior_mean,45.833333333333336
Peer-review,gender,Female,belief_post,82.0
Peer-review,gender,Female,concern_mean,72.0
Peer-review,gender,Female,distrust_post,25.0
Peer-review,gender,Female,donation_ams,3.5
Peer-review,gender,Female,funding_perceptions,65.0
Peer-review,gender,Female,inst_trust_mean,64.0
Peer-review,gender,Female,newsletter_signup,1.4
Peer-review,gender,Female,policy_general,78.0
Peer-review,gender,Female,policy_role_mean,76.75
Peer-review,gender,Female,policy_specific_mean,77.57142857142857
Peer-review,gender,Female,trust_multidimensional,72.91666666666667
Peer-review,gender,Female,trust_post,72.0
Peer-review,gender,Male,behavior_mean,28.333333333333332
Peer-review,gender,Male,belief_post,72.0
Peer-review,gender,Male,concern_mean,58.333333333333336
Peer-review,gender,Male,distrust_post,28.0
Peer-review,gender,Male,donation_ams,1.5
Peer-review,gender,Male,funding_perceptions,46.0
Peer-review,gender,Male,inst_trust_mean,57.0
Peer-review,gender,Male,newsletter_signup,1.8
Peer-review,gender,Male,policy_general,64.0
Peer-review,gender,Male,policy_role_mean,64.0
Peer-review,gender,Male,policy_specific_mean,65.0
Peer-review,gender,Male,trust_multidimensional,64.58333333333333
Peer-review,gender,Male,trust_post,68.0
Peer-review,gender,Other,behavior_mean,48.666666666666664
Peer-review,gender,Other,belief_post,88.0
Peer-review,gender,Other,concern_mean,81.0
Peer-review,gender,Other,distrust_post,18.0
Peer-review,gender,Other,donation_ams,3.2
Peer-review,gender,Other,funding_perceptions,68.0
Peer-review,gender,Other,inst_trust_mean,68.4
Peer-review,gender,Other,newsletter_signup,1.4
Peer-review,gender,Other,policy_general,86.0
Peer-review,gender,Other,policy_role_mean,80.5
Peer-review,gender,Other,policy_specific_mean,80.42857142857143
Peer-review,gender,Other,trust_multidimensional,76.16666666666667
Peer-review,gender,Other,trust_post,81.0
Peer-review,income,"$100,000 to $167,999",behavior_mean,39.166666666666664
Peer-review,income,"$100,000 to $167,999",belief_post,78.0
Peer-review,income,"$100,000 to $167,999",concern_mean,71.66666666666667
Peer-review,income,"$100,000 to $167,999",distrust_post,22.0
Peer-review,income,"$100,000 to $167,999",donation_ams,2.1
Peer-review,income,"$100,000 to $167,999",funding_perceptions,58.0
Peer-review,income,"$100,000 to $167,999",inst_trust_mean,64.0
Peer-review,income,"$100,000 to $167,999",newsletter_signup,1.8
Peer-review,income,"$100,000 to $167,999",policy_general,74.0
Peer-review,income,"$100,000 to $167,999",policy_role_mean,73.0
Peer-review,income,"$100,000 to $167,999",policy_specific_mean,73.28571428571429
Peer-review,income,"$100,000 to $167,999",trust_multidimensional,66.66666666666667
Peer-review,income,"$100,000 to $167,999",trust_post,72.0
Peer-review,income,"$168,000 or more",behavior_mean,35.666666666666664
Peer-review,income,"$168,000 or more",belief_post,78.0
Peer-review,income,"$168,000 or more",concern_mean,66.0
Peer-review,income,"$168,000 or more",distrust_post,26.0
Peer-review,income,"$168,000 or more",donation_ams,3.5
Peer-review,income,"$168,000 or more",funding_perceptions,48.0
Peer-review,income,"$168,000 or more",inst_trust_mean,67.6
Peer-review,income,"$168,000 or more",newsletter_signup,1.75
Peer-review,income,"$168,000 or more",policy_general,68.0
Peer-review,income,"$168,000 or more",policy_role_mean,70.0
Peer-review,income,"$168,000 or more",policy_specific_mean,66.14285714285714
Peer-review,income,"$168,000 or more",trust_multidimensional,69.0
Peer-review,income,"$168,000 or more",trust_post,74.0
Peer-review,income,"$30,000 to $55,999",behavior_mean,36.166666666666664
Peer-review,income,"$30,000 to $55,999",belief_post,82.0
Peer-review,income,"$30,000 to $55,999",concern_mean,66.66666666666667
Peer-review,income,"$30,000 to $55,999",distrust_post,32.0
Peer-review,income,"$30,000 to $55,999",donation_ams,1.5
Peer-review,income,"$30,000 to $55,999",funding_perceptions,58.0
Peer-review,income,"$30,000 to $55,999",inst_trust_mean,62.4
Peer-review,income,"$30,000 to $55,999",newsletter_signup,1.6
Peer-review,income,"$30,000 to $55,999",policy_general,71.0
Peer-review,income,"$30,000 to $55,999",policy_role_mean,70.0
Peer-review,income,"$30,000 to $55,999",policy_specific_mean,69.14285714285714
Peer-review,income,"$30,000 to $55,999",trust_multidimensional,67.58333333333333
Peer-review,income,"$30,000 to $55,999",trust_post,67.0
Peer-review,income,"$56,000 to $99,999",behavior_mean,42.166666666666664
Peer-review,income,"$56,000 to $99,999",belief_post,76.0
Peer-review,income,"$56,000 to $99,999",concern_mean,70.0
Peer-review,income,"$56,000 to $99,999",distrust_post,28.0
Peer-review,income,"$56,000 to $99,999",donation_ams,2.5
Peer-review,income,"$56,000 to $99,999",funding_perceptions,55.0
Peer-review,income,"$56,000 to $99,999",inst_trust_mean,64.2
Peer-review,income,"$56,000 to $99,999",newsletter_signup,1.6
Peer-review,income,"$56,000 to $99,999",policy_general,71.0
Peer-review,income,"$56,000 to $99,999",policy_role_mean,72.25
Peer-review,income,"$56,000 to $99,999",policy_specific_mean,73.71428571428571
Peer-review,income,"$56,000 to $99,999",trust_multidimensional,71.0
Peer-review,income,"$56,000 to $99,999",trust_post,72.0
Peer-review,income,"Less than $30,000",behavior_mean,37.666666666666664
Peer-review,income,"Less than $30,000",belief_post,66.0
Peer-review,income,"Less than $30,000",concern_mean,59.0
Peer-review,income,"Less than $30,000",distrust_post,32.0
Peer-review,income,"Less than $30,000",donation_ams,1.2
Peer-review,income,"Less than $30,000",funding_perceptions,58.0
Peer-review,income,"Less than $30,000",inst_trust_mean,53.8
Peer-review,income,"Less than $30,000",newsletter_signup,1.7
Peer-review,income,"Less than $30,000",policy_general,68.0
Peer-review,income,"Less than $30,000",policy_role_mean,65.5
Peer-review,income,"Less than $30,000",policy_specific_mean,65.42857142857143
Peer-review,income,"Less than $30,000",trust_multidimensional,59.583333333333336
Peer-review,income,"Less than $30,000",trust_post,60.0
Peer-review,party,Democrat,behavior_mean,48.166666666666664
Peer-review,party,Democrat,belief_post,92.0
Peer-review,party,Democrat,concern_mean,84.33333333333333
Peer-review,party,Democrat,distrust_post,12.0
Peer-review,party,Democrat,donation_ams,3.5
Peer-review,party,Democrat,funding_perceptions,75.0
Peer-review,party,Democrat,inst_trust_mean,74.0
Peer-review,party,Democrat,newsletter_signup,1.4
Peer-review,party,Democrat,policy_general,90.0
Peer-review,party,Democrat,policy_role_mean,81.75
Peer-review,party,Democrat,policy_specific_mean,81.71428571428571
Peer-review,party,Democrat,trust_multidimensional,77.08333333333333
Peer-review,party,Democrat,trust_post,85.0
Peer-review,party,Independent,behavior_mean,35.166666666666664
Peer-review,party,Independent,belief_post,68.0
Peer-review,party,Independent,concern_mean,60.333333333333336
Peer-review,party,Independent,distrust_post,28.0
Peer-review,party,Independent,donation_ams,1.5
Peer-review,party,Independent,funding_perceptions,48.0
Peer-review,party,Independent,inst_trust_mean,58.6
Peer-review,party,Independent,newsletter_signup,1.7
Peer-review,party,Independent,policy_general,65.0
Peer-review,party,Independent,policy_role_mean,67.25
Peer-review,party,Independent,policy_specific_mean,64.42857142857143
Peer-review,party,Independent,trust_multidimensional,63.833333333333336
Peer-review,party,Independent,trust_post,63.0
Peer-review,party,Other,behavior_mean,43.050000000000004
Peer-review,party,Other,belief_post,84.5
Peer-review,party,Other,concern_mean,72.7
Peer-review,party,Other,distrust_post,24.3
Peer-review,party,Other,donation_ams,2.15
Peer-review,party,Other,funding_perceptions,61.8
Peer-review,party,Other,inst_trust_mean,63.44
Peer-review,party,Other,newsletter_signup,1.42
Peer-review,party,Other,policy_general,78.9
Peer-review,party,Other,policy_role_mean,74.975
Peer-review,party,Other,policy_specific_mean,75.65714285714286
Peer-review,party,Other,trust_multidimensional,68.34166666666667
Peer-review,party,Other,trust_post,72.1
Peer-review,party,Republican,behavior_mean,24.5
Peer-review,party,Republican,belief_post,38.0
Peer-review,party,Republican,concern_mean,34.333333333333336
Peer-review,party,Republican,distrust_post,52.0
Peer-review,party,Republican,donation_ams,1.2
Peer-review,party,Republican,funding_perceptions,22.0
Peer-review,party,Republican,inst_trust_mean,43.6
Peer-review,party,Republican,newsletter_signup,1.85
Peer-review,party,Republican,policy_general,35.0
Peer-review,party,Republican,policy_role_mean,53.25
Peer-review,party,Republican,policy_specific_mean,45.42857142857143
Peer-review,party,Republican,trust_multidimensional,48.083333333333336
Peer-review,party,Republican,trust_post,45.0
Peer-review,race,Asian / Asian American,behavior_mean,46.5
Peer-review,race,Asian / Asian American,belief_post,83.0
Peer-review,race,Asian / Asian American,concern_mean,74.0
Peer-review,race,Asian / Asian American,distrust_post,18.0
Peer-review,race,Asian / Asian American,donation_ams,2.5
Peer-review,race,Asian / Asian American,funding_perceptions,65.0
Peer-review,race,Asian / Asian American,inst_trust_mean,67.0
Peer-review,race,Asian / Asian American,newsletter_signup,1.6
Peer-review,race,Asian / Asian American,policy_general,77.0
Peer-review,race,Asian / Asian American,policy_role_mean,79.0
Peer-review,race,Asian / Asian American,policy_specific_mean,76.85714285714286
Peer-review,race,Asian / Asian American,trust_multidimensional,74.83333333333333
Peer-review,race,Asian / Asian American,trust_post,78.0
Peer-review,race,Black / African American,behavior_mean,37.833333333333336
Peer-review,race,Black / African American,belief_post,82.0
Peer-review,race,Black / African American,concern_mean,71.66666666666667
Peer-review,race,Black / African American,distrust_post,28.0
Peer-review,race,Black / African American,donation_ams,1.5
Peer-review,race,Black / African American,funding_perceptions,65.0
Peer-review,race,Black / African American,inst_trust_mean,60.2
Peer-review,race,Black / African American,newsletter_signup,1.7
Peer-review,race,Black / African American,policy_general,78.0
Peer-review,race,Black / African American,policy_role_mean,76.0
Peer-review,race,Black / African American,policy_specific_mean,73.57142857142857
Peer-review,race,Black / African American,trust_multidimensional,63.75
Peer-review,race,Black / African American,trust_post,72.0
Peer-review,race,Hispanic / Latino,behavior_mean,42.833333333333336
Peer-review,race,Hispanic / Latino,belief_post,81.0
Peer-review,race,Hispanic / Latino,concern_mean,72.0
Peer-review,race,Hispanic / Latino,distrust_post,22.0
Peer-review,race,Hispanic / Latino,donation_ams,1.8
Peer-review,race,Hispanic / Latino,funding_perceptions,62.0
Peer-review,race,Hispanic / Latino,inst_trust_mean,63.8
Peer-review,race,Hispanic / Latino,newsletter_signup,1.6
Peer-review,race,Hispanic / Latino,policy_general,77.0
Peer-review,race,Hispanic / Latino,policy_role_mean,75.0
Peer-review,race,Hispanic / Latino,policy_specific_mean,73.85714285714286
Peer-review,race,Hispanic / Latino,trust_multidimensional,71.75
Peer-review,race,Hispanic / Latino,trust_post,76.0
Peer-review,race,Other,behavior_mean,40.550000000000004
Peer-review,race,Other,belief_post,81.9
Peer-review,race,Other,concern_mean,72.76666666666667
Peer-review,race,Other,distrust_post,21.8
Peer-review,race,Other,donation_ams,2.45
Peer-review,race,Other,funding_perceptions,65.4
Peer-review,race,Other,inst_trust_mean,61.58
Peer-review,race,Other,newsletter_signup,1.62
Peer-review,race,Other,policy_general,77.4
Peer-review,race,Other,policy_role_mean,73.975
Peer-review,race,Other,policy_specific_mean,76.07142857142857
Peer-review,race,Other,trust_multidimensional,71.34166666666667
Peer-review,race,Other,trust_post,71.5
Peer-review,race,White / Caucasian,behavior_mean,35.65
Peer-review,race,White / Caucasian,belief_post,67.5
Peer-review,race,White / Caucasian,concern_mean,60.599999999999994
Peer-review,race,White / Caucasian,distrust_post,34.8
Peer-review,race,White / Caucasian,donation_ams,2.35
Peer-review,race,White / Caucasian,funding_perceptions,47.9
Peer-review,race,White / Caucasian,inst_trust_mean,60.42
Peer-review,race,White / Caucasian,newsletter_signup,1.72
Peer-review,race,White / Caucasian,policy_general,64.8
Peer-review,race,White / Caucasian,policy_role_mean,68.575
Peer-review,race,White / Caucasian,policy_specific_mean,64.81428571428572
Peer-review,race,White / Caucasian,trust_multidimensional,60.00833333333333
Peer-review,race,White / Caucasian,trust_post,59.2
Portrait Prof. Cherry,age_band,18-29,behavior_mean,50.0
Portrait Prof. Cherry,age_band,18-29,belief_post,92.0
Portrait Prof. Cherry,age_band,18-29,concern_mean,80.66666666666667
Portrait Prof. Cherry,age_band,18-29,distrust_post,22.0
Portrait Prof. Cherry,age_band,18-29,donation_ams,2.15
Portrait Prof. Cherry,age_band,18-29,funding_perceptions,68.0
Portrait Prof. Cherry,age_band,18-29,inst_trust_mean,65.0
Portrait Prof. Cherry,age_band,18-29,newsletter_signup,1.4
Portrait Prof. Cherry,age_band,18-29,policy_general,88.0
Portrait Prof. Cherry,age_band,18-29,policy_role_mean,83.0
Portrait Prof. Cherry,age_band,18-29,policy_specific_mean,80.42857142857143
Portrait Prof. Cherry,age_band,18-29,trust_multidimensional,72.25
Portrait Prof. Cherry,age_band,18-29,trust_post,78.0
Portrait Prof. Cherry,age_band,30-44,behavior_mean,43.5
Portrait Prof. Cherry,age_band,30-44,belief_post,82.0
Portrait Prof. Cherry,age_band,30-44,concern_mean,73.33333333333333
Portrait Prof. Cherry,age_band,30-44,distrust_post,25.0
Portrait Prof. Cherry,age_band,30-44,donation_ams,2.25
Portrait Prof. Cherry,age_band,30-44,funding_perceptions,65.0
Portrait Prof. Cherry,age_band,30-44,inst_trust_mean,62.0
Portrait Prof. Cherry,age_band,30-44,newsletter_signup,1.7
Portrait Prof. Cherry,age_band,30-44,policy_general,78.0
Portrait Prof. Cherry,age_band,30-44,policy_role_mean,78.25
Portrait Prof. Cherry,age_band,30-44,policy_specific_mean,73.71428571428571
Portrait Prof. Cherry,age_band,30-44,trust_multidimensional,74.16666666666667
Portrait Prof. Cherry,age_band,30-44,trust_post,72.0
Portrait Prof. Cherry,age_band,45-59,behavior_mean,34.0
Portrait Prof. Cherry,age_band,45-59,belief_post,71.0
Portrait Prof. Cherry,age_band,45-59,concern_mean,64.33333333333333
Portrait Prof. Cherry,age_band,45-59,distrust_post,31.0
Portrait Prof. Cherry,age_band,45-59,donation_ams,1.45
Portrait Prof. Cherry,age_band,45-59,funding_perceptions,46.0
Portrait Prof. Cherry,age_band,45-59,inst_trust_mean,57.4
Portrait Prof. Cherry,age_band,45-59,newsletter_signup,1.78
Portrait Prof. Cherry,age_band,45-59,policy_general,66.0
Portrait Prof. Cherry,age_band,45-59,policy_role_mean,68.0
Portrait Prof. Cherry,age_band,45-59,policy_specific_mean,65.28571428571429
Portrait Prof. Cherry,age_band,45-59,trust_multidimensional,66.33333333333333
Portrait Prof. Cherry,age_band,45-59,trust_post,63.0
Portrait Prof. Cherry,age_band,60+,behavior_mean,27.0
Portrait Prof. Cherry,age_band,60+,belief_post,65.0
Portrait Prof. Cherry,age_band,60+,concern_mean,57.333333333333336
Portrait Prof. Cherry,age_band,60+,distrust_post,31.0
Portrait Prof. Cherry,age_band,60+,donation_ams,1.5
Portrait Prof. Cherry,age_band,60+,funding_perceptions,44.0
Portrait Prof. Cherry,age_band,60+,inst_trust_mean,54.2
Portrait Prof. Cherry,age_band,60+,newsletter_signup,1.8
Portrait Prof. Cherry,age_band,60+,policy_general,61.0
Portrait Prof. Cherry,age_band,60+,policy_role_mean,70.5
Portrait Prof. Cherry,age_band,60+,policy_specific_mean,65.71428571428571
Portrait Prof. Cherry,age_band,60+,trust_multidimensional,66.33333333333333
Portrait Prof. Cherry,age_band,60+,trust_post,62.0
Portrait Prof. Cherry,education,Bachelor's degree,behavior_mean,44.333333333333336
Portrait Prof. Cherry,education,Bachelor's degree,belief_post,88.0
Portrait Prof. Cherry,education,Bachelor's degree,concern_mean,76.0
Portrait Prof. Cherry,education,Bachelor's degree,distrust_post,22.0
Portrait Prof. Cherry,education,Bachelor's degree,donation_ams,2.15
Portrait Prof. Cherry,education,Bachelor's degree,funding_perceptions,68.0
Portrait Prof. Cherry,education,Bachelor's degree,inst_trust_mean,68.0
Portrait Prof. Cherry,education,Bachelor's degree,newsletter_signup,1.4
Portrait Prof. Cherry,education,Bachelor's degree,policy_general,81.0
Portrait Prof. Cherry,education,Bachelor's degree,policy_role_mean,78.25
Portrait Prof. Cherry,education,Bachelor's degree,policy_specific_mean,75.85714285714286
Portrait Prof. Cherry,education,Bachelor's degree,trust_multidimensional,72.91666666666667
Portrait Prof. Cherry,education,Bachelor's degree,trust_post,76.0
Portrait Prof. Cherry,education,Doctorate degree / Ph.D.,behavior_mean,49.333333333333336
Portrait Prof. Cherry,education,Doctorate degree / Ph.D.,belief_post,92.0
Portrait Prof. Cherry,education,Doctorate degree / Ph.D.,concern_mean,77.0
Portrait Prof. Cherry,education,Doctorate degree / Ph.D.,distrust_post,22.0
Portrait Prof. Cherry,education,Doctorate degree / Ph.D.,donation_ams,3.5
Portrait Prof. Cherry,education,Doctorate degree / Ph.D.,funding_perceptions,65.0
Portrait Prof. Cherry,education,Doctorate degree / Ph.D.,inst_trust_mean,69.8
Portrait Prof. Cherry,education,Doctorate degree / Ph.D.,newsletter_signup,1.4
Portrait Prof. Cherry,education,Doctorate degree / Ph.D.,policy_general,84.0
Portrait Prof. Cherry,education,Doctorate degree / Ph.D.,policy_role_mean,81.5
Portrait Prof. Cherry,education,Doctorate degree / Ph.D.,policy_specific_mean,78.57142857142857
Portrait Prof. Cherry,education,Doctorate degree / Ph.D.,trust_multidimensional,73.16666666666667
Portrait Prof. Cherry,education,Doctorate degree / Ph.D.,trust_post,78.0
Portrait Prof. Cherry,education,High school diploma / GED,behavior_mean,30.333333333333332
Portrait Prof. Cherry,education,High school diploma / GED,belief_post,68.0
Portrait Prof. Cherry,education,High school diploma / GED,concern_mean,59.666666666666664
Portrait Prof. Cherry,education,High school diploma / GED,distrust_post,32.0
Portrait Prof. Cherry,education,High school diploma / GED,donation_ams,1.5
Portrait Prof. Cherry,education,High school diploma / GED,funding_perceptions,46.0
Portrait Prof. Cherry,education,High school diploma / GED,inst_trust_mean,55.6
Portrait Prof. Cherry,education,High school diploma / GED,newsletter_signup,1.8
Portrait Prof. Cherry,education,High school diploma / GED,policy_general,65.0
Portrait Prof. Cherry,education,High school diploma / GED,policy_role_mean,68.5
Portrait Prof. Cherry,education,High school diploma / GED,policy_specific_mean,63.714285714285715
Portrait Prof. Cherry,education,High school diploma / GED,trust_multidimensional,62.416666666666664
Portrait Prof. Cherry,education,High school diploma / GED,trust_post,62.0
Portrait Prof. Cherry,education,Less than high school,behavior_mean,18.833333333333332
Portrait Prof. Cherry,education,Less than high school,belief_post,46.0
Portrait Prof. Cherry,education,Less than high school,concern_mean,38.0
Portrait Prof. Cherry,education,Less than high school,distrust_post,42.0
Portrait Prof. Cherry,education,Less than high school,donation_ams,0.4
Portrait Prof. Cherry,education,Less than high school,funding_perceptions,32.0
Portrait Prof. Cherry,education,Less than high school,inst_trust_mean,43.6
Portrait Prof. Cherry,education,Less than high school,newsletter_signup,1.8
Portrait Prof. Cherry,education,Less than high school,policy_general,52.0
Portrait Prof. Cherry,education,Less than high school,policy_role_mean,57.5
Portrait Prof. Cherry,education,Less than high school,policy_specific_mean,58.57142857142857
Portrait Prof. Cherry,education,Less than high school,trust_multidimensional,53.75
Portrait Prof. Cherry,education,Less than high school,trust_post,48.0
Portrait Prof. Cherry,education,Master's degree / Professional degree,behavior_mean,48.5
Portrait Prof. Cherry,education,Master's degree / Professional degree,belief_post,92.0
Portrait Prof. Cherry,education,Master's degree / Professional degree,concern_mean,77.0
Portrait Prof. Cherry,education,Master's degree / Professional degree,distrust_post,18.0
Portrait Prof. Cherry,education,Master's degree / Professional degree,donation_ams,3.5
Portrait Prof. Cherry,education,Master's degree / Professional degree,funding_perceptions,68.0
Portrait Prof. Cherry,education,Master's degree / Professional degree,inst_trust_mean,70.8
Portrait Prof. Cherry,education,Master's degree / Professional degree,newsletter_signup,1.6
Portrait Prof. Cherry,education,Master's degree / Professional degree,policy_general,84.0
Portrait Prof. Cherry,education,Master's degree / Professional degree,policy_role_mean,81.5
Portrait Prof. Cherry,education,Master's degree / Professional degree,policy_specific_mean,80.85714285714286
Portrait Prof. Cherry,education,Master's degree / Professional degree,trust_multidimensional,76.08333333333333
Portrait Prof. Cherry,education,Master's degree / Professional degree,trust_post,82.0
Portrait Prof. Cherry,education,Some college or Associate's degree,behavior_mean,31.333333333333332
Portrait Prof. Cherry,education,Some college or Associate's degree,belief_post,72.0
Portrait Prof. Cherry,education,Some college or Associate's degree,concern_mean,64.33333333333333
Portrait Prof. Cherry,education,Some college or Associate's degree,distrust_post,31.0
Portrait Prof. Cherry,education,Some college or Associate's degree,donation_ams,1.5
Portrait Prof. Cherry,education,Some college or Associate's degree,funding_perceptions,62.0
Portrait Prof. Cherry,education,Some college or Associate's degree,inst_trust_mean,59.2
Portrait Prof. Cherry,education,Some college or Associate's degree,newsletter_signup,1.8
Portrait Prof. Cherry,education,Some college or Associate's degree,policy_general,68.0
Portrait Prof. Cherry,education,Some college or Associate's degree,policy_role_mean,70.75
Portrait Prof. Cherry,education,Some college or Associate's degree,policy_specific_mean,67.85714285714286
Portrait Prof. Cherry,education,Some college or Associate's degree,trust_multidimensional,66.33333333333333
Portrait Prof. Cherry,education,Some college or Associate's degree,trust_post,62.0
Portrait Prof. Cherry,gender,Female,behavior_mean,44.5
Portrait Prof. Cherry,gender,Female,belief_post,88.0
Portrait Prof. Cherry,gender,Female,concern_mean,75.0
Portrait Prof. Cherry,gender,Female,distrust_post,22.0
Portrait Prof. Cherry,gender,Female,donation_ams,2.5
Portrait Prof. Cherry,gender,Female,funding_perceptions,65.0
Portrait Prof. Cherry,gender,Female,inst_trust_mean,65.4
Portrait Prof. Cherry,gender,Female,newsletter_signup,1.75
Portrait Prof. Cherry,gender,Female,policy_general,82.0
Portrait Prof. Cherry,gender,Female,policy_role_mean,80.75
Portrait Prof. Cherry,gender,Female,policy_specific_mean,77.28571428571429
Portrait Prof. Cherry,gender,Female,trust_multidimensional,73.58333333333333
Portrait Prof. Cherry,gender,Female,trust_post,76.0
Portrait Prof. Cherry,gender,Male,behavior_mean,35.0
Portrait Prof. Cherry,gender,Male,belief_post,71.4
Portrait Prof. Cherry,gender,Male,concern_mean,60.79999999999999
Portrait Prof. Cherry,gender,Male,distrust_post,31.2
Portrait Prof. Cherry,gender,Male,donation_ams,2.15
Portrait Prof. Cherry,gender,Male,funding_perceptions,51.4
Portrait Prof. Cherry,gender,Male,inst_trust_mean,58.080000000000005
Portrait Prof. Cherry,gender,Male,newsletter_signup,1.82
Portrait Prof. Cherry,gender,Male,policy_general,64.8
Portrait Prof. Cherry,gender,Male,policy_role_mean,71.175
Portrait Prof. Cherry,gender,Male,policy_specific_mean,66.91428571428573
Portrait Prof. Cherry,gender,Male,trust_multidimensional,67.74166666666666
Portrait Prof. Cherry,gender,Male,trust_post,63.5
Portrait Prof. Cherry,gender,Other,behavior_mean,44.5
Portrait Prof. Cherry,gender,Other,belief_post,88.0
Portrait Prof. Cherry,gender,Other,concern_mean,78.66666666666667
Portrait Prof. Cherry,gender,Other,distrust_post,22.0
Portrait Prof. Cherry,gender,Other,donation_ams,2.4
Portrait Prof. Cherry,gender,Other,funding_perceptions,68.0
Portrait Prof. Cherry,gender,Other,inst_trust_mean,69.4
Portrait Prof. Cherry,gender,Other,newsletter_signup,1.6
Portrait Prof. Cherry,gender,Other,policy_general,84.0
Portrait Prof. Cherry,gender,Other,policy_role_mean,81.5
Portrait Prof. Cherry,gender,Other,policy_specific_mean,82.42857142857143
Portrait Prof. Cherry,gender,Other,trust_multidimensional,72.5
Portrait Prof. Cherry,gender,Other,trust_post,78.0
Portrait Prof. Cherry,income,"$100,000 to $167,999",behavior_mean,41.5
Portrait Prof. Cherry,income,"$100,000 to $167,999",belief_post,76.0
Portrait Prof. Cherry,income,"$100,000 to $167,999",concern_mean,70.66666666666667
Portrait Prof. Cherry,income,"$100,000 to $167,999",distrust_post,32.0
Portrait Prof. Cherry,income,"$100,000 to $167,999",donation_ams,2.15
Portrait Prof. Cherry,income,"$100,000 to $167,999",funding_perceptions,58.0
Portrait Prof. Cherry,income,"$100,000 to $167,999",inst_trust_mean,64.0
Portrait Prof. Cherry,income,"$100,000 to $167,999",newsletter_signup,1.78
Portrait Prof. Cherry,income,"$100,000 to $167,999",policy_general,71.0
Portrait Prof. Cherry,income,"$100,000 to $167,999",policy_role_mean,70.0
Portrait Prof. Cherry,income,"$100,000 to $167,999",policy_specific_mean,70.57142857142857
Portrait Prof. Cherry,income,"$100,000 to $167,999",trust_multidimensional,69.08333333333333
Portrait Prof. Cherry,income,"$100,000 to $167,999",trust_post,66.0
Portrait Prof. Cherry,income,"$168,000 or more",behavior_mean,44.5
Portrait Prof. Cherry,income,"$168,000 or more",belief_post,81.0
Portrait Prof. Cherry,income,"$168,000 or more",concern_mean,72.33333333333333
Portrait Prof. Cherry,income,"$168,000 or more",distrust_post,24.0
Portrait Prof. Cherry,income,"$168,000 or more",donation_ams,2.5
Portrait Prof. Cherry,income,"$168,000 or more",funding_perceptions,52.0
Portrait Prof. Cherry,income,"$168,000 or more",inst_trust_mean,65.0
Portrait Prof. Cherry,income,"$168,000 or more",newsletter_signup,1.7
Portrait Prof. Cherry,income,"$168,000 or more",policy_general,73.0
Portrait Prof. Cherry,income,"$168,000 or more",policy_role_mean,76.5
Portrait Prof. Cherry,income,"$168,000 or more",policy_specific_mean,70.14285714285714
Portrait Prof. Cherry,income,"$168,000 or more",trust_multidimensional,72.75
Portrait Prof. Cherry,income,"$168,000 or more",trust_post,71.0
Portrait Prof. Cherry,income,"$30,000 to $55,999",behavior_mean,36.5
Portrait Prof. Cherry,income,"$30,000 to $55,999",belief_post,71.0
Portrait Prof. Cherry,income,"$30,000 to $55,999",concern_mean,61.666666666666664
Portrait Prof. Cherry,income,"$30,000 to $55,999",distrust_post,32.0
Portrait Prof. Cherry,income,"$30,000 to $55,999",donation_ams,1.5
Portrait Prof. Cherry,income,"$30,000 to $55,999",funding_perceptions,48.0
Portrait Prof. Cherry,income,"$30,000 to $55,999",inst_trust_mean,56.6
Portrait Prof. Cherry,income,"$30,000 to $55,999",newsletter_signup,1.85
Portrait Prof. Cherry,income,"$30,000 to $55,999",policy_general,68.0
Portrait Prof. Cherry,income,"$30,000 to $55,999",policy_role_mean,70.75
Portrait Prof. Cherry,income,"$30,000 to $55,999",policy_specific_mean,68.0
Portrait Prof. Cherry,income,"$30,000 to $55,999",trust_multidimensional,63.75
Portrait Prof. Cherry,income,"$30,000 to $55,999",trust_post,62.0
Portrait Prof. Cherry,income,"$56,000 to $99,999",behavior_mean,39.0
Portrait Prof. Cherry,income,"$56,000 to $99,999",belief_post,76.0
Portrait Prof. Cherry,income,"$56,000 to $99,999",concern_mean,70.0
Portrait Prof. Cherry,income,"$56,000 to $99,999",distrust_post,28.0
Portrait Prof. Cherry,income,"$56,000 to $99,999",donation_ams,1.5
Portrait Prof. Cherry,income,"$56,000 to $99,999",funding_perceptions,58.0
Portrait Prof. Cherry,income,"$56,000 to $99,999",inst_trust_mean,63.8
Portrait Prof. Cherry,income,"$56,000 to $99,999",newsletter_signup,1.3
Portrait Prof. Cherry,income,"$56,000 to $99,999",policy_general,72.0
Portrait Prof. Cherry,income,"$56,000 to $99,999",policy_role_mean,75.0
Portrait Prof. Cherry,income,"$56,000 to $99,999",policy_specific_mean,70.85714285714286
Portrait Prof. Cherry,income,"$56,000 to $99,999",trust_multidimensional,68.83333333333333
Portrait Prof. Cherry,income,"$56,000 to $99,999",trust_post,68.0
Portrait Prof. Cherry,income,"Less than $30,000",behavior_mean,30.166666666666668
Portrait Prof. Cherry,income,"Less than $30,000",belief_post,66.0
Portrait Prof. Cherry,income,"Less than $30,000",concern_mean,57.666666666666664
Portrait Prof. Cherry,income,"Less than $30,000",distrust_post,32.0
Portrait Prof. Cherry,income,"Less than $30,000",donation_ams,1.2
Portrait Prof. Cherry,income,"Less than $30,000",funding_perceptions,48.0
Portrait Prof. Cherry,income,"Less than $30,000",inst_trust_mean,52.8
Portrait Prof. Cherry,income,"Less than $30,000",newsletter_signup,1.8
Portrait Prof. Cherry,income,"Less than $30,000",policy_general,62.0
Portrait Prof. Cherry,income,"Less than $30,000",policy_role_mean,67.25
Portrait Prof. Cherry,income,"Less than $30,000",policy_specific_mean,64.71428571428571
Portrait Prof. Cherry,income,"Less than $30,000",trust_multidimensional,62.916666666666664
Portrait Prof. Cherry,income,"Less than $30,000",trust_post,58.0
Portrait Prof. Cherry,party,Democrat,behavior_mean,51.0
Portrait Prof. Cherry,party,Democrat,belief_post,94.0
Portrait Prof. Cherry,party,Democrat,concern_mean,84.0
Portrait Prof. Cherry,party,Democrat,distrust_post,12.0
Portrait Prof. Cherry,party,Democrat,donation_ams,3.8
Portrait Prof. Cherry,party,Democrat,funding_perceptions,78.0
Portrait Prof. Cherry,party,Democrat,inst_trust_mean,74.0
Portrait Prof. Cherry,party,Democrat,newsletter_signup,1.6
Portrait Prof. Cherry,party,Democrat,policy_general,90.0
Portrait Prof. Cherry,party,Democrat,policy_role_mean,86.5
Portrait Prof. Cherry,party,Democrat,policy_specific_mean,82.28571428571429
Portrait Prof. Cherry,party,Democrat,trust_multidimensional,79.25
Portrait Prof. Cherry,party,Democrat,trust_post,85.0
Portrait Prof. Cherry,party,Independent,behavior_mean,33.666666666666664
Portrait Prof. Cherry,party,Independent,belief_post,72.0
Portrait Prof. Cherry,party,Independent,concern_mean,60.666666666666664
Portrait Prof. Cherry,party,Independent,distrust_post,32.0
Portrait Prof. Cherry,party,Independent,donation_ams,1.5
Portrait Prof. Cherry,party,Independent,funding_perceptions,52.0
Portrait Prof. Cherry,party,Independent,inst_trust_mean,56.4
Portrait Prof. Cherry,party,Independent,newsletter_signup,1.8
Portrait Prof. Cherry,party,Independent,policy_general,68.0
Portrait Prof. Cherry,party,Independent,policy_role_mean,70.0
Portrait Prof. Cherry,party,Independent,policy_specific_mean,67.57142857142857
Portrait Prof. Cherry,party,Independent,trust_multidimensional,65.41666666666667
Portrait Prof. Cherry,party,Independent,trust_post,63.0
Portrait Prof. Cherry,party,Other,behavior_mean,40.0
Portrait Prof. Cherry,party,Other,belief_post,78.0
Portrait Prof. Cherry,party,Other,concern_mean,70.33333333333333
Portrait Prof. Cherry,party,Other,distrust_post,30.0
Portrait Prof. Cherry,party,Other,donation_ams,2.5
Portrait Prof. Cherry,party,Other,funding_perceptions,58.0
Portrait Prof. Cherry,party,Other,inst_trust_mean,60.0
Portrait Prof. Cherry,party,Other,newsletter_signup,1.7
Portrait Prof. Cherry,party,Other,policy_general,72.0
Portrait Prof. Cherry,party,Other,policy_role_mean,75.0
Portrait Prof. Cherry,party,Other,policy_specific_mean,73.71428571428571
Portrait Prof. Cherry,party,Other,trust_multidimensional,67.91666666666667
Portrait Prof. Cherry,party,Other,trust_post,68.0
Portrait Prof. Cherry,party,Republican,behavior_mean,24.833333333333332
Portrait Prof. Cherry,party,Republican,belief_post,44.0
Portrait Prof. Cherry,party,Republican,concern_mean,40.0
Portrait Prof. Cherry,party,Republican,distrust_post,55.0
Portrait Prof. Cherry,party,Republican,donation_ams,0.65
Portrait Prof. Cherry,party,Republican,funding_perceptions,28.0
Portrait Prof. Cherry,party,Republican,inst_trust_mean,42.6
Portrait Prof. Cherry,party,Republican,newsletter_signup,1.15
Portrait Prof. Cherry,party,Republican,policy_general,32.0
Portrait Prof. Cherry,party,Republican,policy_role_mean,54.0
Portrait Prof. Cherry,party,Republican,policy_specific_mean,47.42857142857143
Portrait Prof. Cherry,party,Republican,trust_multidimensional,48.166666666666664
Portrait Prof. Cherry,party,Republican,trust_post,40.0
Portrait Prof. Cherry,race,Asian / Asian American,behavior_mean,46.5
Portrait Prof. Cherry,race,Asian / Asian American,belief_post,82.0
Portrait Prof. Cherry,race,Asian / Asian American,concern_mean,70.0
Portrait Prof. Cherry,race,Asian / Asian American,distrust_post,25.0
Portrait Prof. Cherry,race,Asian / Asian American,donation_ams,3.5
Portrait Prof. Cherry,race,Asian / Asian American,funding_perceptions,65.0
Portrait Prof. Cherry,race,Asian / Asian American,inst_trust_mean,66.2
Portrait Prof. Cherry,race,Asian / Asian American,newsletter_signup,1.7
Portrait Prof. Cherry,race,Asian / Asian American,policy_general,76.0
Portrait Prof. Cherry,race,Asian / Asian American,policy_role_mean,75.75
Portrait Prof. Cherry,race,Asian / Asian American,policy_specific_mean,75.14285714285714
Portrait Prof. Cherry,race,Asian / Asian American,trust_multidimensional,71.25
Portrait Prof. Cherry,race,Asian / Asian American,trust_post,68.0
Portrait Prof. Cherry,race,Black / African American,behavior_mean,35.050000000000004
Portrait Prof. Cherry,race,Black / African American,belief_post,79.1
Portrait Prof. Cherry,race,Black / African American,concern_mean,64.8
Portrait Prof. Cherry,race,Black / African American,distrust_post,31.5
Portrait Prof. Cherry,race,Black / African American,donation_ams,1.4
Portrait Prof. Cherry,race,Black / African American,funding_perceptions,65.2
Portrait Prof. Cherry,race,Black / African American,inst_trust_mean,61.879999999999995
Portrait Prof. Cherry,race,Black / African American,newsletter_signup,1.7
Portrait Prof. Cherry,race,Black / African American,policy_general,77.4
Portrait Prof. Cherry,race,Black / African American,policy_role_mean,76.55
Portrait Prof. Cherry,race,Black / African American,policy_specific_mean,70.87142857142858
Portrait Prof. Cherry,race,Black / African American,trust_multidimensional,67.11666666666666
Portrait Prof. Cherry,race,Black / African American,trust_post,64.2
Portrait Prof. Cherry,race,Hispanic / Latino,behavior_mean,39.0
Portrait Prof. Cherry,race,Hispanic / Latino,belief_post,82.0
Portrait Prof. Cherry,race,Hispanic / Latino,concern_mean,72.33333333333333
Portrait Prof. Cherry,race,Hispanic / Latino,distrust_post,28.0
Portrait Prof. Cherry,race,Hispanic / Latino,donation_ams,1.8
Portrait Prof. Cherry,race,Hispanic / Latino,funding_perceptions,62.0
Portrait Prof. Cherry,race,Hispanic / Latino,inst_trust_mean,63.8
Portrait Prof. Cherry,race,Hispanic / Latino,newsletter_signup,1.7
Portrait Prof. Cherry,race,Hispanic / Latino,policy_general,76.0
Portrait Prof. Cherry,race,Hispanic / Latino,policy_role_mean,77.25
Portrait Prof. Cherry,race,Hispanic / Latino,policy_specific_mean,73.42857142857143
Portrait Prof. Cherry,race,Hispanic / Latino,trust_multidimensional,69.08333333333333
Portrait Prof. Cherry,race,Hispanic / Latino,trust_post,68.0
Portrait Prof. Cherry,race,Other,behavior_mean,36.333333333333336
Portrait Prof. Cherry,race,Other,belief_post,83.0
Portrait Prof. Cherry,race,Other,concern_mean,73.0
Portrait Prof. Cherry,race,Other,distrust_post,24.0
Portrait Prof. Cherry,race,Other,donation_ams,2.45
Portrait Prof. Cherry,race,Other,funding_perceptions,62.0
Portrait Prof. Cherry,race,Other,inst_trust_mean,60.8
Portrait Prof. Cherry,race,Other,newsletter_signup,1.65
Portrait Prof. Cherry,race,Other,policy_general,79.0
Portrait Prof. Cherry,race,Other,policy_role_mean,78.75
Portrait Prof. Cherry,race,Other,policy_specific_mean,76.28571428571429
Portrait Prof. Cherry,race,Other,trust_multidimensional,67.5
Portrait Prof. Cherry,race,Other,trust_post,68.0
Portrait Prof. Cherry,race,White / Caucasian,behavior_mean,30.666666666666668
Portrait Prof. Cherry,race,White / Caucasian,belief_post,71.0
Portrait Prof. Cherry,race,White / Caucasian,concern_mean,64.66666666666667
Portrait Prof. Cherry,race,White / Caucasian,distrust_post,32.0
Portrait Prof. Cherry,race,White / Caucasian,donation_ams,1.8
Portrait Prof. Cherry,race,White / Caucasian,funding_perceptions,52.0
Portrait Prof. Cherry,race,White / Caucasian,inst_trust_mean,58.2
Portrait Prof. Cherry,race,White / Caucasian,newsletter_signup,2.0
Portrait Prof. Cherry,race,White / Caucasian,policy_general,66.0
Portrait Prof. Cherry,race,White / Caucasian,policy_role_mean,69.0
Portrait Prof. Cherry,race,White / Caucasian,policy_specific_mean,65.85714285714286
Portrait Prof. Cherry,race,White / Caucasian,trust_multidimensional,65.5
Portrait Prof. Cherry,race,White / Caucasian,trust_post,62.0
Scientist community helpers,age_band,18-29,behavior_mean,45.666666666666664
Scientist community helpers,age_band,18-29,belief_post,88.0
Scientist community helpers,age_band,18-29,concern_mean,80.33333333333333
Scientist community helpers,age_band,18-29,distrust_post,22.0
Scientist community helpers,age_band,18-29,donation_ams,1.85
Scientist community helpers,age_band,18-29,funding_perceptions,68.0
Scientist community helpers,age_band,18-29,inst_trust_mean,64.0
Scientist community helpers,age_band,18-29,newsletter_signup,1.8
Scientist community helpers,age_band,18-29,policy_general,82.0
Scientist community helpers,age_band,18-29,policy_role_mean,80.25
Scientist community helpers,age_band,18-29,policy_specific_mean,79.28571428571429
Scientist community helpers,age_band,18-29,trust_multidimensional,73.08333333333333
Scientist community helpers,age_band,18-29,trust_post,76.0
Scientist community helpers,age_band,30-44,behavior_mean,40.75
Scientist community helpers,age_band,30-44,belief_post,81.2
Scientist community helpers,age_band,30-44,concern_mean,70.33333333333333
Scientist community helpers,age_band,30-44,distrust_post,26.4
Scientist community helpers,age_band,30-44,donation_ams,1.85
Scientist community helpers,age_band,30-44,funding_perceptions,61.5
Scientist community helpers,age_band,30-44,inst_trust_mean,60.18000000000001
Scientist community helpers,age_band,30-44,newsletter_signup,1.72
Scientist community helpers,age_band,30-44,policy_general,76.8
Scientist community helpers,age_band,30-44,policy_role_mean,76.95
Scientist community helpers,age_band,30-44,policy_specific_mean,74.27142857142857
Scientist community helpers,age_band,30-44,trust_multidimensional,73.55
Scientist community helpers,age_band,30-44,trust_post,71.3
Scientist community helpers,age_band,45-59,behavior_mean,38.166666666666664
Scientist community helpers,age_band,45-59,belief_post,76.0
Scientist community helpers,age_band,45-59,concern_mean,65.33333333333333
Scientist community helpers,age_band,45-59,distrust_post,24.0
Scientist community helpers,age_band,45-59,donation_ams,2.5
Scientist community helpers,age_band,45-59,funding_perceptions,58.0
Scientist community helpers,age_band,45-59,inst_trust_mean,63.6
Scientist community helpers,age_band,45-59,newsletter_signup,1.4
Scientist community helpers,age_band,45-59,policy_general,71.0
Scientist community helpers,age_band,45-59,policy_role_mean,71.5
Scientist community helpers,age_band,45-59,policy_specific_mean,68.71428571428571
Scientist community helpers,age_band,45-59,trust_multidimensional,68.16666666666667
Scientist community helpers,age_band,45-59,trust_post,68.0
Scientist community helpers,age_band,60+,behavior_mean,32.333333333333336
Scientist community helpers,age_band,60+,belief_post,66.0
Scientist community helpers,age_band,60+,concern_mean,58.0
Scientist community helpers,age_band,60+,distrust_post,28.0
Scientist community helpers,age_band,60+,donation_ams,1.8
Scientist community helpers,age_band,60+,funding_perceptions,42.0
Scientist community helpers,age_band,60+,inst_trust_mean,55.4
Scientist community helpers,age_band,60+,newsletter_signup,1.7
Scientist community helpers,age_band,60+,policy_general,63.0
Scientist community helpers,age_band,60+,policy_role_mean,63.0
Scientist community helpers,age_band,60+,policy_specific_mean,59.42857142857143
Scientist community helpers,age_band,60+,trust_multidimensional,64.75
Scientist community helpers,age_band,60+,trust_post,61.0
Scientist community helpers,education,Bachelor's degree,behavior_mean,43.0
Scientist community helpers,education,Bachelor's degree,belief_post,88.0
Scientist community helpers,education,Bachelor's degree,concern_mean,75.33333333333333
Scientist community helpers,education,Bachelor's degree,distrust_post,22.0
Scientist community helpers,education,Bachelor's degree,donation_ams,2.5
Scientist community helpers,education,Bachelor's degree,funding_perceptions,65.0
Scientist community helpers,education,Bachelor's degree,inst_trust_mean,64.8
Scientist community helpers,education,Bachelor's degree,newsletter_signup,1.3
Scientist community helpers,education,Bachelor's degree,policy_general,82.0
Scientist community helpers,education,Bachelor's degree,policy_role_mean,76.75
Scientist community helpers,education,Bachelor's degree,policy_specific_mean,74.28571428571429
Scientist community helpers,education,Bachelor's degree,trust_multidimensional,72.58333333333333
Scientist community helpers,education,Bachelor's degree,trust_post,76.0
Scientist community helpers,education,Doctorate degree / Ph.D.,behavior_mean,47.166666666666664
Scientist community helpers,education,Doctorate degree / Ph.D.,belief_post,92.0
Scientist community helpers,education,Doctorate degree / Ph.D.,concern_mean,79.33333333333333
Scientist community helpers,education,Doctorate degree / Ph.D.,distrust_post,18.0
Scientist community helpers,education,Doctorate degree / Ph.D.,donation_ams,3.5
Scientist community helpers,education,Doctorate degree / Ph.D.,funding_perceptions,68.0
Scientist community helpers,education,Doctorate degree / Ph.D.,inst_trust_mean,72.0
Scientist community helpers,education,Doctorate degree / Ph.D.,newsletter_signup,1.4
Scientist community helpers,education,Doctorate degree / Ph.D.,policy_general,85.0
Scientist community helpers,education,Doctorate degree / Ph.D.,policy_role_mean,78.5
Scientist community helpers,education,Doctorate degree / Ph.D.,policy_specific_mean,77.71428571428571
Scientist community helpers,education,Doctorate degree / Ph.D.,trust_multidimensional,72.91666666666667
Scientist community helpers,education,Doctorate degree / Ph.D.,trust_post,82.0
Scientist community helpers,education,High school diploma / GED,behavior_mean,31.333333333333332
Scientist community helpers,education,High school diploma / GED,belief_post,68.0
Scientist community helpers,education,High school diploma / GED,concern_mean,61.666666666666664
Scientist community helpers,education,High school diploma / GED,distrust_post,31.0
Scientist community helpers,education,High school diploma / GED,donation_ams,1.2
Scientist community helpers,education,High school diploma / GED,funding_perceptions,46.0
Scientist community helpers,education,High school diploma / GED,inst_trust_mean,55.4
Scientist community helpers,education,High school diploma / GED,newsletter_signup,1.3
Scientist community helpers,education,High school diploma / GED,policy_general,61.0
Scientist community helpers,education,High school diploma / GED,policy_role_mean,66.5
Scientist community helpers,education,High school diploma / GED,policy_specific_mean,67.28571428571429
Scientist community helpers,education,High school diploma / GED,trust_multidimensional,63.0
Scientist community helpers,education,High school diploma / GED,trust_post,62.0
Scientist community helpers,education,Less than high school,behavior_mean,29.333333333333332
Scientist community helpers,education,Less than high school,belief_post,46.0
Scientist community helpers,education,Less than high school,concern_mean,43.333333333333336
Scientist community helpers,education,Less than high school,distrust_post,36.0
Scientist community helpers,education,Less than high school,donation_ams,0.85
Scientist community helpers,education,Less than high school,funding_perceptions,32.0
Scientist community helpers,education,Less than high school,inst_trust_mean,47.8
Scientist community helpers,education,Less than high school,newsletter_signup,1.85
Scientist community helpers,education,Less than high school,policy_general,48.0
Scientist community helpers,education,Less than high school,policy_role_mean,55.75
Scientist community helpers,education,Less than high school,policy_specific_mean,53.857142857142854
Scientist community helpers,education,Less than high school,trust_multidimensional,54.0
Scientist community helpers,education,Less than high school,trust_post,54.0
Scientist community helpers,education,Master's degree / Professional degree,behavior_mean,46.0
Scientist community helpers,education,Master's degree / Professional degree,belief_post,92.0
Scientist community helpers,education,Master's degree / Professional degree,concern_mean,77.0
Scientist community helpers,education,Master's degree / Professional degree,distrust_post,18.0
Scientist community helpers,education,Master's degree / Professional degree,donation_ams,3.5
Scientist community helpers,education,Master's degree / Professional degree,funding_perceptions,68.0
Scientist community helpers,education,Master's degree / Professional degree,inst_trust_mean,71.0
Scientist community helpers,education,Master's degree / Professional degree,newsletter_signup,1.4
Scientist community helpers,education,Master's degree / Professional degree,policy_general,88.0
Scientist community helpers,education,Master's degree / Professional degree,policy_role_mean,82.0
Scientist community helpers,education,Master's degree / Professional degree,policy_specific_mean,80.0
Scientist community helpers,education,Master's degree / Professional degree,trust_multidimensional,75.5
Scientist community helpers,education,Master's degree / Professional degree,trust_post,82.0
Scientist community helpers,education,Some college or Associate's degree,behavior_mean,33.833333333333336
Scientist community helpers,education,Some college or Associate's degree,belief_post,72.0
Scientist community helpers,education,Some college or Associate's degree,concern_mean,61.666666666666664
Scientist community helpers,education,Some college or Associate's degree,distrust_post,32.0
Scientist community helpers,education,Some college or Associate's degree,donation_ams,1.5
Scientist community helpers,education,Some college or Associate's degree,funding_perceptions,65.0
Scientist community helpers,education,Some college or Associate's degree,inst_trust_mean,61.0
Scientist community helpers,education,Some college or Associate's degree,newsletter_signup,1.6
Scientist community helpers,education,Some college or Associate's degree,policy_general,68.0
Scientist community helpers,education,Some college or Associate's degree,policy_role_mean,69.5
Scientist community helpers,education,Some college or Associate's degree,policy_specific_mean,67.42857142857143
Scientist community helpers,education,Some college or Associate's degree,trust_multidimensional,65.66666666666667
Scientist community helpers,education,Some college or Associate's degree,trust_post,64.0
Scientist community helpers,gender,Female,behavior_mean,42.666666666666664
Scientist community helpers,gender,Female,belief_post,81.0
Scientist community helpers,gender,Female,concern_mean,72.33333333333333
Scientist community helpers,gender,Female,distrust_post,24.0
Scientist community helpers,gender,Female,donation_ams,1.8
Scientist community helpers,gender,Female,funding_perceptions,62.0
Scientist community helpers,gender,Female,inst_trust_mean,61.4
Scientist community helpers,gender,Female,newsletter_signup,1.7
Scientist community helpers,gender,Female,policy_general,76.0
Scientist community helpers,gender,Female,policy_role_mean,75.0
Scientist community helpers,gender,Female,policy_specific_mean,73.14285714285714
Scientist community helpers,gender,Female,trust_multidimensional,72.58333333333333
Scientist community helpers,gender,Female,trust_post,72.0
Scientist community helpers,gender,Male,behavior_mean,37.5
Scientist community helpers,gender,Male,belief_post,72.0
Scientist community helpers,gender,Male,concern_mean,64.33333333333333
Scientist community helpers,gender,Male,distrust_post,24.0
Scientist community helpers,gender,Male,donation_ams,1.2
Scientist community helpers,gender,Male,funding_perceptions,52.0
Scientist community helpers,gender,Male,inst_trust_mean,58.6
Scientist community helpers,gender,Male,newsletter_signup,1.8
Scientist community helpers,gender,Male,policy_general,65.0
Scientist community helpers,gender,Male,policy_role_mean,66.5
Scientist community helpers,gender,Male,policy_specific_mean,67.85714285714286
Scientist community helpers,gender,Male,trust_multidimensional,65.58333333333333
Scientist community helpers,gender,Male,trust_post,67.0
Scientist community helpers,gender,Other,behavior_mean,51.5
Scientist community helpers,gender,Other,belief_post,88.0
Scientist community helpers,gender,Other,concern_mean,77.33333333333333
Scientist community helpers,gender,Other,distrust_post,22.0
Scientist community helpers,gender,Other,donation_ams,2.5
Scientist community helpers,gender,Other,funding_perceptions,68.0
Scientist community helpers,gender,Other,inst_trust_mean,64.2
Scientist community helpers,gender,Other,newsletter_signup,1.4
Scientist community helpers,gender,Other,policy_general,84.0
Scientist community helpers,gender,Other,policy_role_mean,81.75
Scientist community helpers,gender,Other,policy_specific_mean,82.28571428571429
Scientist community helpers,gender,Other,trust_multidimensional,71.66666666666667
Scientist community helpers,gender,Other,trust_post,78.0
Scientist community helpers,income,"$100,000 to $167,999",behavior_mean,39.666666666666664
Scientist community helpers,income,"$100,000 to $167,999",belief_post,78.0
Scientist community helpers,income,"$100,000 to $167,999",concern_mean,64.33333333333333
Scientist community helpers,income,"$100,000 to $167,999",distrust_post,24.0
Scientist community helpers,income,"$100,000 to $167,999",donation_ams,2.15
Scientist community helpers,income,"$100,000 to $167,999",funding_perceptions,58.0
Scientist community helpers,income,"$100,000 to $167,999",inst_trust_mean,62.8
Scientist community helpers,income,"$100,000 to $167,999",newsletter_signup,1.72
Scientist community helpers,income,"$100,000 to $167,999",policy_general,72.0
Scientist community helpers,income,"$100,000 to $167,999",policy_role_mean,72.5
Scientist community helpers,income,"$100,000 to $167,999",policy_specific_mean,68.71428571428571
Scientist community helpers,income,"$100,000 to $167,999",trust_multidimensional,69.41666666666667
Scientist community helpers,income,"$100,000 to $167,999",trust_post,74.0
Scientist community helpers,income,"$168,000 or more",behavior_mean,42.666666666666664
Scientist community helpers,income,"$168,000 or more",belief_post,78.0
Scientist community helpers,income,"$168,000 or more",concern_mean,67.0
Scientist community helpers,income,"$168,000 or more",distrust_post,22.0
Scientist community helpers,income,"$168,000 or more",donation_ams,3.2
Scientist community helpers,income,"$168,000 or more",funding_perceptions,48.0
Scientist community helpers,income,"$168,000 or more",inst_trust_mean,65.8
Scientist community helpers,income,"$168,000 or more",newsletter_signup,1.7
Scientist community helpers,income,"$168,000 or more",policy_general,70.0
Scientist community helpers,income,"$168,000 or more",policy_role_mean,75.0
Scientist community helpers,income,"$168,000 or more",policy_specific_mean,68.14285714285714
Scientist community helpers,income,"$168,000 or more",trust_multidimensional,66.66666666666667
Scientist community helpers,income,"$168,000 or more",trust_post,72.0
Scientist community helpers,income,"$30,000 to $55,999",behavior_mean,34.96666666666667
Scientist community helpers,income,"$30,000 to $55,999",belief_post,71.2
Scientist community helpers,income,"$30,000 to $55,999",concern_mean,59.63333333333333
Scientist community helpers,income,"$30,000 to $55,999",distrust_post,24.3
Scientist community helpers,income,"$30,000 to $55,999",donation_ams,1.45
Scientist community helpers,income,"$30,000 to $55,999",funding_perceptions,57.9
Scientist community helpers,income,"$30,000 to $55,999",inst_trust_mean,60.21999999999999
Scientist community helpers,income,"$30,000 to $55,999",newsletter_signup,1.82
Scientist community helpers,income,"$30,000 to $55,999",policy_general,67.5
Scientist community helpers,income,"$30,000 to $55,999",policy_role_mean,71.1
Scientist community helpers,income,"$30,000 to $55,999",policy_specific_mean,68.71428571428571
Scientist community helpers,income,"$30,000 to $55,999",trust_multidimensional,69.94166666666666
Scientist community helpers,income,"$30,000 to $55,999",trust_post,66.8
Scientist community helpers,income,"$56,000 to $99,999",behavior_mean,32.949999999999996
Scientist community helpers,income,"$56,000 to $99,999",belief_post,76.4
Scientist community helpers,income,"$56,000 to $99,999",concern_mean,68.73333333333333
Scientist community helpers,income,"$56,000 to $99,999",distrust_post,24.5
Scientist community helpers,income,"$56,000 to $99,999",donation_ams,1.85
Scientist community helpers,income,"$56,000 to $99,999",funding_perceptions,58.0
Scientist community helpers,income,"$56,000 to $99,999",inst_trust_mean,60.739999999999995
Scientist community helpers,income,"$56,000 to $99,999",newsletter_signup,1.72
Scientist community helpers,income,"$56,000 to $99,999",policy_general,71.8
Scientist community helpers,income,"$56,000 to $99,999",policy_role_mean,71.3
Scientist community helpers,income,"$56,000 to $99,999",policy_specific_mean,69.77142857142857
Scientist community helpers,income,"$56,000 to $99,999",trust_multidimensional,68.875
Scientist community helpers,income,"$56,000 to $99,999",trust_post,68.1
Scientist community helpers,income,"Less than $30,000",behavior_mean,40.666666666666664
Scientist community helpers,income,"Less than $30,000",belief_post,68.0
Scientist community helpers,income,"Less than $30,000",concern_mean,62.666666666666664
Scientist community helpers,income,"Less than $30,000",distrust_post,32.0
Scientist community helpers,income,"Less than $30,000",donation_ams,1.2
Scientist community helpers,income,"Less than $30,000",funding_perceptions,58.0
Scientist community helpers,income,"Less than $30,000",inst_trust_mean,56.6
Scientist community helpers,income,"Less than $30,000",newsletter_signup,1.8
Scientist community helpers,income,"Less than $30,000",policy_general,71.0
Scientist community helpers,income,"Less than $30,000",policy_role_mean,71.75
Scientist community helpers,income,"Less than $30,000",policy_specific_mean,66.85714285714286
Scientist community helpers,income,"Less than $30,000",trust_multidimensional,64.91666666666667
Scientist community helpers,income,"Less than $30,000",trust_post,62.0
Scientist community helpers,party,Democrat,behavior_mean,49.833333333333336
Scientist community helpers,party,Democrat,belief_post,92.0
Scientist community helpers,party,Democrat,concern_mean,79.66666666666667
Scientist community helpers,party,Democrat,distrust_post,18.0
Scientist community helpers,party,Democrat,donation_ams,3.5
Scientist community helpers,party,Democrat,funding_perceptions,75.0
Scientist community helpers,party,Democrat,inst_trust_mean,73.6
Scientist community helpers,party,Democrat,newsletter_signup,1.4
Scientist community helpers,party,Democrat,policy_general,90.0
Scientist community helpers,party,Democrat,policy_role_mean,84.0
Scientist community helpers,party,Democrat,policy_specific_mean,81.28571428571429
Scientist community helpers,party,Democrat,trust_multidimensional,77.41666666666667
Scientist community helpers,party,Democrat,trust_post,82.0
Scientist community helpers,party,Independent,behavior_mean,34.333333333333336
Scientist community helpers,party,Independent,belief_post,71.0
Scientist community helpers,party,Independent,concern_mean,64.33333333333333
Scientist community helpers,party,Independent,distrust_post,28.0
Scientist community helpers,party,Independent,donation_ams,1.5
Scientist community helpers,party,Independent,funding_perceptions,48.0
Scientist community helpers,party,Independent,inst_trust_mean,57.0
Scientist community helpers,party,Independent,newsletter_signup,1.8
Scientist community helpers,party,Independent,policy_general,66.0
Scientist community helpers,party,Independent,policy_role_mean,68.0
Scientist community helpers,party,Independent,policy_specific_mean,64.85714285714286
Scientist community helpers,party,Independent,trust_multidimensional,64.58333333333333
Scientist community helpers,party,Independent,trust_post,62.0
Scientist community helpers,party,Other,behavior_mean,40.666666666666664
Scientist community helpers,party,Other,belief_post,72.0
Scientist community helpers,party,Other,concern_mean,66.0
Scientist community helpers,party,Other,distrust_post,22.0
Scientist community helpers,party,Other,donation_ams,2.5
Scientist community helpers,party,Other,funding_perceptions,62.0
Scientist community helpers,party,Other,inst_trust_mean,61.6
Scientist community helpers,party,Other,newsletter_signup,1.7
Scientist community helpers,party,Other,policy_general,70.0
Scientist community helpers,party,Other,policy_role_mean,72.5
Scientist community helpers,party,Other,policy_specific_mean,72.28571428571429
Scientist community helpers,party,Other,trust_multidimensional,67.66666666666667
Scientist community helpers,party,Other,trust_post,68.0
Scientist community helpers,party,Republican,behavior_mean,19.166666666666668
Scientist community helpers,party,Republican,belief_post,44.0
Scientist community helpers,party,Republican,concern_mean,35.333333333333336
Scientist community helpers,party,Republican,distrust_post,54.0
Scientist community helpers,party,Republican,donation_ams,0.6
Scientist community helpers,party,Republican,funding_perceptions,24.0
Scientist community helpers,party,Republican,inst_trust_mean,41.2
Scientist community helpers,party,Republican,newsletter_signup,1.9
Scientist community helpers,party,Republican,policy_general,36.0
Scientist community helpers,party,Republican,policy_role_mean,54.75
Scientist community helpers,party,Republican,policy_specific_mean,51.857142857142854
Scientist community helpers,party,Republican,trust_multidimensional,50.333333333333336
Scientist community helpers,party,Republican,trust_post,42.0
Scientist community helpers,race,Asian / Asian American,behavior_mean,45.833333333333336
Scientist community helpers,race,Asian / Asian American,belief_post,82.0
Scientist community helpers,race,Asian / Asian American,concern_mean,72.33333333333333
Scientist community helpers,race,Asian / Asian American,distrust_post,18.0
Scientist community helpers,race,Asian / Asian American,donation_ams,1.85
Scientist community helpers,race,Asian / Asian American,funding_perceptions,68.0
Scientist community helpers,race,Asian / Asian American,inst_trust_mean,69.0
Scientist community helpers,race,Asian / Asian American,newsletter_signup,1.62
Scientist community helpers,race,Asian / Asian American,policy_general,84.0
Scientist community helpers,race,Asian / Asian American,policy_role_mean,78.0
Scientist community helpers,race,Asian / Asian American,policy_specific_mean,78.28571428571429
Scientist community helpers,race,Asian / Asian American,trust_multidimensional,75.16666666666667
Scientist community helpers,race,Asian / Asian American,trust_post,81.0
Scientist community helpers,race,Black / African American,behavior_mean,43.333333333333336
Scientist community helpers,race,Black / African American,belief_post,81.0
Scientist community helpers,race,Black / African American,concern_mean,63.666666666666664
Scientist community helpers,race,Black / African American,distrust_post,24.0
Scientist community helpers,race,Black / African American,donation_ams,1.25
Scientist community helpers,race,Black / African American,funding_perceptions,65.0
Scientist community helpers,race,Black / African American,inst_trust_mean,60.4
Scientist community helpers,race,Black / African American,newsletter_signup,1.7
Scientist community helpers,race,Black / African American,policy_general,78.0
Scientist community helpers,race,Black / African American,policy_role_mean,75.0
Scientist community helpers,race,Black / African American,policy_specific_mean,71.85714285714286
Scientist community helpers,race,Black / African American,trust_multidimensional,67.91666666666667
Scientist community helpers,race,Black / African American,trust_post,66.0
Scientist community helpers,race,Hispanic / Latino,behavior_mean,41.833333333333336
Scientist community helpers,race,Hispanic / Latino,belief_post,83.0
Scientist community helpers,race,Hispanic / Latino,concern_mean,73.0
Scientist community helpers,race,Hispanic / Latino,distrust_post,27.0
Scientist community helpers,race,Hispanic / Latino,donation_ams,1.4
Scientist community helpers,race,Hispanic / Latino,funding_perceptions,64.0
Scientist community helpers,race,Hispanic / Latino,inst_trust_mean,58.8
Scientist community helpers,race,Hispanic / Latino,newsletter_signup,1.7
Scientist community helpers,race,Hispanic / Latino,policy_general,77.0
Scientist community helpers,race,Hispanic / Latino,policy_role_mean,75.5
Scientist community helpers,race,Hispanic / Latino,policy_specific_mean,73.14285714285714
Scientist community helpers,race,Hispanic / Latino,trust_multidimensional,68.33333333333333
Scientist community helpers,race,Hispanic / Latino,trust_post,66.0
Scientist community helpers,race,Other,behavior_mean,40.0
Scientist community helpers,race,Other,belief_post,78.0
Scientist community helpers,race,Other,concern_mean,67.66666666666667
Scientist community helpers,race,Other,distrust_post,24.0
Scientist community helpers,race,Other,donation_ams,1.5
Scientist community helpers,race,Other,funding_perceptions,65.0
Scientist community helpers,race,Other,inst_trust_mean,62.4
Scientist community helpers,race,Other,newsletter_signup,1.6
Scientist community helpers,race,Other,policy_general,76.0
Scientist community helpers,race,Other,policy_role_mean,73.5
Scientist community helpers,race,Other,policy_specific_mean,71.42857142857143
Scientist community helpers,race,Other,trust_multidimensional,69.16666666666667
Scientist community helpers,race,Other,trust_post,72.0
Scientist community helpers,race,White / Caucasian,behavior_mean,37.51666666666667
Scientist community helpers,race,White / Caucasian,belief_post,66.8
Scientist community helpers,race,White / Caucasian,concern_mean,63.43333333333334
Scientist community helpers,race,White / Caucasian,distrust_post,31.5
Scientist community helpers,race,White / Caucasian,donation_ams,1.45
Scientist community helpers,race,White / Caucasian,funding_perceptions,47.7
Scientist community helpers,race,White / Caucasian,inst_trust_mean,58.760000000000005
Scientist community helpers,race,White / Caucasian,newsletter_signup,1.72
Scientist community helpers,race,White / Caucasian,policy_general,61.5
Scientist community helpers,race,White / Caucasian,policy_role_mean,67.875
Scientist community helpers,race,White / Caucasian,policy_specific_mean,66.3
Scientist community helpers,race,White / Caucasian,trust_multidimensional,62.85833333333333
Scientist community helpers,race,White / Caucasian,trust_post,64.2
Social justice,age_band,18-29,behavior_mean,51.833333333333336
Social justice,age_band,18-29,belief_post,93.0
Social justice,age_band,18-29,concern_mean,84.33333333333333
Social justice,age_band,18-29,distrust_post,18.0
Social justice,age_band,18-29,donation_ams,2.4
Social justice,age_band,18-29,funding_perceptions,74.0
Social justice,age_band,18-29,inst_trust_mean,65.2
Social justice,age_band,18-29,newsletter_signup,1.6
Social justice,age_band,18-29,policy_general,89.0
Social justice,age_band,18-29,policy_role_mean,83.0
Social justice,age_band,18-29,policy_specific_mean,83.42857142857143
Social justice,age_band,18-29,trust_multidimensional,78.58333333333333
Social justice,age_band,18-29,trust_post,82.0
Social justice,age_band,30-44,behavior_mean,39.0
Social justice,age_band,30-44,belief_post,88.0
Social justice,age_band,30-44,concern_mean,72.0
Social justice,age_band,30-44,distrust_post,24.0
Social justice,age_band,30-44,donation_ams,2.1
Social justice,age_band,30-44,funding_perceptions,68.0
Social justice,age_band,30-44,inst_trust_mean,64.0
Social justice,age_band,30-44,newsletter_signup,1.7
Social justice,age_band,30-44,policy_general,81.0
Social justice,age_band,30-44,policy_role_mean,76.5
Social justice,age_band,30-44,policy_specific_mean,76.42857142857143
Social justice,age_band,30-44,trust_multidimensional,72.08333333333333
Social justice,age_band,30-44,trust_post,71.0
Social justice,age_band,45-59,behavior_mean,36.666666666666664
Social justice,age_band,45-59,belief_post,84.0
Social justice,age_band,45-59,concern_mean,68.0
Social justice,age_band,45-59,distrust_post,24.0
Social justice,age_band,45-59,donation_ams,1.8
Social justice,age_band,45-59,funding_perceptions,68.0
Social justice,age_band,45-59,inst_trust_mean,65.4
Social justice,age_band,45-59,newsletter_signup,1.7
Social justice,age_band,45-59,policy_general,78.0
Social justice,age_band,45-59,policy_role_mean,78.0
Social justice,age_band,45-59,policy_specific_mean,73.85714285714286
Social justice,age_band,45-59,trust_multidimensional,71.66666666666667
Social justice,age_band,45-59,trust_post,72.0
Social justice,age_band,60+,behavior_mean,36.666666666666664
Social justice,age_band,60+,belief_post,72.0
Social justice,age_band,60+,concern_mean,61.666666666666664
Social justice,age_band,60+,distrust_post,35.0
Social justice,age_band,60+,donation_ams,1.5
Social justice,age_band,60+,funding_perceptions,55.0
Social justice,age_band,60+,inst_trust_mean,55.4
Social justice,age_band,60+,newsletter_signup,1.7
Social justice,age_band,60+,policy_general,68.0
Social justice,age_band,60+,policy_role_mean,70.0
Social justice,age_band,60+,policy_specific_mean,64.42857142857143
Social justice,age_band,60+,trust_multidimensional,61.833333333333336
Social justice,age_band,60+,trust_post,62.0
Social justice,education,Bachelor's degree,behavior_mean,45.666666666666664
Social justice,education,Bachelor's degree,belief_post,92.0
Social justice,education,Bachelor's degree,concern_mean,79.66666666666667
Social justice,education,Bachelor's degree,distrust_post,22.0
Social justice,education,Bachelor's degree,donation_ams,2.4
Social justice,education,Bachelor's degree,funding_perceptions,68.0
Social justice,education,Bachelor's degree,inst_trust_mean,67.8
Social justice,education,Bachelor's degree,newsletter_signup,1.6
Social justice,education,Bachelor's degree,policy_general,86.0
Social justice,education,Bachelor's degree,policy_role_mean,80.25
Social justice,education,Bachelor's degree,policy_specific_mean,82.71428571428571
Social justice,education,Bachelor's degree,trust_multidimensional,74.0
Social justice,education,Bachelor's degree,trust_post,78.0
Social justice,education,Doctorate degree / Ph.D.,behavior_mean,46.666666666666664
Social justice,education,Doctorate degree / Ph.D.,belief_post,96.0
Social justice,education,Doctorate degree / Ph.D.,concern_mean,83.33333333333333
Social justice,education,Doctorate degree / Ph.D.,distrust_post,16.0
Social justice,education,Doctorate degree / Ph.D.,donation_ams,3.2
Social justice,education,Doctorate degree / Ph.D.,funding_perceptions,72.0
Social justice,education,Doctorate degree / Ph.D.,inst_trust_mean,71.8
Social justice,education,Doctorate degree / Ph.D.,newsletter_signup,1.3
Social justice,education,Doctorate degree / Ph.D.,policy_general,88.0
Social justice,education,Doctorate degree / Ph.D.,policy_role_mean,83.5
Social justice,education,Doctorate degree / Ph.D.,policy_specific_mean,83.42857142857143
Social justice,education,Doctorate degree / Ph.D.,trust_multidimensional,78.33333333333333
Social justice,education,Doctorate degree / Ph.D.,trust_post,84.0
Social justice,education,High school diploma / GED,behavior_mean,37.333333333333336
Social justice,education,High school diploma / GED,belief_post,78.0
Social justice,education,High school diploma / GED,concern_mean,68.33333333333333
Social justice,education,High school diploma / GED,distrust_post,32.0
Social justice,education,High school diploma / GED,donation_ams,1.5
Social justice,education,High school diploma / GED,funding_perceptions,65.0
Social justice,education,High school diploma / GED,inst_trust_mean,59.2
Social justice,education,High school diploma / GED,newsletter_signup,1.7
Social justice,education,High school diploma / GED,policy_general,76.0
Social justice,education,High school diploma / GED,policy_role_mean,73.25
Social justice,education,High school diploma / GED,policy_specific_mean,70.0
Social justice,education,High school diploma / GED,trust_multidimensional,65.58333333333333
Social justice,education,High school diploma / GED,trust_post,65.0
Social justice,education,Less than high school,behavior_mean,30.333333333333332
Social justice,education,Less than high school,belief_post,64.0
Social justice,education,Less than high school,concern_mean,60.333333333333336
Social justice,education,Less than high school,distrust_post,35.0
Social justice,education,Less than high school,donation_ams,1.2
Social justice,education,Less than high school,funding_perceptions,58.0
Social justice,education,Less than high school,inst_trust_mean,47.8
Social justice,education,Less than high school,newsletter_signup,1.8
Social justice,education,Less than high school,policy_general,66.0
Social justice,education,Less than high school,policy_role_mean,68.25
Social justice,education,Less than high school,policy_specific_mean,65.28571428571429
Social justice,education,Less than high school,trust_multidimensional,57.75
Social justice,education,Less than high school,trust_post,56.0
Social justice,education,Master's degree / Professional degree,behavior_mean,46.666666666666664
Social justice,education,Master's degree / Professional degree,belief_post,92.0
Social justice,education,Master's degree / Professional degree,concern_mean,79.0
Social justice,education,Master's degree / Professional degree,distrust_post,18.0
Social justice,education,Master's degree / Professional degree,donation_ams,3.5
Social justice,education,Master's degree / Professional degree,funding_perceptions,75.0
Social justice,education,Master's degree / Professional degree,inst_trust_mean,72.0
Social justice,education,Master's degree / Professional degree,newsletter_signup,1.4
Social justice,education,Master's degree / Professional degree,policy_general,85.0
Social justice,education,Master's degree / Professional degree,policy_role_mean,83.0
Social justice,education,Master's degree / Professional degree,policy_specific_mean,81.28571428571429
Social justice,education,Master's degree / Professional degree,trust_multidimensional,76.33333333333333
Social justice,education,Master's degree / Professional degree,trust_post,82.0
Social justice,education,Some college or Associate's degree,behavior_mean,36.0
Social justice,education,Some college or Associate's degree,belief_post,82.0
Social justice,education,Some college or Associate's degree,concern_mean,70.33333333333333
Social justice,education,Some college or Associate's degree,distrust_post,24.0
Social justice,education,Some college or Associate's degree,donation_ams,2.1
Social justice,education,Some college or Associate's degree,funding_perceptions,65.0
Social justice,education,Some college or Associate's degree,inst_trust_mean,61.8
Social justice,education,Some college or Associate's degree,newsletter_signup,1.75
Social justice,education,Some college or Associate's degree,policy_general,78.0
Social justice,education,Some college or Associate's degree,policy_role_mean,77.75
Social justice,education,Some college or Associate's degree,policy_specific_mean,74.57142857142857
Social justice,education,Some college or Associate's degree,trust_multidimensional,69.0
Social justice,education,Some college or Associate's degree,trust_post,72.0
Social justice,gender,Female,behavior_mean,46.333333333333336
Social justice,gender,Female,belief_post,88.0
Social justice,gender,Female,concern_mean,75.33333333333333
Social justice,gender,Female,distrust_post,22.0
Social justice,gender,Female,donation_ams,2.5
Social justice,gender,Female,funding_perceptions,68.0
Social justice,gender,Female,inst_trust_mean,66.4
Social justice,gender,Female,newsletter_signup,1.6
Social justice,gender,Female,policy_general,84.0
Social justice,gender,Female,policy_role_mean,80.25
Social justice,gender,Female,policy_specific_mean,78.14285714285714
Social justice,gender,Female,trust_multidimensional,73.41666666666667
Social justice,gender,Female,trust_post,78.0
Social justice,gender,Male,behavior_mean,34.333333333333336
Social justice,gender,Male,belief_post,76.0
Social justice,gender,Male,concern_mean,66.33333333333333
Social justice,gender,Male,distrust_post,28.0
Social justice,gender,Male,donation_ams,1.45
Social justice,gender,Male,funding_perceptions,62.0
Social justice,gender,Male,inst_trust_mean,59.0
Social justice,gender,Male,newsletter_signup,1.82
Social justice,gender,Male,policy_general,72.0
Social justice,gender,Male,policy_role_mean,76.5
Social justice,gender,Male,policy_specific_mean,70.28571428571429
Social justice,gender,Male,trust_multidimensional,67.5
Social justice,gender,Male,trust_post,67.0
Social justice,gender,Other,behavior_mean,51.666666666666664
Social justice,gender,Other,belief_post,92.0
Social justice,gender,Other,concern_mean,82.66666666666667
Social justice,gender,Other,distrust_post,22.0
Social justice,gender,Other,donation_ams,3.5
Social justice,gender,Other,funding_perceptions,70.0
Social justice,gender,Other,inst_trust_mean,65.6
Social justice,gender,Other,newsletter_signup,1.3
Social justice,gender,Other,policy_general,88.0
Social justice,gender,Other,policy_role_mean,83.75
Social justice,gender,Other,policy_specific_mean,82.0
Social justice,gender,Other,trust_multidimensional,77.83333333333333
Social justice,gender,Other,trust_post,78.0
Social justice,income,"$100,000 to $167,999",behavior_mean,49.666666666666664
Social justice,income,"$100,000 to $167,999",belief_post,88.0
Social justice,income,"$100,000 to $167,999",concern_mean,77.66666666666667
Social justice,income,"$100,000 to $167,999",distrust_post,22.0
Social justice,income,"$100,000 to $167,999",donation_ams,3.2
Social justice,income,"$100,000 to $167,999",funding_perceptions,68.0
Social justice,income,"$100,000 to $167,999",inst_trust_mean,71.0
Social justice,income,"$100,000 to $167,999",newsletter_signup,1.8
Social justice,income,"$100,000 to $167,999",policy_general,80.0
Social justice,income,"$100,000 to $167,999",policy_role_mean,79.25
Social justice,income,"$100,000 to $167,999",policy_specific_mean,77.71428571428571
Social justice,income,"$100,000 to $167,999",trust_multidimensional,70.41666666666667
Social justice,income,"$100,000 to $167,999",trust_post,75.0
Social justice,income,"$168,000 or more",behavior_mean,35.5
Social justice,income,"$168,000 or more",belief_post,78.0
Social justice,income,"$168,000 or more",concern_mean,58.0
Social justice,income,"$168,000 or more",distrust_post,28.0
Social justice,income,"$168,000 or more",donation_ams,1.8
Social justice,income,"$168,000 or more",funding_perceptions,45.0
Social justice,income,"$168,000 or more",inst_trust_mean,56.8
Social justice,income,"$168,000 or more",newsletter_signup,1.7
Social justice,income,"$168,000 or more",policy_general,62.0
Social justice,income,"$168,000 or more",policy_role_mean,63.75
Social justice,income,"$168,000 or more",policy_specific_mean,64.57142857142857
Social justice,income,"$168,000 or more",trust_multidimensional,58.583333333333336
Social justice,income,"$168,000 or more",trust_post,58.0
Social justice,income,"$30,000 to $55,999",behavior_mean,45.5
Social justice,income,"$30,000 to $55,999",belief_post,82.0
Social justice,income,"$30,000 to $55,999",concern_mean,73.33333333333333
Social justice,income,"$30,000 to $55,999",distrust_post,24.0
Social justice,income,"$30,000 to $55,999",donation_ams,2.1
Social justice,income,"$30,000 to $55,999",funding_perceptions,62.0
Social justice,income,"$30,000 to $55,999",inst_trust_mean,60.4
Social justice,income,"$30,000 to $55,999",newsletter_signup,1.6
Social justice,income,"$30,000 to $55,999",policy_general,78.0
Social justice,income,"$30,000 to $55,999",policy_role_mean,79.0
Social justice,income,"$30,000 to $55,999",policy_specific_mean,74.42857142857143
Social justice,income,"$30,000 to $55,999",trust_multidimensional,71.58333333333333
Social justice,income,"$30,000 to $55,999",trust_post,71.0
Social justice,income,"$56,000 to $99,999",behavior_mean,41.666666666666664
Social justice,income,"$56,000 to $99,999",belief_post,86.0
Social justice,income,"$56,000 to $99,999",concern_mean,68.33333333333333
Social justice,income,"$56,000 to $99,999",distrust_post,26.0
Social justice,income,"$56,000 to $99,999",donation_ams,2.1
Social justice,income,"$56,000 to $99,999",funding_perceptions,65.0
Social justice,income,"$56,000 to $99,999",inst_trust_mean,60.2
Social justice,income,"$56,000 to $99,999",newsletter_signup,1.7
Social justice,income,"$56,000 to $99,999",policy_general,78.0
Social justice,income,"$56,000 to $99,999",policy_role_mean,75.0
Social justice,income,"$56,000 to $99,999",policy_specific_mean,74.14285714285714
Social justice,income,"$56,000 to $99,999",trust_multidimensional,69.5
Social justice,income,"$56,000 to $99,999",trust_post,71.0
Social justice,income,"Less than $30,000",behavior_mean,41.833333333333336
Social justice,income,"Less than $30,000",belief_post,88.0
Social justice,income,"Less than $30,000",concern_mean,76.0
Social justice,income,"Less than $30,000",distrust_post,26.0
Social justice,income,"Less than $30,000",donation_ams,1.5
Social justice,income,"Less than $30,000",funding_perceptions,62.0
Social justice,income,"Less than $30,000",inst_trust_mean,62.0
Social justice,income,"Less than $30,000",newsletter_signup,1.6
Social justice,income,"Less than $30,000",policy_general,82.0
Social justice,income,"Less than $30,000",policy_role_mean,83.25
Social justice,income,"Less than $30,000",policy_specific_mean,78.28571428571429
Social justice,income,"Less than $30,000",trust_multidimensional,72.16666666666667
Social justice,income,"Less than $30,000",trust_post,74.0
Social justice,party,Democrat,behavior_mean,49.166666666666664
Social justice,party,Democrat,belief_post,95.0
Social justice,party,Democrat,concern_mean,82.66666666666667
Social justice,party,Democrat,distrust_post,18.0
Social justice,party,Democrat,donation_ams,3.5
Social justice,party,Democrat,funding_perceptions,70.0
Social justice,party,Democrat,inst_trust_mean,73.6
Social justice,party,Democrat,newsletter_signup,1.4
Social justice,party,Democrat,policy_general,92.0
Social justice,party,Democrat,policy_role_mean,81.25
Social justice,party,Democrat,policy_specific_mean,81.57142857142857
Social justice,party,Democrat,trust_multidimensional,74.33333333333333
Social justice,party,Democrat,trust_post,82.0
Social justice,party,Independent,behavior_mean,32.5
Social justice,party,Independent,belief_post,82.0
Social justice,party,Independent,concern_mean,69.33333333333333
Social justice,party,Independent,distrust_post,25.0
Social justice,party,Independent,donation_ams,1.5
Social justice,party,Independent,funding_perceptions,55.0
Social justice,party,Independent,inst_trust_mean,62.2
Social justice,party,Independent,newsletter_signup,1.8
Social justice,party,Independent,policy_general,72.0
Social justice,party,Independent,policy_role_mean,74.0
Social justice,party,Independent,policy_specific_mean,73.42857142857143
Social justice,party,Independent,trust_multidimensional,66.66666666666667
Social justice,party,Independent,trust_post,70.0
Social justice,party,Other,behavior_mean,45.333333333333336
Social justice,party,Other,belief_post,88.0
Social justice,party,Other,concern_mean,75.0
Social justice,party,Other,distrust_post,20.0
Social justice,party,Other,donation_ams,2.1
Social justice,party,Other,funding_perceptions,68.0
Social justice,party,Other,inst_trust_mean,65.2
Social justice,party,Other,newsletter_signup,1.55
Social justice,party,Other,policy_general,82.0
Social justice,party,Other,policy_role_mean,78.0
Social justice,party,Other,policy_specific_mean,78.85714285714286
Social justice,party,Other,trust_multidimensional,70.41666666666667
Social justice,party,Other,trust_post,75.0
Social justice,party,Republican,behavior_mean,27.166666666666668
Social justice,party,Republican,belief_post,51.0
Social justice,party,Republican,concern_mean,41.666666666666664
Social justice,party,Republican,distrust_post,58.0
Social justice,party,Republican,donation_ams,0.75
Social justice,party,Republican,funding_perceptions,24.0
Social justice,party,Republican,inst_trust_mean,43.4
Social justice,party,Republican,newsletter_signup,1.85
Social justice,party,Republican,policy_general,40.0
Social justice,party,Republican,policy_role_mean,49.75
Social justice,party,Republican,policy_specific_mean,51.285714285714285
Social justice,party,Republican,trust_multidimensional,48.333333333333336
Social justice,party,Republican,trust_post,38.0
Social justice,race,Asian / Asian American,behavior_mean,48.666666666666664
Social justice,race,Asian / Asian American,belief_post,88.0
Social justice,race,Asian / Asian American,concern_mean,74.0
Social justice,race,Asian / Asian American,distrust_post,18.0
Social justice,race,Asian / Asian American,donation_ams,2.8
Social justice,race,Asian / Asian American,funding_perceptions,68.0
Social justice,race,Asian / Asian American,inst_trust_mean,67.6
Social justice,race,Asian / Asian American,newsletter_signup,1.55
Social justice,race,Asian / Asian American,policy_general,82.0
Social justice,race,Asian / Asian American,policy_role_mean,81.0
Social justice,race,Asian / Asian American,policy_specific_mean,79.42857142857143
Social justice,race,Asian / Asian American,trust_multidimensional,73.25
Social justice,race,Asian / Asian American,trust_post,78.0
Social justice,race,Black / African American,behavior_mean,42.333333333333336
Social justice,race,Black / African American,belief_post,81.0
Social justice,race,Black / African American,concern_mean,65.0
Social justice,race,Black / African American,distrust_post,24.0
Social justice,race,Black / African American,donation_ams,1.8
Social justice,race,Black / African American,funding_perceptions,68.0
Social justice,race,Black / African American,inst_trust_mean,59.6
Social justice,race,Black / African American,newsletter_signup,1.7
Social justice,race,Black / African American,policy_general,78.0
Social justice,race,Black / African American,policy_role_mean,77.75
Social justice,race,Black / African American,policy_specific_mean,71.0
Social justice,race,Black / African American,trust_multidimensional,68.08333333333333
Social justice,race,Black / African American,trust_post,72.0
Social justice,race,Hispanic / Latino,behavior_mean,39.0
Social justice,race,Hispanic / Latino,belief_post,84.0
Social justice,race,Hispanic / Latino,concern_mean,69.0
Social justice,race,Hispanic / Latino,distrust_post,25.0
Social justice,race,Hispanic / Latino,donation_ams,1.5
Social justice,race,Hispanic / Latino,funding_perceptions,65.0
Social justice,race,Hispanic / Latino,inst_trust_mean,61.0
Social justice,race,Hispanic / Latino,newsletter_signup,1.8
Social justice,race,Hispanic / Latino,policy_general,78.0
Social justice,race,Hispanic / Latino,policy_role_mean,75.5
Social justice,race,Hispanic / Latino,policy_specific_mean,73.14285714285714
Social justice,race,Hispanic / Latino,trust_multidimensional,71.58333333333333
Social justice,race,Hispanic / Latino,trust_post,72.0
Social justice,race,Other,behavior_mean,43.666666666666664
Social justice,race,Other,belief_post,88.0
Social justice,race,Other,concern_mean,79.66666666666667
Social justice,race,Other,distrust_post,22.0
Social justice,race,Other,donation_ams,3.2
Social justice,race,Other,funding_perceptions,65.0
Social justice,race,Other,inst_trust_mean,65.8
Social justice,race,Other,newsletter_signup,1.4
Social justice,race,Other,policy_general,84.0
Social justice,race,Other,policy_role_mean,82.5
Social justice,race,Other,policy_specific_mean,79.57142857142857
Social justice,race,Other,trust_multidimensional,73.33333333333333
Social justice,race,Other,trust_post,78.0
Social justice,race,White / Caucasian,behavior_mean,32.0
Social justice,race,White / Caucasian,belief_post,78.0
Social justice,race,White / Caucasian,concern_mean,68.66666666666667
Social justice,race,White / Caucasian,distrust_post,25.0
Social justice,race,White / Caucasian,donation_ams,2.1
Social justice,race,White / Caucasian,funding_perceptions,58.0
Social justice,race,White / Caucasian,inst_trust_mean,59.0
Social justice,race,White / Caucasian,newsletter_signup,1.75
Social justice,race,White / Caucasian,policy_general,72.0
Social justice,race,White / Caucasian,policy_role_mean,71.25
Social justice,race,White / Caucasian,policy_specific_mean,68.28571428571429
Social justice,race,White / Caucasian,trust_multidimensional,66.0
Social justice,race,White / Caucasian,trust_post,65.0
control,age_band,18-29,behavior_mean,49.333333333333336
control,age_band,18-29,belief_post,88.0
control,age_band,18-29,concern_mean,79.33333333333333
control,age_band,18-29,distrust_post,22.0
control,age_band,18-29,donation_ams,1.5
control,age_band,18-29,funding_perceptions,65.0
control,age_band,18-29,inst_trust_mean,62.2
control,age_band,18-29,newsletter_signup,1.7
control,age_band,18-29,policy_general,82.0
control,age_band,18-29,policy_role_mean,80.75
control,age_band,18-29,policy_specific_mean,79.42857142857143
control,age_band,18-29,trust_multidimensional,71.75
control,age_band,18-29,trust_post,76.0
control,age_band,30-44,behavior_mean,41.0
control,age_band,30-44,belief_post,76.0
control,age_band,30-44,concern_mean,71.0
control,age_band,30-44,distrust_post,31.0
control,age_band,30-44,donation_ams,1.6
control,age_band,30-44,funding_perceptions,64.0
control,age_band,30-44,inst_trust_mean,63.2
control,age_band,30-44,newsletter_signup,1.7
control,age_band,30-44,policy_general,79.0
control,age_band,30-44,policy_role_mean,73.5
control,age_band,30-44,policy_specific_mean,74.71428571428571
control,age_band,30-44,trust_multidimensional,65.83333333333333
control,age_band,30-44,trust_post,69.0
control,age_band,45-59,behavior_mean,34.666666666666664
control,age_band,45-59,belief_post,68.0
control,age_band,45-59,concern_mean,63.333333333333336
control,age_band,45-59,distrust_post,32.0
control,age_band,45-59,donation_ams,1.5
control,age_band,45-59,funding_perceptions,45.0
control,age_band,45-59,inst_trust_mean,59.0
control,age_band,45-59,newsletter_signup,1.7
control,age_band,45-59,policy_general,66.0
control,age_band,45-59,policy_role_mean,68.5
control,age_band,45-59,policy_specific_mean,64.71428571428571
control,age_band,45-59,trust_multidimensional,63.166666666666664
control,age_band,45-59,trust_post,63.0
control,age_band,60+,behavior_mean,36.0
control,age_band,60+,belief_post,65.0
control,age_band,60+,concern_mean,59.0
control,age_band,60+,distrust_post,32.0
control,age_band,60+,donation_ams,1.5
control,age_band,60+,funding_perceptions,38.0
control,age_band,60+,inst_trust_mean,57.2
control,age_band,60+,newsletter_signup,1.8
control,age_band,60+,policy_general,60.0
control,age_band,60+,policy_role_mean,66.25
control,age_band,60+,policy_specific_mean,64.28571428571429
control,age_band,60+,trust_multidimensional,58.75
control,age_band,60+,trust_post,58.0
control,education,Bachelor's degree,behavior_mean,42.166666666666664
control,education,Bachelor's degree,belief_post,82.0
control,education,Bachelor's degree,concern_mean,66.66666666666667
control,education,Bachelor's degree,distrust_post,25.0
control,education,Bachelor's degree,donation_ams,2.5
control,education,Bachelor's degree,funding_perceptions,65.0
control,education,Bachelor's degree,inst_trust_mean,64.8
control,education,Bachelor's degree,newsletter_signup,1.7
control,education,Bachelor's degree,policy_general,78.0
control,education,Bachelor's degree,policy_role_mean,76.5
control,education,Bachelor's degree,policy_specific_mean,74.57142857142857
control,education,Bachelor's degree,trust_multidimensional,66.58333333333333
control,education,Bachelor's degree,trust_post,72.0
control,education,Doctorate degree / Ph.D.,behavior_mean,44.5
control,education,Doctorate degree / Ph.D.,belief_post,92.0
control,education,Doctorate degree / Ph.D.,concern_mean,78.0
control,education,Doctorate degree / Ph.D.,distrust_post,22.0
control,education,Doctorate degree / Ph.D.,donation_ams,2.5
control,education,Doctorate degree / Ph.D.,funding_perceptions,65.0
control,education,Doctorate degree / Ph.D.,inst_trust_mean,71.2
control,education,Doctorate degree / Ph.D.,newsletter_signup,1.3
control,education,Doctorate degree / Ph.D.,policy_general,82.0
control,education,Doctorate degree / Ph.D.,policy_role_mean,79.0
control,education,Doctorate degree / Ph.D.,policy_specific_mean,79.57142857142857
control,education,Doctorate degree / Ph.D.,trust_multidimensional,71.0
control,education,Doctorate degree / Ph.D.,trust_post,78.0
control,education,High school diploma / GED,behavior_mean,33.5
control,education,High school diploma / GED,belief_post,65.0
control,education,High school diploma / GED,concern_mean,57.333333333333336
control,education,High school diploma / GED,distrust_post,35.0
control,education,High school diploma / GED,donation_ams,1.2
control,education,High school diploma / GED,funding_perceptions,40.0
control,education,High school diploma / GED,inst_trust_mean,56.6
control,education,High school diploma / GED,newsletter_signup,1.7
control,education,High school diploma / GED,policy_general,63.0
control,education,High school diploma / GED,policy_role_mean,66.75
control,education,High school diploma / GED,policy_specific_mean,65.0
control,education,High school diploma / GED,trust_multidimensional,56.333333333333336
control,education,High school diploma / GED,trust_post,55.0
control,education,Less than high school,behavior_mean,25.5
control,education,Less than high school,belief_post,52.0
control,education,Less than high school,concern_mean,45.666666666666664
control,education,Less than high school,distrust_post,48.0
control,education,Less than high school,donation_ams,0.4
control,education,Less than high school,funding_perceptions,28.0
control,education,Less than high school,inst_trust_mean,40.8
control,education,Less than high school,newsletter_signup,2.0
control,education,Less than high school,policy_general,55.0
control,education,Less than high school,policy_role_mean,54.0
control,education,Less than high school,policy_specific_mean,55.714285714285715
control,education,Less than high school,trust_multidimensional,44.916666666666664
control,education,Less than high school,trust_post,42.0
control,education,Master's degree / Professional degree,behavior_mean,42.5
control,education,Master's degree / Professional degree,belief_post,88.0
control,education,Master's degree / Professional degree,concern_mean,74.0
control,education,Master's degree / Professional degree,distrust_post,22.0
control,education,Master's degree / Professional degree,donation_ams,2.5
control,education,Master's degree / Professional degree,funding_perceptions,65.0
control,education,Master's degree / Professional degree,inst_trust_mean,69.2
control,education,Master's degree / Professional degree,newsletter_signup,1.7
control,education,Master's degree / Professional degree,policy_general,82.0
control,education,Master's degree / Professional degree,policy_role_mean,75.75
control,education,Master's degree / Professional degree,policy_specific_mean,78.28571428571429
control,education,Master's degree / Professional degree,trust_multidimensional,71.66666666666667
control,education,Master's degree / Professional degree,trust_post,78.0
control,education,Some college or Associate's degree,behavior_mean,42.666666666666664
control,education,Some college or Associate's degree,belief_post,76.0
control,education,Some college or Associate's degree,concern_mean,67.33333333333333
control,education,Some college or Associate's degree,distrust_post,32.0
control,education,Some college or Associate's degree,donation_ams,1.5
control,education,Some college or Associate's degree,funding_perceptions,58.0
control,education,Some college or Associate's degree,inst_trust_mean,62.8
control,education,Some college or Associate's degree,newsletter_signup,2.0
control,education,Some college or Associate's degree,policy_general,71.0
control,education,Some college or Associate's degree,policy_role_mean,71.25
control,education,Some college or Associate's degree,policy_specific_mean,72.14285714285714
control,education,Some college or Associate's degree,trust_multidimensional,64.5
control,education,Some college or Associate's degree,trust_post,62.0
control,gender,Female,behavior_mean,41.833333333333336
control,gender,Female,belief_post,82.0
control,gender,Female,concern_mean,74.0
control,gender,Female,distrust_post,26.0
control,gender,Female,donation_ams,1.5
control,gender,Female,funding_perceptions,65.0
control,gender,Female,inst_trust_mean,62.6
control,gender,Female,newsletter_signup,1.7
control,gender,Female,policy_general,78.0
control,gender,Female,policy_role_mean,75.75
control,gender,Female,policy_specific_mean,75.28571428571429
control,gender,Female,trust_multidimensional,68.91666666666667
control,gender,Female,trust_post,72.0
control,gender,Male,behavior_mean,28.5
control,gender,Male,belief_post,64.0
control,gender,Male,concern_mean,56.666666666666664
control,gender,Male,distrust_post,32.0
control,gender,Male,donation_ams,1.2
control,gender,Male,funding_perceptions,54.0
control,gender,Male,inst_trust_mean,52.2
control,gender,Male,newsletter_signup,2.0
control,gender,Male,policy_general,59.0
control,gender,Male,policy_role_mean,61.75
control,gender,Male,policy_specific_mean,61.57142857142857
control,gender,Male,trust_multidimensional,57.083333333333336
control,gender,Male,trust_post,61.0
control,gender,Other,behavior_mean,52.5
control,gender,Other,belief_post,88.0
control,gender,Other,concern_mean,77.33333333333333
control,gender,Other,distrust_post,22.0
control,gender,Other,donation_ams,3.5
control,gender,Other,funding_perceptions,65.0
control,gender,Other,inst_trust_mean,64.6
control,gender,Other,newsletter_signup,1.4
control,gender,Other,policy_general,82.0
control,gender,Other,policy_role_mean,76.25
control,gender,Other,policy_specific_mean,77.57142857142857
control,gender,Other,trust_multidimensional,68.41666666666667
control,gender,Other,trust_post,78.0
control,income,"$100,000 to $167,999",behavior_mean,40.5
control,income,"$100,000 to $167,999",belief_post,81.0
control,income,"$100,000 to $167,999",concern_mean,69.0
control,income,"$100,000 to $167,999",distrust_post,28.0
control,income,"$100,000 to $167,999",donation_ams,2.4
control,income,"$100,000 to $167,999",funding_perceptions,58.0
control,income,"$100,000 to $167,999",inst_trust_mean,68.0
control,income,"$100,000 to $167,999",newsletter_signup,1.7
control,income,"$100,000 to $167,999",policy_general,76.0
control,income,"$100,000 to $167,999",policy_role_mean,74.75
control,income,"$100,000 to $167,999",policy_specific_mean,73.0
control,income,"$100,000 to $167,999",trust_multidimensional,68.66666666666667
control,income,"$100,000 to $167,999",trust_post,72.0
control,income,"$168,000 or more",behavior_mean,49.333333333333336
control,income,"$168,000 or more",belief_post,82.0
control,income,"$168,000 or more",concern_mean,65.0
control,income,"$168,000 or more",distrust_post,25.0
control,income,"$168,000 or more",donation_ams,3.5
control,income,"$168,000 or more",funding_perceptions,52.0
control,income,"$168,000 or more",inst_trust_mean,64.0
control,income,"$168,000 or more",newsletter_signup,1.7
control,income,"$168,000 or more",policy_general,72.0
control,income,"$168,000 or more",policy_role_mean,72.75
control,income,"$168,000 or more",policy_specific_mean,68.85714285714286
control,income,"$168,000 or more",trust_multidimensional,64.25
control,income,"$168,000 or more",trust_post,68.0
control,income,"$30,000 to $55,999",behavior_mean,33.0
control,income,"$30,000 to $55,999",belief_post,68.0
control,income,"$30,000 to $55,999",concern_mean,63.333333333333336
control,income,"$30,000 to $55,999",distrust_post,34.0
control,income,"$30,000 to $55,999",donation_ams,1.5
control,income,"$30,000 to $55,999",funding_perceptions,58.0
control,income,"$30,000 to $55,999",inst_trust_mean,58.8
control,income,"$30,000 to $55,999",newsletter_signup,1.7
control,income,"$30,000 to $55,999",policy_general,72.0
control,income,"$30,000 to $55,999",policy_role_mean,69.75
control,income,"$30,000 to $55,999",policy_specific_mean,68.71428571428571
control,income,"$30,000 to $55,999",trust_multidimensional,58.333333333333336
control,income,"$30,000 to $55,999",trust_post,62.0
control,income,"$56,000 to $99,999",behavior_mean,39.833333333333336
control,income,"$56,000 to $99,999",belief_post,74.0
control,income,"$56,000 to $99,999",concern_mean,69.66666666666667
control,income,"$56,000 to $99,999",distrust_post,24.0
control,income,"$56,000 to $99,999",donation_ams,1.8
control,income,"$56,000 to $99,999",funding_perceptions,58.0
control,income,"$56,000 to $99,999",inst_trust_mean,60.2
control,income,"$56,000 to $99,999",newsletter_signup,1.7
control,income,"$56,000 to $99,999",policy_general,71.0
control,income,"$56,000 to $99,999",policy_role_mean,72.25
control,income,"$56,000 to $99,999",policy_specific_mean,71.14285714285714
control,income,"$56,000 to $99,999",trust_multidimensional,65.66666666666667
control,income,"$56,000 to $99,999",trust_post,68.0
control,income,"Less than $30,000",behavior_mean,37.666666666666664
control,income,"Less than $30,000",belief_post,65.0
control,income,"Less than $30,000",concern_mean,60.333333333333336
control,income,"Less than $30,000",distrust_post,35.0
control,income,"Less than $30,000",donation_ams,1.2
control,income,"Less than $30,000",funding_perceptions,48.0
control,income,"Less than $30,000",inst_trust_mean,50.8
control,income,"Less than $30,000",newsletter_signup,1.7
control,income,"Less than $30,000",policy_general,63.0
control,income,"Less than $30,000",policy_role_mean,66.5
control,income,"Less than $30,000",policy_specific_mean,65.0
control,income,"Less than $30,000",trust_multidimensional,57.25
control,income,"Less than $30,000",trust_post,55.0
control,party,Democrat,behavior_mean,46.26666666666667
control,party,Democrat,belief_post,91.6
control,party,Democrat,concern_mean,80.60000000000001
control,party,Democrat,distrust_post,18.5
control,party,Democrat,donation_ams,2.15
control,party,Democrat,funding_perceptions,67.6
control,party,Democrat,inst_trust_mean,71.44
control,party,Democrat,newsletter_signup,1.42
control,party,Democrat,policy_general,86.3
control,party,Democrat,policy_role_mean,82.3
control,party,Democrat,policy_specific_mean,78.3
control,party,Democrat,trust_multidimensional,73.65833333333333
control,party,Democrat,trust_post,80.2
control,party,Independent,behavior_mean,37.833333333333336
control,party,Independent,belief_post,66.0
control,party,Independent,concern_mean,62.333333333333336
control,party,Independent,distrust_post,32.0
control,party,Independent,donation_ams,1.5
control,party,Independent,funding_perceptions,52.0
control,party,Independent,inst_trust_mean,57.8
control,party,Independent,newsletter_signup,1.8
control,party,Independent,policy_general,64.0
control,party,Independent,policy_role_mean,66.25
control,party,Independent,policy_specific_mean,67.28571428571429
control,party,Independent,trust_multidimensional,61.75
control,party,Independent,trust_post,63.0
control,party,Other,behavior_mean,45.833333333333336
control,party,Other,belief_post,82.0
control,party,Other,concern_mean,74.33333333333333
control,party,Other,distrust_post,24.0
control,party,Other,donation_ams,1.8
control,party,Other,funding_perceptions,65.0
control,party,Other,inst_trust_mean,66.4
control,party,Other,newsletter_signup,1.7
control,party,Other,policy_general,78.0
control,party,Other,policy_role_mean,74.5
control,party,Other,policy_specific_mean,75.85714285714286
control,party,Other,trust_multidimensional,69.0
control,party,Other,trust_post,72.0
control,party,Republican,behavior_mean,20.666666666666668
control,party,Republican,belief_post,35.0
control,party,Republican,concern_mean,35.0
control,party,Republican,distrust_post,65.0
control,party,Republican,donation_ams,0.5
control,party,Republican,funding_perceptions,25.0
control,party,Republican,inst_trust_mean,36.4
control,party,Republican,newsletter_signup,1.8
control,party,Republican,policy_general,38.0
control,party,Republican,policy_role_mean,46.75
control,party,Republican,policy_specific_mean,44.57142857142857
control,party,Republican,trust_multidimensional,36.75
control,party,Republican,trust_post,32.0
control,race,Asian / Asian American,behavior_mean,40.0
control,race,Asian / Asian American,belief_post,80.0
control,race,Asian / Asian American,concern_mean,70.33333333333333
control,race,Asian / Asian American,distrust_post,25.0
control,race,Asian / Asian American,donation_ams,1.5
control,race,Asian / Asian American,funding_perceptions,65.0
control,race,Asian / Asian American,inst_trust_mean,68.2
control,race,Asian / Asian American,newsletter_signup,1.8
control,race,Asian / Asian American,policy_general,78.0
control,race,Asian / Asian American,policy_role_mean,73.25
control,race,Asian / Asian American,policy_specific_mean,77.14285714285714
control,race,Asian / Asian American,trust_multidimensional,67.66666666666667
control,race,Asian / Asian American,trust_post,72.0
control,race,Black / African American,behavior_mean,42.166666666666664
control,race,Black / African American,belief_post,82.0
control,race,Black / African American,concern_mean,66.33333333333333
control,race,Black / African American,distrust_post,31.0
control,race,Black / African American,donation_ams,1.6
control,race,Black / African American,funding_perceptions,64.0
control,race,Black / African American,inst_trust_mean,57.0
control,race,Black / African American,newsletter_signup,1.7
control,race,Black / African American,policy_general,78.0
control,race,Black / African American,policy_role_mean,72.0
control,race,Black / African American,policy_specific_mean,71.14285714285714
control,race,Black / African American,trust_multidimensional,65.41666666666667
control,race,Black / African American,trust_post,68.0
control,race,Hispanic / Latino,behavior_mean,39.666666666666664
control,race,Hispanic / Latino,belief_post,82.0
control,race,Hispanic / Latino,concern_mean,68.33333333333333
control,race,Hispanic / Latino,distrust_post,25.0
control,race,Hispanic / Latino,donation_ams,1.5
control,race,Hispanic / Latino,funding_perceptions,65.0
control,race,Hispanic / Latino,inst_trust_mean,55.4
control,race,Hispanic / Latino,newsletter_signup,1.8
control,race,Hispanic / Latino,policy_general,78.0
control,race,Hispanic / Latino,policy_role_mean,74.5
control,race,Hispanic / Latino,policy_specific_mean,69.71428571428571
control,race,Hispanic / Latino,trust_multidimensional,66.16666666666667
control,race,Hispanic / Latino,trust_post,65.0
control,race,Other,behavior_mean,39.0
control,race,Other,belief_post,77.0
control,race,Other,concern_mean,72.66666666666667
control,race,Other,distrust_post,24.0
control,race,Other,donation_ams,1.4
control,race,Other,funding_perceptions,62.0
control,race,Other,inst_trust_mean,62.6
control,race,Other,newsletter_signup,1.8
control,race,Other,policy_general,76.0
control,race,Other,policy_role_mean,76.0
control,race,Other,policy_specific_mean,75.28571428571429
control,race,Other,trust_multidimensional,67.33333333333333
control,race,Other,trust_post,69.0
control,race,White / Caucasian,behavior_mean,29.266666666666666
control,race,White / Caucasian,belief_post,64.3
control,race,White / Caucasian,concern_mean,55.23333333333333
control,race,White / Caucasian,distrust_post,34.7
control,race,White / Caucasian,donation_ams,1.42
control,race,White / Caucasian,funding_perceptions,47.9
control,race,White / Caucasian,inst_trust_mean,53.96
control,race,White / Caucasian,newsletter_signup,1.78
control,race,White / Caucasian,policy_general,61.8
control,race,White / Caucasian,policy_role_mean,63.675
control,race,White / Caucasian,policy_specific_mean,61.714285714285715
control,race,White / Caucasian,trust_multidimensional,55.75833333333333
control,race,White / Caucasian,trust_post,58.2
