condition,moderator,moderator_level,outcome,mean
Consensus,age_band,18-29,behavior_mean,49.43333333333334
Consensus,age_band,18-29,belief_post,83.6
Consensus,age_band,18-29,concern_mean,83.43333333333334
Consensus,age_band,18-29,distrust_post,18.5
Consensus,age_band,18-29,donation_ams,3.2
Consensus,age_band,18-29,funding_perceptions,72.2
Consensus,age_band,18-29,inst_trust_mean,71.74
Consensus,age_band,18-29,newsletter_signup,1.38
Consensus,age_band,18-29,policy_general,82.9
Consensus,age_band,18-29,policy_role_mean,83.65
Consensus,age_band,18-29,policy_specific_mean,74.64285714285714
Consensus,age_band,18-29,trust_multidimensional,84.84166666666667
Consensus,age_band,18-29,trust_post,86.4
Consensus,age_band,30-44,behavior_mean,47.48333333333333
Consensus,age_band,30-44,belief_post,76.8
Consensus,age_band,30-44,concern_mean,66.03333333333333
Consensus,age_band,30-44,distrust_post,26.3
Consensus,age_band,30-44,donation_ams,1.92
Consensus,age_band,30-44,funding_perceptions,67.9
Consensus,age_band,30-44,inst_trust_mean,70.92
Consensus,age_band,30-44,newsletter_signup,1.68
Consensus,age_band,30-44,policy_general,71.2
Consensus,age_band,30-44,policy_role_mean,66.0
Consensus,age_band,30-44,policy_specific_mean,69.01428571428572
Consensus,age_band,30-44,trust_multidimensional,74.25
Consensus,age_band,30-44,trust_post,67.5
Consensus,age_band,45-59,behavior_mean,35.833333333333336
Consensus,age_band,45-59,belief_post,63.0
Consensus,age_band,45-59,concern_mean,64.0
Consensus,age_band,45-59,distrust_post,31.0
Consensus,age_band,45-59,donation_ams,2.1
Consensus,age_band,45-59,funding_perceptions,56.0
Consensus,age_band,45-59,inst_trust_mean,64.4
Consensus,age_band,45-59,newsletter_signup,1.7
Consensus,age_band,45-59,policy_general,59.0
Consensus,age_band,45-59,policy_role_mean,63.5
Consensus,age_band,45-59,policy_specific_mean,60.857142857142854
Consensus,age_band,45-59,trust_multidimensional,70.25
Consensus,age_band,45-59,trust_post,68.0
Consensus,age_band,60+,behavior_mean,32.0
Consensus,age_band,60+,belief_post,53.0
Consensus,age_band,60+,concern_mean,45.333333333333336
Consensus,age_band,60+,distrust_post,36.0
Consensus,age_band,60+,donation_ams,1.4
Consensus,age_band,60+,funding_perceptions,56.0
Consensus,age_band,60+,inst_trust_mean,52.2
Consensus,age_band,60+,newsletter_signup,1.3
Consensus,age_band,60+,policy_general,46.0
Consensus,age_band,60+,policy_role_mean,58.25
Consensus,age_band,60+,policy_specific_mean,56.142857142857146
Consensus,age_band,60+,trust_multidimensional,64.0
Consensus,age_band,60+,trust_post,56.0
Consensus,education,Bachelor's degree,behavior_mean,46.550000000000004
Consensus,education,Bachelor's degree,belief_post,84.7
Consensus,education,Bachelor's degree,concern_mean,80.39999999999999
Consensus,education,Bachelor's degree,distrust_post,22.1
Consensus,education,Bachelor's degree,donation_ams,3.6
Consensus,education,Bachelor's degree,funding_perceptions,65.5
Consensus,education,Bachelor's degree,inst_trust_mean,73.16
Consensus,education,Bachelor's degree,newsletter_signup,1.62
Consensus,education,Bachelor's degree,policy_general,81.3
Consensus,education,Bachelor's degree,policy_role_mean,73.725
Consensus,education,Bachelor's degree,policy_specific_mean,77.39999999999999
Consensus,education,Bachelor's degree,trust_multidimensional,77.28333333333333
Consensus,education,Bachelor's degree,trust_post,77.5
Consensus,education,Doctorate degree / Ph.D.,behavior_mean,70.0
Consensus,education,Doctorate degree / Ph.D.,belief_post,92.0
Consensus,education,Doctorate degree / Ph.D.,concern_mean,88.33333333333333
Consensus,education,Doctorate degree / Ph.D.,distrust_post,12.0
Consensus,education,Doctorate degree / Ph.D.,donation_ams,7.5
Consensus,education,Doctorate degree / Ph.D.,funding_perceptions,62.0
Consensus,education,Doctorate degree / Ph.D.,inst_trust_mean,82.0
Consensus,education,Doctorate degree / Ph.D.,newsletter_signup,1.7
Consensus,education,Doctorate degree / Ph.D.,policy_general,88.0
Consensus,education,Doctorate degree / Ph.D.,policy_role_mean,81.5
Consensus,education,Doctorate degree / Ph.D.,policy_specific_mean,84.71428571428571
Consensus,education,Doctorate degree / Ph.D.,trust_multidimensional,86.91666666666667
Consensus,education,Doctorate degree / Ph.D.,trust_post,86.0
Consensus,education,High school diploma / GED,behavior_mean,29.683333333333334
Consensus,education,High school diploma / GED,belief_post,37.5
Consensus,education,High school diploma / GED,concern_mean,37.199999999999996
Consensus,education,High school diploma / GED,distrust_post,47.1
Consensus,education,High school diploma / GED,donation_ams,1.4
Consensus,education,High school diploma / GED,funding_perceptions,43.2
Consensus,education,High school diploma / GED,inst_trust_mean,50.6
Consensus,education,High school diploma / GED,newsletter_signup,1.68
Consensus,education,High school diploma / GED,policy_general,46.3
Consensus,education,High school diploma / GED,policy_role_mean,52.675
Consensus,education,High school diploma / GED,policy_specific_mean,55.44285714285714
Consensus,education,High school diploma / GED,trust_multidimensional,52.625
Consensus,education,High school diploma / GED,trust_post,52.4
Consensus,education,Less than high school,behavior_mean,30.333333333333332
Consensus,education,Less than high school,belief_post,36.0
Consensus,education,Less than high school,concern_mean,28.0
Consensus,education,Less than high school,distrust_post,45.0
Consensus,education,Less than high school,donation_ams,16.0
Consensus,education,Less than high school,funding_perceptions,58.0
Consensus,education,Less than high school,inst_trust_mean,37.4
Consensus,education,Less than high school,newsletter_signup,1.3
Consensus,education,Less than high school,policy_general,44.0
Consensus,education,Less than high school,policy_role_mean,45.5
Consensus,education,Less than high school,policy_specific_mean,47.142857142857146
Consensus,education,Less than high school,trust_multidimensional,37.583333333333336
Consensus,education,Less than high school,trust_post,34.0
Consensus,education,Master's degree / Professional degree,behavior_mean,58.800000000000004
Consensus,education,Master's degree / Professional degree,belief_post,92.7
Consensus,education,Master's degree / Professional degree,concern_mean,83.96666666666667
Consensus,education,Master's degree / Professional degree,distrust_post,19.2
Consensus,education,Master's degree / Professional degree,donation_ams,3.45
Consensus,education,Master's degree / Professional degree,funding_perceptions,66.2
Consensus,education,Master's degree / Professional degree,inst_trust_mean,75.88
Consensus,education,Master's degree / Professional degree,newsletter_signup,1.62
Consensus,education,Master's degree / Professional degree,policy_general,85.6
Consensus,education,Master's degree / Professional degree,policy_role_mean,80.45
Consensus,education,Master's degree / Professional degree,policy_specific_mean,80.74285714285715
Consensus,education,Master's degree / Professional degree,trust_multidimensional,81.80833333333334
Consensus,education,Master's degree / Professional degree,trust_post,79.5
Consensus,education,Some college or Associate's degree,behavior_mean,53.56666666666666
Consensus,education,Some college or Associate's degree,belief_post,62.8
Consensus,education,Some college or Associate's degree,concern_mean,65.26666666666667
Consensus,education,Some college or Associate's degree,distrust_post,41.3
Consensus,education,Some college or Associate's degree,donation_ams,2.7
Consensus,education,Some college or Associate's degree,funding_perceptions,63.5
Consensus,education,Some college or Associate's degree,inst_trust_mean,62.82000000000001
Consensus,education,Some college or Associate's degree,newsletter_signup,1.42
Consensus,education,Some college or Associate's degree,policy_general,67.5
Consensus,education,Some college or Associate's degree,policy_role_mean,65.375
Consensus,education,Some college or Associate's degree,policy_specific_mean,65.4
Consensus,education,Some college or Associate's degree,trust_multidimensional,66.27499999999999
Consensus,education,Some college or Associate's degree,trust_post,68.7
Consensus,gender,Female,behavior_mean,50.166666666666664
Consensus,gender,Female,belief_post,84.0
Consensus,gender,Female,concern_mean,81.0
Consensus,gender,Female,distrust_post,21.0
Consensus,gender,Female,donation_ams,28.0
Consensus,gender,Female,funding_perceptions,66.0
Consensus,gender,Female,inst_trust_mean,70.8
Consensus,gender,Female,newsletter_signup,35.0
Consensus,gender,Female,policy_general,80.0
Consensus,gender,Female,policy_role_mean,72.75
Consensus,gender,Female,policy_specific_mean,67.14285714285714
Consensus,gender,Female,trust_multidimensional,78.66666666666667
Consensus,gender,Female,trust_post,79.0
Consensus,gender,Male,behavior_mean,45.699999999999996
Consensus,gender,Male,belief_post,73.2
Consensus,gender,Male,concern_mean,67.46666666666667
Consensus,gender,Male,distrust_post,26.8
Consensus,gender,Male,donation_ams,25.3
Consensus,gender,Male,funding_perceptions,42.1
Consensus,gender,Male,inst_trust_mean,63.760000000000005
Consensus,gender,Male,newsletter_signup,1.36
Consensus,gender,Male,policy_general,58.7
Consensus,gender,Male,policy_role_mean,68.6
Consensus,gender,Male,policy_specific_mean,67.22857142857143
Consensus,gender,Male,trust_multidimensional,72.34166666666667
Consensus,gender,Male,trust_post,74.6
Consensus,gender,Other,behavior_mean,56.56666666666667
Consensus,gender,Other,belief_post,93.2
Consensus,gender,Other,concern_mean,88.63333333333333
Consensus,gender,Other,distrust_post,12.5
Consensus,gender,Other,donation_ams,4.6
Consensus,gender,Other,funding_perceptions,71.7
Consensus,gender,Other,inst_trust_mean,73.82000000000001
Consensus,gender,Other,newsletter_signup,1.25
Consensus,gender,Other,policy_general,88.5
Consensus,gender,Other,policy_role_mean,81.525
Consensus,gender,Other,policy_specific_mean,86.38571428571429
Consensus,gender,Other,trust_multidimensional,85.78333333333335
Consensus,gender,Other,trust_post,86.8
Consensus,income,"$100,000 to $167,999",behavior_mean,45.21666666666667
Consensus,income,"$100,000 to $167,999",belief_post,80.6
Consensus,income,"$100,000 to $167,999",concern_mean,72.8
Consensus,income,"$100,000 to $167,999",distrust_post,20.2
Consensus,income,"$100,000 to $167,999",donation_ams,4.6
Consensus,income,"$100,000 to $167,999",funding_perceptions,58.3
Consensus,income,"$100,000 to $167,999",inst_trust_mean,73.44
Consensus,income,"$100,000 to $167,999",newsletter_signup,68.2
Consensus,income,"$100,000 to $167,999",policy_general,73.5
Consensus,income,"$100,000 to $167,999",policy_role_mean,69.825
Consensus,income,"$100,000 to $167,999",policy_specific_mean,69.1
Consensus,income,"$100,000 to $167,999",trust_multidimensional,77.325
Consensus,income,"$100,000 to $167,999",trust_post,79.8
Consensus,income,"$168,000 or more",behavior_mean,54.199999999999996
Consensus,income,"$168,000 or more",belief_post,85.9
Consensus,income,"$168,000 or more",concern_mean,75.8
Consensus,income,"$168,000 or more",distrust_post,11.8
Consensus,income,"$168,000 or more",donation_ams,3.1
Consensus,income,"$168,000 or more",funding_perceptions,63.8
Consensus,income,"$168,000 or more",inst_trust_mean,73.53999999999999
Consensus,income,"$168,000 or more",newsletter_signup,1.63
Consensus,income,"$168,000 or more",policy_general,76.8
Consensus,income,"$168,000 or more",policy_role_mean,72.625
Consensus,income,"$168,000 or more",policy_specific_mean,73.84285714285714
Consensus,income,"$168,000 or more",trust_multidimensional,83.16666666666667
Consensus,income,"$168,000 or more",trust_post,77.4
Consensus,income,"$30,000 to $55,999",behavior_mean,31.3
Consensus,income,"$30,000 to $55,999",belief_post,68.4
Consensus,income,"$30,000 to $55,999",concern_mean,54.800000000000004
Consensus,income,"$30,000 to $55,999",distrust_post,36.8
Consensus,income,"$30,000 to $55,999",donation_ams,1.85
Consensus,income,"$30,000 to $55,999",funding_perceptions,52.5
Consensus,income,"$30,000 to $55,999",inst_trust_mean,58.220000000000006
Consensus,income,"$30,000 to $55,999",newsletter_signup,1.32
Consensus,income,"$30,000 to $55,999",policy_general,62.1
Consensus,income,"$30,000 to $55,999",policy_role_mean,66.35
Consensus,income,"$30,000 to $55,999",policy_specific_mean,64.81428571428572
Consensus,income,"$30,000 to $55,999",trust_multidimensional,65.51666666666667
Consensus,income,"$30,000 to $55,999",trust_post,60.3
Consensus,income,"$56,000 to $99,999",behavior_mean,45.23333333333333
Consensus,income,"$56,000 to $99,999",belief_post,74.5
Consensus,income,"$56,000 to $99,999",concern_mean,61.5
Consensus,income,"$56,000 to $99,999",distrust_post,26.3
Consensus,income,"$56,000 to $99,999",donation_ams,1.7
Consensus,income,"$56,000 to $99,999",funding_perceptions,61.3
Consensus,income,"$56,000 to $99,999",inst_trust_mean,65.53999999999999
Consensus,income,"$56,000 to $99,999",newsletter_signup,1.42
Consensus,income,"$56,000 to $99,999",policy_general,69.2
Consensus,income,"$56,000 to $99,999",policy_role_mean,65.7
Consensus,income,"$56,000 to $99,999",policy_specific_mean,65.81428571428572
Consensus,income,"$56,000 to $99,999",trust_multidimensional,71.28333333333333
Consensus,income,"$56,000 to $99,999",trust_post,68.9
Consensus,income,"Less than $30,000",behavior_mean,49.583333333333336
Consensus,income,"Less than $30,000",belief_post,75.2
Consensus,income,"Less than $30,000",concern_mean,69.39999999999999
Consensus,income,"Less than $30,000",distrust_post,38.9
Consensus,income,"Less than $30,000",donation_ams,2.1
Consensus,income,"Less than $30,000",funding_perceptions,68.5
Consensus,income,"Less than $30,000",inst_trust_mean,57.8
Consensus,income,"Less than $30,000",newsletter_signup,44.5
Consensus,income,"Less than $30,000",policy_general,78.6
Consensus,income,"Less than $30,000",policy_role_mean,68.22500000000001
Consensus,income,"Less than $30,000",policy_specific_mean,69.32857142857144
Consensus,income,"Less than $30,000",trust_multidimensional,66.41666666666667
Consensus,income,"Less than $30,000",trust_post,62.8
Consensus,party,Democrat,behavior_mean,56.833333333333336
Consensus,party,Democrat,belief_post,93.8
Consensus,party,Democrat,concern_mean,83.43333333333334
Consensus,party,Democrat,distrust_post,18.5
Consensus,party,Democrat,donation_ams,4.2
Consensus,party,Democrat,funding_perceptions,77.6
Consensus,party,Democrat,inst_trust_mean,85.66
Consensus,party,Democrat,newsletter_signup,1.72
Consensus,party,Democrat,policy_general,89.5
Consensus,party,Democrat,policy_role_mean,79.35
Consensus,party,Democrat,policy_specific_mean,82.45714285714287
Consensus,party,Democrat,trust_multidimensional,83.825
Consensus,party,Democrat,trust_post,87.3
Consensus,party,Independent,behavior_mean,40.0
Consensus,party,Independent,belief_post,63.0
Consensus,party,Independent,concern_mean,64.33333333333333
Consensus,party,Independent,distrust_post,30.0
Consensus,party,Independent,donation_ams,2.6
Consensus,party,Independent,funding_perceptions,56.0
Consensus,party,Independent,inst_trust_mean,68.2
Consensus,party,Independent,newsletter_signup,1.35
Consensus,party,Independent,policy_general,68.0
Consensus,party,Independent,policy_role_mean,66.5
Consensus,party,Independent,policy_specific_mean,64.85714285714286
Consensus,party,Independent,trust_multidimensional,73.41666666666667
Consensus,party,Independent,trust_post,70.0
Consensus,party,Other,behavior_mean,35.86666666666667
Consensus,party,Other,belief_post,76.3
Consensus,party,Other,concern_mean,61.0
Consensus,party,Other,distrust_post,41.2
Consensus,party,Other,donation_ams,2.4
Consensus,party,Other,funding_perceptions,61.4
Consensus,party,Other,inst_trust_mean,66.42
Consensus,party,Other,newsletter_signup,1.73
Consensus,party,Other,policy_general,64.8
Consensus,party,Other,policy_role_mean,66.175
Consensus,party,Other,policy_specific_mean,54.57142857142857
Consensus,party,Other,trust_multidimensional,67.41666666666667
Consensus,party,Other,trust_post,62.5
Consensus,party,Republican,behavior_mean,14.333333333333334
Consensus,party,Republican,belief_post,26.0
Consensus,party,Republican,concern_mean,21.333333333333332
Consensus,party,Republican,distrust_post,65.0
Consensus,party,Republican,donation_ams,1.4
Consensus,party,Republican,funding_perceptions,29.0
Consensus,party,Republican,inst_trust_mean,39.8
Consensus,party,Republican,newsletter_signup,1.6
Consensus,party,Republican,policy_general,14.0
Consensus,party,Republican,policy_role_mean,36.25
Consensus,party,Republican,policy_specific_mean,37.142857142857146
Consensus,party,Republican,trust_multidimensional,49.0
Consensus,party,Republican,trust_post,30.0
Consensus,race,Asian / Asian American,behavior_mean,50.550000000000004
Consensus,race,Asian / Asian American,belief_post,76.2
Consensus,race,Asian / Asian American,concern_mean,76.23333333333333
Consensus,race,Asian / Asian American,distrust_post,17.3
Consensus,race,Asian / Asian American,donation_ams,3.45
Consensus,race,Asian / Asian American,funding_perceptions,66.5
Consensus,race,Asian / Asian American,inst_trust_mean,73.8
Consensus,race,Asian / Asian American,newsletter_signup,1.36
Consensus,race,Asian / Asian American,policy_general,71.8
Consensus,race,Asian / Asian American,policy_role_mean,76.475
Consensus,race,Asian / Asian American,policy_specific_mean,69.45714285714286
Consensus,race,Asian / Asian American,trust_multidimensional,77.24166666666666
Consensus,race,Asian / Asian American,trust_post,74.6
Consensus,race,Black / African American,behavior_mean,41.666666666666664
Consensus,race,Black / African American,belief_post,78.0
Consensus,race,Black / African American,concern_mean,72.33333333333333
Consensus,race,Black / African American,distrust_post,18.0
Consensus,race,Black / African American,donation_ams,1.8
Consensus,race,Black / African American,funding_perceptions,72.0
Consensus,race,Black / African American,inst_trust_mean,67.0
Consensus,race,Black / African American,newsletter_signup,1.4
Consensus,race,Black / African American,policy_general,76.0
Consensus,race,Black / African American,policy_role_mean,66.75
Consensus,race,Black / African American,policy_specific_mean,67.57142857142857
Consensus,race,Black / African American,trust_multidimensional,75.0
Consensus,race,Black / African American,trust_post,72.0
Consensus,race,Hispanic / Latino,behavior_mean,47.51666666666667
Consensus,race,Hispanic / Latino,belief_post,77.5
Consensus,race,Hispanic / Latino,concern_mean,76.66666666666667
Consensus,race,Hispanic / Latino,distrust_post,29.4
Consensus,race,Hispanic / Latino,donation_ams,2.1
Consensus,race,Hispanic / Latino,funding_perceptions,61.3
Consensus,race,Hispanic / Latino,inst_trust_mean,70.53999999999999
Consensus,race,Hispanic / Latino,newsletter_signup,1.82
Consensus,race,Hispanic / Latino,policy_general,75.6
Consensus,race,Hispanic / Latino,policy_role_mean,75.725
Consensus,race,Hispanic / Latino,policy_specific_mean,68.01428571428572
Consensus,race,Hispanic / Latino,trust_multidimensional,75.14999999999999
Consensus,race,Hispanic / Latino,trust_post,68.2
Consensus,race,Other,behavior_mean,43.18333333333334
Consensus,race,Other,belief_post,73.5
Consensus,race,Other,concern_mean,73.10000000000001
Consensus,race,Other,distrust_post,24.5
Consensus,race,Other,donation_ams,2.7
Consensus,race,Other,funding_perceptions,64.0
Consensus,race,Other,inst_trust_mean,65.9
Consensus,race,Other,newsletter_signup,1.6
Consensus,race,Other,policy_general,70.5
Consensus,race,Other,policy_role_mean,72.05
Consensus,race,Other,policy_specific_mean,69.07142857142857
Consensus,race,Other,trust_multidimensional,71.40833333333333
Consensus,race,Other,trust_post,71.0
Consensus,race,White / Caucasian,behavior_mean,40.949999999999996
Consensus,race,White / Caucasian,belief_post,67.2
Consensus,race,White / Caucasian,concern_mean,57.23333333333333
Consensus,race,White / Caucasian,distrust_post,23.4
Consensus,race,White / Caucasian,donation_ams,2.6
Consensus,race,White / Caucasian,funding_perceptions,62.2
Consensus,race,White / Caucasian,inst_trust_mean,66.62
Consensus,race,White / Caucasian,newsletter_signup,1.32
Consensus,race,White / Caucasian,policy_general,58.9
Consensus,race,White / Caucasian,policy_role_mean,66.1
Consensus,race,White / Caucasian,policy_specific_mean,62.385714285714286
Consensus,race,White / Caucasian,trust_multidimensional,75.20833333333333
Consensus,race,White / Caucasian,trust_post,71.5
Corporate reliance,age_band,18-29,behavior_mean,58.5
Corporate reliance,age_band,18-29,belief_post,83.5
Corporate reliance,age_band,18-29,concern_mean,84.39999999999999
Corporate reliance,age_band,18-29,distrust_post,21.3
Corporate reliance,age_band,18-29,donation_ams,2.4
Corporate reliance,age_band,18-29,funding_perceptions,75.9
Corporate reliance,age_band,18-29,inst_trust_mean,75.14
Corporate reliance,age_band,18-29,newsletter_signup,1.34
Corporate reliance,age_band,18-29,policy_general,81.2
Corporate reliance,age_band,18-29,policy_role_mean,76.7
Corporate reliance,age_band,18-29,policy_specific_mean,77.51428571428572
Corporate reliance,age_band,18-29,trust_multidimensional,77.95
Corporate reliance,age_band,18-29,trust_post,78.4
Corporate reliance,age_band,30-44,behavior_mean,46.6
Corporate reliance,age_band,30-44,belief_post,83.1
Corporate reliance,age_band,30-44,concern_mean,66.96666666666667
Corporate reliance,age_band,30-44,distrust_post,24.8
Corporate reliance,age_band,30-44,donation_ams,1.85
Corporate reliance,age_band,30-44,funding_perceptions,66.3
Corporate reliance,age_band,30-44,inst_trust_mean,72.92
Corporate reliance,age_band,30-44,newsletter_signup,1.13
Corporate reliance,age_band,30-44,policy_general,78.6
Corporate reliance,age_band,30-44,policy_role_mean,68.625
Corporate reliance,age_band,30-44,policy_specific_mean,71.97142857142858
Corporate reliance,age_band,30-44,trust_multidimensional,69.425
Corporate reliance,age_band,30-44,trust_post,69.5
Corporate reliance,age_band,45-59,behavior_mean,47.23333333333333
Corporate reliance,age_band,45-59,belief_post,74.8
Corporate reliance,age_band,45-59,concern_mean,63.6
Corporate reliance,age_band,45-59,distrust_post,21.4
Corporate reliance,age_band,45-59,donation_ams,3.62
Corporate reliance,age_band,45-59,funding_perceptions,58.8
Corporate reliance,age_band,45-59,inst_trust_mean,68.76
Corporate reliance,age_band,45-59,newsletter_signup,1.68
Corporate reliance,age_band,45-59,policy_general,69.5
Corporate reliance,age_band,45-59,policy_role_mean,72.725
Corporate reliance,age_band,45-59,policy_specific_mean,72.11428571428571
Corporate reliance,age_band,45-59,trust_multidimensional,79.43333333333334
Corporate reliance,age_band,45-59,trust_post,73.5
Corporate reliance,age_band,60+,behavior_mean,31.933333333333334
Corporate reliance,age_band,60+,belief_post,57.4
Corporate reliance,age_band,60+,concern_mean,39.5
Corporate reliance,age_band,60+,distrust_post,29.2
Corporate reliance,age_band,60+,donation_ams,4.1
Corporate reliance,age_band,60+,funding_perceptions,37.2
Corporate reliance,age_band,60+,inst_trust_mean,62.36
Corporate reliance,age_band,60+,newsletter_signup,1.52
Corporate reliance,age_band,60+,policy_general,39.6
Corporate reliance,age_band,60+,policy_role_mean,57.6
Corporate reliance,age_band,60+,policy_specific_mean,48.48571428571428
Corporate reliance,age_band,60+,trust_multidimensional,66.95
Corporate reliance,age_band,60+,trust_post,57.5
Corporate reliance,education,Bachelor's degree,behavior_mean,46.9
Corporate reliance,education,Bachelor's degree,belief_post,79.2
Corporate reliance,education,Bachelor's degree,concern_mean,80.36666666666667
Corporate reliance,education,Bachelor's degree,distrust_post,21.3
Corporate reliance,education,Bachelor's degree,donation_ams,4.3
Corporate reliance,education,Bachelor's degree,funding_perceptions,72.4
Corporate reliance,education,Bachelor's degree,inst_trust_mean,75.02000000000001
Corporate reliance,education,Bachelor's degree,newsletter_signup,1.28
Corporate reliance,education,Bachelor's degree,policy_general,76.8
Corporate reliance,education,Bachelor's degree,policy_role_mean,72.2
Corporate reliance,education,Bachelor's degree,policy_specific_mean,72.4
Corporate reliance,education,Bachelor's degree,trust_multidimensional,78.09166666666667
Corporate reliance,education,Bachelor's degree,trust_post,77.5
Corporate reliance,education,Doctorate degree / Ph.D.,behavior_mean,65.41666666666667
Corporate reliance,education,Doctorate degree / Ph.D.,belief_post,96.1
Corporate reliance,education,Doctorate degree / Ph.D.,concern_mean,90.13333333333333
Corporate reliance,education,Doctorate degree / Ph.D.,distrust_post,7.8
Corporate reliance,education,Doctorate degree / Ph.D.,donation_ams,4.9
Corporate reliance,education,Doctorate degree / Ph.D.,funding_perceptions,75.4
Corporate reliance,education,Doctorate degree / Ph.D.,inst_trust_mean,85.62
Corporate reliance,education,Doctorate degree / Ph.D.,newsletter_signup,1.25
Corporate reliance,education,Doctorate degree / Ph.D.,policy_general,91.7
Corporate reliance,education,Doctorate degree / Ph.D.,policy_role_mean,81.975
Corporate reliance,education,Doctorate degree / Ph.D.,policy_specific_mean,84.71428571428571
Corporate reliance,education,Doctorate degree / Ph.D.,trust_multidimensional,86.7
Corporate reliance,education,Doctorate degree / Ph.D.,trust_post,90.2
Corporate reliance,education,High school diploma / GED,behavior_mean,29.816666666666666
Corporate reliance,education,High school diploma / GED,belief_post,53.4
Corporate reliance,education,High school diploma / GED,concern_mean,45.9
Corporate reliance,education,High school diploma / GED,distrust_post,47.8
Corporate reliance,education,High school diploma / GED,donation_ams,2.9
Corporate reliance,education,High school diploma / GED,funding_perceptions,41.7
Corporate reliance,education,High school diploma / GED,inst_trust_mean,53.58
Corporate reliance,education,High school diploma / GED,newsletter_signup,1.62
Corporate reliance,education,High school diploma / GED,policy_general,49.7
Corporate reliance,education,High school diploma / GED,policy_role_mean,58.975
Corporate reliance,education,High school diploma / GED,policy_specific_mean,54.285714285714285
Corporate reliance,education,High school diploma / GED,trust_multidimensional,56.35
Corporate reliance,education,High school diploma / GED,trust_post,51.6
Corporate reliance,education,Less than high school,behavior_mean,20.216666666666665
Corporate reliance,education,Less than high school,belief_post,38.4
Corporate reliance,education,Less than high school,concern_mean,30.333333333333332
Corporate reliance,education,Less than high school,distrust_post,51.2
Corporate reliance,education,Less than high school,donation_ams,0.9
Corporate reliance,education,Less than high school,funding_perceptions,33.5
Corporate reliance,education,Less than high school,inst_trust_mean,31.0
Corporate reliance,education,Less than high school,newsletter_signup,1.83
Corporate reliance,education,Less than high school,policy_general,36.7
Corporate reliance,education,Less than high school,policy_role_mean,40.775
Corporate reliance,education,Less than high school,policy_specific_mean,36.385714285714286
Corporate reliance,education,Less than high school,trust_multidimensional,46.73333333333333
Corporate reliance,education,Less than high school,trust_post,49.8
Corporate reliance,education,Master's degree / Professional degree,behavior_mean,54.699999999999996
Corporate reliance,education,Master's degree / Professional degree,belief_post,91.9
Corporate reliance,education,Master's degree / Professional degree,concern_mean,82.06666666666666
Corporate reliance,education,Master's degree / Professional degree,distrust_post,17.2
Corporate reliance,education,Master's degree / Professional degree,donation_ams,4.4
Corporate reliance,education,Master's degree / Professional degree,funding_perceptions,75.2
Corporate reliance,education,Master's degree / Professional degree,inst_trust_mean,75.44
Corporate reliance,education,Master's degree / Professional degree,newsletter_signup,1.61
Corporate reliance,education,Master's degree / Professional degree,policy_general,82.3
Corporate reliance,education,Master's degree / Professional degree,policy_role_mean,67.725
Corporate reliance,education,Master's degree / Professional degree,policy_specific_mean,72.7
Corporate reliance,education,Master's degree / Professional degree,trust_multidimensional,78.41666666666667
Corporate reliance,education,Master's degree / Professional degree,trust_post,78.7
Corporate reliance,education,Some college or Associate's degree,behavior_mean,37.9
Corporate reliance,education,Some college or Associate's degree,belief_post,73.5
Corporate reliance,education,Some college or Associate's degree,concern_mean,61.26666666666667
Corporate reliance,education,Some college or Associate's degree,distrust_post,26.3
Corporate reliance,education,Some college or Associate's degree,donation_ams,2.6
Corporate reliance,education,Some college or Associate's degree,funding_perceptions,59.0
Corporate reliance,education,Some college or Associate's degree,inst_trust_mean,71.85999999999999
Corporate reliance,education,Some college or Associate's degree,newsletter_signup,1.28
Corporate reliance,education,Some college or Associate's degree,policy_general,66.2
Corporate reliance,education,Some college or Associate's degree,policy_role_mean,68.9
Corporate reliance,education,Some college or Associate's degree,policy_specific_mean,67.11428571428571
Corporate reliance,education,Some college or Associate's degree,trust_multidimensional,69.44166666666666
Corporate reliance,education,Some college or Associate's degree,trust_post,67.5
Corporate reliance,gender,Female,behavior_mean,58.333333333333336
Corporate reliance,gender,Female,belief_post,87.0
Corporate reliance,gender,Female,concern_mean,80.0
Corporate reliance,gender,Female,distrust_post,17.0
Corporate reliance,gender,Female,donation_ams,2.5
Corporate reliance,gender,Female,funding_perceptions,74.0
Corporate reliance,gender,Female,inst_trust_mean,75.2
Corporate reliance,gender,Female,newsletter_signup,1.35
Corporate reliance,gender,Female,policy_general,84.0
Corporate reliance,gender,Female,policy_role_mean,75.5
Corporate reliance,gender,Female,policy_specific_mean,78.42857142857143
Corporate reliance,gender,Female,trust_multidimensional,80.75
Corporate reliance,gender,Female,trust_post,81.0
Corporate reliance,gender,Male,behavior_mean,40.583333333333336
Corporate reliance,gender,Male,belief_post,66.7
Corporate reliance,gender,Male,concern_mean,61.46666666666666
Corporate reliance,gender,Male,distrust_post,26.8
Corporate reliance,gender,Male,donation_ams,2.15
Corporate reliance,gender,Male,funding_perceptions,42.6
Corporate reliance,gender,Male,inst_trust_mean,66.17999999999999
Corporate reliance,gender,Male,newsletter_signup,0.41
Corporate reliance,gender,Male,policy_general,64.9
Corporate reliance,gender,Male,policy_role_mean,75.075
Corporate reliance,gender,Male,policy_specific_mean,64.1
Corporate reliance,gender,Male,trust_multidimensional,73.75
Corporate reliance,gender,Male,trust_post,69.1
Corporate reliance,gender,Other,behavior_mean,50.083333333333336
Corporate reliance,gender,Other,belief_post,88.2
Corporate reliance,gender,Other,concern_mean,76.16666666666667
Corporate reliance,gender,Other,distrust_post,21.5
Corporate reliance,gender,Other,donation_ams,3.4
Corporate reliance,gender,Other,funding_perceptions,66.2
Corporate reliance,gender,Other,inst_trust_mean,68.5
Corporate reliance,gender,Other,newsletter_signup,1.65
Corporate reliance,gender,Other,policy_general,75.6
Corporate reliance,gender,Other,policy_role_mean,78.25
Corporate reliance,gender,Other,policy_specific_mean,73.75714285714285
Corporate reliance,gender,Other,trust_multidimensional,78.64166666666667
Corporate reliance,gender,Other,trust_post,79.7
Corporate reliance,income,"$100,000 to $167,999",behavior_mean,46.0
Corporate reliance,income,"$100,000 to $167,999",belief_post,82.3
Corporate reliance,income,"$100,000 to $167,999",concern_mean,71.36666666666666
Corporate reliance,income,"$100,000 to $167,999",distrust_post,18.5
Corporate reliance,income,"$100,000 to $167,999",donation_ams,2.5
Corporate reliance,income,"$100,000 to $167,999",funding_perceptions,59.0
Corporate reliance,income,"$100,000 to $167,999",inst_trust_mean,72.52000000000001
Corporate reliance,income,"$100,000 to $167,999",newsletter_signup,1.25
Corporate reliance,income,"$100,000 to $167,999",policy_general,71.5
Corporate reliance,income,"$100,000 to $167,999",policy_role_mean,70.475
Corporate reliance,income,"$100,000 to $167,999",policy_specific_mean,70.27142857142857
Corporate reliance,income,"$100,000 to $167,999",trust_multidimensional,75.075
Corporate reliance,income,"$100,000 to $167,999",trust_post,76.0
Corporate reliance,income,"$168,000 or more",behavior_mean,48.833333333333336
Corporate reliance,income,"$168,000 or more",belief_post,85.2
Corporate reliance,income,"$168,000 or more",concern_mean,76.83333333333333
Corporate reliance,income,"$168,000 or more",distrust_post,19.5
Corporate reliance,income,"$168,000 or more",donation_ams,4.5
Corporate reliance,income,"$168,000 or more",funding_perceptions,62.0
Corporate reliance,income,"$168,000 or more",inst_trust_mean,73.3
Corporate reliance,income,"$168,000 or more",newsletter_signup,1.32
Corporate reliance,income,"$168,000 or more",policy_general,76.8
Corporate reliance,income,"$168,000 or more",policy_role_mean,79.375
Corporate reliance,income,"$168,000 or more",policy_specific_mean,69.35714285714286
Corporate reliance,income,"$168,000 or more",trust_multidimensional,82.93333333333334
Corporate reliance,income,"$168,000 or more",trust_post,79.0
Corporate reliance,income,"$30,000 to $55,999",behavior_mean,48.01666666666667
Corporate reliance,income,"$30,000 to $55,999",belief_post,68.7
Corporate reliance,income,"$30,000 to $55,999",concern_mean,66.56666666666666
Corporate reliance,income,"$30,000 to $55,999",distrust_post,18.5
Corporate reliance,income,"$30,000 to $55,999",donation_ams,2.45
Corporate reliance,income,"$30,000 to $55,999",funding_perceptions,53.8
Corporate reliance,income,"$30,000 to $55,999",inst_trust_mean,74.92
Corporate reliance,income,"$30,000 to $55,999",newsletter_signup,1.78
Corporate reliance,income,"$30,000 to $55,999",policy_general,66.4
Corporate reliance,income,"$30,000 to $55,999",policy_role_mean,71.225
Corporate reliance,income,"$30,000 to $55,999",policy_specific_mean,68.35714285714286
Corporate reliance,income,"$30,000 to $55,999",trust_multidimensional,76.39166666666667
Corporate reliance,income,"$30,000 to $55,999",trust_post,78.2
Corporate reliance,income,"$56,000 to $99,999",behavior_mean,46.0
Corporate reliance,income,"$56,000 to $99,999",belief_post,72.0
Corporate reliance,income,"$56,000 to $99,999",concern_mean,68.0
Corporate reliance,income,"$56,000 to $99,999",distrust_post,28.0
Corporate reliance,income,"$56,000 to $99,999",donation_ams,3.1
Corporate reliance,income,"$56,000 to $99,999",funding_perceptions,55.0
Corporate reliance,income,"$56,000 to $99,999",inst_trust_mean,62.4
Corporate reliance,income,"$56,000 to $99,999",newsletter_signup,2.0
Corporate reliance,income,"$56,000 to $99,999",policy_general,69.0
Corporate reliance,income,"$56,000 to $99,999",policy_role_mean,67.5
Corporate reliance,income,"$56,000 to $99,999",policy_specific_mean,68.42857142857143
Corporate reliance,income,"$56,000 to $99,999",trust_multidimensional,71.16666666666667
Corporate reliance,income,"$56,000 to $99,999",trust_post,73.0
Corporate reliance,income,"Less than $30,000",behavior_mean,39.06666666666667
Corporate reliance,income,"Less than $30,000",belief_post,79.8
Corporate reliance,income,"Less than $30,000",concern_mean,75.8
Corporate reliance,income,"Less than $30,000",distrust_post,30.8
Corporate reliance,income,"Less than $30,000",donation_ams,2.3
Corporate reliance,income,"Less than $30,000",funding_perceptions,72.5
Corporate reliance,income,"Less than $30,000",inst_trust_mean,64.62
Corporate reliance,income,"Less than $30,000",newsletter_signup,1.42
Corporate reliance,income,"Less than $30,000",policy_general,78.3
Corporate reliance,income,"Less than $30,000",policy_role_mean,68.225
Corporate reliance,income,"Less than $30,000",policy_specific_mean,69.44285714285715
Corporate reliance,income,"Less than $30,000",trust_multidimensional,64.10000000000001
Corporate reliance,income,"Less than $30,000",trust_post,69.2
Corporate reliance,party,Democrat,behavior_mean,59.81666666666666
Corporate reliance,party,Democrat,belief_post,91.7
Corporate reliance,party,Democrat,concern_mean,83.86666666666666
Corporate reliance,party,Democrat,distrust_post,7.2
Corporate reliance,party,Democrat,donation_ams,4.9
Corporate reliance,party,Democrat,funding_perceptions,83.2
Corporate reliance,party,Democrat,inst_trust_mean,83.36
Corporate reliance,party,Democrat,newsletter_signup,1.45
Corporate reliance,party,Democrat,policy_general,89.3
Corporate reliance,party,Democrat,policy_role_mean,86.975
Corporate reliance,party,Democrat,policy_specific_mean,82.2
Corporate reliance,party,Democrat,trust_multidimensional,88.10833333333333
Corporate reliance,party,Democrat,trust_post,88.9
Corporate reliance,party,Independent,behavior_mean,39.5
Corporate reliance,party,Independent,belief_post,62.0
Corporate reliance,party,Independent,concern_mean,66.0
Corporate reliance,party,Independent,distrust_post,34.5
Corporate reliance,party,Independent,donation_ams,2.1
Corporate reliance,party,Independent,funding_perceptions,52.0
Corporate reliance,party,Independent,inst_trust_mean,65.0
Corporate reliance,party,Independent,newsletter_signup,0.48
Corporate reliance,party,Independent,policy_general,68.0
Corporate reliance,party,Independent,policy_role_mean,72.125
Corporate reliance,party,Independent,policy_specific_mean,63.142857142857146
Corporate reliance,party,Independent,trust_multidimensional,62.72777777777778
Corporate reliance,party,Independent,trust_post,65.5
Corporate reliance,party,Other,behavior_mean,42.76666666666667
Corporate reliance,party,Other,belief_post,55.9
Corporate reliance,party,Other,concern_mean,61.06666666666666
Corporate reliance,party,Other,distrust_post,33.8
Corporate reliance,party,Other,donation_ams,3.15
Corporate reliance,party,Other,funding_perceptions,48.5
Corporate reliance,party,Other,inst_trust_mean,55.94
Corporate reliance,party,Other,newsletter_signup,1.26
Corporate reliance,party,Other,policy_general,60.7
Corporate reliance,party,Other,policy_role_mean,58.575
Corporate reliance,party,Other,policy_specific_mean,61.771428571428565
Corporate reliance,party,Other,trust_multidimensional,61.958333333333336
Corporate reliance,party,Other,trust_post,59.6
Corporate reliance,party,Republican,behavior_mean,27.366666666666664
Corporate reliance,party,Republican,belief_post,27.3
Corporate reliance,party,Republican,concern_mean,26.7
Corporate reliance,party,Republican,distrust_post,58.7
Corporate reliance,party,Republican,donation_ams,1.85
Corporate reliance,party,Republican,funding_perceptions,29.5
Corporate reliance,party,Republican,inst_trust_mean,23.64
Corporate reliance,party,Republican,newsletter_signup,1.14
Corporate reliance,party,Republican,policy_general,32.1
Corporate reliance,party,Republican,policy_role_mean,40.725
Corporate reliance,party,Republican,policy_specific_mean,38.01428571428572
Corporate reliance,party,Republican,trust_multidimensional,38.11666666666667
Corporate reliance,party,Republican,trust_post,36.8
Corporate reliance,race,Asian / Asian American,behavior_mean,57.166666666666664
Corporate reliance,race,Asian / Asian American,belief_post,79.0
Corporate reliance,race,Asian / Asian American,concern_mean,77.0
Corporate reliance,race,Asian / Asian American,distrust_post,15.0
Corporate reliance,race,Asian / Asian American,donation_ams,4.6
Corporate reliance,race,Asian / Asian American,funding_perceptions,72.0
Corporate reliance,race,Asian / Asian American,inst_trust_mean,70.8
Corporate reliance,race,Asian / Asian American,newsletter_signup,1.27
Corporate reliance,race,Asian / Asian American,policy_general,74.0
Corporate reliance,race,Asian / Asian American,policy_role_mean,72.5
Corporate reliance,race,Asian / Asian American,policy_specific_mean,71.85714285714286
Corporate reliance,race,Asian / Asian American,trust_multidimensional,73.66666666666667
Corporate reliance,race,Asian / Asian American,trust_post,76.0
Corporate reliance,race,Black / African American,behavior_mean,57.166666666666664
Corporate reliance,race,Black / African American,belief_post,85.0
Corporate reliance,race,Black / African American,concern_mean,77.0
Corporate reliance,race,Black / African American,distrust_post,24.0
Corporate reliance,race,Black / African American,donation_ams,4.5
Corporate reliance,race,Black / African American,funding_perceptions,75.0
Corporate reliance,race,Black / African American,inst_trust_mean,70.4
Corporate reliance,race,Black / African American,newsletter_signup,1.7
Corporate reliance,race,Black / African American,policy_general,80.0
Corporate reliance,race,Black / African American,policy_role_mean,71.0
Corporate reliance,race,Black / African American,policy_specific_mean,71.85714285714286
Corporate reliance,race,Black / African American,trust_multidimensional,78.5
Corporate reliance,race,Black / African American,trust_post,76.0
Corporate reliance,race,Hispanic / Latino,behavior_mean,56.46666666666667
Corporate reliance,race,Hispanic / Latino,belief_post,79.4
Corporate reliance,race,Hispanic / Latino,concern_mean,76.06666666666666
Corporate reliance,race,Hispanic / Latino,distrust_post,24.1
Corporate reliance,race,Hispanic / Latino,donation_ams,2.9
Corporate reliance,race,Hispanic / Latino,funding_perceptions,71.1
Corporate reliance,race,Hispanic / Latino,inst_trust_mean,71.08
Corporate reliance,race,Hispanic / Latino,newsletter_signup,1.82
Corporate reliance,race,Hispanic / Latino,policy_general,81.7
Corporate reliance,race,Hispanic / Latino,policy_role_mean,79.45
Corporate reliance,race,Hispanic / Latino,policy_specific_mean,76.72857142857143
Corporate reliance,race,Hispanic / Latino,trust_multidimensional,77.64999999999999
Corporate reliance,race,Hispanic / Latino,trust_post,76.5
Corporate reliance,race,Other,behavior_mean,39.4
Corporate reliance,race,Other,belief_post,74.2
Corporate reliance,race,Other,concern_mean,72.1
Corporate reliance,race,Other,distrust_post,26.5
Corporate reliance,race,Other,donation_ams,9.7
Corporate reliance,race,Other,funding_perceptions,67.9
Corporate reliance,race,Other,inst_trust_mean,64.88
Corporate reliance,race,Other,newsletter_signup,1.68
Corporate reliance,race,Other,policy_general,69.8
Corporate reliance,race,Other,policy_role_mean,70.1
Corporate reliance,race,Other,policy_specific_mean,68.7
Corporate reliance,race,Other,trust_multidimensional,72.66666666666667
Corporate reliance,race,Other,trust_post,73.5
Corporate reliance,race,White / Caucasian,behavior_mean,38.800000000000004
Corporate reliance,race,White / Caucasian,belief_post,65.9
Corporate reliance,race,White / Caucasian,concern_mean,58.333333333333336
Corporate reliance,race,White / Caucasian,distrust_post,32.1
Corporate reliance,race,White / Caucasian,donation_ams,26.8
Corporate reliance,race,White / Caucasian,funding_perceptions,54.7
Corporate reliance,race,White / Caucasian,inst_trust_mean,61.279999999999994
Corporate reliance,race,White / Caucasian,newsletter_signup,32.0
Corporate reliance,race,White / Caucasian,policy_general,62.7
Corporate reliance,race,White / Caucasian,policy_role_mean,62.7
Corporate reliance,race,White / Caucasian,policy_specific_mean,61.800000000000004
Corporate reliance,race,White / Caucasian,trust_multidimensional,67.19166666666668
Corporate reliance,race,White / Caucasian,trust_post,64.8
Extreme weather predictions,age_band,18-29,behavior_mean,58.333333333333336
Extreme weather predictions,age_band,18-29,belief_post,88.7
Extreme weather predictions,age_band,18-29,concern_mean,86.39999999999999
Extreme weather predictions,age_band,18-29,distrust_post,11.8
Extreme weather predictions,age_band,18-29,donation_ams,3.6
Extreme weather predictions,age_band,18-29,funding_perceptions,66.6
Extreme weather predictions,age_band,18-29,inst_trust_mean,72.8
Extreme weather predictions,age_band,18-29,newsletter_signup,1.61
Extreme weather predictions,age_band,18-29,policy_general,82.9
Extreme weather predictions,age_band,18-29,policy_role_mean,73.55
Extreme weather predictions,age_band,18-29,policy_specific_mean,78.34285714285714
Extreme weather predictions,age_band,18-29,trust_multidimensional,83.75833333333334
Extreme weather predictions,age_band,18-29,trust_post,84.6
Extreme weather predictions,age_band,30-44,behavior_mean,44.71666666666667
Extreme weather predictions,age_band,30-44,belief_post,73.4
Extreme weather predictions,age_band,30-44,concern_mean,77.2
Extreme weather predictions,age_band,30-44,distrust_post,20.5
Extreme weather predictions,age_band,30-44,donation_ams,1.85
Extreme weather predictions,age_band,30-44,funding_perceptions,67.2
Extreme weather predictions,age_band,30-44,inst_trust_mean,66.36
Extreme weather predictions,age_band,30-44,newsletter_signup,1.73
Extreme weather predictions,age_band,30-44,policy_general,64.7
Extreme weather predictions,age_band,30-44,policy_role_mean,71.725
Extreme weather predictions,age_band,30-44,policy_specific_mean,69.52857142857142
Extreme weather predictions,age_band,30-44,trust_multidimensional,74.75
Extreme weather predictions,age_band,30-44,trust_post,76.1
Extreme weather predictions,age_band,45-59,behavior_mean,39.233333333333334
Extreme weather predictions,age_band,45-59,belief_post,73.2
Extreme weather predictions,age_band,45-59,concern_mean,71.39999999999999
Extreme weather predictions,age_band,45-59,distrust_post,24.3
Extreme weather predictions,age_band,45-59,donation_ams,1.9
Extreme weather predictions,age_band,45-59,funding_perceptions,65.2
Extreme weather predictions,age_band,45-59,inst_trust_mean,65.9
Extreme weather predictions,age_band,45-59,newsletter_signup,1.34
Extreme weather predictions,age_band,45-59,policy_general,63.5
Extreme weather predictions,age_band,45-59,policy_role_mean,69.2
Extreme weather predictions,age_band,45-59,policy_specific_mean,60.0
Extreme weather predictions,age_band,45-59,trust_multidimensional,75.2
Extreme weather predictions,age_band,45-59,trust_post,68.7
Extreme weather predictions,age_band,60+,behavior_mean,42.333333333333336
Extreme weather predictions,age_band,60+,belief_post,76.0
Extreme weather predictions,age_band,60+,concern_mean,73.33333333333333
Extreme weather predictions,age_band,60+,distrust_post,24.0
Extreme weather predictions,age_band,60+,donation_ams,3.8
Extreme weather predictions,age_band,60+,funding_perceptions,64.0
Extreme weather predictions,age_band,60+,inst_trust_mean,63.8
Extreme weather predictions,age_band,60+,newsletter_signup,1.4
Extreme weather predictions,age_band,60+,policy_general,73.0
Extreme weather predictions,age_band,60+,policy_role_mean,76.75
Extreme weather predictions,age_band,60+,policy_specific_mean,62.0
Extreme weather predictions,age_band,60+,trust_multidimensional,74.25
Extreme weather predictions,age_band,60+,trust_post,71.0
Extreme weather predictions,education,Bachelor's degree,behavior_mean,46.78333333333333
Extreme weather predictions,education,Bachelor's degree,belief_post,84.2
Extreme weather predictions,education,Bachelor's degree,concern_mean,76.56666666666666
Extreme weather predictions,education,Bachelor's degree,distrust_post,16.8
Extreme weather predictions,education,Bachelor's degree,donation_ams,2.9
Extreme weather predictions,education,Bachelor's degree,funding_perceptions,71.6
Extreme weather predictions,education,Bachelor's degree,inst_trust_mean,71.28
Extreme weather predictions,education,Bachelor's degree,newsletter_signup,1.82
Extreme weather predictions,education,Bachelor's degree,policy_general,76.3
Extreme weather predictions,education,Bachelor's degree,policy_role_mean,61.35
Extreme weather predictions,education,Bachelor's degree,policy_specific_mean,75.51428571428572
Extreme weather predictions,education,Bachelor's degree,trust_multidimensional,76.54166666666667
Extreme weather predictions,education,Bachelor's degree,trust_post,73.5
Extreme weather predictions,education,Doctorate degree / Ph.D.,behavior_mean,68.2
Extreme weather predictions,education,Doctorate degree / Ph.D.,belief_post,96.7
Extreme weather predictions,education,Doctorate degree / Ph.D.,concern_mean,91.56666666666666
Extreme weather predictions,education,Doctorate degree / Ph.D.,distrust_post,4.2
Extreme weather predictions,education,Doctorate degree / Ph.D.,donation_ams,6.5
Extreme weather predictions,education,Doctorate degree / Ph.D.,funding_perceptions,83.5
Extreme weather predictions,education,Doctorate degree / Ph.D.,inst_trust_mean,82.0
Extreme weather predictions,education,Doctorate degree / Ph.D.,newsletter_signup,1.28
Extreme weather predictions,education,Doctorate degree / Ph.D.,policy_general,88.1
Extreme weather predictions,education,Doctorate degree / Ph.D.,policy_role_mean,83.95
Extreme weather predictions,education,Doctorate degree / Ph.D.,policy_specific_mean,82.82857142857142
Extreme weather predictions,education,Doctorate degree / Ph.D.,trust_multidimensional,88.69166666666666
Extreme weather predictions,education,Doctorate degree / Ph.D.,trust_post,92.8
Extreme weather predictions,education,High school diploma / GED,behavior_mean,31.0
Extreme weather predictions,education,High school diploma / GED,belief_post,46.0
Extreme weather predictions,education,High school diploma / GED,concern_mean,56.333333333333336
Extreme weather predictions,education,High school diploma / GED,distrust_post,51.0
Extreme weather predictions,education,High school diploma / GED,donation_ams,3.1
Extreme weather predictions,education,High school diploma / GED,funding_perceptions,48.0
Extreme weather predictions,education,High school diploma / GED,inst_trust_mean,58.2
Extreme weather predictions,education,High school diploma / GED,newsletter_signup,1.68
Extreme weather predictions,education,High school diploma / GED,policy_general,61.0
Extreme weather predictions,education,High school diploma / GED,policy_role_mean,53.75
Extreme weather predictions,education,High school diploma / GED,policy_specific_mean,57.57142857142857
Extreme weather predictions,education,High school diploma / GED,trust_multidimensional,48.916666666666664
Extreme weather predictions,education,High school diploma / GED,trust_post,49.0
Extreme weather predictions,education,Less than high school,behavior_mean,30.916666666666668
Extreme weather predictions,education,Less than high school,belief_post,34.2
Extreme weather predictions,education,Less than high school,concern_mean,30.833333333333332
Extreme weather predictions,education,Less than high school,distrust_post,61.3
Extreme weather predictions,education,Less than high school,donation_ams,1.8
Extreme weather predictions,education,Less than high school,funding_perceptions,36.5
Extreme weather predictions,education,Less than high school,inst_trust_mean,36.160000000000004
Extreme weather predictions,education,Less than high school,newsletter_signup,1.3
Extreme weather predictions,education,Less than high school,policy_general,46.8
Extreme weather predictions,education,Less than high school,policy_role_mean,43.1
Extreme weather predictions,education,Less than high school,policy_specific_mean,49.728571428571435
Extreme weather predictions,education,Less than high school,trust_multidimensional,45.98333333333333
Extreme weather predictions,education,Less than high school,trust_post,38.7
Extreme weather predictions,education,Master's degree / Professional degree,behavior_mean,60.35
Extreme weather predictions,education,Master's degree / Professional degree,belief_post,89.1
Extreme weather predictions,education,Master's degree / Professional degree,concern_mean,77.56666666666666
Extreme weather predictions,education,Master's degree / Professional degree,distrust_post,16.2
Extreme weather predictions,education,Master's degree / Professional degree,donation_ams,2.85
Extreme weather predictions,education,Master's degree / Professional degree,funding_perceptions,71.6
Extreme weather predictions,education,Master's degree / Professional degree,inst_trust_mean,71.8
Extreme weather predictions,education,Master's degree / Professional degree,newsletter_signup,1.71
Extreme weather predictions,education,Master's degree / Professional degree,policy_general,79.3
Extreme weather predictions,education,Master's degree / Professional degree,policy_role_mean,77.75
Extreme weather predictions,education,Master's degree / Professional degree,policy_specific_mean,77.62857142857142
Extreme weather predictions,education,Master's degree / Professional degree,trust_multidimensional,79.29166666666667
Extreme weather predictions,education,Master's degree / Professional degree,trust_post,81.5
Extreme weather predictions,education,Some college or Associate's degree,behavior_mean,50.63333333333333
Extreme weather predictions,education,Some college or Associate's degree,belief_post,66.2
Extreme weather predictions,education,Some college or Associate's degree,concern_mean,59.46666666666667
Extreme weather predictions,education,Some college or Associate's degree,distrust_post,28.3
Extreme weather predictions,education,Some college or Associate's degree,donation_ams,2.65
Extreme weather predictions,education,Some college or Associate's degree,funding_perceptions,52.2
Extreme weather predictions,education,Some college or Associate's degree,inst_trust_mean,62.2
Extreme weather predictions,education,Some college or Associate's degree,newsletter_signup,1.62
Extreme weather predictions,education,Some college or Associate's degree,policy_general,66.9
Extreme weather predictions,education,Some college or Associate's degree,policy_role_mean,62.725
Extreme weather predictions,education,Some college or Associate's degree,policy_specific_mean,64.08571428571429
Extreme weather predictions,education,Some college or Associate's degree,trust_multidimensional,65.14999999999999
Extreme weather predictions,education,Some college or Associate's degree,trust_post,63.5
Extreme weather predictions,gender,Female,behavior_mean,50.81666666666666
Extreme weather predictions,gender,Female,belief_post,81.3
Extreme weather predictions,gender,Female,concern_mean,71.53333333333333
Extreme weather predictions,gender,Female,distrust_post,17.5
Extreme weather predictions,gender,Female,donation_ams,3.6
Extreme weather predictions,gender,Female,funding_perceptions,68.8
Extreme weather predictions,gender,Female,inst_trust_mean,68.3
Extreme weather predictions,gender,Female,newsletter_signup,1.4
Extreme weather predictions,gender,Female,policy_general,77.1
Extreme weather predictions,gender,Female,policy_role_mean,73.0
Extreme weather predictions,gender,Female,policy_specific_mean,73.87142857142858
Extreme weather predictions,gender,Female,trust_multidimensional,73.88333333333334
Extreme weather predictions,gender,Female,trust_post,76.4
Extreme weather predictions,gender,Male,behavior_mean,36.333333333333336
Extreme weather predictions,gender,Male,belief_post,65.0
Extreme weather predictions,gender,Male,concern_mean,50.0
Extreme weather predictions,gender,Male,distrust_post,35.0
Extreme weather predictions,gender,Male,donation_ams,1.8
Extreme weather predictions,gender,Male,funding_perceptions,75.0
Extreme weather predictions,gender,Male,inst_trust_mean,59.0
Extreme weather predictions,gender,Male,newsletter_signup,1.6
Extreme weather predictions,gender,Male,policy_general,58.0
Extreme weather predictions,gender,Male,policy_role_mean,59.0
Extreme weather predictions,gender,Male,policy_specific_mean,54.857142857142854
Extreme weather predictions,gender,Male,trust_multidimensional,65.66666666666667
Extreme weather predictions,gender,Male,trust_post,58.0
Extreme weather predictions,gender,Other,behavior_mean,55.333333333333336
Extreme weather predictions,gender,Other,belief_post,86.0
Extreme weather predictions,gender,Other,concern_mean,82.66666666666667
Extreme weather predictions,gender,Other,distrust_post,16.0
Extreme weather predictions,gender,Other,donation_ams,4.2
Extreme weather predictions,gender,Other,funding_perceptions,73.0
Extreme weather predictions,gender,Other,inst_trust_mean,72.2
Extreme weather predictions,gender,Other,newsletter_signup,1.76
Extreme weather predictions,gender,Other,policy_general,83.0
Extreme weather predictions,gender,Other,policy_role_mean,79.25
Extreme weather predictions,gender,Other,policy_specific_mean,80.28571428571429
Extreme weather predictions,gender,Other,trust_multidimensional,75.41666666666667
Extreme weather predictions,gender,Other,trust_post,77.0
Extreme weather predictions,income,"$100,000 to $167,999",behavior_mean,45.583333333333336
Extreme weather predictions,income,"$100,000 to $167,999",belief_post,89.2
Extreme weather predictions,income,"$100,000 to $167,999",concern_mean,77.0
Extreme weather predictions,income,"$100,000 to $167,999",distrust_post,15.8
Extreme weather predictions,income,"$100,000 to $167,999",donation_ams,6.4
Extreme weather predictions,income,"$100,000 to $167,999",funding_perceptions,69.5
Extreme weather predictions,income,"$100,000 to $167,999",inst_trust_mean,70.9
Extreme weather predictions,income,"$100,000 to $167,999",newsletter_signup,1.75
Extreme weather predictions,income,"$100,000 to $167,999",policy_general,77.8
Extreme weather predictions,income,"$100,000 to $167,999",policy_role_mean,76.875
Extreme weather predictions,income,"$100,000 to $167,999",policy_specific_mean,69.78571428571429
Extreme weather predictions,income,"$100,000 to $167,999",trust_multidimensional,81.35000000000001
Extreme weather predictions,income,"$100,000 to $167,999",trust_post,81.5
Extreme weather predictions,income,"$168,000 or more",behavior_mean,50.15
Extreme weather predictions,income,"$168,000 or more",belief_post,71.5
Extreme weather predictions,income,"$168,000 or more",concern_mean,67.0
Extreme weather predictions,income,"$168,000 or more",distrust_post,20.1
Extreme weather predictions,income,"$168,000 or more",donation_ams,4.7
Extreme weather predictions,income,"$168,000 or more",funding_perceptions,58.2
Extreme weather predictions,income,"$168,000 or more",inst_trust_mean,69.66
Extreme weather predictions,income,"$168,000 or more",newsletter_signup,0.35
Extreme weather predictions,income,"$168,000 or more",policy_general,65.9
Extreme weather predictions,income,"$168,000 or more",policy_role_mean,68.175
Extreme weather predictions,income,"$168,000 or more",policy_specific_mean,69.3
Extreme weather predictions,income,"$168,000 or more",trust_multidimensional,76.325
Extreme weather predictions,income,"$168,000 or more",trust_post,76.8
Extreme weather predictions,income,"$30,000 to $55,999",behavior_mean,43.6
Extreme weather predictions,income,"$30,000 to $55,999",belief_post,68.7
Extreme weather predictions,income,"$30,000 to $55,999",concern_mean,66.66666666666667
Extreme weather predictions,income,"$30,000 to $55,999",distrust_post,28.4
Extreme weather predictions,income,"$30,000 to $55,999",donation_ams,0.89
Extreme weather predictions,income,"$30,000 to $55,999",funding_perceptions,74.4
Extreme weather predictions,income,"$30,000 to $55,999",inst_trust_mean,65.38
Extreme weather predictions,income,"$30,000 to $55,999",newsletter_signup,1.27
Extreme weather predictions,income,"$30,000 to $55,999",policy_general,70.5
Extreme weather predictions,income,"$30,000 to $55,999",policy_role_mean,71.6
Extreme weather predictions,income,"$30,000 to $55,999",policy_specific_mean,68.5
Extreme weather predictions,income,"$30,000 to $55,999",trust_multidimensional,69.40833333333333
Extreme weather predictions,income,"$30,000 to $55,999",trust_post,65.8
Extreme weather predictions,income,"$56,000 to $99,999",behavior_mean,39.43333333333333
Extreme weather predictions,income,"$56,000 to $99,999",belief_post,71.2
Extreme weather predictions,income,"$56,000 to $99,999",concern_mean,69.13333333333333
Extreme weather predictions,income,"$56,000 to $99,999",distrust_post,20.3
Extreme weather predictions,income,"$56,000 to $99,999",donation_ams,2.6
Extreme weather predictions,income,"$56,000 to $99,999",funding_perceptions,74.3
Extreme weather predictions,income,"$56,000 to $99,999",inst_trust_mean,68.7
Extreme weather predictions,income,"$56,000 to $99,999",newsletter_signup,1.41
Extreme weather predictions,income,"$56,000 to $99,999",policy_general,66.4
Extreme weather predictions,income,"$56,000 to $99,999",policy_role_mean,69.625
Extreme weather predictions,income,"$56,000 to $99,999",policy_specific_mean,69.02857142857142
Extreme weather predictions,income,"$56,000 to $99,999",trust_multidimensional,72.5
Extreme weather predictions,income,"$56,000 to $99,999",trust_post,75.6
Extreme weather predictions,income,"Less than $30,000",behavior_mean,48.48333333333333
Extreme weather predictions,income,"Less than $30,000",belief_post,71.2
Extreme weather predictions,income,"Less than $30,000",concern_mean,69.46666666666665
Extreme weather predictions,income,"Less than $30,000",distrust_post,32.1
Extreme weather predictions,income,"Less than $30,000",donation_ams,2.45
Extreme weather predictions,income,"Less than $30,000",funding_perceptions,52.5
Extreme weather predictions,income,"Less than $30,000",inst_trust_mean,62.14
Extreme weather predictions,income,"Less than $30,000",newsletter_signup,1.62
Extreme weather predictions,income,"Less than $30,000",policy_general,66.8
Extreme weather predictions,income,"Less than $30,000",policy_role_mean,64.4
Extreme weather predictions,income,"Less than $30,000",policy_specific_mean,63.31428571428571
Extreme weather predictions,income,"Less than $30,000",trust_multidimensional,64.70833333333333
Extreme weather predictions,income,"Less than $30,000",trust_post,65.4
Extreme weather predictions,party,Democrat,behavior_mean,69.48333333333333
Extreme weather predictions,party,Democrat,belief_post,92.3
Extreme weather predictions,party,Democrat,concern_mean,89.46666666666665
Extreme weather predictions,party,Democrat,distrust_post,11.5
Extreme weather predictions,party,Democrat,donation_ams,2.85
Extreme weather predictions,party,Democrat,funding_perceptions,81.4
Extreme weather predictions,party,Democrat,inst_trust_mean,79.03999999999999
Extreme weather predictions,party,Democrat,newsletter_signup,1.62
Extreme weather predictions,party,Democrat,policy_general,89.7
Extreme weather predictions,party,Democrat,policy_role_mean,86.075
Extreme weather predictions,party,Democrat,policy_specific_mean,86.12857142857142
Extreme weather predictions,party,Democrat,trust_multidimensional,87.175
Extreme weather predictions,party,Democrat,trust_post,88.9
Extreme weather predictions,party,Independent,behavior_mean,41.666666666666664
Extreme weather predictions,party,Independent,belief_post,55.0
Extreme weather predictions,party,Independent,concern_mean,55.0
Extreme weather predictions,party,Independent,distrust_post,42.0
Extreme weather predictions,party,Independent,donation_ams,25.0
Extreme weather predictions,party,Independent,funding_perceptions,60.0
Extreme weather predictions,party,Independent,inst_trust_mean,59.8
Extreme weather predictions,party,Independent,newsletter_signup,1.8
Extreme weather predictions,party,Independent,policy_general,62.0
Extreme weather predictions,party,Independent,policy_role_mean,61.25
Extreme weather predictions,party,Independent,policy_specific_mean,60.42857142857143
Extreme weather predictions,party,Independent,trust_multidimensional,62.5
Extreme weather predictions,party,Independent,trust_post,58.0
Extreme weather predictions,party,Other,behavior_mean,43.35
Extreme weather predictions,party,Other,belief_post,67.3
Extreme weather predictions,party,Other,concern_mean,65.16666666666667
Extreme weather predictions,party,Other,distrust_post,22.5
Extreme weather predictions,party,Other,donation_ams,3.4
Extreme weather predictions,party,Other,funding_perceptions,52.2
Extreme weather predictions,party,Other,inst_trust_mean,63.120000000000005
Extreme weather predictions,party,Other,newsletter_signup,1.6
Extreme weather predictions,party,Other,policy_general,75.1
Extreme weather predictions,party,Other,policy_role_mean,69.475
Extreme weather predictions,party,Other,policy_specific_mean,70.27142857142857
Extreme weather predictions,party,Other,trust_multidimensional,71.10833333333333
Extreme weather predictions,party,Other,trust_post,71.2
Extreme weather predictions,party,Republican,behavior_mean,24.78333333333333
Extreme weather predictions,party,Republican,belief_post,18.7
Extreme weather predictions,party,Republican,concern_mean,18.4
Extreme weather predictions,party,Republican,distrust_post,62.4
Extreme weather predictions,party,Republican,donation_ams,1.2
Extreme weather predictions,party,Republican,funding_perceptions,29.5
Extreme weather predictions,party,Republican,inst_trust_mean,31.8
Extreme weather predictions,party,Republican,newsletter_signup,1.76
Extreme weather predictions,party,Republican,policy_general,23.9
Extreme weather predictions,party,Republican,policy_role_mean,35.725
Extreme weather predictions,party,Republican,policy_specific_mean,36.34285714285714
Extreme weather predictions,party,Republican,trust_multidimensional,34.90833333333333
Extreme weather predictions,party,Republican,trust_post,31.8
Extreme weather predictions,race,Asian / Asian American,behavior_mean,49.550000000000004
Extreme weather predictions,race,Asian / Asian American,belief_post,83.2
Extreme weather predictions,race,Asian / Asian American,concern_mean,75.66666666666667
Extreme weather predictions,race,Asian / Asian American,distrust_post,22.4
Extreme weather predictions,race,Asian / Asian American,donation_ams,3.7
Extreme weather predictions,race,Asian / Asian American,funding_perceptions,64.2
Extreme weather predictions,race,Asian / Asian American,inst_trust_mean,70.7
Extreme weather predictions,race,Asian / Asian American,newsletter_signup,0.34
Extreme weather predictions,race,Asian / Asian American,policy_general,76.9
Extreme weather predictions,race,Asian / Asian American,policy_role_mean,78.025
Extreme weather predictions,race,Asian / Asian American,policy_specific_mean,77.64285714285714
Extreme weather predictions,race,Asian / Asian American,trust_multidimensional,75.51666666666667
Extreme weather predictions,race,Asian / Asian American,trust_post,77.6
Extreme weather predictions,race,Black / African American,behavior_mean,46.166666666666664
Extreme weather predictions,race,Black / African American,belief_post,87.0
Extreme weather predictions,race,Black / African American,concern_mean,81.0
Extreme weather predictions,race,Black / African American,distrust_post,23.0
Extreme weather predictions,race,Black / African American,donation_ams,2.8
Extreme weather predictions,race,Black / African American,funding_perceptions,86.0
Extreme weather predictions,race,Black / African American,inst_trust_mean,66.4
Extreme weather predictions,race,Black / African American,newsletter_signup,0.42
Extreme weather predictions,race,Black / African American,policy_general,80.0
Extreme weather predictions,race,Black / African American,policy_role_mean,77.5
Extreme weather predictions,race,Black / African American,policy_specific_mean,78.14285714285714
Extreme weather predictions,race,Black / African American,trust_multidimensional,74.41666666666667
Extreme weather predictions,race,Black / African American,trust_post,75.0
Extreme weather predictions,race,Hispanic / Latino,behavior_mean,49.199999999999996
Extreme weather predictions,race,Hispanic / Latino,belief_post,75.8
Extreme weather predictions,race,Hispanic / Latino,concern_mean,70.33333333333333
Extreme weather predictions,race,Hispanic / Latino,distrust_post,19.3
Extreme weather predictions,race,Hispanic / Latino,donation_ams,3.2
Extreme weather predictions,race,Hispanic / Latino,funding_perceptions,66.9
Extreme weather predictions,race,Hispanic / Latino,inst_trust_mean,71.06
Extreme weather predictions,race,Hispanic / Latino,newsletter_signup,1.62
Extreme weather predictions,race,Hispanic / Latino,policy_general,72.4
Extreme weather predictions,race,Hispanic / Latino,policy_role_mean,78.0
Extreme weather predictions,race,Hispanic / Latino,policy_specific_mean,71.65714285714286
Extreme weather predictions,race,Hispanic / Latino,trust_multidimensional,78.75833333333334
Extreme weather predictions,race,Hispanic / Latino,trust_post,80.7
Extreme weather predictions,race,Other,behavior_mean,43.300000000000004
Extreme weather predictions,race,Other,belief_post,75.6
Extreme weather predictions,race,Other,concern_mean,74.03333333333335
Extreme weather predictions,race,Other,distrust_post,24.3
Extreme weather predictions,race,Other,donation_ams,2.6
Extreme weather predictions,race,Other,funding_perceptions,55.3
Extreme weather predictions,race,Other,inst_trust_mean,73.7
Extreme weather predictions,race,Other,newsletter_signup,1.21
Extreme weather predictions,race,Other,policy_general,67.8
Extreme weather predictions,race,Other,policy_role_mean,71.325
Extreme weather predictions,race,Other,policy_specific_mean,65.57142857142857
Extreme weather predictions,race,Other,trust_multidimensional,72.76666666666667
Extreme weather predictions,race,Other,trust_post,70.5
Extreme weather predictions,race,White / Caucasian,behavior_mean,34.550000000000004
Extreme weather predictions,race,White / Caucasian,belief_post,66.5
Extreme weather predictions,race,White / Caucasian,concern_mean,55.5
Extreme weather predictions,race,White / Caucasian,distrust_post,38.5
Extreme weather predictions,race,White / Caucasian,donation_ams,1.42
Extreme weather predictions,race,White / Caucasian,funding_perceptions,59.2
Extreme weather predictions,race,White / Caucasian,inst_trust_mean,59.120000000000005
Extreme weather predictions,race,White / Caucasian,newsletter_signup,0.08
Extreme weather predictions,race,White / Caucasian,policy_general,60.1
Extreme weather predictions,race,White / Caucasian,policy_role_mean,67.9
Extreme weather predictions,race,White / Caucasian,policy_specific_mean,59.857142857142854
Extreme weather predictions,race,White / Caucasian,trust_multidimensional,65.425
Extreme weather predictions,race,White / Caucasian,trust_post,61.2
Former skeptics,age_band,18-29,behavior_mean,51.98333333333333
Former skeptics,age_band,18-29,belief_post,85.7
Former skeptics,age_band,18-29,concern_mean,82.39999999999999
Former skeptics,age_band,18-29,distrust_post,21.1
Former skeptics,age_band,18-29,donation_ams,4.6
Former skeptics,age_band,18-29,funding_perceptions,76.5
Former skeptics,age_band,18-29,inst_trust_mean,77.8
Former skeptics,age_band,18-29,newsletter_signup,1.32
Former skeptics,age_band,18-29,policy_general,81.6
Former skeptics,age_band,18-29,policy_role_mean,72.52499999999999
Former skeptics,age_band,18-29,policy_specific_mean,70.3
Former skeptics,age_band,18-29,trust_multidimensional,74.90833333333333
Former skeptics,age_band,18-29,trust_post,78.9
Former skeptics,age_band,30-44,behavior_mean,41.016666666666666
Former skeptics,age_band,30-44,belief_post,69.5
Former skeptics,age_band,30-44,concern_mean,62.53333333333333
Former skeptics,age_band,30-44,distrust_post,22.5
Former skeptics,age_band,30-44,donation_ams,3.4
Former skeptics,age_band,30-44,funding_perceptions,67.2
Former skeptics,age_band,30-44,inst_trust_mean,70.4
Former skeptics,age_band,30-44,newsletter_signup,1.65
Former skeptics,age_band,30-44,policy_general,64.3
Former skeptics,age_band,30-44,policy_role_mean,67.125
Former skeptics,age_band,30-44,policy_specific_mean,64.67142857142856
Former skeptics,age_band,30-44,trust_multidimensional,71.075
Former skeptics,age_band,30-44,trust_post,67.2
Former skeptics,age_band,45-59,behavior_mean,37.06666666666667
Former skeptics,age_band,45-59,belief_post,84.6
Former skeptics,age_band,45-59,concern_mean,73.96666666666665
Former skeptics,age_band,45-59,distrust_post,17.2
Former skeptics,age_band,45-59,donation_ams,3.6
Former skeptics,age_band,45-59,funding_perceptions,48.6
Former skeptics,age_band,45-59,inst_trust_mean,72.24
Former skeptics,age_band,45-59,newsletter_signup,1.68
Former skeptics,age_band,45-59,policy_general,70.8
Former skeptics,age_band,45-59,policy_role_mean,72.75
Former skeptics,age_band,45-59,policy_specific_mean,64.72857142857143
Former skeptics,age_band,45-59,trust_multidimensional,77.72500000000001
Former skeptics,age_band,45-59,trust_post,79.5
Former skeptics,age_band,60+,behavior_mean,35.0
Former skeptics,age_band,60+,belief_post,68.0
Former skeptics,age_band,60+,concern_mean,56.666666666666664
Former skeptics,age_band,60+,distrust_post,30.0
Former skeptics,age_band,60+,donation_ams,3.2
Former skeptics,age_band,60+,funding_perceptions,58.0
Former skeptics,age_band,60+,inst_trust_mean,63.4
Former skeptics,age_band,60+,newsletter_signup,1.6
Former skeptics,age_band,60+,policy_general,60.0
Former skeptics,age_band,60+,policy_role_mean,60.0
Former skeptics,age_band,60+,policy_specific_mean,55.285714285714285
Former skeptics,age_band,60+,trust_multidimensional,66.33333333333333
Former skeptics,age_band,60+,trust_post,64.0
Former skeptics,education,Bachelor's degree,behavior_mean,43.9
Former skeptics,education,Bachelor's degree,belief_post,79.1
Former skeptics,education,Bachelor's degree,concern_mean,74.66666666666667
Former skeptics,education,Bachelor's degree,distrust_post,24.6
Former skeptics,education,Bachelor's degree,donation_ams,3.4
Former skeptics,education,Bachelor's degree,funding_perceptions,72.5
Former skeptics,education,Bachelor's degree,inst_trust_mean,73.9
Former skeptics,education,Bachelor's degree,newsletter_signup,1.52
Former skeptics,education,Bachelor's degree,policy_general,73.8
Former skeptics,education,Bachelor's degree,policy_role_mean,63.275
Former skeptics,education,Bachelor's degree,policy_specific_mean,74.21428571428571
Former skeptics,education,Bachelor's degree,trust_multidimensional,72.86666666666666
Former skeptics,education,Bachelor's degree,trust_post,75.3
Former skeptics,education,Doctorate degree / Ph.D.,behavior_mean,66.71666666666667
Former skeptics,education,Doctorate degree / Ph.D.,belief_post,96.2
Former skeptics,education,Doctorate degree / Ph.D.,concern_mean,92.36666666666667
Former skeptics,education,Doctorate degree / Ph.D.,distrust_post,7.5
Former skeptics,education,Doctorate degree / Ph.D.,donation_ams,5.4
Former skeptics,education,Doctorate degree / Ph.D.,funding_perceptions,68.6
Former skeptics,education,Doctorate degree / Ph.D.,inst_trust_mean,85.88
Former skeptics,education,Doctorate degree / Ph.D.,newsletter_signup,1.21
Former skeptics,education,Doctorate degree / Ph.D.,policy_general,85.7
Former skeptics,education,Doctorate degree / Ph.D.,policy_role_mean,84.375
Former skeptics,education,Doctorate degree / Ph.D.,policy_specific_mean,78.51428571428572
Former skeptics,education,Doctorate degree / Ph.D.,trust_multidimensional,89.93333333333334
Former skeptics,education,Doctorate degree / Ph.D.,trust_post,92.1
Former skeptics,education,High school diploma / GED,behavior_mean,43.65
Former skeptics,education,High school diploma / GED,belief_post,67.2
Former skeptics,education,High school diploma / GED,concern_mean,55.6
Former skeptics,education,High school diploma / GED,distrust_post,37.5
Former skeptics,education,High school diploma / GED,donation_ams,2.6
Former skeptics,education,High school diploma / GED,funding_perceptions,57.7
Former skeptics,education,High school diploma / GED,inst_trust_mean,65.17999999999999
Former skeptics,education,High school diploma / GED,newsletter_signup,1.82
Former skeptics,education,High school diploma / GED,policy_general,63.4
Former skeptics,education,High school diploma / GED,policy_role_mean,61.125
Former skeptics,education,High school diploma / GED,policy_specific_mean,57.07142857142857
Former skeptics,education,High school diploma / GED,trust_multidimensional,65.72500000000001
Former skeptics,education,High school diploma / GED,trust_post,59.1
Former skeptics,education,Less than high school,behavior_mean,14.75
Former skeptics,education,Less than high school,belief_post,28.7
Former skeptics,education,Less than high school,concern_mean,20.333333333333332
Former skeptics,education,Less than high school,distrust_post,43.5
Former skeptics,education,Less than high school,donation_ams,1.4
Former skeptics,education,Less than high school,funding_perceptions,41.1
Former skeptics,education,Less than high school,inst_trust_mean,29.660000000000004
Former skeptics,education,Less than high school,newsletter_signup,1.72
Former skeptics,education,Less than high school,policy_general,27.6
Former skeptics,education,Less than high school,policy_role_mean,26.9
Former skeptics,education,Less than high school,policy_specific_mean,36.48571428571429
Former skeptics,education,Less than high school,trust_multidimensional,31.983333333333334
Former skeptics,education,Less than high school,trust_post,29.1
Former skeptics,education,Master's degree / Professional degree,behavior_mean,58.166666666666664
Former skeptics,education,Master's degree / Professional degree,belief_post,93.0
Former skeptics,education,Master's degree / Professional degree,concern_mean,83.66666666666667
Former skeptics,education,Master's degree / Professional degree,distrust_post,14.0
Former skeptics,education,Master's degree / Professional degree,donation_ams,5.8
Former skeptics,education,Master's degree / Professional degree,funding_perceptions,72.0
Former skeptics,education,Master's degree / Professional degree,inst_trust_mean,82.6
Former skeptics,education,Master's degree / Professional degree,newsletter_signup,1.2
Former skeptics,education,Master's degree / Professional degree,policy_general,87.0
Former skeptics,education,Master's degree / Professional degree,policy_role_mean,82.5
Former skeptics,education,Master's degree / Professional degree,policy_specific_mean,77.85714285714286
Former skeptics,education,Master's degree / Professional degree,trust_multidimensional,83.25
Former skeptics,education,Master's degree / Professional degree,trust_post,89.0
Former skeptics,education,Some college or Associate's degree,behavior_mean,45.43666666666667
Former skeptics,education,Some college or Associate's degree,belief_post,72.84
Former skeptics,education,Some college or Associate's degree,concern_mean,65.32666666666668
Former skeptics,education,Some college or Associate's degree,distrust_post,25.419999999999998
Former skeptics,education,Some college or Associate's degree,donation_ams,3.72
Former skeptics,education,Some college or Associate's degree,funding_perceptions,62.379999999999995
Former skeptics,education,Some college or Associate's degree,inst_trust_mean,67.44399999999999
Former skeptics,education,Some college or Associate's degree,newsletter_signup,1.494
Former skeptics,education,Some college or Associate's degree,policy_general,67.5
Former skeptics,education,Some college or Associate's degree,policy_role_mean,63.635000000000005
Former skeptics,education,Some college or Associate's degree,policy_specific_mean,64.82857142857144
Former skeptics,education,Some college or Associate's degree,trust_multidimensional,68.75166666666668
Former skeptics,education,Some college or Associate's degree,trust_post,68.91999999999999
Former skeptics,gender,Female,behavior_mean,51.833333333333336
Former skeptics,gender,Female,belief_post,80.0
Former skeptics,gender,Female,concern_mean,79.33333333333333
Former skeptics,gender,Female,distrust_post,19.0
Former skeptics,gender,Female,donation_ams,4.1
Former skeptics,gender,Female,funding_perceptions,72.0
Former skeptics,gender,Female,inst_trust_mean,73.2
Former skeptics,gender,Female,newsletter_signup,1.4
Former skeptics,gender,Female,policy_general,76.0
Former skeptics,gender,Female,policy_role_mean,74.0
Former skeptics,gender,Female,policy_specific_mean,72.14285714285714
Former skeptics,gender,Female,trust_multidimensional,74.58333333333333
Former skeptics,gender,Female,trust_post,77.0
Former skeptics,gender,Male,behavior_mean,38.233333333333334
Former skeptics,gender,Male,belief_post,78.3
Former skeptics,gender,Male,concern_mean,68.23333333333333
Former skeptics,gender,Male,distrust_post,25.5
Former skeptics,gender,Male,donation_ams,4.2
Former skeptics,gender,Male,funding_perceptions,58.8
Former skeptics,gender,Male,inst_trust_mean,61.94
Former skeptics,gender,Male,newsletter_signup,1.8
Former skeptics,gender,Male,policy_general,66.8
Former skeptics,gender,Male,policy_role_mean,60.0
Former skeptics,gender,Male,policy_specific_mean,60.942857142857136
Former skeptics,gender,Male,trust_multidimensional,71.65833333333333
Former skeptics,gender,Male,trust_post,74.5
Former skeptics,gender,Other,behavior_mean,53.416666666666664
Former skeptics,gender,Other,belief_post,86.5
Former skeptics,gender,Other,concern_mean,80.83333333333333
Former skeptics,gender,Other,distrust_post,18.5
Former skeptics,gender,Other,donation_ams,55.0
Former skeptics,gender,Other,funding_perceptions,68.0
Former skeptics,gender,Other,inst_trust_mean,76.5
Former skeptics,gender,Other,newsletter_signup,1.35
Former skeptics,gender,Other,policy_general,76.0
Former skeptics,gender,Other,policy_role_mean,74.625
Former skeptics,gender,Other,policy_specific_mean,74.21428571428571
Former skeptics,gender,Other,trust_multidimensional,80.325
Former skeptics,gender,Other,trust_post,81.0
Former skeptics,income,"$100,000 to $167,999",behavior_mean,35.96666666666667
Former skeptics,income,"$100,000 to $167,999",belief_post,83.5
Former skeptics,income,"$100,000 to $167,999",concern_mean,78.26666666666667
Former skeptics,income,"$100,000 to $167,999",distrust_post,24.6
Former skeptics,income,"$100,000 to $167,999",donation_ams,3.2
Former skeptics,income,"$100,000 to $167,999",funding_perceptions,71.7
Former skeptics,income,"$100,000 to $167,999",inst_trust_mean,75.52000000000001
Former skeptics,income,"$100,000 to $167,999",newsletter_signup,1.36
Former skeptics,income,"$100,000 to $167,999",policy_general,78.1
Former skeptics,income,"$100,000 to $167,999",policy_role_mean,75.275
Former skeptics,income,"$100,000 to $167,999",policy_specific_mean,66.91428571428571
Former skeptics,income,"$100,000 to $167,999",trust_multidimensional,75.36666666666666
Former skeptics,income,"$100,000 to $167,999",trust_post,71.2
Former skeptics,income,"$168,000 or more",behavior_mean,49.71666666666667
Former skeptics,income,"$168,000 or more",belief_post,89.6
Former skeptics,income,"$168,000 or more",concern_mean,76.7
Former skeptics,income,"$168,000 or more",distrust_post,10.1
Former skeptics,income,"$168,000 or more",donation_ams,6.5
Former skeptics,income,"$168,000 or more",funding_perceptions,62.2
Former skeptics,income,"$168,000 or more",inst_trust_mean,78.42
Former skeptics,income,"$168,000 or more",newsletter_signup,1.28
Former skeptics,income,"$168,000 or more",policy_general,87.2
Former skeptics,income,"$168,000 or more",policy_role_mean,74.45
Former skeptics,income,"$168,000 or more",policy_specific_mean,72.07142857142857
Former skeptics,income,"$168,000 or more",trust_multidimensional,82.00833333333334
Former skeptics,income,"$168,000 or more",trust_post,85.3
Former skeptics,income,"$30,000 to $55,999",behavior_mean,47.333333333333336
Former skeptics,income,"$30,000 to $55,999",belief_post,66.0
Former skeptics,income,"$30,000 to $55,999",concern_mean,57.0
Former skeptics,income,"$30,000 to $55,999",distrust_post,32.0
Former skeptics,income,"$30,000 to $55,999",donation_ams,3.8
Former skeptics,income,"$30,000 to $55,999",funding_perceptions,68.0
Former skeptics,income,"$30,000 to $55,999",inst_trust_mean,55.2
Former skeptics,income,"$30,000 to $55,999",newsletter_signup,1.35
Former skeptics,income,"$30,000 to $55,999",policy_general,63.0
Former skeptics,income,"$30,000 to $55,999",policy_role_mean,65.0
Former skeptics,income,"$30,000 to $55,999",policy_specific_mean,62.0
Former skeptics,income,"$30,000 to $55,999",trust_multidimensional,67.66666666666667
Former skeptics,income,"$30,000 to $55,999",trust_post,68.0
Former skeptics,income,"$56,000 to $99,999",behavior_mean,43.11666666666667
Former skeptics,income,"$56,000 to $99,999",belief_post,71.8
Former skeptics,income,"$56,000 to $99,999",concern_mean,67.56666666666666
Former skeptics,income,"$56,000 to $99,999",distrust_post,22.4
Former skeptics,income,"$56,000 to $99,999",donation_ams,2.8
Former skeptics,income,"$56,000 to $99,999",funding_perceptions,55.4
Former skeptics,income,"$56,000 to $99,999",inst_trust_mean,57.78000000000001
Former skeptics,income,"$56,000 to $99,999",newsletter_signup,12.3
Former skeptics,income,"$56,000 to $99,999",policy_general,67.5
Former skeptics,income,"$56,000 to $99,999",policy_role_mean,68.4
Former skeptics,income,"$56,000 to $99,999",policy_specific_mean,65.08571428571429
Former skeptics,income,"$56,000 to $99,999",trust_multidimensional,68.64999999999999
Former skeptics,income,"$56,000 to $99,999",trust_post,67.9
Former skeptics,income,"Less than $30,000",behavior_mean,37.86666666666667
Former skeptics,income,"Less than $30,000",belief_post,69.2
Former skeptics,income,"Less than $30,000",concern_mean,59.96666666666667
Former skeptics,income,"Less than $30,000",distrust_post,29.3
Former skeptics,income,"Less than $30,000",donation_ams,1.7
Former skeptics,income,"Less than $30,000",funding_perceptions,55.2
Former skeptics,income,"Less than $30,000",inst_trust_mean,51.620000000000005
Former skeptics,income,"Less than $30,000",newsletter_signup,1.38
Former skeptics,income,"Less than $30,000",policy_general,71.5
Former skeptics,income,"Less than $30,000",policy_role_mean,68.0
Former skeptics,income,"Less than $30,000",policy_specific_mean,63.41428571428572
Former skeptics,income,"Less than $30,000",trust_multidimensional,57.99166666666667
Former skeptics,income,"Less than $30,000",trust_post,64.5
Former skeptics,party,Democrat,behavior_mean,59.333333333333336
Former skeptics,party,Democrat,belief_post,91.0
Former skeptics,party,Democrat,concern_mean,83.66666666666667
Former skeptics,party,Democrat,distrust_post,9.0
Former skeptics,party,Democrat,donation_ams,3.7
Former skeptics,party,Democrat,funding_perceptions,75.0
Former skeptics,party,Democrat,inst_trust_mean,80.0
Former skeptics,party,Democrat,newsletter_signup,1.3
Former skeptics,party,Democrat,policy_general,89.0
Former skeptics,party,Democrat,policy_role_mean,78.25
Former skeptics,party,Democrat,policy_specific_mean,78.57142857142857
Former skeptics,party,Democrat,trust_multidimensional,82.5
Former skeptics,party,Democrat,trust_post,83.0
Former skeptics,party,Independent,behavior_mean,43.1
Former skeptics,party,Independent,belief_post,68.9
Former skeptics,party,Independent,concern_mean,59.73333333333333
Former skeptics,party,Independent,distrust_post,22.5
Former skeptics,party,Independent,donation_ams,2.1
Former skeptics,party,Independent,funding_perceptions,55.2
Former skeptics,party,Independent,inst_trust_mean,66.47999999999999
Former skeptics,party,Independent,newsletter_signup,1.35
Former skeptics,party,Independent,policy_general,58.3
Former skeptics,party,Independent,policy_role_mean,69.75
Former skeptics,party,Independent,policy_specific_mean,57.65714285714286
Former skeptics,party,Independent,trust_multidimensional,71.3
Former skeptics,party,Independent,trust_post,74.2
Former skeptics,party,Other,behavior_mean,32.916666666666664
Former skeptics,party,Other,belief_post,58.3
Former skeptics,party,Other,concern_mean,48.43333333333334
Former skeptics,party,Other,distrust_post,38.2
Former skeptics,party,Other,donation_ams,1.2
Former skeptics,party,Other,funding_perceptions,53.5
Former skeptics,party,Other,inst_trust_mean,53.279999999999994
Former skeptics,party,Other,newsletter_signup,1.22
Former skeptics,party,Other,policy_general,54.7
Former skeptics,party,Other,policy_role_mean,53.125
Former skeptics,party,Other,policy_specific_mean,48.699999999999996
Former skeptics,party,Other,trust_multidimensional,53.38333333333333
Former skeptics,party,Other,trust_post,55.1
Former skeptics,party,Republican,behavior_mean,25.816666666666666
Former skeptics,party,Republican,belief_post,38.2
Former skeptics,party,Republican,concern_mean,33.56666666666667
Former skeptics,party,Republican,distrust_post,45.1
Former skeptics,party,Republican,donation_ams,2.85
Former skeptics,party,Republican,funding_perceptions,38.5
Former skeptics,party,Republican,inst_trust_mean,39.839999999999996
Former skeptics,party,Republican,newsletter_signup,1.15
Former skeptics,party,Republican,policy_general,34.1
Former skeptics,party,Republican,policy_role_mean,41.574999999999996
Former skeptics,party,Republican,policy_specific_mean,41.971428571428575
Former skeptics,party,Republican,trust_multidimensional,48.625
Former skeptics,party,Republican,trust_post,48.4
Former skeptics,race,Asian / Asian American,behavior_mean,54.68333333333334
Former skeptics,race,Asian / Asian American,belief_post,84.2
Former skeptics,race,Asian / Asian American,concern_mean,81.5
Former skeptics,race,Asian / Asian American,distrust_post,20.8
Former skeptics,race,Asian / Asian American,donation_ams,3.7
Former skeptics,race,Asian / Asian American,funding_perceptions,70.5
Former skeptics,race,Asian / Asian American,inst_trust_mean,78.12
Former skeptics,race,Asian / Asian American,newsletter_signup,1.2
Former skeptics,race,Asian / Asian American,policy_general,77.8
Former skeptics,race,Asian / Asian American,policy_role_mean,72.9
Former skeptics,race,Asian / Asian American,policy_specific_mean,72.11428571428571
Former skeptics,race,Asian / Asian American,trust_multidimensional,77.11666666666666
Former skeptics,race,Asian / Asian American,trust_post,79.5
Former skeptics,race,Black / African American,behavior_mean,35.666666666666664
Former skeptics,race,Black / African American,belief_post,70.0
Former skeptics,race,Black / African American,concern_mean,75.66666666666667
Former skeptics,race,Black / African American,distrust_post,12.0
Former skeptics,race,Black / African American,donation_ams,1.6
Former skeptics,race,Black / African American,funding_perceptions,78.0
Former skeptics,race,Black / African American,inst_trust_mean,67.8
Former skeptics,race,Black / African American,newsletter_signup,1.35
Former skeptics,race,Black / African American,policy_general,74.0
Former skeptics,race,Black / African American,policy_role_mean,65.0
Former skeptics,race,Black / African American,policy_specific_mean,68.57142857142857
Former skeptics,race,Black / African American,trust_multidimensional,70.5
Former skeptics,race,Black / African American,trust_post,72.0
Former skeptics,race,Hispanic / Latino,behavior_mean,46.9
Former skeptics,race,Hispanic / Latino,belief_post,72.5
Former skeptics,race,Hispanic / Latino,concern_mean,69.26666666666667
Former skeptics,race,Hispanic / Latino,distrust_post,23.4
Former skeptics,race,Hispanic / Latino,donation_ams,1.9
Former skeptics,race,Hispanic / Latino,funding_perceptions,75.2
Former skeptics,race,Hispanic / Latino,inst_trust_mean,71.84
Former skeptics,race,Hispanic / Latino,newsletter_signup,1.34
Former skeptics,race,Hispanic / Latino,policy_general,70.3
Former skeptics,race,Hispanic / Latino,policy_role_mean,67.125
Former skeptics,race,Hispanic / Latino,policy_specific_mean,72.34285714285714
Former skeptics,race,Hispanic / Latino,trust_multidimensional,72.28333333333333
Former skeptics,race,Hispanic / Latino,trust_post,69.7
Former skeptics,race,Other,behavior_mean,43.13333333333333
Former skeptics,race,Other,belief_post,69.3
Former skeptics,race,Other,concern_mean,63.13333333333333
Former skeptics,race,Other,distrust_post,27.5
Former skeptics,race,Other,donation_ams,2.4
Former skeptics,race,Other,funding_perceptions,57.4
Former skeptics,race,Other,inst_trust_mean,70.8
Former skeptics,race,Other,newsletter_signup,1.71
Former skeptics,race,Other,policy_general,66.8
Former skeptics,race,Other,policy_role_mean,71.625
Former skeptics,race,Other,policy_specific_mean,61.31428571428571
Former skeptics,race,Other,trust_multidimensional,75.13333333333334
Former skeptics,race,Other,trust_post,74.8
Former skeptics,race,White / Caucasian,behavior_mean,47.25
Former skeptics,race,White / Caucasian,belief_post,72.5
Former skeptics,race,White / Caucasian,concern_mean,68.0
Former skeptics,race,White / Caucasian,distrust_post,21.5
Former skeptics,race,White / Caucasian,donation_ams,3.7
Former skeptics,race,White / Caucasian,funding_perceptions,74.0
Former skeptics,race,White / Caucasian,inst_trust_mean,73.2
Former skeptics,race,White / Caucasian,newsletter_signup,1.65
Former skeptics,race,White / Caucasian,policy_general,69.0
Former skeptics,race,White / Caucasian,policy_role_mean,71.125
Former skeptics,race,White / Caucasian,policy_specific_mean,65.57142857142857
Former skeptics,race,White / Caucasian,trust_multidimensional,75.29166666666667
Former skeptics,race,White / Caucasian,trust_post,76.0
Funding,age_band,18-29,behavior_mean,43.583333333333336
Funding,age_band,18-29,belief_post,84.1
Funding,age_band,18-29,concern_mean,77.0
Funding,age_band,18-29,distrust_post,31.2
Funding,age_band,18-29,donation_ams,2.15
Funding,age_band,18-29,funding_perceptions,73.6
Funding,age_band,18-29,inst_trust_mean,67.92
Funding,age_band,18-29,newsletter_signup,1.83
Funding,age_band,18-29,policy_general,78.9
Funding,age_band,18-29,policy_role_mean,65.475
Funding,age_band,18-29,policy_specific_mean,75.88571428571429
Funding,age_band,18-29,trust_multidimensional,74.71666666666667
Funding,age_band,18-29,trust_post,68.7
Funding,age_band,30-44,behavior_mean,37.93333333333333
Funding,age_band,30-44,belief_post,67.4
Funding,age_band,30-44,concern_mean,64.66666666666667
Funding,age_band,30-44,distrust_post,33.2
Funding,age_band,30-44,donation_ams,3.45
Funding,age_band,30-44,funding_perceptions,56.5
Funding,age_band,30-44,inst_trust_mean,62.44
Funding,age_band,30-44,newsletter_signup,1.28
Funding,age_band,30-44,policy_general,59.8
Funding,age_band,30-44,policy_role_mean,69.275
Funding,age_band,30-44,policy_specific_mean,63.285714285714285
Funding,age_band,30-44,trust_multidimensional,70.10833333333333
Funding,age_band,30-44,trust_post,61.7
Funding,age_band,45-59,behavior_mean,48.6
Funding,age_band,45-59,belief_post,67.3
Funding,age_band,45-59,concern_mean,65.83333333333333
Funding,age_band,45-59,distrust_post,27.8
Funding,age_band,45-59,donation_ams,2.1
Funding,age_band,45-59,funding_perceptions,54.8
Funding,age_band,45-59,inst_trust_mean,60.14
Funding,age_band,45-59,newsletter_signup,1.35
Funding,age_band,45-59,policy_general,65.8
Funding,age_band,45-59,policy_role_mean,70.25
Funding,age_band,45-59,policy_specific_mean,68.6
Funding,age_band,45-59,trust_multidimensional,73.10000000000001
Funding,age_band,45-59,trust_post,66.4
Funding,age_band,60+,behavior_mean,38.56666666666667
Funding,age_band,60+,belief_post,67.1
Funding,age_band,60+,concern_mean,65.3
Funding,age_band,60+,distrust_post,33.7
Funding,age_band,60+,donation_ams,3.8
Funding,age_band,60+,funding_perceptions,41.6
Funding,age_band,60+,inst_trust_mean,70.66
Funding,age_band,60+,newsletter_signup,1.62
Funding,age_band,60+,policy_general,61.5
Funding,age_band,60+,policy_role_mean,69.925
Funding,age_band,60+,policy_specific_mean,63.142857142857146
Funding,age_band,60+,trust_multidimensional,64.45833333333333
Funding,age_band,60+,trust_post,66.3
Funding,education,Bachelor's degree,behavior_mean,37.166666666666664
Funding,education,Bachelor's degree,belief_post,82.0
Funding,education,Bachelor's degree,concern_mean,66.66666666666667
Funding,education,Bachelor's degree,distrust_post,25.0
Funding,education,Bachelor's degree,donation_ams,24.0
Funding,education,Bachelor's degree,funding_perceptions,58.0
Funding,education,Bachelor's degree,inst_trust_mean,72.0
Funding,education,Bachelor's degree,newsletter_signup,1.4
Funding,education,Bachelor's degree,policy_general,74.0
Funding,education,Bachelor's degree,policy_role_mean,66.75
Funding,education,Bachelor's degree,policy_specific_mean,72.14285714285714
Funding,education,Bachelor's degree,trust_multidimensional,71.66666666666667
Funding,education,Bachelor's degree,trust_post,75.0
Funding,education,Doctorate degree / Ph.D.,behavior_mean,63.13333333333333
Funding,education,Doctorate degree / Ph.D.,belief_post,95.3
Funding,education,Doctorate degree / Ph.D.,concern_mean,89.0
Funding,education,Doctorate degree / Ph.D.,distrust_post,8.2
Funding,education,Doctorate degree / Ph.D.,donation_ams,7.1
Funding,education,Doctorate degree / Ph.D.,funding_perceptions,71.5
Funding,education,Doctorate degree / Ph.D.,inst_trust_mean,80.56
Funding,education,Doctorate degree / Ph.D.,newsletter_signup,1.35
Funding,education,Doctorate degree / Ph.D.,policy_general,84.7
Funding,education,Doctorate degree / Ph.D.,policy_role_mean,82.725
Funding,education,Doctorate degree / Ph.D.,policy_specific_mean,81.94285714285715
Funding,education,Doctorate degree / Ph.D.,trust_multidimensional,88.19166666666666
Funding,education,Doctorate degree / Ph.D.,trust_post,90.5
Funding,education,High school diploma / GED,behavior_mean,36.46666666666667
Funding,education,High school diploma / GED,belief_post,48.2
Funding,education,High school diploma / GED,concern_mean,44.06666666666666
Funding,education,High school diploma / GED,distrust_post,34.8
Funding,education,High school diploma / GED,donation_ams,2.7
Funding,education,High school diploma / GED,funding_perceptions,55.5
Funding,education,High school diploma / GED,inst_trust_mean,50.260000000000005
Funding,education,High school diploma / GED,newsletter_signup,1.28
Funding,education,High school diploma / GED,policy_general,52.3
Funding,education,High school diploma / GED,policy_role_mean,52.95
Funding,education,High school diploma / GED,policy_specific_mean,50.68571428571429
Funding,education,High school diploma / GED,trust_multidimensional,56.074999999999996
Funding,education,High school diploma / GED,trust_post,55.6
Funding,education,Less than high school,behavior_mean,27.650000000000002
Funding,education,Less than high school,belief_post,43.1
Funding,education,Less than high school,concern_mean,33.6
Funding,education,Less than high school,distrust_post,64.2
Funding,education,Less than high school,donation_ams,1.8
Funding,education,Less than high school,funding_perceptions,32.5
Funding,education,Less than high school,inst_trust_mean,32.6
Funding,education,Less than high school,newsletter_signup,1.74
Funding,education,Less than high school,policy_general,33.4
Funding,education,Less than high school,policy_role_mean,31.925
Funding,education,Less than high school,policy_specific_mean,41.6
Funding,education,Less than high school,trust_multidimensional,36.916666666666664
Funding,education,Less than high school,trust_post,36.5
Funding,education,Master's degree / Professional degree,behavior_mean,55.416666666666664
Funding,education,Master's degree / Professional degree,belief_post,92.4
Funding,education,Master's degree / Professional degree,concern_mean,82.93333333333334
Funding,education,Master's degree / Professional degree,distrust_post,14.5
Funding,education,Master's degree / Professional degree,donation_ams,3.6
Funding,education,Master's degree / Professional degree,funding_perceptions,65.2
Funding,education,Master's degree / Professional degree,inst_trust_mean,76.3
Funding,education,Master's degree / Professional degree,newsletter_signup,1.35
Funding,education,Master's degree / Professional degree,policy_general,79.5
Funding,education,Master's degree / Professional degree,policy_role_mean,76.975
Funding,education,Master's degree / Professional degree,policy_specific_mean,74.64285714285714
Funding,education,Master's degree / Professional degree,trust_multidimensional,83.31666666666666
Funding,education,Master's degree / Professional degree,trust_post,85.0
Funding,education,Some college or Associate's degree,behavior_mean,37.766666666666666
Funding,education,Some college or Associate's degree,belief_post,64.2
Funding,education,Some college or Associate's degree,concern_mean,63.833333333333336
Funding,education,Some college or Associate's degree,distrust_post,30.5
Funding,education,Some college or Associate's degree,donation_ams,1.8
Funding,education,Some college or Associate's degree,funding_perceptions,58.0
Funding,education,Some college or Associate's degree,inst_trust_mean,59.96
Funding,education,Some college or Associate's degree,newsletter_signup,1.7
Funding,education,Some college or Associate's degree,policy_general,57.8
Funding,education,Some college or Associate's degree,policy_role_mean,69.025
Funding,education,Some college or Associate's degree,policy_specific_mean,60.4
Funding,education,Some college or Associate's degree,trust_multidimensional,71.99166666666666
Funding,education,Some college or Associate's degree,trust_post,69.5
Funding,gender,Female,behavior_mean,42.050000000000004
Funding,gender,Female,belief_post,83.7
Funding,gender,Female,concern_mean,76.43333333333334
Funding,gender,Female,distrust_post,25.8
Funding,gender,Female,donation_ams,2.85
Funding,gender,Female,funding_perceptions,68.6
Funding,gender,Female,inst_trust_mean,64.96000000000001
Funding,gender,Female,newsletter_signup,1.62
Funding,gender,Female,policy_general,74.9
Funding,gender,Female,policy_role_mean,64.4
Funding,gender,Female,policy_specific_mean,71.31428571428572
Funding,gender,Female,trust_multidimensional,74.01666666666667
Funding,gender,Female,trust_post,71.5
Funding,gender,Male,behavior_mean,36.333333333333336
Funding,gender,Male,belief_post,62.3
Funding,gender,Male,concern_mean,47.166666666666664
Funding,gender,Male,distrust_post,38.4
Funding,gender,Male,donation_ams,3.2
Funding,gender,Male,funding_perceptions,53.3
Funding,gender,Male,inst_trust_mean,52.94
Funding,gender,Male,newsletter_signup,1.65
Funding,gender,Male,policy_general,55.2
Funding,gender,Male,policy_role_mean,53.5
Funding,gender,Male,policy_specific_mean,54.271428571428565
Funding,gender,Male,trust_multidimensional,53.083333333333336
Funding,gender,Male,trust_post,50.1
Funding,gender,Other,behavior_mean,49.81666666666667
Funding,gender,Other,belief_post,86.4
Funding,gender,Other,concern_mean,85.16666666666667
Funding,gender,Other,distrust_post,14.2
Funding,gender,Other,donation_ams,3.6
Funding,gender,Other,funding_perceptions,72.5
Funding,gender,Other,inst_trust_mean,77.41999999999999
Funding,gender,Other,newsletter_signup,1.35
Funding,gender,Other,policy_general,87.2
Funding,gender,Other,policy_role_mean,78.425
Funding,gender,Other,policy_specific_mean,79.7
Funding,gender,Other,trust_multidimensional,81.40833333333333
Funding,gender,Other,trust_post,83.6
Funding,income,"$100,000 to $167,999",behavior_mean,49.65
Funding,income,"$100,000 to $167,999",belief_post,82.3
Funding,income,"$100,000 to $167,999",concern_mean,74.76666666666667
Funding,income,"$100,000 to $167,999",distrust_post,19.8
Funding,income,"$100,000 to $167,999",donation_ams,2.4
Funding,income,"$100,000 to $167,999",funding_perceptions,69.8
Funding,income,"$100,000 to $167,999",inst_trust_mean,67.82000000000001
Funding,income,"$100,000 to $167,999",newsletter_signup,1.3
Funding,income,"$100,000 to $167,999",policy_general,80.1
Funding,income,"$100,000 to $167,999",policy_role_mean,72.2
Funding,income,"$100,000 to $167,999",policy_specific_mean,70.94285714285715
Funding,income,"$100,000 to $167,999",trust_multidimensional,70.50833333333334
Funding,income,"$100,000 to $167,999",trust_post,76.5
Funding,income,"$168,000 or more",behavior_mean,59.550000000000004
Funding,income,"$168,000 or more",belief_post,87.3
Funding,income,"$168,000 or more",concern_mean,78.0
Funding,income,"$168,000 or more",distrust_post,14.2
Funding,income,"$168,000 or more",donation_ams,2.8
Funding,income,"$168,000 or more",funding_perceptions,67.9
Funding,income,"$168,000 or more",inst_trust_mean,69.72
Funding,income,"$168,000 or more",newsletter_signup,1.55
Funding,income,"$168,000 or more",policy_general,81.5
Funding,income,"$168,000 or more",policy_role_mean,68.0
Funding,income,"$168,000 or more",policy_specific_mean,74.41428571428571
Funding,income,"$168,000 or more",trust_multidimensional,83.27499999999999
Funding,income,"$168,000 or more",trust_post,76.4
Funding,income,"$30,000 to $55,999",behavior_mean,34.85
Funding,income,"$30,000 to $55,999",belief_post,56.7
Funding,income,"$30,000 to $55,999",concern_mean,57.73333333333333
Funding,income,"$30,000 to $55,999",distrust_post,44.2
Funding,income,"$30,000 to $55,999",donation_ams,1.3
Funding,income,"$30,000 to $55,999",funding_perceptions,73.5
Funding,income,"$30,000 to $55,999",inst_trust_mean,59.42
Funding,income,"$30,000 to $55,999",newsletter_signup,1.82
Funding,income,"$30,000 to $55,999",policy_general,55.3
Funding,income,"$30,000 to $55,999",policy_role_mean,62.65
Funding,income,"$30,000 to $55,999",policy_specific_mean,59.285714285714285
Funding,income,"$30,000 to $55,999",trust_multidimensional,59.025
Funding,income,"$30,000 to $55,999",trust_post,54.8
Funding,income,"$56,000 to $99,999",behavior_mean,50.5
Funding,income,"$56,000 to $99,999",belief_post,74.3
Funding,income,"$56,000 to $99,999",concern_mean,68.46666666666667
Funding,income,"$56,000 to $99,999",distrust_post,22.6
Funding,income,"$56,000 to $99,999",donation_ams,3.42
Funding,income,"$56,000 to $99,999",funding_perceptions,71.6
Funding,income,"$56,000 to $99,999",inst_trust_mean,65.58
Funding,income,"$56,000 to $99,999",newsletter_signup,1.37
Funding,income,"$56,000 to $99,999",policy_general,78.5
Funding,income,"$56,000 to $99,999",policy_role_mean,73.55
Funding,income,"$56,000 to $99,999",policy_specific_mean,68.92857142857143
Funding,income,"$56,000 to $99,999",trust_multidimensional,72.23333333333333
Funding,income,"$56,000 to $99,999",trust_post,65.2
Funding,income,"Less than $30,000",behavior_mean,49.53333333333333
Funding,income,"Less than $30,000",belief_post,73.4
Funding,income,"Less than $30,000",concern_mean,73.06666666666666
Funding,income,"Less than $30,000",distrust_post,34.1
Funding,income,"Less than $30,000",donation_ams,2.6
Funding,income,"Less than $30,000",funding_perceptions,68.8
Funding,income,"Less than $30,000",inst_trust_mean,61.279999999999994
Funding,income,"Less than $30,000",newsletter_signup,1.72
Funding,income,"Less than $30,000",policy_general,74.8
Funding,income,"Less than $30,000",policy_role_mean,60.7
Funding,income,"Less than $30,000",policy_specific_mean,69.94285714285715
Funding,income,"Less than $30,000",trust_multidimensional,69.45
Funding,income,"Less than $30,000",trust_post,65.9
Funding,party,Democrat,behavior_mean,57.5
Funding,party,Democrat,belief_post,93.0
Funding,party,Democrat,concern_mean,88.66666666666667
Funding,party,Democrat,distrust_post,12.0
Funding,party,Democrat,donation_ams,3.2
Funding,party,Democrat,funding_perceptions,84.0
Funding,party,Democrat,inst_trust_mean,76.2
Funding,party,Democrat,newsletter_signup,1.4
Funding,party,Democrat,policy_general,89.0
Funding,party,Democrat,policy_role_mean,76.25
Funding,party,Democrat,policy_specific_mean,80.57142857142857
Funding,party,Democrat,trust_multidimensional,83.08333333333333
Funding,party,Democrat,trust_post,83.0
Funding,party,Independent,behavior_mean,53.166666666666664
Funding,party,Independent,belief_post,63.0
Funding,party,Independent,concern_mean,68.33333333333333
Funding,party,Independent,distrust_post,32.0
Funding,party,Independent,donation_ams,1.25
Funding,party,Independent,funding_perceptions,54.0
Funding,party,Independent,inst_trust_mean,66.6
Funding,party,Independent,newsletter_signup,1.35
Funding,party,Independent,policy_general,61.0
Funding,party,Independent,policy_role_mean,69.5
Funding,party,Independent,policy_specific_mean,65.57142857142857
Funding,party,Independent,trust_multidimensional,65.75
Funding,party,Independent,trust_post,68.0
Funding,party,Other,behavior_mean,38.266666666666666
Funding,party,Other,belief_post,78.9
Funding,party,Other,concern_mean,64.33333333333333
Funding,party,Other,distrust_post,25.8
Funding,party,Other,donation_ams,24.7
Funding,party,Other,funding_perceptions,57.7
Funding,party,Other,inst_trust_mean,63.839999999999996
Funding,party,Other,newsletter_signup,1.65
Funding,party,Other,policy_general,66.1
Funding,party,Other,policy_role_mean,68.9
Funding,party,Other,policy_specific_mean,68.02857142857142
Funding,party,Other,trust_multidimensional,71.425
Funding,party,Other,trust_post,71.4
Funding,party,Republican,behavior_mean,19.433333333333334
Funding,party,Republican,belief_post,33.1
Funding,party,Republican,concern_mean,24.266666666666666
Funding,party,Republican,distrust_post,68.2
Funding,party,Republican,donation_ams,1.5
Funding,party,Republican,funding_perceptions,42.6
Funding,party,Republican,inst_trust_mean,38.04
Funding,party,Republican,newsletter_signup,1.82
Funding,party,Republican,policy_general,34.6
Funding,party,Republican,policy_role_mean,41.625
Funding,party,Republican,policy_specific_mean,45.15714285714285
Funding,party,Republican,trust_multidimensional,36.1
Funding,party,Republican,trust_post,24.8
Funding,race,Asian / Asian American,behavior_mean,54.166666666666664
Funding,race,Asian / Asian American,belief_post,89.0
Funding,race,Asian / Asian American,concern_mean,77.0
Funding,race,Asian / Asian American,distrust_post,17.0
Funding,race,Asian / Asian American,donation_ams,3.6
Funding,race,Asian / Asian American,funding_perceptions,68.0
Funding,race,Asian / Asian American,inst_trust_mean,80.0
Funding,race,Asian / Asian American,newsletter_signup,1.18
Funding,race,Asian / Asian American,policy_general,81.0
Funding,race,Asian / Asian American,policy_role_mean,77.25
Funding,race,Asian / Asian American,policy_specific_mean,75.0
Funding,race,Asian / Asian American,trust_multidimensional,82.41666666666667
Funding,race,Asian / Asian American,trust_post,84.0
Funding,race,Black / African American,behavior_mean,39.699999999999996
Funding,race,Black / African American,belief_post,78.3
Funding,race,Black / African American,concern_mean,71.56666666666666
Funding,race,Black / African American,distrust_post,27.5
Funding,race,Black / African American,donation_ams,1.8
Funding,race,Black / African American,funding_perceptions,74.9
Funding,race,Black / African American,inst_trust_mean,60.7
Funding,race,Black / African American,newsletter_signup,1.64
Funding,race,Black / African American,policy_general,72.0
Funding,race,Black / African American,policy_role_mean,68.5
Funding,race,Black / African American,policy_specific_mean,70.97142857142858
Funding,race,Black / African American,trust_multidimensional,64.79166666666667
Funding,race,Black / African American,trust_post,62.4
Funding,race,Hispanic / Latino,behavior_mean,49.38333333333333
Funding,race,Hispanic / Latino,belief_post,76.3
Funding,race,Hispanic / Latino,concern_mean,72.23333333333333
Funding,race,Hispanic / Latino,distrust_post,27.5
Funding,race,Hispanic / Latino,donation_ams,1.92
Funding,race,Hispanic / Latino,funding_perceptions,65.2
Funding,race,Hispanic / Latino,inst_trust_mean,68.56
Funding,race,Hispanic / Latino,newsletter_signup,1.31
Funding,race,Hispanic / Latino,policy_general,72.6
Funding,race,Hispanic / Latino,policy_role_mean,64.9
Funding,race,Hispanic / Latino,policy_specific_mean,69.14285714285714
Funding,race,Hispanic / Latino,trust_multidimensional,68.84166666666667
Funding,race,Hispanic / Latino,trust_post,71.2
Funding,race,Other,behavior_mean,47.833333333333336
Funding,race,Other,belief_post,75.0
Funding,race,Other,concern_mean,73.0
Funding,race,Other,distrust_post,26.0
Funding,race,Other,donation_ams,2.9
Funding,race,Other,funding_perceptions,54.0
Funding,race,Other,inst_trust_mean,65.8
Funding,race,Other,newsletter_signup,1.14
Funding,race,Other,policy_general,77.0
Funding,race,Other,policy_role_mean,69.75
Funding,race,Other,policy_specific_mean,68.71428571428571
Funding,race,Other,trust_multidimensional,70.16666666666667
Funding,race,Other,trust_post,70.0
Funding,race,White / Caucasian,behavior_mean,39.46666666666667
Funding,race,White / Caucasian,belief_post,52.3
Funding,race,White / Caucasian,concern_mean,48.0
Funding,race,White / Caucasian,distrust_post,37.8
Funding,race,White / Caucasian,donation_ams,2.8
Funding,race,White / Caucasian,funding_perceptions,64.8
Funding,race,White / Caucasian,inst_trust_mean,60.1
Funding,race,White / Caucasian,newsletter_signup,35.0
Funding,race,White / Caucasian,policy_general,58.4
Funding,race,White / Caucasian,policy_role_mean,67.275
Funding,race,White / Caucasian,policy_specific_mean,59.74285714285714
Funding,race,White / Caucasian,trust_multidimensional,63.583333333333336
Funding,race,White / Caucasian,trust_post,60.5
High public trust,age_band,18-29,behavior_mean,52.333333333333336
High public trust,age_band,18-29,belief_post,84.0
High public trust,age_band,18-29,concern_mean,80.0
High public trust,age_band,18-29,distrust_post,18.0
High public trust,age_band,18-29,donation_ams,2.8
High public trust,age_band,18-29,funding_perceptions,72.0
High public trust,age_band,18-29,inst_trust_mean,68.0
High public trust,age_band,18-29,newsletter_signup,1.65
High public trust,age_band,18-29,policy_general,75.0
High public trust,age_band,18-29,policy_role_mean,76.0
High public trust,age_band,18-29,policy_specific_mean,75.0
High public trust,age_band,18-29,trust_multidimensional,77.41666666666667
High public trust,age_band,18-29,trust_post,76.0
High public trust,age_band,30-44,behavior_mean,48.5
High public trust,age_band,30-44,belief_post,68.5
High public trust,age_band,30-44,concern_mean,68.83333333333333
High public trust,age_band,30-44,distrust_post,16.5
High public trust,age_band,30-44,donation_ams,1.25
High public trust,age_band,30-44,funding_perceptions,56.0
High public trust,age_band,30-44,inst_trust_mean,66.5
High public trust,age_band,30-44,newsletter_signup,1.65
High public trust,age_band,30-44,policy_general,74.2
High public trust,age_band,30-44,policy_role_mean,67.0
High public trust,age_band,30-44,policy_specific_mean,68.14285714285714
High public trust,age_band,30-44,trust_multidimensional,75.63333333333334
High public trust,age_band,30-44,trust_post,78.0
High public trust,age_band,45-59,behavior_mean,33.666666666666664
High public trust,age_band,45-59,belief_post,72.0
High public trust,age_band,45-59,concern_mean,58.0
High public trust,age_band,45-59,distrust_post,25.0
High public trust,age_band,45-59,donation_ams,1.5
High public trust,age_band,45-59,funding_perceptions,62.0
High public trust,age_band,45-59,inst_trust_mean,66.6
High public trust,age_band,45-59,newsletter_signup,1.6
High public trust,age_band,45-59,policy_general,68.0
High public trust,age_band,45-59,policy_role_mean,68.25
High public trust,age_band,45-59,policy_specific_mean,61.42857142857143
High public trust,age_band,45-59,trust_multidimensional,72.08333333333333
High public trust,age_band,45-59,trust_post,74.0
High public trust,age_band,60+,behavior_mean,35.449999999999996
High public trust,age_band,60+,belief_post,59.3
High public trust,age_band,60+,concern_mean,37.53333333333333
High public trust,age_band,60+,distrust_post,28.5
High public trust,age_band,60+,donation_ams,1.7
High public trust,age_band,60+,funding_perceptions,55.8
High public trust,age_band,60+,inst_trust_mean,54.18000000000001
High public trust,age_band,60+,newsletter_signup,1.7
High public trust,age_band,60+,policy_general,56.8
High public trust,age_band,60+,policy_role_mean,53.375
High public trust,age_band,60+,policy_specific_mean,55.84285714285714
High public trust,age_band,60+,trust_multidimensional,72.11666666666666
High public trust,age_band,60+,trust_post,71.5
High public trust,education,Bachelor's degree,behavior_mean,61.65
High public trust,education,Bachelor's degree,belief_post,91.3
High public trust,education,Bachelor's degree,concern_mean,80.39999999999999
High public trust,education,Bachelor's degree,distrust_post,15.8
High public trust,education,Bachelor's degree,donation_ams,3.6
High public trust,education,Bachelor's degree,funding_perceptions,72.6
High public trust,education,Bachelor's degree,inst_trust_mean,76.2
High public trust,education,Bachelor's degree,newsletter_signup,1.34
High public trust,education,Bachelor's degree,policy_general,86.5
High public trust,education,Bachelor's degree,policy_role_mean,78.9
High public trust,education,Bachelor's degree,policy_specific_mean,78.04285714285713
High public trust,education,Bachelor's degree,trust_multidimensional,81.91666666666667
High public trust,education,Bachelor's degree,trust_post,84.2
High public trust,education,Doctorate degree / Ph.D.,behavior_mean,48.98333333333333
High public trust,education,Doctorate degree / Ph.D.,belief_post,93.7
High public trust,education,Doctorate degree / Ph.D.,concern_mean,77.5
High public trust,education,Doctorate degree / Ph.D.,distrust_post,11.2
High public trust,education,Doctorate degree / Ph.D.,donation_ams,4.85
High public trust,education,Doctorate degree / Ph.D.,funding_perceptions,71.7
High public trust,education,Doctorate degree / Ph.D.,inst_trust_mean,71.66
High public trust,education,Doctorate degree / Ph.D.,newsletter_signup,1.38
High public trust,education,Doctorate degree / Ph.D.,policy_general,86.1
High public trust,education,Doctorate degree / Ph.D.,policy_role_mean,76.4
High public trust,education,Doctorate degree / Ph.D.,policy_specific_mean,74.51428571428572
High public trust,education,Doctorate degree / Ph.D.,trust_multidimensional,80.64166666666667
High public trust,education,Doctorate degree / Ph.D.,trust_post,82.4
High public trust,education,High school diploma / GED,behavior_mean,54.78333333333333
High public trust,education,High school diploma / GED,belief_post,72.4
High public trust,education,High school diploma / GED,concern_mean,68.33333333333333
High public trust,education,High school diploma / GED,distrust_post,23.1
High public trust,education,High school diploma / GED,donation_ams,2.7
High public trust,education,High school diploma / GED,funding_perceptions,62.5
High public trust,education,High school diploma / GED,inst_trust_mean,66.56
High public trust,education,High school diploma / GED,newsletter_signup,1.58
High public trust,education,High school diploma / GED,policy_general,74.9
High public trust,education,High school diploma / GED,policy_role_mean,78.125
High public trust,education,High school diploma / GED,policy_specific_mean,71.34285714285714
High public trust,education,High school diploma / GED,trust_multidimensional,73.71666666666667
High public trust,education,High school diploma / GED,trust_post,76.8
High public trust,education,Less than high school,behavior_mean,35.9
High public trust,education,Less than high school,belief_post,52.9
High public trust,education,Less than high school,concern_mean,46.53333333333333
High public trust,education,Less than high school,distrust_post,33.2
High public trust,education,Less than high school,donation_ams,2.7
High public trust,education,Less than high school,funding_perceptions,52.2
High public trust,education,Less than high school,inst_trust_mean,48.9
High public trust,education,Less than high school,newsletter_signup,1.24
High public trust,education,Less than high school,policy_general,51.4
High public trust,education,Less than high school,policy_role_mean,50.95
High public trust,education,Less than high school,policy_specific_mean,53.57142857142857
High public trust,education,Less than high school,trust_multidimensional,56.31666666666666
High public trust,education,Less than high school,trust_post,61.5
High public trust,education,Master's degree / Professional degree,behavior_mean,45.0
High public trust,education,Master's degree / Professional degree,belief_post,84.0
High public trust,education,Master's degree / Professional degree,concern_mean,69.66666666666667
High public trust,education,Master's degree / Professional degree,distrust_post,24.0
High public trust,education,Master's degree / Professional degree,donation_ams,47.0
High public trust,education,Master's degree / Professional degree,funding_perceptions,72.0
High public trust,education,Master's degree / Professional degree,inst_trust_mean,71.6
High public trust,education,Master's degree / Professional degree,newsletter_signup,1.8
High public trust,education,Master's degree / Professional degree,policy_general,68.0
High public trust,education,Master's degree / Professional degree,policy_role_mean,75.5
High public trust,education,Master's degree / Professional degree,policy_specific_mean,73.0
High public trust,education,Master's degree / Professional degree,trust_multidimensional,73.41666666666667
High public trust,education,Master's degree / Professional degree,trust_post,76.0
High public trust,education,Some college or Associate's degree,behavior_mean,46.449999999999996
High public trust,education,Some college or Associate's degree,belief_post,66.5
High public trust,education,Some college or Associate's degree,concern_mean,66.89999999999999
High public trust,education,Some college or Associate's degree,distrust_post,19.4
High public trust,education,Some college or Associate's degree,donation_ams,1.95
High public trust,education,Some college or Associate's degree,funding_perceptions,67.9
High public trust,education,Some college or Associate's degree,inst_trust_mean,64.7
High public trust,education,Some college or Associate's degree,newsletter_signup,1.54
High public trust,education,Some college or Associate's degree,policy_general,69.2
High public trust,education,Some college or Associate's degree,policy_role_mean,65.45
High public trust,education,Some college or Associate's degree,policy_specific_mean,68.25714285714285
High public trust,education,Some college or Associate's degree,trust_multidimensional,66.38333333333334
High public trust,education,Some college or Associate's degree,trust_post,73.6
High public trust,gender,Female,behavior_mean,58.833333333333336
High public trust,gender,Female,belief_post,86.0
High public trust,gender,Female,concern_mean,79.33333333333333
High public trust,gender,Female,distrust_post,14.0
High public trust,gender,Female,donation_ams,3.7
High public trust,gender,Female,funding_perceptions,80.0
High public trust,gender,Female,inst_trust_mean,74.4
High public trust,gender,Female,newsletter_signup,1.34
High public trust,gender,Female,policy_general,79.0
High public trust,gender,Female,policy_role_mean,73.25
High public trust,gender,Female,policy_specific_mean,80.0
High public trust,gender,Female,trust_multidimensional,79.66666666666667
High public trust,gender,Female,trust_post,81.0
High public trust,gender,Male,behavior_mean,39.13333333333333
High public trust,gender,Male,belief_post,69.2
High public trust,gender,Male,concern_mean,64.73333333333333
High public trust,gender,Male,distrust_post,16.3
High public trust,gender,Male,donation_ams,1.4
High public trust,gender,Male,funding_perceptions,63.5
High public trust,gender,Male,inst_trust_mean,68.82000000000001
High public trust,gender,Male,newsletter_signup,1.28
High public trust,gender,Male,policy_general,76.1
High public trust,gender,Male,policy_role_mean,75.2
High public trust,gender,Male,policy_specific_mean,65.84285714285714
High public trust,gender,Male,trust_multidimensional,72.875
High public trust,gender,Male,trust_post,77.8
High public trust,gender,Other,behavior_mean,50.31666666666666
High public trust,gender,Other,belief_post,85.6
High public trust,gender,Other,concern_mean,81.63333333333333
High public trust,gender,Other,distrust_post,18.4
High public trust,gender,Other,donation_ams,3.7
High public trust,gender,Other,funding_perceptions,70.8
High public trust,gender,Other,inst_trust_mean,75.6
High public trust,gender,Other,newsletter_signup,1.0
High public trust,gender,Other,policy_general,81.7
High public trust,gender,Other,policy_role_mean,79.225
High public trust,gender,Other,policy_specific_mean,77.44285714285715
High public trust,gender,Other,trust_multidimensional,84.64999999999999
High public trust,gender,Other,trust_post,83.9
High public trust,income,"$100,000 to $167,999",behavior_mean,42.81666666666666
High public trust,income,"$100,000 to $167,999",belief_post,83.1
High public trust,income,"$100,000 to $167,999",concern_mean,70.43333333333334
High public trust,income,"$100,000 to $167,999",distrust_post,19.8
High public trust,income,"$100,000 to $167,999",donation_ams,3.6
High public trust,income,"$100,000 to $167,999",funding_perceptions,68.5
High public trust,income,"$100,000 to $167,999",inst_trust_mean,72.84
High public trust,income,"$100,000 to $167,999",newsletter_signup,1.54
High public trust,income,"$100,000 to $167,999",policy_general,73.4
High public trust,income,"$100,000 to $167,999",policy_role_mean,71.1
High public trust,income,"$100,000 to $167,999",policy_specific_mean,69.18571428571428
High public trust,income,"$100,000 to $167,999",trust_multidimensional,76.16666666666667
High public trust,income,"$100,000 to $167,999",trust_post,77.2
High public trust,income,"$168,000 or more",behavior_mean,55.699999999999996
High public trust,income,"$168,000 or more",belief_post,90.4
High public trust,income,"$168,000 or more",concern_mean,85.0
High public trust,income,"$168,000 or more",distrust_post,13.8
High public trust,income,"$168,000 or more",donation_ams,7.85
High public trust,income,"$168,000 or more",funding_perceptions,68.8
High public trust,income,"$168,000 or more",inst_trust_mean,75.1
High public trust,income,"$168,000 or more",newsletter_signup,1.42
High public trust,income,"$168,000 or more",policy_general,86.1
High public trust,income,"$168,000 or more",policy_role_mean,83.975
High public trust,income,"$168,000 or more",policy_specific_mean,79.01428571428572
High public trust,income,"$168,000 or more",trust_multidimensional,83.28333333333333
High public trust,income,"$168,000 or more",trust_post,83.7
High public trust,income,"$30,000 to $55,999",behavior_mean,45.0
High public trust,income,"$30,000 to $55,999",belief_post,78.0
High public trust,income,"$30,000 to $55,999",concern_mean,64.33333333333333
High public trust,income,"$30,000 to $55,999",distrust_post,27.0
High public trust,income,"$30,000 to $55,999",donation_ams,18.0
High public trust,income,"$30,000 to $55,999",funding_perceptions,68.0
High public trust,income,"$30,000 to $55,999",inst_trust_mean,57.6
High public trust,income,"$30,000 to $55,999",newsletter_signup,1.65
High public trust,income,"$30,000 to $55,999",policy_general,75.0
High public trust,income,"$30,000 to $55,999",policy_role_mean,69.75
High public trust,income,"$30,000 to $55,999",policy_specific_mean,67.14285714285714
High public trust,income,"$30,000 to $55,999",trust_multidimensional,68.66666666666667
High public trust,income,"$30,000 to $55,999",trust_post,73.0
High public trust,income,"$56,000 to $99,999",behavior_mean,47.666666666666664
High public trust,income,"$56,000 to $99,999",belief_post,76.0
High public trust,income,"$56,000 to $99,999",concern_mean,64.0
High public trust,income,"$56,000 to $99,999",distrust_post,27.0
High public trust,income,"$56,000 to $99,999",donation_ams,2.3
High public trust,income,"$56,000 to $99,999",funding_perceptions,64.0
High public trust,income,"$56,000 to $99,999",inst_trust_mean,58.2
High public trust,income,"$56,000 to $99,999",newsletter_signup,1.6
High public trust,income,"$56,000 to $99,999",policy_general,73.0
High public trust,income,"$56,000 to $99,999",policy_role_mean,72.0
High public trust,income,"$56,000 to $99,999",policy_specific_mean,65.57142857142857
High public trust,income,"$56,000 to $99,999",trust_multidimensional,71.66666666666667
High public trust,income,"$56,000 to $99,999",trust_post,69.0
High public trust,income,"Less than $30,000",behavior_mean,37.666666666666664
High public trust,income,"Less than $30,000",belief_post,77.0
High public trust,income,"Less than $30,000",concern_mean,75.33333333333333
High public trust,income,"Less than $30,000",distrust_post,27.0
High public trust,income,"Less than $30,000",donation_ams,2.1
High public trust,income,"Less than $30,000",funding_perceptions,59.0
High public trust,income,"Less than $30,000",inst_trust_mean,58.6
High public trust,income,"Less than $30,000",newsletter_signup,1.28
High public trust,income,"Less than $30,000",policy_general,74.0
High public trust,income,"Less than $30,000",policy_role_mean,68.5
High public trust,income,"Less than $30,000",policy_specific_mean,69.14285714285714
High public trust,income,"Less than $30,000",trust_multidimensional,67.25
High public trust,income,"Less than $30,000",trust_post,69.0
High public trust,party,Democrat,behavior_mean,58.0
High public trust,party,Democrat,belief_post,93.0
High public trust,party,Democrat,concern_mean,82.0
High public trust,party,Democrat,distrust_post,8.0
High public trust,party,Democrat,donation_ams,4.6
High public trust,party,Democrat,funding_perceptions,76.0
High public trust,party,Democrat,inst_trust_mean,77.8
High public trust,party,Democrat,newsletter_signup,1.28
High public trust,party,Democrat,policy_general,90.0
High public trust,party,Democrat,policy_role_mean,82.25
High public trust,party,Democrat,policy_specific_mean,84.85714285714286
High public trust,party,Democrat,trust_multidimensional,81.83333333333333
High public trust,party,Democrat,trust_post,89.0
High public trust,party,Independent,behavior_mean,43.166666666666664
High public trust,party,Independent,belief_post,64.0
High public trust,party,Independent,concern_mean,60.666666666666664
High public trust,party,Independent,distrust_post,29.0
High public trust,party,Independent,donation_ams,2.8
High public trust,party,Independent,funding_perceptions,52.0
High public trust,party,Independent,inst_trust_mean,65.8
High public trust,party,Independent,newsletter_signup,1.65
High public trust,party,Independent,policy_general,66.0
High public trust,party,Independent,policy_role_mean,68.75
High public trust,party,Independent,policy_specific_mean,61.42857142857143
High public trust,party,Independent,trust_multidimensional,73.0
High public trust,party,Independent,trust_post,71.0
High public trust,party,Other,behavior_mean,52.166666666666664
High public trust,party,Other,belief_post,75.0
High public trust,party,Other,concern_mean,66.66666666666667
High public trust,party,Other,distrust_post,25.0
High public trust,party,Other,donation_ams,3.6
High public trust,party,Other,funding_perceptions,53.0
High public trust,party,Other,inst_trust_mean,62.6
High public trust,party,Other,newsletter_signup,1.6
High public trust,party,Other,policy_general,71.0
High public trust,party,Other,policy_role_mean,70.25
High public trust,party,Other,policy_specific_mean,65.71428571428571
High public trust,party,Other,trust_multidimensional,73.33333333333333
High public trust,party,Other,trust_post,75.0
High public trust,party,Republican,behavior_mean,19.283333333333335
High public trust,party,Republican,belief_post,36.9
High public trust,party,Republican,concern_mean,28.46666666666667
High public trust,party,Republican,distrust_post,57.8
High public trust,party,Republican,donation_ams,1.15
High public trust,party,Republican,funding_perceptions,33.599999999999994
High public trust,party,Republican,inst_trust_mean,36.68
High public trust,party,Republican,newsletter_signup,1.31
High public trust,party,Republican,policy_general,29.5
High public trust,party,Republican,policy_role_mean,37.125
High public trust,party,Republican,policy_specific_mean,45.642857142857146
High public trust,party,Republican,trust_multidimensional,40.43333333333333
High public trust,party,Republican,trust_post,34.2
High public trust,race,Asian / Asian American,behavior_mean,64.25
High public trust,race,Asian / Asian American,belief_post,88.3
High public trust,race,Asian / Asian American,concern_mean,81.53333333333333
High public trust,race,Asian / Asian American,distrust_post,16.1
High public trust,race,Asian / Asian American,donation_ams,3.42
High public trust,race,Asian / Asian American,funding_perceptions,75.5
High public trust,race,Asian / Asian American,inst_trust_mean,75.88
High public trust,race,Asian / Asian American,newsletter_signup,1.68
High public trust,race,Asian / Asian American,policy_general,80.7
High public trust,race,Asian / Asian American,policy_role_mean,77.625
High public trust,race,Asian / Asian American,policy_specific_mean,78.39999999999999
High public trust,race,Asian / Asian American,trust_multidimensional,81.55833333333334
High public trust,race,Asian / Asian American,trust_post,82.4
High public trust,race,Black / African American,behavior_mean,48.666666666666664
High public trust,race,Black / African American,belief_post,83.7
High public trust,race,Black / African American,concern_mean,79.56666666666666
High public trust,race,Black / African American,distrust_post,18.4
High public trust,race,Black / African American,donation_ams,3.85
High public trust,race,Black / African American,funding_perceptions,65.8
High public trust,race,Black / African American,inst_trust_mean,72.8
High public trust,race,Black / African American,newsletter_signup,1.36
High public trust,race,Black / African American,policy_general,77.1
High public trust,race,Black / African American,policy_role_mean,79.875
High public trust,race,Black / African American,policy_specific_mean,76.54285714285713
High public trust,race,Black / African American,trust_multidimensional,80.98333333333333
High public trust,race,Black / African American,trust_post,79.6
High public trust,race,Hispanic / Latino,behavior_mean,42.9
High public trust,race,Hispanic / Latino,belief_post,80.2
High public trust,race,Hispanic / Latino,concern_mean,73.2
High public trust,race,Hispanic / Latino,distrust_post,23.4
High public trust,race,Hispanic / Latino,donation_ams,3.6
High public trust,race,Hispanic / Latino,funding_perceptions,68.5
High public trust,race,Hispanic / Latino,inst_trust_mean,66.42
High public trust,race,Hispanic / Latino,newsletter_signup,1.65
High public trust,race,Hispanic / Latino,policy_general,74.6
High public trust,race,Hispanic / Latino,policy_role_mean,70.425
High public trust,race,Hispanic / Latino,policy_specific_mean,69.18571428571428
High public trust,race,Hispanic / Latino,trust_multidimensional,72.86666666666666
High public trust,race,Hispanic / Latino,trust_post,75.8
High public trust,race,Other,behavior_mean,66.83333333333333
High public trust,race,Other,belief_post,85.0
High public trust,race,Other,concern_mean,80.0
High public trust,race,Other,distrust_post,18.0
High public trust,race,Other,donation_ams,58.0
High public trust,race,Other,funding_perceptions,66.0
High public trust,race,Other,inst_trust_mean,77.2
High public trust,race,Other,newsletter_signup,68.0
High public trust,race,Other,policy_general,79.0
High public trust,race,Other,policy_role_mean,79.5
High public trust,race,Other,policy_specific_mean,78.42857142857143
High public trust,race,Other,trust_multidimensional,83.5
High public trust,race,Other,trust_post,75.0
High public trust,race,White / Caucasian,behavior_mean,47.833333333333336
High public trust,race,White / Caucasian,belief_post,63.5
High public trust,race,White / Caucasian,concern_mean,57.1
High public trust,race,White / Caucasian,distrust_post,26.4
High public trust,race,White / Caucasian,donation_ams,1.85
High public trust,race,White / Caucasian,funding_perceptions,54.8
High public trust,race,White / Caucasian,inst_trust_mean,63.88000000000001
High public trust,race,White / Caucasian,newsletter_signup,1.32
High public trust,race,White / Caucasian,policy_general,62.1
High public trust,race,White / Caucasian,policy_role_mean,64.725
High public trust,race,White / Caucasian,policy_specific_mean,63.857142857142854
High public trust,race,White / Caucasian,trust_multidimensional,70.14166666666667
High public trust,race,White / Caucasian,trust_post,67.8
Interview Prof. Maraun,age_band,18-29,behavior_mean,47.166666666666664
Interview Prof. Maraun,age_band,18-29,belief_post,81.0
Interview Prof. Maraun,age_band,18-29,concern_mean,79.33333333333333
Interview Prof. Maraun,age_band,18-29,distrust_post,27.0
Interview Prof. Maraun,age_band,18-29,donation_ams,3.2
Interview Prof. Maraun,age_band,18-29,funding_perceptions,72.0
Interview Prof. Maraun,age_band,18-29,inst_trust_mean,71.8
Interview Prof. Maraun,age_band,18-29,newsletter_signup,1.74
Interview Prof. Maraun,age_band,18-29,policy_general,78.0
Interview Prof. Maraun,age_band,18-29,policy_role_mean,74.5
Interview Prof. Maraun,age_band,18-29,policy_specific_mean,70.14285714285714
Interview Prof. Maraun,age_band,18-29,trust_multidimensional,78.66666666666667
Interview Prof. Maraun,age_band,18-29,trust_post,73.0
Interview Prof. Maraun,age_band,30-44,behavior_mean,46.333333333333336
Interview Prof. Maraun,age_band,30-44,belief_post,68.0
Interview Prof. Maraun,age_band,30-44,concern_mean,65.33333333333333
Interview Prof. Maraun,age_band,30-44,distrust_post,22.0
Interview Prof. Maraun,age_band,30-44,donation_ams,1.7
Interview Prof. Maraun,age_band,30-44,funding_perceptions,67.0
Interview Prof. Maraun,age_band,30-44,inst_trust_mean,62.6
Interview Prof. Maraun,age_band,30-44,newsletter_signup,1.53
Interview Prof. Maraun,age_band,30-44,policy_general,63.0
Interview Prof. Maraun,age_band,30-44,policy_role_mean,63.25
Interview Prof. Maraun,age_band,30-44,policy_specific_mean,64.28571428571429
Interview Prof. Maraun,age_band,30-44,trust_multidimensional,77.0
Interview Prof. Maraun,age_band,30-44,trust_post,75.0
Interview Prof. Maraun,age_band,45-59,behavior_mean,43.666666666666664
Interview Prof. Maraun,age_band,45-59,belief_post,78.0
Interview Prof. Maraun,age_band,45-59,concern_mean,71.0
Interview Prof. Maraun,age_band,45-59,distrust_post,22.0
Interview Prof. Maraun,age_band,45-59,donation_ams,1.75
Interview Prof. Maraun,age_band,45-59,funding_perceptions,65.0
Interview Prof. Maraun,age_band,45-59,inst_trust_mean,70.8
Interview Prof. Maraun,age_band,45-59,newsletter_signup,1.49
Interview Prof. Maraun,age_band,45-59,policy_general,66.0
Interview Prof. Maraun,age_band,45-59,policy_role_mean,70.0
Interview Prof. Maraun,age_band,45-59,policy_specific_mean,61.857142857142854
Interview Prof. Maraun,age_band,45-59,trust_multidimensional,76.0
Interview Prof. Maraun,age_band,45-59,trust_post,77.0
Interview Prof. Maraun,age_band,60+,behavior_mean,39.18333333333333
Interview Prof. Maraun,age_band,60+,belief_post,58.7
Interview Prof. Maraun,age_band,60+,concern_mean,54.86666666666667
Interview Prof. Maraun,age_band,60+,distrust_post,35.8
Interview Prof. Maraun,age_band,60+,donation_ams,6.8
Interview Prof. Maraun,age_band,60+,funding_perceptions,56.5
Interview Prof. Maraun,age_band,60+,inst_trust_mean,60.7
Interview Prof. Maraun,age_band,60+,newsletter_signup,1.7
Interview Prof. Maraun,age_band,60+,policy_general,53.1
Interview Prof. Maraun,age_band,60+,policy_role_mean,53.475
Interview Prof. Maraun,age_band,60+,policy_specific_mean,62.75714285714286
Interview Prof. Maraun,age_band,60+,trust_multidimensional,63.90833333333333
Interview Prof. Maraun,age_band,60+,trust_post,64.2
Interview Prof. Maraun,education,Bachelor's degree,behavior_mean,54.06666666666666
Interview Prof. Maraun,education,Bachelor's degree,belief_post,89.2
Interview Prof. Maraun,education,Bachelor's degree,concern_mean,82.26666666666667
Interview Prof. Maraun,education,Bachelor's degree,distrust_post,20.3
Interview Prof. Maraun,education,Bachelor's degree,donation_ams,2.7
Interview Prof. Maraun,education,Bachelor's degree,funding_perceptions,66.2
Interview Prof. Maraun,education,Bachelor's degree,inst_trust_mean,73.03999999999999
Interview Prof. Maraun,education,Bachelor's degree,newsletter_signup,1.22
Interview Prof. Maraun,education,Bachelor's degree,policy_general,83.5
Interview Prof. Maraun,education,Bachelor's degree,policy_role_mean,80.35
Interview Prof. Maraun,education,Bachelor's degree,policy_specific_mean,81.14285714285714
Interview Prof. Maraun,education,Bachelor's degree,trust_multidimensional,79.55
Interview Prof. Maraun,education,Bachelor's degree,trust_post,78.6
Interview Prof. Maraun,education,Doctorate degree / Ph.D.,behavior_mean,66.01666666666667
Interview Prof. Maraun,education,Doctorate degree / Ph.D.,belief_post,93.2
Interview Prof. Maraun,education,Doctorate degree / Ph.D.,concern_mean,83.8
Interview Prof. Maraun,education,Doctorate degree / Ph.D.,distrust_post,17.8
Interview Prof. Maraun,education,Doctorate degree / Ph.D.,donation_ams,4.4
Interview Prof. Maraun,education,Doctorate degree / Ph.D.,funding_perceptions,75.5
Interview Prof. Maraun,education,Doctorate degree / Ph.D.,inst_trust_mean,75.56
Interview Prof. Maraun,education,Doctorate degree / Ph.D.,newsletter_signup,1.14
Interview Prof. Maraun,education,Doctorate degree / Ph.D.,policy_general,87.6
Interview Prof. Maraun,education,Doctorate degree / Ph.D.,policy_role_mean,77.975
Interview Prof. Maraun,education,Doctorate degree / Ph.D.,policy_specific_mean,82.45714285714287
Interview Prof. Maraun,education,Doctorate degree / Ph.D.,trust_multidimensional,88.10000000000001
Interview Prof. Maraun,education,Doctorate degree / Ph.D.,trust_post,91.5
Interview Prof. Maraun,education,High school diploma / GED,behavior_mean,45.666666666666664
Interview Prof. Maraun,education,High school diploma / GED,belief_post,52.1
Interview Prof. Maraun,education,High school diploma / GED,concern_mean,50.63333333333333
Interview Prof. Maraun,education,High school diploma / GED,distrust_post,42.8
Interview Prof. Maraun,education,High school diploma / GED,donation_ams,2.4
Interview Prof. Maraun,education,High school diploma / GED,funding_perceptions,72.7
Interview Prof. Maraun,education,High school diploma / GED,inst_trust_mean,58.02
Interview Prof. Maraun,education,High school diploma / GED,newsletter_signup,1.3
Interview Prof. Maraun,education,High school diploma / GED,policy_general,57.9
Interview Prof. Maraun,education,High school diploma / GED,policy_role_mean,53.25
Interview Prof. Maraun,education,High school diploma / GED,policy_specific_mean,62.057142857142864
Interview Prof. Maraun,education,High school diploma / GED,trust_multidimensional,57.78333333333333
Interview Prof. Maraun,education,High school diploma / GED,trust_post,53.5
Interview Prof. Maraun,education,Less than high school,behavior_mean,22.599999999999998
Interview Prof. Maraun,education,Less than high school,belief_post,32.4
Interview Prof. Maraun,education,Less than high school,concern_mean,30.866666666666664
Interview Prof. Maraun,education,Less than high school,distrust_post,49.1
Interview Prof. Maraun,education,Less than high school,donation_ams,2.1
Interview Prof. Maraun,education,Less than high school,funding_perceptions,74.4
Interview Prof. Maraun,education,Less than high school,inst_trust_mean,43.14
Interview Prof. Maraun,education,Less than high school,newsletter_signup,1.76
Interview Prof. Maraun,education,Less than high school,policy_general,28.9
Interview Prof. Maraun,education,Less than high school,policy_role_mean,41.65
Interview Prof. Maraun,education,Less than high school,policy_specific_mean,42.542857142857144
Interview Prof. Maraun,education,Less than high school,trust_multidimensional,49.833333333333336
Interview Prof. Maraun,education,Less than high school,trust_post,47.3
Interview Prof. Maraun,education,Master's degree / Professional degree,behavior_mean,63.333333333333336
Interview Prof. Maraun,education,Master's degree / Professional degree,belief_post,89.0
Interview Prof. Maraun,education,Master's degree / Professional degree,concern_mean,83.0
Interview Prof. Maraun,education,Master's degree / Professional degree,distrust_post,7.0
Interview Prof. Maraun,education,Master's degree / Professional degree,donation_ams,7.8
Interview Prof. Maraun,education,Master's degree / Professional degree,funding_perceptions,74.0
Interview Prof. Maraun,education,Master's degree / Professional degree,inst_trust_mean,79.4
Interview Prof. Maraun,education,Master's degree / Professional degree,newsletter_signup,1.2
Interview Prof. Maraun,education,Master's degree / Professional degree,policy_general,85.0
Interview Prof. Maraun,education,Master's degree / Professional degree,policy_role_mean,84.5
Interview Prof. Maraun,education,Master's degree / Professional degree,policy_specific_mean,79.28571428571429
Interview Prof. Maraun,education,Master's degree / Professional degree,trust_multidimensional,86.75
Interview Prof. Maraun,education,Master's degree / Professional degree,trust_post,88.0
Interview Prof. Maraun,education,Some college or Associate's degree,behavior_mean,52.56666666666666
Interview Prof. Maraun,education,Some college or Associate's degree,belief_post,77.5
Interview Prof. Maraun,education,Some college or Associate's degree,concern_mean,66.66666666666667
Interview Prof. Maraun,education,Some college or Associate's degree,distrust_post,22.4
Interview Prof. Maraun,education,Some college or Associate's degree,donation_ams,2.1
Interview Prof. Maraun,education,Some college or Associate's degree,funding_perceptions,55.2
Interview Prof. Maraun,education,Some college or Associate's degree,inst_trust_mean,68.08
Interview Prof. Maraun,education,Some college or Associate's degree,newsletter_signup,1.72
Interview Prof. Maraun,education,Some college or Associate's degree,policy_general,67.8
Interview Prof. Maraun,education,Some college or Associate's degree,policy_role_mean,68.85
Interview Prof. Maraun,education,Some college or Associate's degree,policy_specific_mean,66.64285714285714
Interview Prof. Maraun,education,Some college or Associate's degree,trust_multidimensional,73.24166666666666
Interview Prof. Maraun,education,Some college or Associate's degree,trust_post,73.9
Interview Prof. Maraun,gender,Female,behavior_mean,53.833333333333336
Interview Prof. Maraun,gender,Female,belief_post,84.0
Interview Prof. Maraun,gender,Female,concern_mean,74.0
Interview Prof. Maraun,gender,Female,distrust_post,19.0
Interview Prof. Maraun,gender,Female,donation_ams,3.7
Interview Prof. Maraun,gender,Female,funding_perceptions,77.0
Interview Prof. Maraun,gender,Female,inst_trust_mean,74.4
Interview Prof. Maraun,gender,Female,newsletter_signup,1.52
Interview Prof. Maraun,gender,Female,policy_general,80.0
Interview Prof. Maraun,gender,Female,policy_role_mean,73.0
Interview Prof. Maraun,gender,Female,policy_specific_mean,69.57142857142857
Interview Prof. Maraun,gender,Female,trust_multidimensional,80.58333333333333
Interview Prof. Maraun,gender,Female,trust_post,79.0
Interview Prof. Maraun,gender,Male,behavior_mean,38.083333333333336
Interview Prof. Maraun,gender,Male,belief_post,67.3
Interview Prof. Maraun,gender,Male,concern_mean,58.93333333333334
Interview Prof. Maraun,gender,Male,distrust_post,24.8
Interview Prof. Maraun,gender,Male,donation_ams,1.8
Interview Prof. Maraun,gender,Male,funding_perceptions,51.8
Interview Prof. Maraun,gender,Male,inst_trust_mean,64.72
Interview Prof. Maraun,gender,Male,newsletter_signup,1.3
Interview Prof. Maraun,gender,Male,policy_general,64.1
Interview Prof. Maraun,gender,Male,policy_role_mean,67.825
Interview Prof. Maraun,gender,Male,policy_specific_mean,60.714285714285715
Interview Prof. Maraun,gender,Male,trust_multidimensional,76.95
Interview Prof. Maraun,gender,Male,trust_post,70.5
Interview Prof. Maraun,gender,Other,behavior_mean,47.699999999999996
Interview Prof. Maraun,gender,Other,belief_post,79.2
Interview Prof. Maraun,gender,Other,concern_mean,76.86666666666667
Interview Prof. Maraun,gender,Other,distrust_post,23.1
Interview Prof. Maraun,gender,Other,donation_ams,3.55
Interview Prof. Maraun,gender,Other,funding_perceptions,72.6
Interview Prof. Maraun,gender,Other,inst_trust_mean,67.9
Interview Prof. Maraun,gender,Other,newsletter_signup,1.32
Interview Prof. Maraun,gender,Other,policy_general,74.5
Interview Prof. Maraun,gender,Other,policy_role_mean,61.65
Interview Prof. Maraun,gender,Other,policy_specific_mean,73.08571428571429
Interview Prof. Maraun,gender,Other,trust_multidimensional,75.79166666666667
Interview Prof. Maraun,gender,Other,trust_post,75.3
Interview Prof. Maraun,income,"$100,000 to $167,999",behavior_mean,53.0
Interview Prof. Maraun,income,"$100,000 to $167,999",belief_post,83.0
Interview Prof. Maraun,income,"$100,000 to $167,999",concern_mean,76.0
Interview Prof. Maraun,income,"$100,000 to $167,999",distrust_post,25.0
Interview Prof. Maraun,income,"$100,000 to $167,999",donation_ams,4.5
Interview Prof. Maraun,income,"$100,000 to $167,999",funding_perceptions,73.0
Interview Prof. Maraun,income,"$100,000 to $167,999",inst_trust_mean,68.8
Interview Prof. Maraun,income,"$100,000 to $167,999",newsletter_signup,1.35
Interview Prof. Maraun,income,"$100,000 to $167,999",policy_general,73.0
Interview Prof. Maraun,income,"$100,000 to $167,999",policy_role_mean,74.0
Interview Prof. Maraun,income,"$100,000 to $167,999",policy_specific_mean,73.0
Interview Prof. Maraun,income,"$100,000 to $167,999",trust_multidimensional,76.83333333333333
Interview Prof. Maraun,income,"$100,000 to $167,999",trust_post,75.0
Interview Prof. Maraun,income,"$168,000 or more",behavior_mean,65.16666666666667
Interview Prof. Maraun,income,"$168,000 or more",belief_post,90.0
Interview Prof. Maraun,income,"$168,000 or more",concern_mean,83.33333333333333
Interview Prof. Maraun,income,"$168,000 or more",distrust_post,20.0
Interview Prof. Maraun,income,"$168,000 or more",donation_ams,5.8
Interview Prof. Maraun,income,"$168,000 or more",funding_perceptions,62.0
Interview Prof. Maraun,income,"$168,000 or more",inst_trust_mean,73.4
Interview Prof. Maraun,income,"$168,000 or more",newsletter_signup,1.35
Interview Prof. Maraun,income,"$168,000 or more",policy_general,84.0
Interview Prof. Maraun,income,"$168,000 or more",policy_role_mean,76.0
Interview Prof. Maraun,income,"$168,000 or more",policy_specific_mean,79.57142857142857
Interview Prof. Maraun,income,"$168,000 or more",trust_multidimensional,78.75
Interview Prof. Maraun,income,"$168,000 or more",trust_post,78.0
Interview Prof. Maraun,income,"$30,000 to $55,999",behavior_mean,38.5
Interview Prof. Maraun,income,"$30,000 to $55,999",belief_post,62.0
Interview Prof. Maraun,income,"$30,000 to $55,999",concern_mean,53.0
Interview Prof. Maraun,income,"$30,000 to $55,999",distrust_post,26.0
Interview Prof. Maraun,income,"$30,000 to $55,999",donation_ams,2.7
Interview Prof. Maraun,income,"$30,000 to $55,999",funding_perceptions,42.0
Interview Prof. Maraun,income,"$30,000 to $55,999",inst_trust_mean,54.0
Interview Prof. Maraun,income,"$30,000 to $55,999",newsletter_signup,1.8
Interview Prof. Maraun,income,"$30,000 to $55,999",policy_general,48.0
Interview Prof. Maraun,income,"$30,000 to $55,999",policy_role_mean,59.25
Interview Prof. Maraun,income,"$30,000 to $55,999",policy_specific_mean,59.57142857142857
Interview Prof. Maraun,income,"$30,000 to $55,999",trust_multidimensional,71.91666666666667
Interview Prof. Maraun,income,"$30,000 to $55,999",trust_post,68.0
Interview Prof. Maraun,income,"$56,000 to $99,999",behavior_mean,55.68333333333334
Interview Prof. Maraun,income,"$56,000 to $99,999",belief_post,78.3
Interview Prof. Maraun,income,"$56,000 to $99,999",concern_mean,68.89999999999999
Interview Prof. Maraun,income,"$56,000 to $99,999",distrust_post,15.8
Interview Prof. Maraun,income,"$56,000 to $99,999",donation_ams,4.2
Interview Prof. Maraun,income,"$56,000 to $99,999",funding_perceptions,63.5
Interview Prof. Maraun,income,"$56,000 to $99,999",inst_trust_mean,66.78
Interview Prof. Maraun,income,"$56,000 to $99,999",newsletter_signup,1.35
Interview Prof. Maraun,income,"$56,000 to $99,999",policy_general,72.6
Interview Prof. Maraun,income,"$56,000 to $99,999",policy_role_mean,69.475
Interview Prof. Maraun,income,"$56,000 to $99,999",policy_specific_mean,64.9
Interview Prof. Maraun,income,"$56,000 to $99,999",trust_multidimensional,84.675
Interview Prof. Maraun,income,"$56,000 to $99,999",trust_post,84.1
Interview Prof. Maraun,income,"Less than $30,000",behavior_mean,49.083333333333336
Interview Prof. Maraun,income,"Less than $30,000",belief_post,82.3
Interview Prof. Maraun,income,"Less than $30,000",concern_mean,75.46666666666667
Interview Prof. Maraun,income,"Less than $30,000",distrust_post,21.8
Interview Prof. Maraun,income,"Less than $30,000",donation_ams,2.7
Interview Prof. Maraun,income,"Less than $30,000",funding_perceptions,73.6
Interview Prof. Maraun,income,"Less than $30,000",inst_trust_mean,68.8
Interview Prof. Maraun,income,"Less than $30,000",newsletter_signup,1.36
Interview Prof. Maraun,income,"Less than $30,000",policy_general,75.1
Interview Prof. Maraun,income,"Less than $30,000",policy_role_mean,73.825
Interview Prof. Maraun,income,"Less than $30,000",policy_specific_mean,74.22857142857143
Interview Prof. Maraun,income,"Less than $30,000",trust_multidimensional,77.84166666666667
Interview Prof. Maraun,income,"Less than $30,000",trust_post,78.5
Interview Prof. Maraun,party,Democrat,behavior_mean,54.25
Interview Prof. Maraun,party,Democrat,belief_post,93.1
Interview Prof. Maraun,party,Democrat,concern_mean,87.46666666666665
Interview Prof. Maraun,party,Democrat,distrust_post,10.8
Interview Prof. Maraun,party,Democrat,donation_ams,2.7
Interview Prof. Maraun,party,Democrat,funding_perceptions,73.6
Interview Prof. Maraun,party,Democrat,inst_trust_mean,76.53999999999999
Interview Prof. Maraun,party,Democrat,newsletter_signup,1.38
Interview Prof. Maraun,party,Democrat,policy_general,90.8
Interview Prof. Maraun,party,Democrat,policy_role_mean,80.225
Interview Prof. Maraun,party,Democrat,policy_specific_mean,81.42857142857143
Interview Prof. Maraun,party,Democrat,trust_multidimensional,84.125
Interview Prof. Maraun,party,Democrat,trust_post,84.7
Interview Prof. Maraun,party,Independent,behavior_mean,35.88333333333333
Interview Prof. Maraun,party,Independent,belief_post,65.8
Interview Prof. Maraun,party,Independent,concern_mean,54.1
Interview Prof. Maraun,party,Independent,distrust_post,37.9
Interview Prof. Maraun,party,Independent,donation_ams,2.35
Interview Prof. Maraun,party,Independent,funding_perceptions,56.3
Interview Prof. Maraun,party,Independent,inst_trust_mean,52.879999999999995
Interview Prof. Maraun,party,Independent,newsletter_signup,1.81
Interview Prof. Maraun,party,Independent,policy_general,58.9
Interview Prof. Maraun,party,Independent,policy_role_mean,62.875
Interview Prof. Maraun,party,Independent,policy_specific_mean,62.971428571428575
Interview Prof. Maraun,party,Independent,trust_multidimensional,70.49166666666666
Interview Prof. Maraun,party,Independent,trust_post,62.1
Interview Prof. Maraun,party,Other,behavior_mean,35.65
Interview Prof. Maraun,party,Other,belief_post,66.3
Interview Prof. Maraun,party,Other,concern_mean,63.03333333333333
Interview Prof. Maraun,party,Other,distrust_post,21.8
Interview Prof. Maraun,party,Other,donation_ams,1.85
Interview Prof. Maraun,party,Other,funding_perceptions,61.8
Interview Prof. Maraun,party,Other,inst_trust_mean,66.76
Interview Prof. Maraun,party,Other,newsletter_signup,1.14
Interview Prof. Maraun,party,Other,policy_general,62.1
Interview Prof. Maraun,party,Other,policy_role_mean,66.3
Interview Prof. Maraun,party,Other,policy_specific_mean,65.44285714285715
Interview Prof. Maraun,party,Other,trust_multidimensional,75.825
Interview Prof. Maraun,party,Other,trust_post,74.5
Interview Prof. Maraun,party,Republican,behavior_mean,16.833333333333332
Interview Prof. Maraun,party,Republican,belief_post,23.0
Interview Prof. Maraun,party,Republican,concern_mean,21.0
Interview Prof. Maraun,party,Republican,distrust_post,66.0
Interview Prof. Maraun,party,Republican,donation_ams,2.8
Interview Prof. Maraun,party,Republican,funding_perceptions,24.0
Interview Prof. Maraun,party,Republican,inst_trust_mean,29.8
Interview Prof. Maraun,party,Republican,newsletter_signup,1.83
Interview Prof. Maraun,party,Republican,policy_general,26.0
Interview Prof. Maraun,party,Republican,policy_role_mean,33.5
Interview Prof. Maraun,party,Republican,policy_specific_mean,37.57142857142857
Interview Prof. Maraun,party,Republican,trust_multidimensional,43.75
Interview Prof. Maraun,party,Republican,trust_post,39.0
Interview Prof. Maraun,race,Asian / Asian American,behavior_mean,45.0
Interview Prof. Maraun,race,Asian / Asian American,belief_post,82.0
Interview Prof. Maraun,race,Asian / Asian American,concern_mean,72.33333333333333
Interview Prof. Maraun,race,Asian / Asian American,distrust_post,18.0
Interview Prof. Maraun,race,Asian / Asian American,donation_ams,4.2
Interview Prof. Maraun,race,Asian / Asian American,funding_perceptions,65.0
Interview Prof. Maraun,race,Asian / Asian American,inst_trust_mean,73.4
Interview Prof. Maraun,race,Asian / Asian American,newsletter_signup,1.35
Interview Prof. Maraun,race,Asian / Asian American,policy_general,76.0
Interview Prof. Maraun,race,Asian / Asian American,policy_role_mean,69.75
Interview Prof. Maraun,race,Asian / Asian American,policy_specific_mean,70.85714285714286
Interview Prof. Maraun,race,Asian / Asian American,trust_multidimensional,79.0
Interview Prof. Maraun,race,Asian / Asian American,trust_post,78.0
Interview Prof. Maraun,race,Black / African American,behavior_mean,49.0
Interview Prof. Maraun,race,Black / African American,belief_post,78.9
Interview Prof. Maraun,race,Black / African American,concern_mean,78.7
Interview Prof. Maraun,race,Black / African American,distrust_post,23.6
Interview Prof. Maraun,race,Black / African American,donation_ams,4.3
Interview Prof. Maraun,race,Black / African American,funding_perceptions,68.8
Interview Prof. Maraun,race,Black / African American,inst_trust_mean,69.97999999999999
Interview Prof. Maraun,race,Black / African American,newsletter_signup,1.38
Interview Prof. Maraun,race,Black / African American,policy_general,84.7
Interview Prof. Maraun,race,Black / African American,policy_role_mean,68.45
Interview Prof. Maraun,race,Black / African American,policy_specific_mean,75.94285714285715
Interview Prof. Maraun,race,Black / African American,trust_multidimensional,78.0
Interview Prof. Maraun,race,Black / African American,trust_post,76.4
Interview Prof. Maraun,race,Hispanic / Latino,behavior_mean,41.833333333333336
Interview Prof. Maraun,race,Hispanic / Latino,belief_post,77.0
Interview Prof. Maraun,race,Hispanic / Latino,concern_mean,66.33333333333333
Interview Prof. Maraun,race,Hispanic / Latino,distrust_post,18.0
Interview Prof. Maraun,race,Hispanic / Latino,donation_ams,3.5
Interview Prof. Maraun,race,Hispanic / Latino,funding_perceptions,53.0
Interview Prof. Maraun,race,Hispanic / Latino,inst_trust_mean,72.0
Interview Prof. Maraun,race,Hispanic / Latino,newsletter_signup,1.6
Interview Prof. Maraun,race,Hispanic / Latino,policy_general,74.0
Interview Prof. Maraun,race,Hispanic / Latino,policy_role_mean,67.0
Interview Prof. Maraun,race,Hispanic / Latino,policy_specific_mean,66.71428571428571
Interview Prof. Maraun,race,Hispanic / Latino,trust_multidimensional,76.0
Interview Prof. Maraun,race,Hispanic / Latino,trust_post,76.0
Interview Prof. Maraun,race,Other,behavior_mean,44.333333333333336
Interview Prof. Maraun,race,Other,belief_post,68.0
Interview Prof. Maraun,race,Other,concern_mean,64.66666666666667
Interview Prof. Maraun,race,Other,distrust_post,16.0
Interview Prof. Maraun,race,Other,donation_ams,1.85
Interview Prof. Maraun,race,Other,funding_perceptions,63.0
Interview Prof. Maraun,race,Other,inst_trust_mean,68.2
Interview Prof. Maraun,race,Other,newsletter_signup,1.24
Interview Prof. Maraun,race,Other,policy_general,72.0
Interview Prof. Maraun,race,Other,policy_role_mean,70.5
Interview Prof. Maraun,race,Other,policy_specific_mean,75.57142857142857
Interview Prof. Maraun,race,Other,trust_multidimensional,76.58333333333333
Interview Prof. Maraun,race,Other,trust_post,76.0
Interview Prof. Maraun,race,White / Caucasian,behavior_mean,39.166666666666664
Interview Prof. Maraun,race,White / Caucasian,belief_post,59.0
Interview Prof. Maraun,race,White / Caucasian,concern_mean,47.666666666666664
Interview Prof. Maraun,race,White / Caucasian,distrust_post,27.0
Interview Prof. Maraun,race,White / Caucasian,donation_ams,3.7
Interview Prof. Maraun,race,White / Caucasian,funding_perceptions,43.0
Interview Prof. Maraun,race,White / Caucasian,inst_trust_mean,61.6
Interview Prof. Maraun,race,White / Caucasian,newsletter_signup,1.6
Interview Prof. Maraun,race,White / Caucasian,policy_general,53.0
Interview Prof. Maraun,race,White / Caucasian,policy_role_mean,64.75
Interview Prof. Maraun,race,White / Caucasian,policy_specific_mean,56.142857142857146
Interview Prof. Maraun,race,White / Caucasian,trust_multidimensional,73.91666666666667
Interview Prof. Maraun,race,White / Caucasian,trust_post,71.0
Interview Prof. Sebille,age_band,18-29,behavior_mean,45.583333333333336
Interview Prof. Sebille,age_band,18-29,belief_post,88.2
Interview Prof. Sebille,age_band,18-29,concern_mean,88.06666666666666
Interview Prof. Sebille,age_band,18-29,distrust_post,22.1
Interview Prof. Sebille,age_band,18-29,donation_ams,2.1
Interview Prof. Sebille,age_band,18-29,funding_perceptions,75.7
Interview Prof. Sebille,age_band,18-29,inst_trust_mean,68.92
Interview Prof. Sebille,age_band,18-29,newsletter_signup,1.35
Interview Prof. Sebille,age_band,18-29,policy_general,83.5
Interview Prof. Sebille,age_band,18-29,policy_role_mean,83.425
Interview Prof. Sebille,age_band,18-29,policy_specific_mean,77.95714285714287
Interview Prof. Sebille,age_band,18-29,trust_multidimensional,81.08333333333333
Interview Prof. Sebille,age_band,18-29,trust_post,76.4
Interview Prof. Sebille,age_band,30-44,behavior_mean,46.666666666666664
Interview Prof. Sebille,age_band,30-44,belief_post,78.0
Interview Prof. Sebille,age_band,30-44,concern_mean,69.66666666666667
Interview Prof. Sebille,age_band,30-44,distrust_post,22.0
Interview Prof. Sebille,age_band,30-44,donation_ams,2.2
Interview Prof. Sebille,age_band,30-44,funding_perceptions,65.0
Interview Prof. Sebille,age_band,30-44,inst_trust_mean,64.2
Interview Prof. Sebille,age_band,30-44,newsletter_signup,1.75
Interview Prof. Sebille,age_band,30-44,policy_general,70.0
Interview Prof. Sebille,age_band,30-44,policy_role_mean,68.75
Interview Prof. Sebille,age_band,30-44,policy_specific_mean,72.28571428571429
Interview Prof. Sebille,age_band,30-44,trust_multidimensional,74.75
Interview Prof. Sebille,age_band,30-44,trust_post,76.0
Interview Prof. Sebille,age_band,45-59,behavior_mean,36.983333333333334
Interview Prof. Sebille,age_band,45-59,belief_post,58.3
Interview Prof. Sebille,age_band,45-59,concern_mean,63.53333333333334
Interview Prof. Sebille,age_band,45-59,distrust_post,37.2
Interview Prof. Sebille,age_band,45-59,donation_ams,1.82
Interview Prof. Sebille,age_band,45-59,funding_perceptions,55.5
Interview Prof. Sebille,age_band,45-59,inst_trust_mean,57.660000000000004
Interview Prof. Sebille,age_band,45-59,newsletter_signup,1.56
Interview Prof. Sebille,age_band,45-59,policy_general,64.8
Interview Prof. Sebille,age_band,45-59,policy_role_mean,65.8
Interview Prof. Sebille,age_band,45-59,policy_specific_mean,58.471428571428575
Interview Prof. Sebille,age_band,45-59,trust_multidimensional,70.09166666666667
Interview Prof. Sebille,age_band,45-59,trust_post,63.7
Interview Prof. Sebille,age_band,60+,behavior_mean,45.449999999999996
Interview Prof. Sebille,age_band,60+,belief_post,67.3
Interview Prof. Sebille,age_band,60+,concern_mean,64.5
Interview Prof. Sebille,age_band,60+,distrust_post,22.5
Interview Prof. Sebille,age_band,60+,donation_ams,3.5
Interview Prof. Sebille,age_band,60+,funding_perceptions,61.9
Interview Prof. Sebille,age_band,60+,inst_trust_mean,57.480000000000004
Interview Prof. Sebille,age_band,60+,newsletter_signup,1.58
Interview Prof. Sebille,age_band,60+,policy_general,66.8
Interview Prof. Sebille,age_band,60+,policy_role_mean,69.85
Interview Prof. Sebille,age_band,60+,policy_specific_mean,65.8
Interview Prof. Sebille,age_band,60+,trust_multidimensional,77.98333333333333
Interview Prof. Sebille,age_band,60+,trust_post,73.2
Interview Prof. Sebille,education,Bachelor's degree,behavior_mean,57.5
Interview Prof. Sebille,education,Bachelor's degree,belief_post,88.0
Interview Prof. Sebille,education,Bachelor's degree,concern_mean,77.0
Interview Prof. Sebille,education,Bachelor's degree,distrust_post,16.0
Interview Prof. Sebille,education,Bachelor's degree,donation_ams,3.8
Interview Prof. Sebille,education,Bachelor's degree,funding_perceptions,74.0
Interview Prof. Sebille,education,Bachelor's degree,inst_trust_mean,72.0
Interview Prof. Sebille,education,Bachelor's degree,newsletter_signup,1.3
Interview Prof. Sebille,education,Bachelor's degree,policy_general,86.0
Interview Prof. Sebille,education,Bachelor's degree,policy_role_mean,80.5
Interview Prof. Sebille,education,Bachelor's degree,policy_specific_mean,79.0
Interview Prof. Sebille,education,Bachelor's degree,trust_multidimensional,83.41666666666667
Interview Prof. Sebille,education,Bachelor's degree,trust_post,84.0
Interview Prof. Sebille,education,Doctorate degree / Ph.D.,behavior_mean,61.0
Interview Prof. Sebille,education,Doctorate degree / Ph.D.,belief_post,94.1
Interview Prof. Sebille,education,Doctorate degree / Ph.D.,concern_mean,89.13333333333333
Interview Prof. Sebille,education,Doctorate degree / Ph.D.,distrust_post,7.8
Interview Prof. Sebille,education,Doctorate degree / Ph.D.,donation_ams,4.6
Interview Prof. Sebille,education,Doctorate degree / Ph.D.,funding_perceptions,83.7
Interview Prof. Sebille,education,Doctorate degree / Ph.D.,inst_trust_mean,75.24000000000001
Interview Prof. Sebille,education,Doctorate degree / Ph.D.,newsletter_signup,1.25
Interview Prof. Sebille,education,Doctorate degree / Ph.D.,policy_general,88.7
Interview Prof. Sebille,education,Doctorate degree / Ph.D.,policy_role_mean,79.125
Interview Prof. Sebille,education,Doctorate degree / Ph.D.,policy_specific_mean,80.21428571428571
Interview Prof. Sebille,education,Doctorate degree / Ph.D.,trust_multidimensional,87.51666666666667
Interview Prof. Sebille,education,Doctorate degree / Ph.D.,trust_post,89.5
Interview Prof. Sebille,education,High school diploma / GED,behavior_mean,35.53333333333333
Interview Prof. Sebille,education,High school diploma / GED,belief_post,62.5
Interview Prof. Sebille,education,High school diploma / GED,concern_mean,57.36666666666667
Interview Prof. Sebille,education,High school diploma / GED,distrust_post,45.4
Interview Prof. Sebille,education,High school diploma / GED,donation_ams,3.2
Interview Prof. Sebille,education,High school diploma / GED,funding_perceptions,32.2
Interview Prof. Sebille,education,High school diploma / GED,inst_trust_mean,45.0
Interview Prof. Sebille,education,High school diploma / GED,newsletter_signup,0.38
Interview Prof. Sebille,education,High school diploma / GED,policy_general,58.9
Interview Prof. Sebille,education,High school diploma / GED,policy_role_mean,57.175000000000004
Interview Prof. Sebille,education,High school diploma / GED,policy_specific_mean,59.271428571428565
Interview Prof. Sebille,education,High school diploma / GED,trust_multidimensional,52.78333333333333
Interview Prof. Sebille,education,High school diploma / GED,trust_post,54.6
Interview Prof. Sebille,education,Less than high school,behavior_mean,18.5
Interview Prof. Sebille,education,Less than high school,belief_post,33.0
Interview Prof. Sebille,education,Less than high school,concern_mean,31.333333333333332
Interview Prof. Sebille,education,Less than high school,distrust_post,47.0
Interview Prof. Sebille,education,Less than high school,donation_ams,1.45
Interview Prof. Sebille,education,Less than high school,funding_perceptions,34.0
Interview Prof. Sebille,education,Less than high school,inst_trust_mean,33.2
Interview Prof. Sebille,education,Less than high school,newsletter_signup,1.72
Interview Prof. Sebille,education,Less than high school,policy_general,31.0
Interview Prof. Sebille,education,Less than high school,policy_role_mean,45.25
Interview Prof. Sebille,education,Less than high school,policy_specific_mean,34.142857142857146
Interview Prof. Sebille,education,Less than high school,trust_multidimensional,48.25
Interview Prof. Sebille,education,Less than high school,trust_post,48.0
Interview Prof. Sebille,education,Master's degree / Professional degree,behavior_mean,74.76666666666667
Interview Prof. Sebille,education,Master's degree / Professional degree,belief_post,93.2
Interview Prof. Sebille,education,Master's degree / Professional degree,concern_mean,88.26666666666667
Interview Prof. Sebille,education,Master's degree / Professional degree,distrust_post,7.8
Interview Prof. Sebille,education,Master's degree / Professional degree,donation_ams,4.6
Interview Prof. Sebille,education,Master's degree / Professional degree,funding_perceptions,82.5
Interview Prof. Sebille,education,Master's degree / Professional degree,inst_trust_mean,81.52000000000001
Interview Prof. Sebille,education,Master's degree / Professional degree,newsletter_signup,1.32
Interview Prof. Sebille,education,Master's degree / Professional degree,policy_general,91.4
Interview Prof. Sebille,education,Master's degree / Professional degree,policy_role_mean,87.325
Interview Prof. Sebille,education,Master's degree / Professional degree,policy_specific_mean,85.31428571428572
Interview Prof. Sebille,education,Master's degree / Professional degree,trust_multidimensional,86.63333333333333
Interview Prof. Sebille,education,Master's degree / Professional degree,trust_post,89.5
Interview Prof. Sebille,education,Some college or Associate's degree,behavior_mean,40.5
Interview Prof. Sebille,education,Some college or Associate's degree,belief_post,75.0
Interview Prof. Sebille,education,Some college or Associate's degree,concern_mean,68.66666666666667
Interview Prof. Sebille,education,Some college or Associate's degree,distrust_post,23.0
Interview Prof. Sebille,education,Some college or Associate's degree,donation_ams,28.0
Interview Prof. Sebille,education,Some college or Associate's degree,funding_perceptions,62.0
Interview Prof. Sebille,education,Some college or Associate's degree,inst_trust_mean,67.2
Interview Prof. Sebille,education,Some college or Associate's degree,newsletter_signup,1.42
Interview Prof. Sebille,education,Some college or Associate's degree,policy_general,70.0
Interview Prof. Sebille,education,Some college or Associate's degree,policy_role_mean,76.0
Interview Prof. Sebille,education,Some college or Associate's degree,policy_specific_mean,69.71428571428571
Interview Prof. Sebille,education,Some college or Associate's degree,trust_multidimensional,74.25
Interview Prof. Sebille,education,Some college or Associate's degree,trust_post,74.0
Interview Prof. Sebille,gender,Female,behavior_mean,57.833333333333336
Interview Prof. Sebille,gender,Female,belief_post,82.0
Interview Prof. Sebille,gender,Female,concern_mean,81.0
Interview Prof. Sebille,gender,Female,distrust_post,17.0
Interview Prof. Sebille,gender,Female,donation_ams,3.8
Interview Prof. Sebille,gender,Female,funding_perceptions,55.0
Interview Prof. Sebille,gender,Female,inst_trust_mean,72.4
Interview Prof. Sebille,gender,Female,newsletter_signup,0.42
Interview Prof. Sebille,gender,Female,policy_general,86.0
Interview Prof. Sebille,gender,Female,policy_role_mean,80.25
Interview Prof. Sebille,gender,Female,policy_specific_mean,79.0
Interview Prof. Sebille,gender,Female,trust_multidimensional,78.83333333333333
Interview Prof. Sebille,gender,Female,trust_post,83.0
Interview Prof. Sebille,gender,Male,behavior_mean,49.5
Interview Prof. Sebille,gender,Male,belief_post,67.0
Interview Prof. Sebille,gender,Male,concern_mean,65.33333333333333
Interview Prof. Sebille,gender,Male,distrust_post,29.0
Interview Prof. Sebille,gender,Male,donation_ams,1.8
Interview Prof. Sebille,gender,Male,funding_perceptions,74.0
Interview Prof. Sebille,gender,Male,inst_trust_mean,64.8
Interview Prof. Sebille,gender,Male,newsletter_signup,1.5
Interview Prof. Sebille,gender,Male,policy_general,65.0
Interview Prof. Sebille,gender,Male,policy_role_mean,71.0
Interview Prof. Sebille,gender,Male,policy_specific_mean,69.85714285714286
Interview Prof. Sebille,gender,Male,trust_multidimensional,70.5
Interview Prof. Sebille,gender,Male,trust_post,71.0
Interview Prof. Sebille,gender,Other,behavior_mean,61.5
Interview Prof. Sebille,gender,Other,belief_post,92.0
Interview Prof. Sebille,gender,Other,concern_mean,87.0
Interview Prof. Sebille,gender,Other,distrust_post,14.0
Interview Prof. Sebille,gender,Other,donation_ams,3.5
Interview Prof. Sebille,gender,Other,funding_perceptions,64.0
Interview Prof. Sebille,gender,Other,inst_trust_mean,80.0
Interview Prof. Sebille,gender,Other,newsletter_signup,1.6
Interview Prof. Sebille,gender,Other,policy_general,83.0
Interview Prof. Sebille,gender,Other,policy_role_mean,79.5
Interview Prof. Sebille,gender,Other,policy_specific_mean,81.14285714285714
Interview Prof. Sebille,gender,Other,trust_multidimensional,86.91666666666667
Interview Prof. Sebille,gender,Other,trust_post,86.0
Interview Prof. Sebille,income,"$100,000 to $167,999",behavior_mean,58.5
Interview Prof. Sebille,income,"$100,000 to $167,999",belief_post,84.0
Interview Prof. Sebille,income,"$100,000 to $167,999",concern_mean,75.66666666666667
Interview Prof. Sebille,income,"$100,000 to $167,999",distrust_post,21.0
Interview Prof. Sebille,income,"$100,000 to $167,999",donation_ams,3.1
Interview Prof. Sebille,income,"$100,000 to $167,999",funding_perceptions,58.0
Interview Prof. Sebille,income,"$100,000 to $167,999",inst_trust_mean,72.2
Interview Prof. Sebille,income,"$100,000 to $167,999",newsletter_signup,1.58
Interview Prof. Sebille,income,"$100,000 to $167,999",policy_general,79.0
Interview Prof. Sebille,income,"$100,000 to $167,999",policy_role_mean,75.0
Interview Prof. Sebille,income,"$100,000 to $167,999",policy_specific_mean,70.85714285714286
Interview Prof. Sebille,income,"$100,000 to $167,999",trust_multidimensional,79.5
Interview Prof. Sebille,income,"$100,000 to $167,999",trust_post,77.0
Interview Prof. Sebille,income,"$168,000 or more",behavior_mean,58.333333333333336
Interview Prof. Sebille,income,"$168,000 or more",belief_post,85.0
Interview Prof. Sebille,income,"$168,000 or more",concern_mean,73.66666666666667
Interview Prof. Sebille,income,"$168,000 or more",distrust_post,14.0
Interview Prof. Sebille,income,"$168,000 or more",donation_ams,6.8
Interview Prof. Sebille,income,"$168,000 or more",funding_perceptions,62.0
Interview Prof. Sebille,income,"$168,000 or more",inst_trust_mean,75.8
Interview Prof. Sebille,income,"$168,000 or more",newsletter_signup,1.35
Interview Prof. Sebille,income,"$168,000 or more",policy_general,79.0
Interview Prof. Sebille,income,"$168,000 or more",policy_role_mean,76.5
Interview Prof. Sebille,income,"$168,000 or more",policy_specific_mean,74.71428571428571
Interview Prof. Sebille,income,"$168,000 or more",trust_multidimensional,82.91666666666667
Interview Prof. Sebille,income,"$168,000 or more",trust_post,84.0
Interview Prof. Sebille,income,"$30,000 to $55,999",behavior_mean,47.666666666666664
Interview Prof. Sebille,income,"$30,000 to $55,999",belief_post,68.3
Interview Prof. Sebille,income,"$30,000 to $55,999",concern_mean,72.03333333333333
Interview Prof. Sebille,income,"$30,000 to $55,999",distrust_post,19.8
Interview Prof. Sebille,income,"$30,000 to $55,999",donation_ams,2.1
Interview Prof. Sebille,income,"$30,000 to $55,999",funding_perceptions,73.5
Interview Prof. Sebille,income,"$30,000 to $55,999",inst_trust_mean,67.08
Interview Prof. Sebille,income,"$30,000 to $55,999",newsletter_signup,58.0
Interview Prof. Sebille,income,"$30,000 to $55,999",policy_general,72.1
Interview Prof. Sebille,income,"$30,000 to $55,999",policy_role_mean,70.225
Interview Prof. Sebille,income,"$30,000 to $55,999",policy_specific_mean,72.27142857142857
Interview Prof. Sebille,income,"$30,000 to $55,999",trust_multidimensional,72.55833333333334
Interview Prof. Sebille,income,"$30,000 to $55,999",trust_post,70.6
Interview Prof. Sebille,income,"$56,000 to $99,999",behavior_mean,53.73333333333333
Interview Prof. Sebille,income,"$56,000 to $99,999",belief_post,73.1
Interview Prof. Sebille,income,"$56,000 to $99,999",concern_mean,67.83333333333333
Interview Prof. Sebille,income,"$56,000 to $99,999",distrust_post,21.6
Interview Prof. Sebille,income,"$56,000 to $99,999",donation_ams,2.8
Interview Prof. Sebille,income,"$56,000 to $99,999",funding_perceptions,63.8
Interview Prof. Sebille,income,"$56,000 to $99,999",inst_trust_mean,67.34
Interview Prof. Sebille,income,"$56,000 to $99,999",newsletter_signup,1.32
Interview Prof. Sebille,income,"$56,000 to $99,999",policy_general,71.5
Interview Prof. Sebille,income,"$56,000 to $99,999",policy_role_mean,74.325
Interview Prof. Sebille,income,"$56,000 to $99,999",policy_specific_mean,67.5
Interview Prof. Sebille,income,"$56,000 to $99,999",trust_multidimensional,80.76666666666667
Interview Prof. Sebille,income,"$56,000 to $99,999",trust_post,78.4
Interview Prof. Sebille,income,"Less than $30,000",behavior_mean,50.833333333333336
Interview Prof. Sebille,income,"Less than $30,000",belief_post,76.8
Interview Prof. Sebille,income,"Less than $30,000",concern_mean,75.3
Interview Prof. Sebille,income,"Less than $30,000",distrust_post,24.6
Interview Prof. Sebille,income,"Less than $30,000",donation_ams,3.1
Interview Prof. Sebille,income,"Less than $30,000",funding_perceptions,72.6
Interview Prof. Sebille,income,"Less than $30,000",inst_trust_mean,69.12
Interview Prof. Sebille,income,"Less than $30,000",newsletter_signup,1.36
Interview Prof. Sebille,income,"Less than $30,000",policy_general,73.5
Interview Prof. Sebille,income,"Less than $30,000",policy_role_mean,76.625
Interview Prof. Sebille,income,"Less than $30,000",policy_specific_mean,70.78571428571429
Interview Prof. Sebille,income,"Less than $30,000",trust_multidimensional,83.02499999999999
Interview Prof. Sebille,income,"Less than $30,000",trust_post,79.8
Interview Prof. Sebille,party,Democrat,behavior_mean,70.68333333333334
Interview Prof. Sebille,party,Democrat,belief_post,93.4
Interview Prof. Sebille,party,Democrat,concern_mean,91.26666666666667
Interview Prof. Sebille,party,Democrat,distrust_post,11.3
Interview Prof. Sebille,party,Democrat,donation_ams,5.2
Interview Prof. Sebille,party,Democrat,funding_perceptions,85.8
Interview Prof. Sebille,party,Democrat,inst_trust_mean,79.76
Interview Prof. Sebille,party,Democrat,newsletter_signup,1.48
Interview Prof. Sebille,party,Democrat,policy_general,90.5
Interview Prof. Sebille,party,Democrat,policy_role_mean,83.55
Interview Prof. Sebille,party,Democrat,policy_specific_mean,85.98571428571428
Interview Prof. Sebille,party,Democrat,trust_multidimensional,86.48333333333333
Interview Prof. Sebille,party,Democrat,trust_post,90.1
Interview Prof. Sebille,party,Independent,behavior_mean,34.75
Interview Prof. Sebille,party,Independent,belief_post,70.1
Interview Prof. Sebille,party,Independent,concern_mean,66.0
Interview Prof. Sebille,party,Independent,distrust_post,27.4
Interview Prof. Sebille,party,Independent,donation_ams,3.5
Interview Prof. Sebille,party,Independent,funding_perceptions,84.8
Interview Prof. Sebille,party,Independent,inst_trust_mean,55.06
Interview Prof. Sebille,party,Independent,newsletter_signup,1.3
Interview Prof. Sebille,party,Independent,policy_general,60.3
Interview Prof. Sebille,party,Independent,policy_role_mean,64.475
Interview Prof. Sebille,party,Independent,policy_specific_mean,58.042857142857144
Interview Prof. Sebille,party,Independent,trust_multidimensional,70.59166666666667
Interview Prof. Sebille,party,Independent,trust_post,68.5
Interview Prof. Sebille,party,Other,behavior_mean,48.65
Interview Prof. Sebille,party,Other,belief_post,66.1
Interview Prof. Sebille,party,Other,concern_mean,68.3
Interview Prof. Sebille,party,Other,distrust_post,23.6
Interview Prof. Sebille,party,Other,donation_ams,1.7
Interview Prof. Sebille,party,Other,funding_perceptions,51.8
Interview Prof. Sebille,party,Other,inst_trust_mean,63.92
Interview Prof. Sebille,party,Other,newsletter_signup,1.31
Interview Prof. Sebille,party,Other,policy_general,67.8
Interview Prof. Sebille,party,Other,policy_role_mean,68.6
Interview Prof. Sebille,party,Other,policy_specific_mean,64.07142857142857
Interview Prof. Sebille,party,Other,trust_multidimensional,73.10833333333333
Interview Prof. Sebille,party,Other,trust_post,73.9
Interview Prof. Sebille,party,Republican,behavior_mean,20.400000000000002
Interview Prof. Sebille,party,Republican,belief_post,23.8
Interview Prof. Sebille,party,Republican,concern_mean,19.566666666666666
Interview Prof. Sebille,party,Republican,distrust_post,58.2
Interview Prof. Sebille,party,Republican,donation_ams,1.4
Interview Prof. Sebille,party,Republican,funding_perceptions,23.700000000000003
Interview Prof. Sebille,party,Republican,inst_trust_mean,40.1
Interview Prof. Sebille,party,Republican,newsletter_signup,1.12
Interview Prof. Sebille,party,Republican,policy_general,26.5
Interview Prof. Sebille,party,Republican,policy_role_mean,38.275
Interview Prof. Sebille,party,Republican,policy_specific_mean,44.18571428571429
Interview Prof. Sebille,party,Republican,trust_multidimensional,34.43333333333333
Interview Prof. Sebille,party,Republican,trust_post,37.5
Interview Prof. Sebille,race,Asian / Asian American,behavior_mean,50.666666666666664
Interview Prof. Sebille,race,Asian / Asian American,belief_post,85.0
Interview Prof. Sebille,race,Asian / Asian American,concern_mean,78.66666666666667
Interview Prof. Sebille,race,Asian / Asian American,distrust_post,21.0
Interview Prof. Sebille,race,Asian / Asian American,donation_ams,2.3
Interview Prof. Sebille,race,Asian / Asian American,funding_perceptions,83.0
Interview Prof. Sebille,race,Asian / Asian American,inst_trust_mean,74.0
Interview Prof. Sebille,race,Asian / Asian American,newsletter_signup,1.58
Interview Prof. Sebille,race,Asian / Asian American,policy_general,73.0
Interview Prof. Sebille,race,Asian / Asian American,policy_role_mean,74.5
Interview Prof. Sebille,race,Asian / Asian American,policy_specific_mean,73.28571428571429
Interview Prof. Sebille,race,Asian / Asian American,trust_multidimensional,78.0
Interview Prof. Sebille,race,Asian / Asian American,trust_post,79.0
Interview Prof. Sebille,race,Black / African American,behavior_mean,43.166666666666664
Interview Prof. Sebille,race,Black / African American,belief_post,78.0
Interview Prof. Sebille,race,Black / African American,concern_mean,72.33333333333333
Interview Prof. Sebille,race,Black / African American,distrust_post,28.0
Interview Prof. Sebille,race,Black / African American,donation_ams,1.8
Interview Prof. Sebille,race,Black / African American,funding_perceptions,76.0
Interview Prof. Sebille,race,Black / African American,inst_trust_mean,60.0
Interview Prof. Sebille,race,Black / African American,newsletter_signup,1.72
Interview Prof. Sebille,race,Black / African American,policy_general,74.0
Interview Prof. Sebille,race,Black / African American,policy_role_mean,76.75
Interview Prof. Sebille,race,Black / African American,policy_specific_mean,72.71428571428571
Interview Prof. Sebille,race,Black / African American,trust_multidimensional,73.25
Interview Prof. Sebille,race,Black / African American,trust_post,66.0
Interview Prof. Sebille,race,Hispanic / Latino,behavior_mean,43.833333333333336
Interview Prof. Sebille,race,Hispanic / Latino,belief_post,79.0
Interview Prof. Sebille,race,Hispanic / Latino,concern_mean,73.0
Interview Prof. Sebille,race,Hispanic / Latino,distrust_post,24.0
Interview Prof. Sebille,race,Hispanic / Latino,donation_ams,2.3
Interview Prof. Sebille,race,Hispanic / Latino,funding_perceptions,78.0
Interview Prof. Sebille,race,Hispanic / Latino,inst_trust_mean,63.4
Interview Prof. Sebille,race,Hispanic / Latino,newsletter_signup,1.7
Interview Prof. Sebille,race,Hispanic / Latino,policy_general,73.0
Interview Prof. Sebille,race,Hispanic / Latino,policy_role_mean,69.75
Interview Prof. Sebille,race,Hispanic / Latino,policy_specific_mean,70.14285714285714
Interview Prof. Sebille,race,Hispanic / Latino,trust_multidimensional,73.91666666666667
Interview Prof. Sebille,race,Hispanic / Latino,trust_post,71.0
Interview Prof. Sebille,race,Other,behavior_mean,43.86666666666667
Interview Prof. Sebille,race,Other,belief_post,71.4
Interview Prof. Sebille,race,Other,concern_mean,76.5
Interview Prof. Sebille,race,Other,distrust_post,22.3
Interview Prof. Sebille,race,Other,donation_ams,2.9
Interview Prof. Sebille,race,Other,funding_perceptions,51.3
Interview Prof. Sebille,race,Other,inst_trust_mean,69.44
Interview Prof. Sebille,race,Other,newsletter_signup,1.36
Interview Prof. Sebille,race,Other,policy_general,78.2
Interview Prof. Sebille,race,Other,policy_role_mean,70.45
Interview Prof. Sebille,race,Other,policy_specific_mean,68.55714285714285
Interview Prof. Sebille,race,Other,trust_multidimensional,77.49166666666666
Interview Prof. Sebille,race,Other,trust_post,74.1
Interview Prof. Sebille,race,White / Caucasian,behavior_mean,28.833333333333332
Interview Prof. Sebille,race,White / Caucasian,belief_post,58.7
Interview Prof. Sebille,race,White / Caucasian,concern_mean,60.43333333333334
Interview Prof. Sebille,race,White / Caucasian,distrust_post,33.1
Interview Prof. Sebille,race,White / Caucasian,donation_ams,1.92
Interview Prof. Sebille,race,White / Caucasian,funding_perceptions,28.599999999999994
Interview Prof. Sebille,race,White / Caucasian,inst_trust_mean,43.760000000000005
Interview Prof. Sebille,race,White / Caucasian,newsletter_signup,1.25
Interview Prof. Sebille,race,White / Caucasian,policy_general,57.3
Interview Prof. Sebille,race,White / Caucasian,policy_role_mean,59.425
Interview Prof. Sebille,race,White / Caucasian,policy_specific_mean,57.114285714285714
Interview Prof. Sebille,race,White / Caucasian,trust_multidimensional,61.708333333333336
Interview Prof. Sebille,race,White / Caucasian,trust_post,62.5
Measurement & modeling (1),age_band,18-29,behavior_mean,40.333333333333336
Measurement & modeling (1),age_band,18-29,belief_post,88.0
Measurement & modeling (1),age_band,18-29,concern_mean,76.33333333333333
Measurement & modeling (1),age_band,18-29,distrust_post,18.0
Measurement & modeling (1),age_band,18-29,donation_ams,2.5
Measurement & modeling (1),age_band,18-29,funding_perceptions,75.0
Measurement & modeling (1),age_band,18-29,inst_trust_mean,67.8
Measurement & modeling (1),age_band,18-29,newsletter_signup,1.4
Measurement & modeling (1),age_band,18-29,policy_general,80.0
Measurement & modeling (1),age_band,18-29,policy_role_mean,77.25
Measurement & modeling (1),age_band,18-29,policy_specific_mean,76.0
Measurement & modeling (1),age_band,18-29,trust_multidimensional,76.5
Measurement & modeling (1),age_band,18-29,trust_post,78.0
Measurement & modeling (1),age_band,30-44,behavior_mean,41.0
Measurement & modeling (1),age_band,30-44,belief_post,72.0
Measurement & modeling (1),age_band,30-44,concern_mean,71.0
Measurement & modeling (1),age_band,30-44,distrust_post,18.0
Measurement & modeling (1),age_band,30-44,donation_ams,1.3
Measurement & modeling (1),age_band,30-44,funding_perceptions,64.0
Measurement & modeling (1),age_band,30-44,inst_trust_mean,76.8
Measurement & modeling (1),age_band,30-44,newsletter_signup,1.28
Measurement & modeling (1),age_band,30-44,policy_general,74.0
Measurement & modeling (1),age_band,30-44,policy_role_mean,67.0
Measurement & modeling (1),age_band,30-44,policy_specific_mean,72.57142857142857
Measurement & modeling (1),age_band,30-44,trust_multidimensional,76.25
Measurement & modeling (1),age_band,30-44,trust_post,70.0
Measurement & modeling (1),age_band,45-59,behavior_mean,33.166666666666664
Measurement & modeling (1),age_band,45-59,belief_post,66.0
Measurement & modeling (1),age_band,45-59,concern_mean,60.0
Measurement & modeling (1),age_band,45-59,distrust_post,18.0
Measurement & modeling (1),age_band,45-59,donation_ams,2.0
Measurement & modeling (1),age_band,45-59,funding_perceptions,52.0
Measurement & modeling (1),age_band,45-59,inst_trust_mean,57.2
Measurement & modeling (1),age_band,45-59,newsletter_signup,1.75
Measurement & modeling (1),age_band,45-59,policy_general,69.0
Measurement & modeling (1),age_band,45-59,policy_role_mean,70.75
Measurement & modeling (1),age_band,45-59,policy_specific_mean,66.71428571428571
Measurement & modeling (1),age_band,45-59,trust_multidimensional,75.41666666666667
Measurement & modeling (1),age_band,45-59,trust_post,73.0
Measurement & modeling (1),age_band,60+,behavior_mean,39.93333333333333
Measurement & modeling (1),age_band,60+,belief_post,61.5
Measurement & modeling (1),age_band,60+,concern_mean,55.03333333333333
Measurement & modeling (1),age_band,60+,distrust_post,22.4
Measurement & modeling (1),age_band,60+,donation_ams,3.8
Measurement & modeling (1),age_band,60+,funding_perceptions,32.2
Measurement & modeling (1),age_band,60+,inst_trust_mean,68.88
Measurement & modeling (1),age_band,60+,newsletter_signup,1.27
Measurement & modeling (1),age_band,60+,policy_general,63.2
Measurement & modeling (1),age_band,60+,policy_role_mean,66.425
Measurement & modeling (1),age_band,60+,policy_specific_mean,61.6
Measurement & modeling (1),age_band,60+,trust_multidimensional,71.83333333333333
Measurement & modeling (1),age_band,60+,trust_post,74.1
Measurement & modeling (1),education,Bachelor's degree,behavior_mean,42.5
Measurement & modeling (1),education,Bachelor's degree,belief_post,84.7
Measurement & modeling (1),education,Bachelor's degree,concern_mean,64.8
Measurement & modeling (1),education,Bachelor's degree,distrust_post,16.3
Measurement & modeling (1),education,Bachelor's degree,donation_ams,3.2
Measurement & modeling (1),education,Bachelor's degree,funding_perceptions,68.5
Measurement & modeling (1),education,Bachelor's degree,inst_trust_mean,75.96000000000001
Measurement & modeling (1),education,Bachelor's degree,newsletter_signup,1.42
Measurement & modeling (1),education,Bachelor's degree,policy_general,73.2
Measurement & modeling (1),education,Bachelor's degree,policy_role_mean,70.95
Measurement & modeling (1),education,Bachelor's degree,policy_specific_mean,70.84285714285714
Measurement & modeling (1),education,Bachelor's degree,trust_multidimensional,80.22500000000001
Measurement & modeling (1),education,Bachelor's degree,trust_post,82.4
Measurement & modeling (1),education,Doctorate degree / Ph.D.,behavior_mean,52.5
Measurement & modeling (1),education,Doctorate degree / Ph.D.,belief_post,93.0
Measurement & modeling (1),education,Doctorate degree / Ph.D.,concern_mean,83.33333333333333
Measurement & modeling (1),education,Doctorate degree / Ph.D.,distrust_post,4.0
Measurement & modeling (1),education,Doctorate degree / Ph.D.,donation_ams,4.2
Measurement & modeling (1),education,Doctorate degree / Ph.D.,funding_perceptions,65.0
Measurement & modeling (1),education,Doctorate degree / Ph.D.,inst_trust_mean,77.8
Measurement & modeling (1),education,Doctorate degree / Ph.D.,newsletter_signup,1.4
Measurement & modeling (1),education,Doctorate degree / Ph.D.,policy_general,76.0
Measurement & modeling (1),education,Doctorate degree / Ph.D.,policy_role_mean,76.75
Measurement & modeling (1),education,Doctorate degree / Ph.D.,policy_specific_mean,78.28571428571429
Measurement & modeling (1),education,Doctorate degree / Ph.D.,trust_multidimensional,80.75
Measurement & modeling (1),education,Doctorate degree / Ph.D.,trust_post,86.0
Measurement & modeling (1),education,High school diploma / GED,behavior_mean,37.166666666666664
Measurement & modeling (1),education,High school diploma / GED,belief_post,57.0
Measurement & modeling (1),education,High school diploma / GED,concern_mean,56.666666666666664
Measurement & modeling (1),education,High school diploma / GED,distrust_post,33.0
Measurement & modeling (1),education,High school diploma / GED,donation_ams,2.1
Measurement & modeling (1),education,High school diploma / GED,funding_perceptions,69.0
Measurement & modeling (1),education,High school diploma / GED,inst_trust_mean,63.2
Measurement & modeling (1),education,High school diploma / GED,newsletter_signup,1.65
Measurement & modeling (1),education,High school diploma / GED,policy_general,61.0
Measurement & modeling (1),education,High school diploma / GED,policy_role_mean,62.75
Measurement & modeling (1),education,High school diploma / GED,policy_specific_mean,60.42857142857143
Measurement & modeling (1),education,High school diploma / GED,trust_multidimensional,68.66666666666667
Measurement & modeling (1),education,High school diploma / GED,trust_post,67.0
Measurement & modeling (1),education,Less than high school,behavior_mean,19.133333333333333
Measurement & modeling (1),education,Less than high school,belief_post,28.9
Measurement & modeling (1),education,Less than high school,concern_mean,30.599999999999998
Measurement & modeling (1),education,Less than high school,distrust_post,63.7
Measurement & modeling (1),education,Less than high school,donation_ams,0.82
Measurement & modeling (1),education,Less than high school,funding_perceptions,72.5
Measurement & modeling (1),education,Less than high school,inst_trust_mean,34.04
Measurement & modeling (1),education,Less than high school,newsletter_signup,1.84
Measurement & modeling (1),education,Less than high school,policy_general,34.2
Measurement & modeling (1),education,Less than high school,policy_role_mean,38.7
Measurement & modeling (1),education,Less than high school,policy_specific_mean,46.114285714285714
Measurement & modeling (1),education,Less than high school,trust_multidimensional,35.65
Measurement & modeling (1),education,Less than high school,trust_post,29.3
Measurement & modeling (1),education,Master's degree / Professional degree,behavior_mean,56.5
Measurement & modeling (1),education,Master's degree / Professional degree,belief_post,91.0
Measurement & modeling (1),education,Master's degree / Professional degree,concern_mean,84.0
Measurement & modeling (1),education,Master's degree / Professional degree,distrust_post,16.0
Measurement & modeling (1),education,Master's degree / Professional degree,donation_ams,5.6
Measurement & modeling (1),education,Master's degree / Professional degree,funding_perceptions,80.0
Measurement & modeling (1),education,Master's degree / Professional degree,inst_trust_mean,75.8
Measurement & modeling (1),education,Master's degree / Professional degree,newsletter_signup,1.65
Measurement & modeling (1),education,Master's degree / Professional degree,policy_general,82.0
Measurement & modeling (1),education,Master's degree / Professional degree,policy_role_mean,73.75
Measurement & modeling (1),education,Master's degree / Professional degree,policy_specific_mean,78.85714285714286
Measurement & modeling (1),education,Master's degree / Professional degree,trust_multidimensional,81.41666666666667
Measurement & modeling (1),education,Master's degree / Professional degree,trust_post,84.0
Measurement & modeling (1),education,Some college or Associate's degree,behavior_mean,44.333333333333336
Measurement & modeling (1),education,Some college or Associate's degree,belief_post,68.0
Measurement & modeling (1),education,Some college or Associate's degree,concern_mean,65.66666666666667
Measurement & modeling (1),education,Some college or Associate's degree,distrust_post,22.0
Measurement & modeling (1),education,Some college or Associate's degree,donation_ams,3.8
Measurement & modeling (1),education,Some college or Associate's degree,funding_perceptions,57.0
Measurement & modeling (1),education,Some college or Associate's degree,inst_trust_mean,65.0
Measurement & modeling (1),education,Some college or Associate's degree,newsletter_signup,1.3
Measurement & modeling (1),education,Some college or Associate's degree,policy_general,66.0
Measurement & modeling (1),education,Some college or Associate's degree,policy_role_mean,65.75
Measurement & modeling (1),education,Some college or Associate's degree,policy_specific_mean,66.28571428571429
Measurement & modeling (1),education,Some college or Associate's degree,trust_multidimensional,70.83333333333333
Measurement & modeling (1),education,Some college or Associate's degree,trust_post,71.0
Measurement & modeling (1),gender,Female,behavior_mean,59.083333333333336
Measurement & modeling (1),gender,Female,belief_post,84.7
Measurement & modeling (1),gender,Female,concern_mean,76.76666666666667
Measurement & modeling (1),gender,Female,distrust_post,21.6
Measurement & modeling (1),gender,Female,donation_ams,5.1
Measurement & modeling (1),gender,Female,funding_perceptions,66.8
Measurement & modeling (1),gender,Female,inst_trust_mean,70.9
Measurement & modeling (1),gender,Female,newsletter_signup,1.4
Measurement & modeling (1),gender,Female,policy_general,79.5
Measurement & modeling (1),gender,Female,policy_role_mean,78.275
Measurement & modeling (1),gender,Female,policy_specific_mean,76.34285714285714
Measurement & modeling (1),gender,Female,trust_multidimensional,77.375
Measurement & modeling (1),gender,Female,trust_post,78.4
Measurement & modeling (1),gender,Male,behavior_mean,32.25
Measurement & modeling (1),gender,Male,belief_post,64.8
Measurement & modeling (1),gender,Male,concern_mean,52.300000000000004
Measurement & modeling (1),gender,Male,distrust_post,22.1
Measurement & modeling (1),gender,Male,donation_ams,1.8
Measurement & modeling (1),gender,Male,funding_perceptions,65.5
Measurement & modeling (1),gender,Male,inst_trust_mean,66.12
Measurement & modeling (1),gender,Male,newsletter_signup,1.8
Measurement & modeling (1),gender,Male,policy_general,57.9
Measurement & modeling (1),gender,Male,policy_role_mean,60.375
Measurement & modeling (1),gender,Male,policy_specific_mean,60.9
Measurement & modeling (1),gender,Male,trust_multidimensional,73.575
Measurement & modeling (1),gender,Male,trust_post,72.6
Measurement & modeling (1),gender,Other,behavior_mean,53.36666666666667
Measurement & modeling (1),gender,Other,belief_post,92.3
Measurement & modeling (1),gender,Other,concern_mean,87.76666666666667
Measurement & modeling (1),gender,Other,distrust_post,9.1
Measurement & modeling (1),gender,Other,donation_ams,7.35
Measurement & modeling (1),gender,Other,funding_perceptions,76.6
Measurement & modeling (1),gender,Other,inst_trust_mean,83.32000000000001
Measurement & modeling (1),gender,Other,newsletter_signup,1.22
Measurement & modeling (1),gender,Other,policy_general,91.2
Measurement & modeling (1),gender,Other,policy_role_mean,81.7
Measurement & modeling (1),gender,Other,policy_specific_mean,85.08571428571429
Measurement & modeling (1),gender,Other,trust_multidimensional,89.03333333333335
Measurement & modeling (1),gender,Other,trust_post,90.5
Measurement & modeling (1),income,"$100,000 to $167,999",behavior_mean,60.73333333333333
Measurement & modeling (1),income,"$100,000 to $167,999",belief_post,86.5
Measurement & modeling (1),income,"$100,000 to $167,999",concern_mean,83.26666666666667
Measurement & modeling (1),income,"$100,000 to $167,999",distrust_post,18.8
Measurement & modeling (1),income,"$100,000 to $167,999",donation_ams,4.3
Measurement & modeling (1),income,"$100,000 to $167,999",funding_perceptions,67.9
Measurement & modeling (1),income,"$100,000 to $167,999",inst_trust_mean,76.44
Measurement & modeling (1),income,"$100,000 to $167,999",newsletter_signup,1.29
Measurement & modeling (1),income,"$100,000 to $167,999",policy_general,79.8
Measurement & modeling (1),income,"$100,000 to $167,999",policy_role_mean,77.925
Measurement & modeling (1),income,"$100,000 to $167,999",policy_specific_mean,79.21428571428571
Measurement & modeling (1),income,"$100,000 to $167,999",trust_multidimensional,77.20833333333333
Measurement & modeling (1),income,"$100,000 to $167,999",trust_post,81.2
Measurement & modeling (1),income,"$168,000 or more",behavior_mean,32.18333333333333
Measurement & modeling (1),income,"$168,000 or more",belief_post,78.9
Measurement & modeling (1),income,"$168,000 or more",concern_mean,52.9
Measurement & modeling (1),income,"$168,000 or more",distrust_post,26.8
Measurement & modeling (1),income,"$168,000 or more",donation_ams,1.85
Measurement & modeling (1),income,"$168,000 or more",funding_perceptions,38.5
Measurement & modeling (1),income,"$168,000 or more",inst_trust_mean,66.22
Measurement & modeling (1),income,"$168,000 or more",newsletter_signup,1.62
Measurement & modeling (1),income,"$168,000 or more",policy_general,47.2
Measurement & modeling (1),income,"$168,000 or more",policy_role_mean,69.95
Measurement & modeling (1),income,"$168,000 or more",policy_specific_mean,55.271428571428565
Measurement & modeling (1),income,"$168,000 or more",trust_multidimensional,70.675
Measurement & modeling (1),income,"$168,000 or more",trust_post,72.4
Measurement & modeling (1),income,"$30,000 to $55,999",behavior_mean,44.38333333333333
Measurement & modeling (1),income,"$30,000 to $55,999",belief_post,67.4
Measurement & modeling (1),income,"$30,000 to $55,999",concern_mean,66.13333333333334
Measurement & modeling (1),income,"$30,000 to $55,999",distrust_post,22.1
Measurement & modeling (1),income,"$30,000 to $55,999",donation_ams,3.5
Measurement & modeling (1),income,"$30,000 to $55,999",funding_perceptions,53.2
Measurement & modeling (1),income,"$30,000 to $55,999",inst_trust_mean,58.04
Measurement & modeling (1),income,"$30,000 to $55,999",newsletter_signup,1.16
Measurement & modeling (1),income,"$30,000 to $55,999",policy_general,68.2
Measurement & modeling (1),income,"$30,000 to $55,999",policy_role_mean,69.4
Measurement & modeling (1),income,"$30,000 to $55,999",policy_specific_mean,67.32857142857144
Measurement & modeling (1),income,"$30,000 to $55,999",trust_multidimensional,76.74166666666666
Measurement & modeling (1),income,"$30,000 to $55,999",trust_post,74.6
Measurement & modeling (1),income,"$56,000 to $99,999",behavior_mean,57.65
Measurement & modeling (1),income,"$56,000 to $99,999",belief_post,67.6
Measurement & modeling (1),income,"$56,000 to $99,999",concern_mean,69.23333333333333
Measurement & modeling (1),income,"$56,000 to $99,999",distrust_post,24.8
Measurement & modeling (1),income,"$56,000 to $99,999",donation_ams,2.8
Measurement & modeling (1),income,"$56,000 to $99,999",funding_perceptions,71.1
Measurement & modeling (1),income,"$56,000 to $99,999",inst_trust_mean,68.8
Measurement & modeling (1),income,"$56,000 to $99,999",newsletter_signup,1.45
Measurement & modeling (1),income,"$56,000 to $99,999",policy_general,69.8
Measurement & modeling (1),income,"$56,000 to $99,999",policy_role_mean,74.675
Measurement & modeling (1),income,"$56,000 to $99,999",policy_specific_mean,73.17142857142858
Measurement & modeling (1),income,"$56,000 to $99,999",trust_multidimensional,74.825
Measurement & modeling (1),income,"$56,000 to $99,999",trust_post,75.1
Measurement & modeling (1),income,"Less than $30,000",behavior_mean,41.833333333333336
Measurement & modeling (1),income,"Less than $30,000",belief_post,53.0
Measurement & modeling (1),income,"Less than $30,000",concern_mean,53.0
Measurement & modeling (1),income,"Less than $30,000",distrust_post,34.0
Measurement & modeling (1),income,"Less than $30,000",donation_ams,0.7
Measurement & modeling (1),income,"Less than $30,000",funding_perceptions,64.0
Measurement & modeling (1),income,"Less than $30,000",inst_trust_mean,53.4
Measurement & modeling (1),income,"Less than $30,000",newsletter_signup,0.0
Measurement & modeling (1),income,"Less than $30,000",policy_general,56.0
Measurement & modeling (1),income,"Less than $30,000",policy_role_mean,57.5
Measurement & modeling (1),income,"Less than $30,000",policy_specific_mean,55.285714285714285
Measurement & modeling (1),income,"Less than $30,000",trust_multidimensional,67.25
Measurement & modeling (1),income,"Less than $30,000",trust_post,63.0
Measurement & modeling (1),party,Democrat,behavior_mean,60.300000000000004
Measurement & modeling (1),party,Democrat,belief_post,91.8
Measurement & modeling (1),party,Democrat,concern_mean,82.93333333333334
Measurement & modeling (1),party,Democrat,distrust_post,14.2
Measurement & modeling (1),party,Democrat,donation_ams,3.5
Measurement & modeling (1),party,Democrat,funding_perceptions,80.7
Measurement & modeling (1),party,Democrat,inst_trust_mean,78.94
Measurement & modeling (1),party,Democrat,newsletter_signup,1.6
Measurement & modeling (1),party,Democrat,policy_general,87.6
Measurement & modeling (1),party,Democrat,policy_role_mean,78.975
Measurement & modeling (1),party,Democrat,policy_specific_mean,79.3
Measurement & modeling (1),party,Democrat,trust_multidimensional,81.76666666666667
Measurement & modeling (1),party,Democrat,trust_post,84.5
Measurement & modeling (1),party,Independent,behavior_mean,36.800000000000004
Measurement & modeling (1),party,Independent,belief_post,54.2
Measurement & modeling (1),party,Independent,concern_mean,55.166666666666664
Measurement & modeling (1),party,Independent,distrust_post,37.8
Measurement & modeling (1),party,Independent,donation_ams,1.62
Measurement & modeling (1),party,Independent,funding_perceptions,56.5
Measurement & modeling (1),party,Independent,inst_trust_mean,59.02
Measurement & modeling (1),party,Independent,newsletter_signup,1.41
Measurement & modeling (1),party,Independent,policy_general,62.8
Measurement & modeling (1),party,Independent,policy_role_mean,68.3
Measurement & modeling (1),party,Independent,policy_specific_mean,62.08571428571429
Measurement & modeling (1),party,Independent,trust_multidimensional,68.16666666666667
Measurement & modeling (1),party,Independent,trust_post,64.6
Measurement & modeling (1),party,Other,behavior_mean,46.5
Measurement & modeling (1),party,Other,belief_post,68.0
Measurement & modeling (1),party,Other,concern_mean,60.333333333333336
Measurement & modeling (1),party,Other,distrust_post,24.0
Measurement & modeling (1),party,Other,donation_ams,3.0
Measurement & modeling (1),party,Other,funding_perceptions,59.0
Measurement & modeling (1),party,Other,inst_trust_mean,63.6
Measurement & modeling (1),party,Other,newsletter_signup,1.6
Measurement & modeling (1),party,Other,policy_general,68.0
Measurement & modeling (1),party,Other,policy_role_mean,67.25
Measurement & modeling (1),party,Other,policy_specific_mean,62.285714285714285
Measurement & modeling (1),party,Other,trust_multidimensional,67.66666666666667
Measurement & modeling (1),party,Other,trust_post,66.0
Measurement & modeling (1),party,Republican,behavior_mean,20.666666666666668
Measurement & modeling (1),party,Republican,belief_post,24.0
Measurement & modeling (1),party,Republican,concern_mean,23.333333333333332
Measurement & modeling (1),party,Republican,distrust_post,62.0
Measurement & modeling (1),party,Republican,donation_ams,15.0
Measurement & modeling (1),party,Republican,funding_perceptions,45.0
Measurement & modeling (1),party,Republican,inst_trust_mean,25.6
Measurement & modeling (1),party,Republican,newsletter_signup,22.0
Measurement & modeling (1),party,Republican,policy_general,26.0
Measurement & modeling (1),party,Republican,policy_role_mean,32.0
Measurement & modeling (1),party,Republican,policy_specific_mean,32.142857142857146
Measurement & modeling (1),party,Republican,trust_multidimensional,26.791666666666668
Measurement & modeling (1),party,Republican,trust_post,28.0
Measurement & modeling (1),race,Asian / Asian American,behavior_mean,41.800000000000004
Measurement & modeling (1),race,Asian / Asian American,belief_post,76.2
Measurement & modeling (1),race,Asian / Asian American,concern_mean,74.36666666666666
Measurement & modeling (1),race,Asian / Asian American,distrust_post,22.1
Measurement & modeling (1),race,Asian / Asian American,donation_ams,3.7
Measurement & modeling (1),race,Asian / Asian American,funding_perceptions,62.5
Measurement & modeling (1),race,Asian / Asian American,inst_trust_mean,72.02000000000001
Measurement & modeling (1),race,Asian / Asian American,newsletter_signup,1.32
Measurement & modeling (1),race,Asian / Asian American,policy_general,74.3
Measurement & modeling (1),race,Asian / Asian American,policy_role_mean,70.5
Measurement & modeling (1),race,Asian / Asian American,policy_specific_mean,71.35714285714286
Measurement & modeling (1),race,Asian / Asian American,trust_multidimensional,71.39999999999999
Measurement & modeling (1),race,Asian / Asian American,trust_post,71.4
Measurement & modeling (1),race,Black / African American,behavior_mean,57.833333333333336
Measurement & modeling (1),race,Black / African American,belief_post,82.0
Measurement & modeling (1),race,Black / African American,concern_mean,77.0
Measurement & modeling (1),race,Black / African American,distrust_post,22.0
Measurement & modeling (1),race,Black / African American,donation_ams,1.8
Measurement & modeling (1),race,Black / African American,funding_perceptions,82.0
Measurement & modeling (1),race,Black / African American,inst_trust_mean,65.2
Measurement & modeling (1),race,Black / African American,newsletter_signup,1.85
Measurement & modeling (1),race,Black / African American,policy_general,78.0
Measurement & modeling (1),race,Black / African American,policy_role_mean,69.0
Measurement & modeling (1),race,Black / African American,policy_specific_mean,72.71428571428571
Measurement & modeling (1),race,Black / African American,trust_multidimensional,73.58333333333333
Measurement & modeling (1),race,Black / African American,trust_post,74.0
Measurement & modeling (1),race,Hispanic / Latino,behavior_mean,54.050000000000004
Measurement & modeling (1),race,Hispanic / Latino,belief_post,88.9
Measurement & modeling (1),race,Hispanic / Latino,concern_mean,81.26666666666667
Measurement & modeling (1),race,Hispanic / Latino,distrust_post,24.2
Measurement & modeling (1),race,Hispanic / Latino,donation_ams,1.6
Measurement & modeling (1),race,Hispanic / Latino,funding_perceptions,71.3
Measurement & modeling (1),race,Hispanic / Latino,inst_trust_mean,72.7
Measurement & modeling (1),race,Hispanic / Latino,newsletter_signup,1.45
Measurement & modeling (1),race,Hispanic / Latino,policy_general,80.5
Measurement & modeling (1),race,Hispanic / Latino,policy_role_mean,78.4
Measurement & modeling (1),race,Hispanic / Latino,policy_specific_mean,81.14285714285714
Measurement & modeling (1),race,Hispanic / Latino,trust_multidimensional,74.93333333333334
Measurement & modeling (1),race,Hispanic / Latino,trust_post,75.8
Measurement & modeling (1),race,Other,behavior_mean,43.06666666666666
Measurement & modeling (1),race,Other,belief_post,64.7
Measurement & modeling (1),race,Other,concern_mean,65.2
Measurement & modeling (1),race,Other,distrust_post,35.8
Measurement & modeling (1),race,Other,donation_ams,1.82
Measurement & modeling (1),race,Other,funding_perceptions,51.7
Measurement & modeling (1),race,Other,inst_trust_mean,64.78
Measurement & modeling (1),race,Other,newsletter_signup,1.64
Measurement & modeling (1),race,Other,policy_general,69.8
Measurement & modeling (1),race,Other,policy_role_mean,69.0
Measurement & modeling (1),race,Other,policy_specific_mean,64.6
Measurement & modeling (1),race,Other,trust_multidimensional,73.23333333333333
Measurement & modeling (1),race,Other,trust_post,67.5
Measurement & modeling (1),race,White / Caucasian,behavior_mean,29.316666666666666
Measurement & modeling (1),race,White / Caucasian,belief_post,63.1
Measurement & modeling (1),race,White / Caucasian,concern_mean,46.63333333333333
Measurement & modeling (1),race,White / Caucasian,distrust_post,28.5
Measurement & modeling (1),race,White / Caucasian,donation_ams,2.7
Measurement & modeling (1),race,White / Caucasian,funding_perceptions,44.8
Measurement & modeling (1),race,White / Caucasian,inst_trust_mean,63.6
Measurement & modeling (1),race,White / Caucasian,newsletter_signup,1.78
Measurement & modeling (1),race,White / Caucasian,policy_general,64.8
Measurement & modeling (1),race,White / Caucasian,policy_role_mean,61.85
Measurement & modeling (1),race,White / Caucasian,policy_specific_mean,59.128571428571426
Measurement & modeling (1),race,White / Caucasian,trust_multidimensional,72.41666666666667
Measurement & modeling (1),race,White / Caucasian,trust_post,71.5
Measurement & modeling (2),age_band,18-29,behavior_mean,52.0
Measurement & modeling (2),age_band,18-29,belief_post,92.0
Measurement & modeling (2),age_band,18-29,concern_mean,83.66666666666667
Measurement & modeling (2),age_band,18-29,distrust_post,21.0
Measurement & modeling (2),age_band,18-29,donation_ams,3.8
Measurement & modeling (2),age_band,18-29,funding_perceptions,68.0
Measurement & modeling (2),age_band,18-29,inst_trust_mean,72.6
Measurement & modeling (2),age_band,18-29,newsletter_signup,1.8
Measurement & modeling (2),age_band,18-29,policy_general,86.0
Measurement & modeling (2),age_band,18-29,policy_role_mean,74.75
Measurement & modeling (2),age_band,18-29,policy_specific_mean,80.42857142857143
Measurement & modeling (2),age_band,18-29,trust_multidimensional,76.66666666666667
Measurement & modeling (2),age_band,18-29,trust_post,79.0
Measurement & modeling (2),age_band,30-44,behavior_mean,49.28333333333333
Measurement & modeling (2),age_band,30-44,belief_post,67.3
Measurement & modeling (2),age_band,30-44,concern_mean,66.60000000000001
Measurement & modeling (2),age_band,30-44,distrust_post,25.2
Measurement & modeling (2),age_band,30-44,donation_ams,2.9
Measurement & modeling (2),age_band,30-44,funding_perceptions,63.5
Measurement & modeling (2),age_band,30-44,inst_trust_mean,71.38
Measurement & modeling (2),age_band,30-44,newsletter_signup,1.13
Measurement & modeling (2),age_band,30-44,policy_general,64.5
Measurement & modeling (2),age_band,30-44,policy_role_mean,68.85
Measurement & modeling (2),age_band,30-44,policy_specific_mean,61.24285714285715
Measurement & modeling (2),age_band,30-44,trust_multidimensional,74.60833333333333
Measurement & modeling (2),age_band,30-44,trust_post,74.8
Measurement & modeling (2),age_band,45-59,behavior_mean,54.11666666666667
Measurement & modeling (2),age_band,45-59,belief_post,74.2
Measurement & modeling (2),age_band,45-59,concern_mean,71.0
Measurement & modeling (2),age_band,45-59,distrust_post,23.2
Measurement & modeling (2),age_band,45-59,donation_ams,2.85
Measurement & modeling (2),age_band,45-59,funding_perceptions,61.5
Measurement & modeling (2),age_band,45-59,inst_trust_mean,72.76
Measurement & modeling (2),age_band,45-59,newsletter_signup,1.52
Measurement & modeling (2),age_band,45-59,policy_general,75.9
Measurement & modeling (2),age_band,45-59,policy_role_mean,78.075
Measurement & modeling (2),age_band,45-59,policy_specific_mean,70.98571428571428
Measurement & modeling (2),age_band,45-59,trust_multidimensional,77.85833333333333
Measurement & modeling (2),age_band,45-59,trust_post,76.8
Measurement & modeling (2),age_band,60+,behavior_mean,40.18333333333333
Measurement & modeling (2),age_band,60+,belief_post,67.8
Measurement & modeling (2),age_band,60+,concern_mean,62.833333333333336
Measurement & modeling (2),age_band,60+,distrust_post,22.5
Measurement & modeling (2),age_band,60+,donation_ams,2.4
Measurement & modeling (2),age_band,60+,funding_perceptions,55.4
Measurement & modeling (2),age_band,60+,inst_trust_mean,63.279999999999994
Measurement & modeling (2),age_band,60+,newsletter_signup,1.35
Measurement & modeling (2),age_band,60+,policy_general,71.2
Measurement & modeling (2),age_band,60+,policy_role_mean,60.375
Measurement & modeling (2),age_band,60+,policy_specific_mean,67.68571428571428
Measurement & modeling (2),age_band,60+,trust_multidimensional,67.75833333333334
Measurement & modeling (2),age_band,60+,trust_post,74.3
Measurement & modeling (2),education,Bachelor's degree,behavior_mean,47.166666666666664
Measurement & modeling (2),education,Bachelor's degree,belief_post,82.4
Measurement & modeling (2),education,Bachelor's degree,concern_mean,77.2
Measurement & modeling (2),education,Bachelor's degree,distrust_post,14.3
Measurement & modeling (2),education,Bachelor's degree,donation_ams,3.1
Measurement & modeling (2),education,Bachelor's degree,funding_perceptions,76.3
Measurement & modeling (2),education,Bachelor's degree,inst_trust_mean,72.38000000000001
Measurement & modeling (2),education,Bachelor's degree,newsletter_signup,1.28
Measurement & modeling (2),education,Bachelor's degree,policy_general,78.9
Measurement & modeling (2),education,Bachelor's degree,policy_role_mean,80.875
Measurement & modeling (2),education,Bachelor's degree,policy_specific_mean,75.87142857142858
Measurement & modeling (2),education,Bachelor's degree,trust_multidimensional,75.48333333333333
Measurement & modeling (2),education,Bachelor's degree,trust_post,79.6
Measurement & modeling (2),education,Doctorate degree / Ph.D.,behavior_mean,60.5
Measurement & modeling (2),education,Doctorate degree / Ph.D.,belief_post,93.0
Measurement & modeling (2),education,Doctorate degree / Ph.D.,concern_mean,85.16666666666667
Measurement & modeling (2),education,Doctorate degree / Ph.D.,distrust_post,14.0
Measurement & modeling (2),education,Doctorate degree / Ph.D.,donation_ams,4.2
Measurement & modeling (2),education,Doctorate degree / Ph.D.,funding_perceptions,72.0
Measurement & modeling (2),education,Doctorate degree / Ph.D.,inst_trust_mean,82.1
Measurement & modeling (2),education,Doctorate degree / Ph.D.,newsletter_signup,1.2
Measurement & modeling (2),education,Doctorate degree / Ph.D.,policy_general,87.0
Measurement & modeling (2),education,Doctorate degree / Ph.D.,policy_role_mean,77.0
Measurement & modeling (2),education,Doctorate degree / Ph.D.,policy_specific_mean,79.64285714285714
Measurement & modeling (2),education,Doctorate degree / Ph.D.,trust_multidimensional,84.66666666666667
Measurement & modeling (2),education,Doctorate degree / Ph.D.,trust_post,86.0
Measurement & modeling (2),education,High school diploma / GED,behavior_mean,49.85
Measurement & modeling (2),education,High school diploma / GED,belief_post,72.6
Measurement & modeling (2),education,High school diploma / GED,concern_mean,58.73333333333333
Measurement & modeling (2),education,High school diploma / GED,distrust_post,23.2
Measurement & modeling (2),education,High school diploma / GED,donation_ams,2.1
Measurement & modeling (2),education,High school diploma / GED,funding_perceptions,62.5
Measurement & modeling (2),education,High school diploma / GED,inst_trust_mean,65.02000000000001
Measurement & modeling (2),education,High school diploma / GED,newsletter_signup,1.28
Measurement & modeling (2),education,High school diploma / GED,policy_general,67.9
Measurement & modeling (2),education,High school diploma / GED,policy_role_mean,77.275
Measurement & modeling (2),education,High school diploma / GED,policy_specific_mean,67.4
Measurement & modeling (2),education,High school diploma / GED,trust_multidimensional,75.41666666666667
Measurement & modeling (2),education,High school diploma / GED,trust_post,76.8
Measurement & modeling (2),education,Less than high school,behavior_mean,30.666666666666668
Measurement & modeling (2),education,Less than high school,belief_post,39.0
Measurement & modeling (2),education,Less than high school,concern_mean,36.0
Measurement & modeling (2),education,Less than high school,distrust_post,56.0
Measurement & modeling (2),education,Less than high school,donation_ams,1.3
Measurement & modeling (2),education,Less than high school,funding_perceptions,32.0
Measurement & modeling (2),education,Less than high school,inst_trust_mean,47.8
Measurement & modeling (2),education,Less than high school,newsletter_signup,1.9
Measurement & modeling (2),education,Less than high school,policy_general,43.0
Measurement & modeling (2),education,Less than high school,policy_role_mean,43.75
Measurement & modeling (2),education,Less than high school,policy_specific_mean,50.42857142857143
Measurement & modeling (2),education,Less than high school,trust_multidimensional,47.833333333333336
Measurement & modeling (2),education,Less than high school,trust_post,45.0
Measurement & modeling (2),education,Master's degree / Professional degree,behavior_mean,63.75
Measurement & modeling (2),education,Master's degree / Professional degree,belief_post,92.0
Measurement & modeling (2),education,Master's degree / Professional degree,concern_mean,90.16666666666667
Measurement & modeling (2),education,Master's degree / Professional degree,distrust_post,9.5
Measurement & modeling (2),education,Master's degree / Professional degree,donation_ams,4.75
Measurement & modeling (2),education,Master's degree / Professional degree,funding_perceptions,76.0
Measurement & modeling (2),education,Master's degree / Professional degree,inst_trust_mean,82.3
Measurement & modeling (2),education,Master's degree / Professional degree,newsletter_signup,1.65
Measurement & modeling (2),education,Master's degree / Professional degree,policy_general,89.5
Measurement & modeling (2),education,Master's degree / Professional degree,policy_role_mean,84.125
Measurement & modeling (2),education,Master's degree / Professional degree,policy_specific_mean,82.0
Measurement & modeling (2),education,Master's degree / Professional degree,trust_multidimensional,84.375
Measurement & modeling (2),education,Master's degree / Professional degree,trust_post,88.0
Measurement & modeling (2),education,Some college or Associate's degree,behavior_mean,48.23333333333333
Measurement & modeling (2),education,Some college or Associate's degree,belief_post,70.5
Measurement & modeling (2),education,Some college or Associate's degree,concern_mean,70.89999999999999
Measurement & modeling (2),education,Some college or Associate's degree,distrust_post,22.4
Measurement & modeling (2),education,Some college or Associate's degree,donation_ams,2.85
Measurement & modeling (2),education,Some college or Associate's degree,funding_perceptions,85.3
Measurement & modeling (2),education,Some college or Associate's degree,inst_trust_mean,66.64
Measurement & modeling (2),education,Some college or Associate's degree,newsletter_signup,1.21
Measurement & modeling (2),education,Some college or Associate's degree,policy_general,67.9
Measurement & modeling (2),education,Some college or Associate's degree,policy_role_mean,70.6
Measurement & modeling (2),education,Some college or Associate's degree,policy_specific_mean,66.38571428571429
Measurement & modeling (2),education,Some college or Associate's degree,trust_multidimensional,73.86666666666666
Measurement & modeling (2),education,Some college or Associate's degree,trust_post,76.8
Measurement & modeling (2),gender,Female,behavior_mean,50.76666666666667
Measurement & modeling (2),gender,Female,belief_post,85.7
Measurement & modeling (2),gender,Female,concern_mean,80.89999999999999
Measurement & modeling (2),gender,Female,distrust_post,16.8
Measurement & modeling (2),gender,Female,donation_ams,2.1
Measurement & modeling (2),gender,Female,funding_perceptions,68.5
Measurement & modeling (2),gender,Female,inst_trust_mean,69.12
Measurement & modeling (2),gender,Female,newsletter_signup,0.34
Measurement & modeling (2),gender,Female,policy_general,83.2
Measurement & modeling (2),gender,Female,policy_role_mean,76.9
Measurement & modeling (2),gender,Female,policy_specific_mean,76.60000000000001
Measurement & modeling (2),gender,Female,trust_multidimensional,80.69166666666666
Measurement & modeling (2),gender,Female,trust_post,80.4
Measurement & modeling (2),gender,Male,behavior_mean,42.65
Measurement & modeling (2),gender,Male,belief_post,71.8
Measurement & modeling (2),gender,Male,concern_mean,60.73333333333333
Measurement & modeling (2),gender,Male,distrust_post,24.5
Measurement & modeling (2),gender,Male,donation_ams,2.15
Measurement & modeling (2),gender,Male,funding_perceptions,66.8
Measurement & modeling (2),gender,Male,inst_trust_mean,64.76
Measurement & modeling (2),gender,Male,newsletter_signup,1.38
Measurement & modeling (2),gender,Male,policy_general,73.1
Measurement & modeling (2),gender,Male,policy_role_mean,72.15
Measurement & modeling (2),gender,Male,policy_specific_mean,68.25714285714285
Measurement & modeling (2),gender,Male,trust_multidimensional,73.45
Measurement & modeling (2),gender,Male,trust_post,75.5
Measurement & modeling (2),gender,Other,behavior_mean,72.55
Measurement & modeling (2),gender,Other,belief_post,84.6
Measurement & modeling (2),gender,Other,concern_mean,81.39999999999999
Measurement & modeling (2),gender,Other,distrust_post,23.8
Measurement & modeling (2),gender,Other,donation_ams,6.7
Measurement & modeling (2),gender,Other,funding_perceptions,65.8
Measurement & modeling (2),gender,Other,inst_trust_mean,75.86
Measurement & modeling (2),gender,Other,newsletter_signup,1.55
Measurement & modeling (2),gender,Other,policy_general,79.8
Measurement & modeling (2),gender,Other,policy_role_mean,77.2
Measurement & modeling (2),gender,Other,policy_specific_mean,78.22857142857143
Measurement & modeling (2),gender,Other,trust_multidimensional,77.09166666666667
Measurement & modeling (2),gender,Other,trust_post,76.5
Measurement & modeling (2),income,"$100,000 to $167,999",behavior_mean,49.333333333333336
Measurement & modeling (2),income,"$100,000 to $167,999",belief_post,79.0
Measurement & modeling (2),income,"$100,000 to $167,999",concern_mean,64.33333333333333
Measurement & modeling (2),income,"$100,000 to $167,999",distrust_post,32.0
Measurement & modeling (2),income,"$100,000 to $167,999",donation_ams,2.5
Measurement & modeling (2),income,"$100,000 to $167,999",funding_perceptions,57.0
Measurement & modeling (2),income,"$100,000 to $167,999",inst_trust_mean,65.4
Measurement & modeling (2),income,"$100,000 to $167,999",newsletter_signup,1.5
Measurement & modeling (2),income,"$100,000 to $167,999",policy_general,69.0
Measurement & modeling (2),income,"$100,000 to $167,999",policy_role_mean,63.75
Measurement & modeling (2),income,"$100,000 to $167,999",policy_specific_mean,62.857142857142854
Measurement & modeling (2),income,"$100,000 to $167,999",trust_multidimensional,65.5
Measurement & modeling (2),income,"$100,000 to $167,999",trust_post,61.0
Measurement & modeling (2),income,"$168,000 or more",behavior_mean,69.14999999999999
Measurement & modeling (2),income,"$168,000 or more",belief_post,90.8
Measurement & modeling (2),income,"$168,000 or more",concern_mean,86.39999999999999
Measurement & modeling (2),income,"$168,000 or more",distrust_post,11.8
Measurement & modeling (2),income,"$168,000 or more",donation_ams,5.9
Measurement & modeling (2),income,"$168,000 or more",funding_perceptions,65.4
Measurement & modeling (2),income,"$168,000 or more",inst_trust_mean,79.32000000000001
Measurement & modeling (2),income,"$168,000 or more",newsletter_signup,1.55
Measurement & modeling (2),income,"$168,000 or more",policy_general,84.5
Measurement & modeling (2),income,"$168,000 or more",policy_role_mean,80.05
Measurement & modeling (2),income,"$168,000 or more",policy_specific_mean,83.52857142857144
Measurement & modeling (2),income,"$168,000 or more",trust_multidimensional,86.04166666666667
Measurement & modeling (2),income,"$168,000 or more",trust_post,87.2
Measurement & modeling (2),income,"$30,000 to $55,999",behavior_mean,43.300000000000004
Measurement & modeling (2),income,"$30,000 to $55,999",belief_post,66.3
Measurement & modeling (2),income,"$30,000 to $55,999",concern_mean,64.36666666666666
Measurement & modeling (2),income,"$30,000 to $55,999",distrust_post,24.8
Measurement & modeling (2),income,"$30,000 to $55,999",donation_ams,5.2
Measurement & modeling (2),income,"$30,000 to $55,999",funding_perceptions,59.5
Measurement & modeling (2),income,"$30,000 to $55,999",inst_trust_mean,64.5
Measurement & modeling (2),income,"$30,000 to $55,999",newsletter_signup,1.45
Measurement & modeling (2),income,"$30,000 to $55,999",policy_general,71.8
Measurement & modeling (2),income,"$30,000 to $55,999",policy_role_mean,67.4
Measurement & modeling (2),income,"$30,000 to $55,999",policy_specific_mean,66.91428571428571
Measurement & modeling (2),income,"$30,000 to $55,999",trust_multidimensional,75.50833333333334
Measurement & modeling (2),income,"$30,000 to $55,999",trust_post,75.6
Measurement & modeling (2),income,"$56,000 to $99,999",behavior_mean,56.21666666666667
Measurement & modeling (2),income,"$56,000 to $99,999",belief_post,74.8
Measurement & modeling (2),income,"$56,000 to $99,999",concern_mean,73.39999999999999
Measurement & modeling (2),income,"$56,000 to $99,999",distrust_post,21.7
Measurement & modeling (2),income,"$56,000 to $99,999",donation_ams,5.1
Measurement & modeling (2),income,"$56,000 to $99,999",funding_perceptions,66.5
Measurement & modeling (2),income,"$56,000 to $99,999",inst_trust_mean,66.66
Measurement & modeling (2),income,"$56,000 to $99,999",newsletter_signup,1.26
Measurement & modeling (2),income,"$56,000 to $99,999",policy_general,76.5
Measurement & modeling (2),income,"$56,000 to $99,999",policy_role_mean,71.725
Measurement & modeling (2),income,"$56,000 to $99,999",policy_specific_mean,71.31428571428572
Measurement & modeling (2),income,"$56,000 to $99,999",trust_multidimensional,74.75
Measurement & modeling (2),income,"$56,000 to $99,999",trust_post,75.3
Measurement & modeling (2),income,"Less than $30,000",behavior_mean,58.9
Measurement & modeling (2),income,"Less than $30,000",belief_post,83.4
Measurement & modeling (2),income,"Less than $30,000",concern_mean,80.73333333333333
Measurement & modeling (2),income,"Less than $30,000",distrust_post,22.1
Measurement & modeling (2),income,"Less than $30,000",donation_ams,1.3
Measurement & modeling (2),income,"Less than $30,000",funding_perceptions,72.2
Measurement & modeling (2),income,"Less than $30,000",inst_trust_mean,65.72
Measurement & modeling (2),income,"Less than $30,000",newsletter_signup,1.35
Measurement & modeling (2),income,"Less than $30,000",policy_general,86.2
Measurement & modeling (2),income,"Less than $30,000",policy_role_mean,78.625
Measurement & modeling (2),income,"Less than $30,000",policy_specific_mean,73.18571428571428
Measurement & modeling (2),income,"Less than $30,000",trust_multidimensional,74.16666666666667
Measurement & modeling (2),income,"Less than $30,000",trust_post,75.4
Measurement & modeling (2),party,Democrat,behavior_mean,59.68333333333334
Measurement & modeling (2),party,Democrat,belief_post,92.3
Measurement & modeling (2),party,Democrat,concern_mean,86.06666666666666
Measurement & modeling (2),party,Democrat,distrust_post,11.9
Measurement & modeling (2),party,Democrat,donation_ams,2.7
Measurement & modeling (2),party,Democrat,funding_perceptions,81.5
Measurement & modeling (2),party,Democrat,inst_trust_mean,71.9
Measurement & modeling (2),party,Democrat,newsletter_signup,1.3
Measurement & modeling (2),party,Democrat,policy_general,90.5
Measurement & modeling (2),party,Democrat,policy_role_mean,76.525
Measurement & modeling (2),party,Democrat,policy_specific_mean,79.55714285714285
Measurement & modeling (2),party,Democrat,trust_multidimensional,84.02499999999999
Measurement & modeling (2),party,Democrat,trust_post,86.5
Measurement & modeling (2),party,Independent,behavior_mean,37.5
Measurement & modeling (2),party,Independent,belief_post,66.0
Measurement & modeling (2),party,Independent,concern_mean,63.333333333333336
Measurement & modeling (2),party,Independent,distrust_post,31.0
Measurement & modeling (2),party,Independent,donation_ams,24.0
Measurement & modeling (2),party,Independent,funding_perceptions,62.0
Measurement & modeling (2),party,Independent,inst_trust_mean,59.4
Measurement & modeling (2),party,Independent,newsletter_signup,19.0
Measurement & modeling (2),party,Independent,policy_general,61.0
Measurement & modeling (2),party,Independent,policy_role_mean,61.0
Measurement & modeling (2),party,Independent,policy_specific_mean,60.42857142857143
Measurement & modeling (2),party,Independent,trust_multidimensional,73.66666666666667
Measurement & modeling (2),party,Independent,trust_post,68.0
Measurement & modeling (2),party,Other,behavior_mean,33.56666666666667
Measurement & modeling (2),party,Other,belief_post,57.6
Measurement & modeling (2),party,Other,concern_mean,50.300000000000004
Measurement & modeling (2),party,Other,distrust_post,38.2
Measurement & modeling (2),party,Other,donation_ams,1.9
Measurement & modeling (2),party,Other,funding_perceptions,72.5
Measurement & modeling (2),party,Other,inst_trust_mean,56.4
Measurement & modeling (2),party,Other,newsletter_signup,1.86
Measurement & modeling (2),party,Other,policy_general,56.8
Measurement & modeling (2),party,Other,policy_role_mean,57.475
Measurement & modeling (2),party,Other,policy_specific_mean,56.0
Measurement & modeling (2),party,Other,trust_multidimensional,62.625
Measurement & modeling (2),party,Other,trust_post,55.9
Measurement & modeling (2),party,Republican,behavior_mean,33.11666666666667
Measurement & modeling (2),party,Republican,belief_post,30.5
Measurement & modeling (2),party,Republican,concern_mean,31.833333333333332
Measurement & modeling (2),party,Republican,distrust_post,56.9
Measurement & modeling (2),party,Republican,donation_ams,1.2
Measurement & modeling (2),party,Republican,funding_perceptions,31.599999999999994
Measurement & modeling (2),party,Republican,inst_trust_mean,40.12
Measurement & modeling (2),party,Republican,newsletter_signup,1.8
Measurement & modeling (2),party,Republican,policy_general,28.7
Measurement & modeling (2),party,Republican,policy_role_mean,41.475
Measurement & modeling (2),party,Republican,policy_specific_mean,48.028571428571425
Measurement & modeling (2),party,Republican,trust_multidimensional,43.25
Measurement & modeling (2),party,Republican,trust_post,41.2
Measurement & modeling (2),race,Asian / Asian American,behavior_mean,48.083333333333336
Measurement & modeling (2),race,Asian / Asian American,belief_post,84.9
Measurement & modeling (2),race,Asian / Asian American,concern_mean,78.2
Measurement & modeling (2),race,Asian / Asian American,distrust_post,12.8
Measurement & modeling (2),race,Asian / Asian American,donation_ams,2.7
Measurement & modeling (2),race,Asian / Asian American,funding_perceptions,69.5
Measurement & modeling (2),race,Asian / Asian American,inst_trust_mean,76.64
Measurement & modeling (2),race,Asian / Asian American,newsletter_signup,1.6
Measurement & modeling (2),race,Asian / Asian American,policy_general,81.2
Measurement & modeling (2),race,Asian / Asian American,policy_role_mean,79.575
Measurement & modeling (2),race,Asian / Asian American,policy_specific_mean,71.04285714285714
Measurement & modeling (2),race,Asian / Asian American,trust_multidimensional,84.73333333333333
Measurement & modeling (2),race,Asian / Asian American,trust_post,84.3
Measurement & modeling (2),race,Black / African American,behavior_mean,50.833333333333336
Measurement & modeling (2),race,Black / African American,belief_post,77.0
Measurement & modeling (2),race,Black / African American,concern_mean,77.0
Measurement & modeling (2),race,Black / African American,distrust_post,31.0
Measurement & modeling (2),race,Black / African American,donation_ams,1.6
Measurement & modeling (2),race,Black / African American,funding_perceptions,73.0
Measurement & modeling (2),race,Black / African American,inst_trust_mean,61.2
Measurement & modeling (2),race,Black / African American,newsletter_signup,1.78
Measurement & modeling (2),race,Black / African American,policy_general,75.0
Measurement & modeling (2),race,Black / African American,policy_role_mean,72.25
Measurement & modeling (2),race,Black / African American,policy_specific_mean,72.28571428571429
Measurement & modeling (2),race,Black / African American,trust_multidimensional,67.33333333333333
Measurement & modeling (2),race,Black / African American,trust_post,66.0
Measurement & modeling (2),race,Hispanic / Latino,behavior_mean,56.93333333333334
Measurement & modeling (2),race,Hispanic / Latino,belief_post,81.5
Measurement & modeling (2),race,Hispanic / Latino,concern_mean,77.63333333333333
Measurement & modeling (2),race,Hispanic / Latino,distrust_post,25.3
Measurement & modeling (2),race,Hispanic / Latino,donation_ams,1.32
Measurement & modeling (2),race,Hispanic / Latino,funding_perceptions,78.3
Measurement & modeling (2),race,Hispanic / Latino,inst_trust_mean,73.03999999999999
Measurement & modeling (2),race,Hispanic / Latino,newsletter_signup,1.68
Measurement & modeling (2),race,Hispanic / Latino,policy_general,78.9
Measurement & modeling (2),race,Hispanic / Latino,policy_role_mean,70.0
Measurement & modeling (2),race,Hispanic / Latino,policy_specific_mean,78.07142857142857
Measurement & modeling (2),race,Hispanic / Latino,trust_multidimensional,74.43333333333334
Measurement & modeling (2),race,Hispanic / Latino,trust_post,74.6
Measurement & modeling (2),race,Other,behavior_mean,45.71666666666667
Measurement & modeling (2),race,Other,belief_post,85.7
Measurement & modeling (2),race,Other,concern_mean,71.06666666666666
Measurement & modeling (2),race,Other,distrust_post,24.6
Measurement & modeling (2),race,Other,donation_ams,2.6
Measurement & modeling (2),race,Other,funding_perceptions,61.8
Measurement & modeling (2),race,Other,inst_trust_mean,69.0
Measurement & modeling (2),race,Other,newsletter_signup,1.62
Measurement & modeling (2),race,Other,policy_general,69.8
Measurement & modeling (2),race,Other,policy_role_mean,63.95
Measurement & modeling (2),race,Other,policy_specific_mean,64.5
Measurement & modeling (2),race,Other,trust_multidimensional,72.77499999999999
Measurement & modeling (2),race,Other,trust_post,75.4
Measurement & modeling (2),race,White / Caucasian,behavior_mean,45.81666666666666
Measurement & modeling (2),race,White / Caucasian,belief_post,66.9
Measurement & modeling (2),race,White / Caucasian,concern_mean,62.96666666666667
Measurement & modeling (2),race,White / Caucasian,distrust_post,33.8
Measurement & modeling (2),race,White / Caucasian,donation_ams,3.42
Measurement & modeling (2),race,White / Caucasian,funding_perceptions,61.8
Measurement & modeling (2),race,White / Caucasian,inst_trust_mean,68.42
Measurement & modeling (2),race,White / Caucasian,newsletter_signup,1.68
Measurement & modeling (2),race,White / Caucasian,policy_general,62.4
Measurement & modeling (2),race,White / Caucasian,policy_role_mean,68.85
Measurement & modeling (2),race,White / Caucasian,policy_specific_mean,62.98571428571428
Measurement & modeling (2),race,White / Caucasian,trust_multidimensional,69.68333333333334
Measurement & modeling (2),race,White / Caucasian,trust_post,67.5
Model accuracy,age_band,18-29,behavior_mean,46.71666666666667
Model accuracy,age_band,18-29,belief_post,79.8
Model accuracy,age_band,18-29,concern_mean,78.76666666666667
Model accuracy,age_band,18-29,distrust_post,24.1
Model accuracy,age_band,18-29,donation_ams,2.8
Model accuracy,age_band,18-29,funding_perceptions,76.6
Model accuracy,age_band,18-29,inst_trust_mean,68.58
Model accuracy,age_band,18-29,newsletter_signup,1.65
Model accuracy,age_band,18-29,policy_general,83.2
Model accuracy,age_band,18-29,policy_role_mean,72.125
Model accuracy,age_band,18-29,policy_specific_mean,74.45714285714287
Model accuracy,age_band,18-29,trust_multidimensional,74.69166666666666
Model accuracy,age_band,18-29,trust_post,72.6
Model accuracy,age_band,30-44,behavior_mean,36.65
Model accuracy,age_band,30-44,belief_post,75.9
Model accuracy,age_band,30-44,concern_mean,63.666666666666664
Model accuracy,age_band,30-44,distrust_post,21.6
Model accuracy,age_band,30-44,donation_ams,2.3
Model accuracy,age_band,30-44,funding_perceptions,68.6
Model accuracy,age_band,30-44,inst_trust_mean,63.6
Model accuracy,age_band,30-44,newsletter_signup,1.16
Model accuracy,age_band,30-44,policy_general,65.7
Model accuracy,age_band,30-44,policy_role_mean,66.375
Model accuracy,age_band,30-44,policy_specific_mean,68.72857142857143
Model accuracy,age_band,30-44,trust_multidimensional,70.16666666666667
Model accuracy,age_band,30-44,trust_post,73.8
Model accuracy,age_band,45-59,behavior_mean,43.333333333333336
Model accuracy,age_band,45-59,belief_post,67.8
Model accuracy,age_band,45-59,concern_mean,63.93333333333334
Model accuracy,age_band,45-59,distrust_post,37.2
Model accuracy,age_band,45-59,donation_ams,1.85
Model accuracy,age_band,45-59,funding_perceptions,51.5
Model accuracy,age_band,45-59,inst_trust_mean,61.120000000000005
Model accuracy,age_band,45-59,newsletter_signup,1.7
Model accuracy,age_band,45-59,policy_general,68.4
Model accuracy,age_band,45-59,policy_role_mean,67.575
Model accuracy,age_band,45-59,policy_specific_mean,62.95714285714286
Model accuracy,age_band,45-59,trust_multidimensional,66.21666666666667
Model accuracy,age_band,45-59,trust_post,67.0
Model accuracy,age_band,60+,behavior_mean,37.266666666666666
Model accuracy,age_band,60+,belief_post,71.8
Model accuracy,age_band,60+,concern_mean,70.93333333333334
Model accuracy,age_band,60+,distrust_post,26.4
Model accuracy,age_band,60+,donation_ams,3.8
Model accuracy,age_band,60+,funding_perceptions,48.8
Model accuracy,age_band,60+,inst_trust_mean,71.53999999999999
Model accuracy,age_band,60+,newsletter_signup,1.85
Model accuracy,age_band,60+,policy_general,67.3
Model accuracy,age_band,60+,policy_role_mean,69.2
Model accuracy,age_band,60+,policy_specific_mean,61.91428571428572
Model accuracy,age_band,60+,trust_multidimensional,72.20833333333333
Model accuracy,age_band,60+,trust_post,73.5
Model accuracy,education,Bachelor's degree,behavior_mean,46.666666666666664
Model accuracy,education,Bachelor's degree,belief_post,86.0
Model accuracy,education,Bachelor's degree,concern_mean,72.66666666666667
Model accuracy,education,Bachelor's degree,distrust_post,22.0
Model accuracy,education,Bachelor's degree,donation_ams,3.4
Model accuracy,education,Bachelor's degree,funding_perceptions,69.0
Model accuracy,education,Bachelor's degree,inst_trust_mean,67.8
Model accuracy,education,Bachelor's degree,newsletter_signup,1.45
Model accuracy,education,Bachelor's degree,policy_general,73.0
Model accuracy,education,Bachelor's degree,policy_role_mean,72.5
Model accuracy,education,Bachelor's degree,policy_specific_mean,68.85714285714286
Model accuracy,education,Bachelor's degree,trust_multidimensional,75.0
Model accuracy,education,Bachelor's degree,trust_post,76.0
Model accuracy,education,Doctorate degree / Ph.D.,behavior_mean,64.11666666666666
Model accuracy,education,Doctorate degree / Ph.D.,belief_post,91.4
Model accuracy,education,Doctorate degree / Ph.D.,concern_mean,84.0
Model accuracy,education,Doctorate degree / Ph.D.,distrust_post,13.2
Model accuracy,education,Doctorate degree / Ph.D.,donation_ams,5.4
Model accuracy,education,Doctorate degree / Ph.D.,funding_perceptions,72.5
Model accuracy,education,Doctorate degree / Ph.D.,inst_trust_mean,74.82000000000001
Model accuracy,education,Doctorate degree / Ph.D.,newsletter_signup,1.62
Model accuracy,education,Doctorate degree / Ph.D.,policy_general,87.9
Model accuracy,education,Doctorate degree / Ph.D.,policy_role_mean,82.675
Model accuracy,education,Doctorate degree / Ph.D.,policy_specific_mean,82.78571428571429
Model accuracy,education,Doctorate degree / Ph.D.,trust_multidimensional,83.02499999999999
Model accuracy,education,Doctorate degree / Ph.D.,trust_post,86.8
Model accuracy,education,High school diploma / GED,behavior_mean,29.0
Model accuracy,education,High school diploma / GED,belief_post,56.0
Model accuracy,education,High school diploma / GED,concern_mean,51.666666666666664
Model accuracy,education,High school diploma / GED,distrust_post,28.0
Model accuracy,education,High school diploma / GED,donation_ams,1.9
Model accuracy,education,High school diploma / GED,funding_perceptions,68.0
Model accuracy,education,High school diploma / GED,inst_trust_mean,59.2
Model accuracy,education,High school diploma / GED,newsletter_signup,1.25
Model accuracy,education,High school diploma / GED,policy_general,54.0
Model accuracy,education,High school diploma / GED,policy_role_mean,57.75
Model accuracy,education,High school diploma / GED,policy_specific_mean,60.857142857142854
Model accuracy,education,High school diploma / GED,trust_multidimensional,65.33333333333333
Model accuracy,education,High school diploma / GED,trust_post,61.0
Model accuracy,education,Less than high school,behavior_mean,34.516666666666666
Model accuracy,education,Less than high school,belief_post,38.2
Model accuracy,education,Less than high school,concern_mean,36.166666666666664
Model accuracy,education,Less than high school,distrust_post,49.5
Model accuracy,education,Less than high school,donation_ams,32.1
Model accuracy,education,Less than high school,funding_perceptions,44.6
Model accuracy,education,Less than high school,inst_trust_mean,43.980000000000004
Model accuracy,education,Less than high school,newsletter_signup,41.8
Model accuracy,education,Less than high school,policy_general,46.5
Model accuracy,education,Less than high school,policy_role_mean,58.65
Model accuracy,education,Less than high school,policy_specific_mean,52.028571428571425
Model accuracy,education,Less than high school,trust_multidimensional,51.15
Model accuracy,education,Less than high school,trust_post,49.8
Model accuracy,education,Master's degree / Professional degree,behavior_mean,55.0
Model accuracy,education,Master's degree / Professional degree,belief_post,92.0
Model accuracy,education,Master's degree / Professional degree,concern_mean,80.0
Model accuracy,education,Master's degree / Professional degree,distrust_post,15.0
Model accuracy,education,Master's degree / Professional degree,donation_ams,4.8
Model accuracy,education,Master's degree / Professional degree,funding_perceptions,72.0
Model accuracy,education,Master's degree / Professional degree,inst_trust_mean,72.4
Model accuracy,education,Master's degree / Professional degree,newsletter_signup,1.0
Model accuracy,education,Master's degree / Professional degree,policy_general,80.0
Model accuracy,education,Master's degree / Professional degree,policy_role_mean,71.0
Model accuracy,education,Master's degree / Professional degree,policy_specific_mean,73.42857142857143
Model accuracy,education,Master's degree / Professional degree,trust_multidimensional,77.66666666666667
Model accuracy,education,Master's degree / Professional degree,trust_post,78.0
Model accuracy,education,Some college or Associate's degree,behavior_mean,43.833333333333336
Model accuracy,education,Some college or Associate's degree,belief_post,81.0
Model accuracy,education,Some college or Associate's degree,concern_mean,72.66666666666667
Model accuracy,education,Some college or Associate's degree,distrust_post,24.0
Model accuracy,education,Some college or Associate's degree,donation_ams,2.4
Model accuracy,education,Some college or Associate's degree,funding_perceptions,61.0
Model accuracy,education,Some college or Associate's degree,inst_trust_mean,62.0
Model accuracy,education,Some college or Associate's degree,newsletter_signup,1.32
Model accuracy,education,Some college or Associate's degree,policy_general,75.0
Model accuracy,education,Some college or Associate's degree,policy_role_mean,66.5
Model accuracy,education,Some college or Associate's degree,policy_specific_mean,67.28571428571429
Model accuracy,education,Some college or Associate's degree,trust_multidimensional,75.0
Model accuracy,education,Some college or Associate's degree,trust_post,76.0
Model accuracy,gender,Female,behavior_mean,52.26666666666667
Model accuracy,gender,Female,belief_post,76.5
Model accuracy,gender,Female,concern_mean,71.3
Model accuracy,gender,Female,distrust_post,21.5
Model accuracy,gender,Female,donation_ams,3.65
Model accuracy,gender,Female,funding_perceptions,65.8
Model accuracy,gender,Female,inst_trust_mean,68.52
Model accuracy,gender,Female,newsletter_signup,1.72
Model accuracy,gender,Female,policy_general,68.9
Model accuracy,gender,Female,policy_role_mean,72.75
Model accuracy,gender,Female,policy_specific_mean,75.97142857142856
Model accuracy,gender,Female,trust_multidimensional,75.60000000000001
Model accuracy,gender,Female,trust_post,74.8
Model accuracy,gender,Male,behavior_mean,45.0
Model accuracy,gender,Male,belief_post,69.0
Model accuracy,gender,Male,concern_mean,68.33333333333333
Model accuracy,gender,Male,distrust_post,21.0
Model accuracy,gender,Male,donation_ams,3.8
Model accuracy,gender,Male,funding_perceptions,52.0
Model accuracy,gender,Male,inst_trust_mean,69.2
Model accuracy,gender,Male,newsletter_signup,1.25
Model accuracy,gender,Male,policy_general,64.0
Model accuracy,gender,Male,policy_role_mean,69.75
Model accuracy,gender,Male,policy_specific_mean,65.57142857142857
Model accuracy,gender,Male,trust_multidimensional,81.58333333333333
Model accuracy,gender,Male,trust_post,79.0
Model accuracy,gender,Other,behavior_mean,48.15
Model accuracy,gender,Other,belief_post,92.3
Model accuracy,gender,Other,concern_mean,84.83333333333333
Model accuracy,gender,Other,distrust_post,12.1
Model accuracy,gender,Other,donation_ams,2.8
Model accuracy,gender,Other,funding_perceptions,77.5
Model accuracy,gender,Other,inst_trust_mean,80.52000000000001
Model accuracy,gender,Other,newsletter_signup,1.58
Model accuracy,gender,Other,policy_general,88.7
Model accuracy,gender,Other,policy_role_mean,77.475
Model accuracy,gender,Other,policy_specific_mean,77.72857142857143
Model accuracy,gender,Other,trust_multidimensional,82.61666666666666
Model accuracy,gender,Other,trust_post,86.4
Model accuracy,income,"$100,000 to $167,999",behavior_mean,51.18333333333334
Model accuracy,income,"$100,000 to $167,999",belief_post,86.3
Model accuracy,income,"$100,000 to $167,999",concern_mean,76.76666666666667
Model accuracy,income,"$100,000 to $167,999",distrust_post,14.2
Model accuracy,income,"$100,000 to $167,999",donation_ams,3.82
Model accuracy,income,"$100,000 to $167,999",funding_perceptions,71.6
Model accuracy,income,"$100,000 to $167,999",inst_trust_mean,72.52000000000001
Model accuracy,income,"$100,000 to $167,999",newsletter_signup,0.78
Model accuracy,income,"$100,000 to $167,999",policy_general,83.1
Model accuracy,income,"$100,000 to $167,999",policy_role_mean,77.1
Model accuracy,income,"$100,000 to $167,999",policy_specific_mean,78.24285714285715
Model accuracy,income,"$100,000 to $167,999",trust_multidimensional,83.8
Model accuracy,income,"$100,000 to $167,999",trust_post,81.5
Model accuracy,income,"$168,000 or more",behavior_mean,64.16666666666667
Model accuracy,income,"$168,000 or more",belief_post,91.0
Model accuracy,income,"$168,000 or more",concern_mean,88.66666666666667
Model accuracy,income,"$168,000 or more",distrust_post,14.0
Model accuracy,income,"$168,000 or more",donation_ams,4.5
Model accuracy,income,"$168,000 or more",funding_perceptions,55.0
Model accuracy,income,"$168,000 or more",inst_trust_mean,80.8
Model accuracy,income,"$168,000 or more",newsletter_signup,1.2
Model accuracy,income,"$168,000 or more",policy_general,89.0
Model accuracy,income,"$168,000 or more",policy_role_mean,84.25
Model accuracy,income,"$168,000 or more",policy_specific_mean,79.85714285714286
Model accuracy,income,"$168,000 or more",trust_multidimensional,81.0
Model accuracy,income,"$168,000 or more",trust_post,86.0
Model accuracy,income,"$30,000 to $55,999",behavior_mean,46.5
Model accuracy,income,"$30,000 to $55,999",belief_post,73.0
Model accuracy,income,"$30,000 to $55,999",concern_mean,71.0
Model accuracy,income,"$30,000 to $55,999",distrust_post,33.0
Model accuracy,income,"$30,000 to $55,999",donation_ams,3.1
Model accuracy,income,"$30,000 to $55,999",funding_perceptions,56.0
Model accuracy,income,"$30,000 to $55,999",inst_trust_mean,63.4
Model accuracy,income,"$30,000 to $55,999",newsletter_signup,1.62
Model accuracy,income,"$30,000 to $55,999",policy_general,70.0
Model accuracy,income,"$30,000 to $55,999",policy_role_mean,59.0
Model accuracy,income,"$30,000 to $55,999",policy_specific_mean,66.14285714285714
Model accuracy,income,"$30,000 to $55,999",trust_multidimensional,65.41666666666667
Model accuracy,income,"$30,000 to $55,999",trust_post,67.0
Model accuracy,income,"$56,000 to $99,999",behavior_mean,45.0
Model accuracy,income,"$56,000 to $99,999",belief_post,69.0
Model accuracy,income,"$56,000 to $99,999",concern_mean,68.0
Model accuracy,income,"$56,000 to $99,999",distrust_post,24.0
Model accuracy,income,"$56,000 to $99,999",donation_ams,1.6
Model accuracy,income,"$56,000 to $99,999",funding_perceptions,72.0
Model accuracy,income,"$56,000 to $99,999",inst_trust_mean,69.4
Model accuracy,income,"$56,000 to $99,999",newsletter_signup,1.35
Model accuracy,income,"$56,000 to $99,999",policy_general,73.0
Model accuracy,income,"$56,000 to $99,999",policy_role_mean,69.0
Model accuracy,income,"$56,000 to $99,999",policy_specific_mean,70.57142857142857
Model accuracy,income,"$56,000 to $99,999",trust_multidimensional,73.91666666666667
Model accuracy,income,"$56,000 to $99,999",trust_post,76.0
Model accuracy,income,"Less than $30,000",behavior_mean,27.433333333333334
Model accuracy,income,"Less than $30,000",belief_post,78.9
Model accuracy,income,"Less than $30,000",concern_mean,73.16666666666667
Model accuracy,income,"Less than $30,000",distrust_post,27.8
Model accuracy,income,"Less than $30,000",donation_ams,13.5
Model accuracy,income,"Less than $30,000",funding_perceptions,67.6
Model accuracy,income,"Less than $30,000",inst_trust_mean,62.82000000000001
Model accuracy,income,"Less than $30,000",newsletter_signup,1.78
Model accuracy,income,"Less than $30,000",policy_general,76.5
Model accuracy,income,"Less than $30,000",policy_role_mean,64.425
Model accuracy,income,"Less than $30,000",policy_specific_mean,61.6
Model accuracy,income,"Less than $30,000",trust_multidimensional,70.675
Model accuracy,income,"Less than $30,000",trust_post,70.5
Model accuracy,party,Democrat,behavior_mean,60.166666666666664
Model accuracy,party,Democrat,belief_post,91.0
Model accuracy,party,Democrat,concern_mean,80.66666666666667
Model accuracy,party,Democrat,distrust_post,7.0
Model accuracy,party,Democrat,donation_ams,3.4
Model accuracy,party,Democrat,funding_perceptions,76.0
Model accuracy,party,Democrat,inst_trust_mean,79.6
Model accuracy,party,Democrat,newsletter_signup,1.35
Model accuracy,party,Democrat,policy_general,88.0
Model accuracy,party,Democrat,policy_role_mean,84.5
Model accuracy,party,Democrat,policy_specific_mean,83.28571428571429
Model accuracy,party,Democrat,trust_multidimensional,80.75
Model accuracy,party,Democrat,trust_post,87.0
Model accuracy,party,Independent,behavior_mean,32.75
Model accuracy,party,Independent,belief_post,63.2
Model accuracy,party,Independent,concern_mean,56.199999999999996
Model accuracy,party,Independent,distrust_post,34.1
Model accuracy,party,Independent,donation_ams,2.6
Model accuracy,party,Independent,funding_perceptions,61.5
Model accuracy,party,Independent,inst_trust_mean,66.06
Model accuracy,party,Independent,newsletter_signup,1.31
Model accuracy,party,Independent,policy_general,61.8
Model accuracy,party,Independent,policy_role_mean,67.15
Model accuracy,party,Independent,policy_specific_mean,61.528571428571425
Model accuracy,party,Independent,trust_multidimensional,64.53333333333333
Model accuracy,party,Independent,trust_post,65.4
Model accuracy,party,Other,behavior_mean,41.0
Model accuracy,party,Other,belief_post,72.0
Model accuracy,party,Other,concern_mean,63.0
Model accuracy,party,Other,distrust_post,28.0
Model accuracy,party,Other,donation_ams,3.1
Model accuracy,party,Other,funding_perceptions,42.0
Model accuracy,party,Other,inst_trust_mean,70.2
Model accuracy,party,Other,newsletter_signup,1.36
Model accuracy,party,Other,policy_general,64.0
Model accuracy,party,Other,policy_role_mean,69.75
Model accuracy,party,Other,policy_specific_mean,63.714285714285715
Model accuracy,party,Other,trust_multidimensional,73.16666666666667
Model accuracy,party,Other,trust_post,70.0
Model accuracy,party,Republican,behavior_mean,24.8
Model accuracy,party,Republican,belief_post,37.6
Model accuracy,party,Republican,concern_mean,28.066666666666666
Model accuracy,party,Republican,distrust_post,45.8
Model accuracy,party,Republican,donation_ams,1.7
Model accuracy,party,Republican,funding_perceptions,23.599999999999994
Model accuracy,party,Republican,inst_trust_mean,44.64
Model accuracy,party,Republican,newsletter_signup,0.16
Model accuracy,party,Republican,policy_general,31.8
Model accuracy,party,Republican,policy_role_mean,43.2
Model accuracy,party,Republican,policy_specific_mean,48.300000000000004
Model accuracy,party,Republican,trust_multidimensional,53.69166666666666
Model accuracy,party,Republican,trust_post,54.2
Model accuracy,race,Asian / Asian American,behavior_mean,51.86666666666667
Model accuracy,race,Asian / Asian American,belief_post,77.8
Model accuracy,race,Asian / Asian American,concern_mean,73.16666666666667
Model accuracy,race,Asian / Asian American,distrust_post,18.5
Model accuracy,race,Asian / Asian American,donation_ams,3.8
Model accuracy,race,Asian / Asian American,funding_perceptions,75.9
Model accuracy,race,Asian / Asian American,inst_trust_mean,70.03999999999999
Model accuracy,race,Asian / Asian American,newsletter_signup,1.45
Model accuracy,race,Asian / Asian American,policy_general,71.4
Model accuracy,race,Asian / Asian American,policy_role_mean,69.475
Model accuracy,race,Asian / Asian American,policy_specific_mean,72.32857142857144
Model accuracy,race,Asian / Asian American,trust_multidimensional,76.05833333333334
Model accuracy,race,Asian / Asian American,trust_post,76.5
Model accuracy,race,Black / African American,behavior_mean,47.5
Model accuracy,race,Black / African American,belief_post,68.0
Model accuracy,race,Black / African American,concern_mean,69.33333333333333
Model accuracy,race,Black / African American,distrust_post,16.0
Model accuracy,race,Black / African American,donation_ams,2.4
Model accuracy,race,Black / African American,funding_perceptions,69.0
Model accuracy,race,Black / African American,inst_trust_mean,68.2
Model accuracy,race,Black / African American,newsletter_signup,1.2
Model accuracy,race,Black / African American,policy_general,65.0
Model accuracy,race,Black / African American,policy_role_mean,71.0
Model accuracy,race,Black / African American,policy_specific_mean,68.85714285714286
Model accuracy,race,Black / African American,trust_multidimensional,70.58333333333333
Model accuracy,race,Black / African American,trust_post,72.0
Model accuracy,race,Hispanic / Latino,behavior_mean,41.61666666666667
Model accuracy,race,Hispanic / Latino,belief_post,77.8
Model accuracy,race,Hispanic / Latino,concern_mean,59.79999999999999
Model accuracy,race,Hispanic / Latino,distrust_post,21.7
Model accuracy,race,Hispanic / Latino,donation_ams,2.1
Model accuracy,race,Hispanic / Latino,funding_perceptions,63.8
Model accuracy,race,Hispanic / Latino,inst_trust_mean,71.6
Model accuracy,race,Hispanic / Latino,newsletter_signup,1.31
Model accuracy,race,Hispanic / Latino,policy_general,71.9
Model accuracy,race,Hispanic / Latino,policy_role_mean,61.35
Model accuracy,race,Hispanic / Latino,policy_specific_mean,68.45714285714286
Model accuracy,race,Hispanic / Latino,trust_multidimensional,74.47500000000001
Model accuracy,race,Hispanic / Latino,trust_post,75.1
Model accuracy,race,Other,behavior_mean,55.5
Model accuracy,race,Other,belief_post,86.0
Model accuracy,race,Other,concern_mean,80.0
Model accuracy,race,Other,distrust_post,14.0
Model accuracy,race,Other,donation_ams,2.8
Model accuracy,race,Other,funding_perceptions,62.0
Model accuracy,race,Other,inst_trust_mean,76.4
Model accuracy,race,Other,newsletter_signup,1.65
Model accuracy,race,Other,policy_general,79.0
Model accuracy,race,Other,policy_role_mean,83.75
Model accuracy,race,Other,policy_specific_mean,75.57142857142857
Model accuracy,race,Other,trust_multidimensional,82.25
Model accuracy,race,Other,trust_post,84.0
Model accuracy,race,White / Caucasian,behavior_mean,45.0
Model accuracy,race,White / Caucasian,belief_post,72.9
Model accuracy,race,White / Caucasian,concern_mean,64.8
Model accuracy,race,White / Caucasian,distrust_post,26.8
Model accuracy,race,White / Caucasian,donation_ams,3.4
Model accuracy,race,White / Caucasian,funding_perceptions,53.5
Model accuracy,race,White / Caucasian,inst_trust_mean,69.32000000000001
Model accuracy,race,White / Caucasian,newsletter_signup,1.45
Model accuracy,race,White / Caucasian,policy_general,62.1
Model accuracy,race,White / Caucasian,policy_role_mean,67.05
Model accuracy,race,White / Caucasian,policy_specific_mean,60.800000000000004
Model accuracy,race,White / Caucasian,trust_multidimensional,71.65833333333333
Model accuracy,race,White / Caucasian,trust_post,70.4
Oil industry misinformation,age_band,18-29,behavior_mean,55.666666666666664
Oil industry misinformation,age_band,18-29,belief_post,88.0
Oil industry misinformation,age_band,18-29,concern_mean,82.33333333333333
Oil industry misinformation,age_band,18-29,distrust_post,14.0
Oil industry misinformation,age_band,18-29,donation_ams,4.8
Oil industry misinformation,age_band,18-29,funding_perceptions,76.0
Oil industry misinformation,age_band,18-29,inst_trust_mean,77.4
Oil industry misinformation,age_band,18-29,newsletter_signup,1.65
Oil industry misinformation,age_band,18-29,policy_general,82.0
Oil industry misinformation,age_band,18-29,policy_role_mean,80.0
Oil industry misinformation,age_band,18-29,policy_specific_mean,79.42857142857143
Oil industry misinformation,age_band,18-29,trust_multidimensional,80.58333333333333
Oil industry misinformation,age_band,18-29,trust_post,85.0
Oil industry misinformation,age_band,30-44,behavior_mean,52.166666666666664
Oil industry misinformation,age_band,30-44,belief_post,84.0
Oil industry misinformation,age_band,30-44,concern_mean,75.66666666666667
Oil industry misinformation,age_band,30-44,distrust_post,18.0
Oil industry misinformation,age_band,30-44,donation_ams,3.7
Oil industry misinformation,age_band,30-44,funding_perceptions,72.0
Oil industry misinformation,age_band,30-44,inst_trust_mean,69.2
Oil industry misinformation,age_band,30-44,newsletter_signup,1.2
Oil industry misinformation,age_band,30-44,policy_general,79.0
Oil industry misinformation,age_band,30-44,policy_role_mean,75.25
Oil industry misinformation,age_band,30-44,policy_specific_mean,71.57142857142857
Oil industry misinformation,age_band,30-44,trust_multidimensional,77.16666666666667
Oil industry misinformation,age_band,30-44,trust_post,80.0
Oil industry misinformation,age_band,45-59,behavior_mean,45.9
Oil industry misinformation,age_band,45-59,belief_post,76.8
Oil industry misinformation,age_band,45-59,concern_mean,66.26666666666667
Oil industry misinformation,age_band,45-59,distrust_post,34.5
Oil industry misinformation,age_band,45-59,donation_ams,2.3
Oil industry misinformation,age_band,45-59,funding_perceptions,32.599999999999994
Oil industry misinformation,age_band,45-59,inst_trust_mean,67.82000000000001
Oil industry misinformation,age_band,45-59,newsletter_signup,1.4
Oil industry misinformation,age_band,45-59,policy_general,71.3
Oil industry misinformation,age_band,45-59,policy_role_mean,72.325
Oil industry misinformation,age_band,45-59,policy_specific_mean,69.77142857142857
Oil industry misinformation,age_band,45-59,trust_multidimensional,68.88333333333334
Oil industry misinformation,age_band,45-59,trust_post,63.2
Oil industry misinformation,age_band,60+,behavior_mean,38.550000000000004
Oil industry misinformation,age_band,60+,belief_post,67.8
Oil industry misinformation,age_band,60+,concern_mean,59.4
Oil industry misinformation,age_band,60+,distrust_post,28.4
Oil industry misinformation,age_band,60+,donation_ams,1.6
Oil industry misinformation,age_band,60+,funding_perceptions,51.9
Oil industry misinformation,age_band,60+,inst_trust_mean,64.38
Oil industry misinformation,age_band,60+,newsletter_signup,1.32
Oil industry misinformation,age_band,60+,policy_general,65.4
Oil industry misinformation,age_band,60+,policy_role_mean,61.075
Oil industry misinformation,age_band,60+,policy_specific_mean,60.714285714285715
Oil industry misinformation,age_band,60+,trust_multidimensional,73.35833333333333
Oil industry misinformation,age_band,60+,trust_post,76.5
Oil industry misinformation,education,Bachelor's degree,behavior_mean,41.60333333333334
Oil industry misinformation,education,Bachelor's degree,belief_post,86.0
Oil industry misinformation,education,Bachelor's degree,concern_mean,75.66666666666667
Oil industry misinformation,education,Bachelor's degree,distrust_post,18.0
Oil industry misinformation,education,Bachelor's degree,donation_ams,2.5
Oil industry misinformation,education,Bachelor's degree,funding_perceptions,68.0
Oil industry misinformation,education,Bachelor's degree,inst_trust_mean,73.4
Oil industry misinformation,education,Bachelor's degree,newsletter_signup,1.35
Oil industry misinformation,education,Bachelor's degree,policy_general,78.0
Oil industry misinformation,education,Bachelor's degree,policy_role_mean,74.5
Oil industry misinformation,education,Bachelor's degree,policy_specific_mean,63.46857142857143
Oil industry misinformation,education,Bachelor's degree,trust_multidimensional,81.58333333333333
Oil industry misinformation,education,Bachelor's degree,trust_post,82.0
Oil industry misinformation,education,Doctorate degree / Ph.D.,behavior_mean,61.5
Oil industry misinformation,education,Doctorate degree / Ph.D.,belief_post,96.8
Oil industry misinformation,education,Doctorate degree / Ph.D.,concern_mean,92.83333333333333
Oil industry misinformation,education,Doctorate degree / Ph.D.,distrust_post,9.2
Oil industry misinformation,education,Doctorate degree / Ph.D.,donation_ams,4.3
Oil industry misinformation,education,Doctorate degree / Ph.D.,funding_perceptions,78.5
Oil industry misinformation,education,Doctorate degree / Ph.D.,inst_trust_mean,77.92
Oil industry misinformation,education,Doctorate degree / Ph.D.,newsletter_signup,1.32
Oil industry misinformation,education,Doctorate degree / Ph.D.,policy_general,91.3
Oil industry misinformation,education,Doctorate degree / Ph.D.,policy_role_mean,80.85
Oil industry misinformation,education,Doctorate degree / Ph.D.,policy_specific_mean,84.45714285714287
Oil industry misinformation,education,Doctorate degree / Ph.D.,trust_multidimensional,89.68333333333334
Oil industry misinformation,education,Doctorate degree / Ph.D.,trust_post,94.7
Oil industry misinformation,education,High school diploma / GED,behavior_mean,24.833333333333332
Oil industry misinformation,education,High school diploma / GED,belief_post,54.0
Oil industry misinformation,education,High school diploma / GED,concern_mean,42.0
Oil industry misinformation,education,High school diploma / GED,distrust_post,34.0
Oil industry misinformation,education,High school diploma / GED,donation_ams,3.4
Oil industry misinformation,education,High school diploma / GED,funding_perceptions,68.0
Oil industry misinformation,education,High school diploma / GED,inst_trust_mean,38.4
Oil industry misinformation,education,High school diploma / GED,newsletter_signup,1.65
Oil industry misinformation,education,High school diploma / GED,policy_general,46.0
Oil industry misinformation,education,High school diploma / GED,policy_role_mean,45.0
Oil industry misinformation,education,High school diploma / GED,policy_specific_mean,46.57142857142857
Oil industry misinformation,education,High school diploma / GED,trust_multidimensional,47.0
Oil industry misinformation,education,High school diploma / GED,trust_post,50.0
Oil industry misinformation,education,Less than high school,behavior_mean,25.166666666666668
Oil industry misinformation,education,Less than high school,belief_post,46.0
Oil industry misinformation,education,Less than high school,concern_mean,30.0
Oil industry misinformation,education,Less than high school,distrust_post,41.0
Oil industry misinformation,education,Less than high school,donation_ams,22.0
Oil industry misinformation,education,Less than high school,funding_perceptions,42.0
Oil industry misinformation,education,Less than high school,inst_trust_mean,41.8
Oil industry misinformation,education,Less than high school,newsletter_signup,14.0
Oil industry misinformation,education,Less than high school,policy_general,36.0
Oil industry misinformation,education,Less than high school,policy_role_mean,54.75
Oil industry misinformation,education,Less than high school,policy_specific_mean,45.42857142857143
Oil industry misinformation,education,Less than high school,trust_multidimensional,47.833333333333336
Oil industry misinformation,education,Less than high school,trust_post,52.0
Oil industry misinformation,education,Master's degree / Professional degree,behavior_mean,47.833333333333336
Oil industry misinformation,education,Master's degree / Professional degree,belief_post,83.0
Oil industry misinformation,education,Master's degree / Professional degree,concern_mean,79.0
Oil industry misinformation,education,Master's degree / Professional degree,distrust_post,17.0
Oil industry misinformation,education,Master's degree / Professional degree,donation_ams,46.0
Oil industry misinformation,education,Master's degree / Professional degree,funding_perceptions,76.0
Oil industry misinformation,education,Master's degree / Professional degree,inst_trust_mean,78.6
Oil industry misinformation,education,Master's degree / Professional degree,newsletter_signup,74.0
Oil industry misinformation,education,Master's degree / Professional degree,policy_general,77.0
Oil industry misinformation,education,Master's degree / Professional degree,policy_role_mean,76.75
Oil industry misinformation,education,Master's degree / Professional degree,policy_specific_mean,72.85714285714286
Oil industry misinformation,education,Master's degree / Professional degree,trust_multidimensional,74.16666666666667
Oil industry misinformation,education,Master's degree / Professional degree,trust_post,79.0
Oil industry misinformation,education,Some college or Associate's degree,behavior_mean,48.68333333333334
Oil industry misinformation,education,Some college or Associate's degree,belief_post,67.5
Oil industry misinformation,education,Some college or Associate's degree,concern_mean,64.43333333333334
Oil industry misinformation,education,Some college or Associate's degree,distrust_post,31.5
Oil industry misinformation,education,Some college or Associate's degree,donation_ams,4.7
Oil industry misinformation,education,Some college or Associate's degree,funding_perceptions,57.7
Oil industry misinformation,education,Some college or Associate's degree,inst_trust_mean,62.64
Oil industry misinformation,education,Some college or Associate's degree,newsletter_signup,1.65
Oil industry misinformation,education,Some college or Associate's degree,policy_general,66.8
Oil industry misinformation,education,Some college or Associate's degree,policy_role_mean,66.625
Oil industry misinformation,education,Some college or Associate's degree,policy_specific_mean,68.02857142857142
Oil industry misinformation,education,Some college or Associate's degree,trust_multidimensional,66.15833333333333
Oil industry misinformation,education,Some college or Associate's degree,trust_post,71.2
Oil industry misinformation,gender,Female,behavior_mean,50.333333333333336
Oil industry misinformation,gender,Female,belief_post,84.0
Oil industry misinformation,gender,Female,concern_mean,82.0
Oil industry misinformation,gender,Female,distrust_post,9.0
Oil industry misinformation,gender,Female,donation_ams,28.0
Oil industry misinformation,gender,Female,funding_perceptions,71.0
Oil industry misinformation,gender,Female,inst_trust_mean,73.0
Oil industry misinformation,gender,Female,newsletter_signup,75.0
Oil industry misinformation,gender,Female,policy_general,81.0
Oil industry misinformation,gender,Female,policy_role_mean,71.25
Oil industry misinformation,gender,Female,policy_specific_mean,73.57142857142857
Oil industry misinformation,gender,Female,trust_multidimensional,85.25
Oil industry misinformation,gender,Female,trust_post,87.0
Oil industry misinformation,gender,Male,behavior_mean,45.333333333333336
Oil industry misinformation,gender,Male,belief_post,70.0
Oil industry misinformation,gender,Male,concern_mean,57.333333333333336
Oil industry misinformation,gender,Male,distrust_post,22.0
Oil industry misinformation,gender,Male,donation_ams,3.5
Oil industry misinformation,gender,Male,funding_perceptions,55.0
Oil industry misinformation,gender,Male,inst_trust_mean,60.0
Oil industry misinformation,gender,Male,newsletter_signup,1.3
Oil industry misinformation,gender,Male,policy_general,65.0
Oil industry misinformation,gender,Male,policy_role_mean,73.75
Oil industry misinformation,gender,Male,policy_specific_mean,69.42857142857143
Oil industry misinformation,gender,Male,trust_multidimensional,73.5
Oil industry misinformation,gender,Male,trust_post,78.0
Oil industry misinformation,gender,Other,behavior_mean,55.599999999999994
Oil industry misinformation,gender,Other,belief_post,87.6
Oil industry misinformation,gender,Other,concern_mean,82.56666666666666
Oil industry misinformation,gender,Other,distrust_post,13.8
Oil industry misinformation,gender,Other,donation_ams,2.28
Oil industry misinformation,gender,Other,funding_perceptions,63.8
Oil industry misinformation,gender,Other,inst_trust_mean,78.08
Oil industry misinformation,gender,Other,newsletter_signup,1.34
Oil industry misinformation,gender,Other,policy_general,84.5
Oil industry misinformation,gender,Other,policy_role_mean,76.675
Oil industry misinformation,gender,Other,policy_specific_mean,79.54285714285713
Oil industry misinformation,gender,Other,trust_multidimensional,79.47500000000001
Oil industry misinformation,gender,Other,trust_post,82.9
Oil industry misinformation,income,"$100,000 to $167,999",behavior_mean,51.833333333333336
Oil industry misinformation,income,"$100,000 to $167,999",belief_post,76.5
Oil industry misinformation,income,"$100,000 to $167,999",concern_mean,70.33333333333333
Oil industry misinformation,income,"$100,000 to $167,999",distrust_post,21.1
Oil industry misinformation,income,"$100,000 to $167,999",donation_ams,4.5
Oil industry misinformation,income,"$100,000 to $167,999",funding_perceptions,62.2
Oil industry misinformation,income,"$100,000 to $167,999",inst_trust_mean,73.28
Oil industry misinformation,income,"$100,000 to $167,999",newsletter_signup,1.7
Oil industry misinformation,income,"$100,000 to $167,999",policy_general,68.2
Oil industry misinformation,income,"$100,000 to $167,999",policy_role_mean,76.45
Oil industry misinformation,income,"$100,000 to $167,999",policy_specific_mean,68.97142857142858
Oil industry misinformation,income,"$100,000 to $167,999",trust_multidimensional,79.09166666666667
Oil industry misinformation,income,"$100,000 to $167,999",trust_post,80.9
Oil industry misinformation,income,"$168,000 or more",behavior_mean,56.666666666666664
Oil industry misinformation,income,"$168,000 or more",belief_post,90.0
Oil industry misinformation,income,"$168,000 or more",concern_mean,83.33333333333333
Oil industry misinformation,income,"$168,000 or more",distrust_post,10.0
Oil industry misinformation,income,"$168,000 or more",donation_ams,4.5
Oil industry misinformation,income,"$168,000 or more",funding_perceptions,78.0
Oil industry misinformation,income,"$168,000 or more",inst_trust_mean,81.6
Oil industry misinformation,income,"$168,000 or more",newsletter_signup,1.4
Oil industry misinformation,income,"$168,000 or more",policy_general,85.0
Oil industry misinformation,income,"$168,000 or more",policy_role_mean,82.0
Oil industry misinformation,income,"$168,000 or more",policy_specific_mean,80.0
Oil industry misinformation,income,"$168,000 or more",trust_multidimensional,86.25
Oil industry misinformation,income,"$168,000 or more",trust_post,86.0
Oil industry misinformation,income,"$30,000 to $55,999",behavior_mean,45.333333333333336
Oil industry misinformation,income,"$30,000 to $55,999",belief_post,81.0
Oil industry misinformation,income,"$30,000 to $55,999",concern_mean,71.66666666666667
Oil industry misinformation,income,"$30,000 to $55,999",distrust_post,27.0
Oil industry misinformation,income,"$30,000 to $55,999",donation_ams,33.0
Oil industry misinformation,income,"$30,000 to $55,999",funding_perceptions,71.0
Oil industry misinformation,income,"$30,000 to $55,999",inst_trust_mean,71.6
Oil industry misinformation,income,"$30,000 to $55,999",newsletter_signup,1.62
Oil industry misinformation,income,"$30,000 to $55,999",policy_general,71.0
Oil industry misinformation,income,"$30,000 to $55,999",policy_role_mean,70.0
Oil industry misinformation,income,"$30,000 to $55,999",policy_specific_mean,68.42857142857143
Oil industry misinformation,income,"$30,000 to $55,999",trust_multidimensional,72.41666666666667
Oil industry misinformation,income,"$30,000 to $55,999",trust_post,73.0
Oil industry misinformation,income,"$56,000 to $99,999",behavior_mean,40.666666666666664
Oil industry misinformation,income,"$56,000 to $99,999",belief_post,74.0
Oil industry misinformation,income,"$56,000 to $99,999",concern_mean,71.33333333333333
Oil industry misinformation,income,"$56,000 to $99,999",distrust_post,22.0
Oil industry misinformation,income,"$56,000 to $99,999",donation_ams,1.6
Oil industry misinformation,income,"$56,000 to $99,999",funding_perceptions,66.0
Oil industry misinformation,income,"$56,000 to $99,999",inst_trust_mean,49.8
Oil industry misinformation,income,"$56,000 to $99,999",newsletter_signup,1.4
Oil industry misinformation,income,"$56,000 to $99,999",policy_general,64.0
Oil industry misinformation,income,"$56,000 to $99,999",policy_role_mean,67.5
Oil industry misinformation,income,"$56,000 to $99,999",policy_specific_mean,57.857142857142854
Oil industry misinformation,income,"$56,000 to $99,999",trust_multidimensional,71.33333333333333
Oil industry misinformation,income,"$56,000 to $99,999",trust_post,73.0
Oil industry misinformation,income,"Less than $30,000",behavior_mean,48.833333333333336
Oil industry misinformation,income,"Less than $30,000",belief_post,88.9
Oil industry misinformation,income,"Less than $30,000",concern_mean,82.96666666666667
Oil industry misinformation,income,"Less than $30,000",distrust_post,18.3
Oil industry misinformation,income,"Less than $30,000",donation_ams,2.4
Oil industry misinformation,income,"Less than $30,000",funding_perceptions,72.5
Oil industry misinformation,income,"Less than $30,000",inst_trust_mean,70.16
Oil industry misinformation,income,"Less than $30,000",newsletter_signup,1.5
Oil industry misinformation,income,"Less than $30,000",policy_general,79.2
Oil industry misinformation,income,"Less than $30,000",policy_role_mean,76.7
Oil industry misinformation,income,"Less than $30,000",policy_specific_mean,74.21428571428571
Oil industry misinformation,income,"Less than $30,000",trust_multidimensional,76.325
Oil industry misinformation,income,"Less than $30,000",trust_post,81.6
Oil industry misinformation,party,Democrat,behavior_mean,68.91666666666667
Oil industry misinformation,party,Democrat,belief_post,95.4
Oil industry misinformation,party,Democrat,concern_mean,90.86666666666667
Oil industry misinformation,party,Democrat,distrust_post,5.6
Oil industry misinformation,party,Democrat,donation_ams,8.6
Oil industry misinformation,party,Democrat,funding_perceptions,82.2
Oil industry misinformation,party,Democrat,inst_trust_mean,85.14
Oil industry misinformation,party,Democrat,newsletter_signup,1.18
Oil industry misinformation,party,Democrat,policy_general,93.6
Oil industry misinformation,party,Democrat,policy_role_mean,89.35
Oil industry misinformation,party,Democrat,policy_specific_mean,86.8
Oil industry misinformation,party,Democrat,trust_multidimensional,91.24166666666667
Oil industry misinformation,party,Democrat,trust_post,96.2
Oil industry misinformation,party,Independent,behavior_mean,56.949999999999996
Oil industry misinformation,party,Independent,belief_post,74.5
Oil industry misinformation,party,Independent,concern_mean,67.10000000000001
Oil industry misinformation,party,Independent,distrust_post,28.1
Oil industry misinformation,party,Independent,donation_ams,1.82
Oil industry misinformation,party,Independent,funding_perceptions,65.8
Oil industry misinformation,party,Independent,inst_trust_mean,68.24
Oil industry misinformation,party,Independent,newsletter_signup,0.35
Oil industry misinformation,party,Independent,policy_general,71.3
Oil industry misinformation,party,Independent,policy_role_mean,70.35
Oil industry misinformation,party,Independent,policy_specific_mean,69.62857142857142
Oil industry misinformation,party,Independent,trust_multidimensional,71.31666666666666
Oil industry misinformation,party,Independent,trust_post,70.2
Oil industry misinformation,party,Other,behavior_mean,42.43333333333333
Oil industry misinformation,party,Other,belief_post,83.2
Oil industry misinformation,party,Other,concern_mean,70.36666666666666
Oil industry misinformation,party,Other,distrust_post,15.7
Oil industry misinformation,party,Other,donation_ams,4.1
Oil industry misinformation,party,Other,funding_perceptions,62.1
Oil industry misinformation,party,Other,inst_trust_mean,70.32000000000001
Oil industry misinformation,party,Other,newsletter_signup,1.63
Oil industry misinformation,party,Other,policy_general,71.5
Oil industry misinformation,party,Other,policy_role_mean,70.6
Oil industry misinformation,party,Other,policy_specific_mean,67.35714285714286
Oil industry misinformation,party,Other,trust_multidimensional,78.375
Oil industry misinformation,party,Other,trust_post,81.4
Oil industry misinformation,party,Republican,behavior_mean,19.833333333333332
Oil industry misinformation,party,Republican,belief_post,28.0
Oil industry misinformation,party,Republican,concern_mean,21.0
Oil industry misinformation,party,Republican,distrust_post,67.0
Oil industry misinformation,party,Republican,donation_ams,2.8
Oil industry misinformation,party,Republican,funding_perceptions,32.0
Oil industry misinformation,party,Republican,inst_trust_mean,41.4
Oil industry misinformation,party,Republican,newsletter_signup,1.65
Oil industry misinformation,party,Republican,policy_general,29.0
Oil industry misinformation,party,Republican,policy_role_mean,32.0
Oil industry misinformation,party,Republican,policy_specific_mean,36.714285714285715
Oil industry misinformation,party,Republican,trust_multidimensional,30.5
Oil industry misinformation,party,Republican,trust_post,31.0
Oil industry misinformation,race,Asian / Asian American,behavior_mean,54.5
Oil industry misinformation,race,Asian / Asian American,belief_post,89.0
Oil industry misinformation,race,Asian / Asian American,concern_mean,78.0
Oil industry misinformation,race,Asian / Asian American,distrust_post,24.0
Oil industry misinformation,race,Asian / Asian American,donation_ams,4.2
Oil industry misinformation,race,Asian / Asian American,funding_perceptions,72.0
Oil industry misinformation,race,Asian / Asian American,inst_trust_mean,72.0
Oil industry misinformation,race,Asian / Asian American,newsletter_signup,1.4
Oil industry misinformation,race,Asian / Asian American,policy_general,83.0
Oil industry misinformation,race,Asian / Asian American,policy_role_mean,69.25
Oil industry misinformation,race,Asian / Asian American,policy_specific_mean,75.14285714285714
Oil industry misinformation,race,Asian / Asian American,trust_multidimensional,82.16666666666667
Oil industry misinformation,race,Asian / Asian American,trust_post,79.0
Oil industry misinformation,race,Black / African American,behavior_mean,51.9
Oil industry misinformation,race,Black / African American,belief_post,77.9
Oil industry misinformation,race,Black / African American,concern_mean,78.39999999999999
Oil industry misinformation,race,Black / African American,distrust_post,11.9
Oil industry misinformation,race,Black / African American,donation_ams,0.88
Oil industry misinformation,race,Black / African American,funding_perceptions,71.3
Oil industry misinformation,race,Black / African American,inst_trust_mean,73.58
Oil industry misinformation,race,Black / African American,newsletter_signup,1.73
Oil industry misinformation,race,Black / African American,policy_general,74.5
Oil industry misinformation,race,Black / African American,policy_role_mean,75.575
Oil industry misinformation,race,Black / African American,policy_specific_mean,74.71428571428571
Oil industry misinformation,race,Black / African American,trust_multidimensional,81.76666666666667
Oil industry misinformation,race,Black / African American,trust_post,80.6
Oil industry misinformation,race,Hispanic / Latino,behavior_mean,58.71666666666667
Oil industry misinformation,race,Hispanic / Latino,belief_post,86.7
Oil industry misinformation,race,Hispanic / Latino,concern_mean,78.39999999999999
Oil industry misinformation,race,Hispanic / Latino,distrust_post,24.2
Oil industry misinformation,race,Hispanic / Latino,donation_ams,3.6
Oil industry misinformation,race,Hispanic / Latino,funding_perceptions,68.6
Oil industry misinformation,race,Hispanic / Latino,inst_trust_mean,73.34
Oil industry misinformation,race,Hispanic / Latino,newsletter_signup,7.0
Oil industry misinformation,race,Hispanic / Latino,policy_general,80.5
Oil industry misinformation,race,Hispanic / Latino,policy_role_mean,70.65
Oil industry misinformation,race,Hispanic / Latino,policy_specific_mean,76.72857142857143
Oil industry misinformation,race,Hispanic / Latino,trust_multidimensional,73.2
Oil industry misinformation,race,Hispanic / Latino,trust_post,75.8
Oil industry misinformation,race,Other,behavior_mean,39.65
Oil industry misinformation,race,Other,belief_post,78.9
Oil industry misinformation,race,Other,concern_mean,72.76666666666667
Oil industry misinformation,race,Other,distrust_post,24.3
Oil industry misinformation,race,Other,donation_ams,0.8
Oil industry misinformation,race,Other,funding_perceptions,73.3
Oil industry misinformation,race,Other,inst_trust_mean,64.42
Oil industry misinformation,race,Other,newsletter_signup,1.45
Oil industry misinformation,race,Other,policy_general,71.5
Oil industry misinformation,race,Other,policy_role_mean,68.0
Oil industry misinformation,race,Other,policy_specific_mean,72.57142857142857
Oil industry misinformation,race,Other,trust_multidimensional,69.94166666666666
Oil industry misinformation,race,Other,trust_post,76.1
Oil industry misinformation,race,White / Caucasian,behavior_mean,45.76666666666667
Oil industry misinformation,race,White / Caucasian,belief_post,72.8
Oil industry misinformation,race,White / Caucasian,concern_mean,61.833333333333336
Oil industry misinformation,race,White / Caucasian,distrust_post,21.8
Oil industry misinformation,race,White / Caucasian,donation_ams,3.4
Oil industry misinformation,race,White / Caucasian,funding_perceptions,66.5
Oil industry misinformation,race,White / Caucasian,inst_trust_mean,67.58
Oil industry misinformation,race,White / Caucasian,newsletter_signup,1.48
Oil industry misinformation,race,White / Caucasian,policy_general,68.1
Oil industry misinformation,race,White / Caucasian,policy_role_mean,75.325
Oil industry misinformation,race,White / Caucasian,policy_specific_mean,66.48571428571428
Oil industry misinformation,race,White / Caucasian,trust_multidimensional,77.50833333333334
Oil industry misinformation,race,White / Caucasian,trust_post,78.2
Peer-review,age_band,18-29,behavior_mean,58.56666666666666
Peer-review,age_band,18-29,belief_post,89.2
Peer-review,age_band,18-29,concern_mean,85.73333333333333
Peer-review,age_band,18-29,distrust_post,16.8
Peer-review,age_band,18-29,donation_ams,4.2
Peer-review,age_band,18-29,funding_perceptions,72.6
Peer-review,age_band,18-29,inst_trust_mean,79.74
Peer-review,age_band,18-29,newsletter_signup,1.65
Peer-review,age_band,18-29,policy_general,83.1
Peer-review,age_band,18-29,policy_role_mean,75.5
Peer-review,age_band,18-29,policy_specific_mean,74.82857142857142
Peer-review,age_band,18-29,trust_multidimensional,85.50833333333333
Peer-review,age_band,18-29,trust_post,81.5
Peer-review,age_band,30-44,behavior_mean,47.916666666666664
Peer-review,age_band,30-44,belief_post,86.0
Peer-review,age_band,30-44,concern_mean,70.5
Peer-review,age_band,30-44,distrust_post,13.2
Peer-review,age_band,30-44,donation_ams,3.92
Peer-review,age_band,30-44,funding_perceptions,63.5
Peer-review,age_band,30-44,inst_trust_mean,73.38
Peer-review,age_band,30-44,newsletter_signup,1.56
Peer-review,age_band,30-44,policy_general,72.5
Peer-review,age_band,30-44,policy_role_mean,71.5
Peer-review,age_band,30-44,policy_specific_mean,72.0
Peer-review,age_band,30-44,trust_multidimensional,80.71666666666667
Peer-review,age_band,30-44,trust_post,81.5
Peer-review,age_band,45-59,behavior_mean,34.11666666666667
Peer-review,age_band,45-59,belief_post,64.9
Peer-review,age_band,45-59,concern_mean,60.0
Peer-review,age_band,45-59,distrust_post,29.7
Peer-review,age_band,45-59,donation_ams,3.4
Peer-review,age_band,45-59,funding_perceptions,58.5
Peer-review,age_band,45-59,inst_trust_mean,64.74
Peer-review,age_band,45-59,newsletter_signup,1.45
Peer-review,age_band,45-59,policy_general,58.6
Peer-review,age_band,45-59,policy_role_mean,61.6
Peer-review,age_band,45-59,policy_specific_mean,64.51428571428572
Peer-review,age_band,45-59,trust_multidimensional,66.66666666666667
Peer-review,age_band,45-59,trust_post,68.2
Peer-review,age_band,60+,behavior_mean,40.0
Peer-review,age_band,60+,belief_post,68.3
Peer-review,age_band,60+,concern_mean,64.56666666666666
Peer-review,age_band,60+,distrust_post,23.1
Peer-review,age_band,60+,donation_ams,24.7
Peer-review,age_band,60+,funding_perceptions,65.5
Peer-review,age_band,60+,inst_trust_mean,64.92
Peer-review,age_band,60+,newsletter_signup,15.2
Peer-review,age_band,60+,policy_general,65.1
Peer-review,age_band,60+,policy_role_mean,65.55
Peer-review,age_band,60+,policy_specific_mean,61.800000000000004
Peer-review,age_band,60+,trust_multidimensional,74.24166666666666
Peer-review,age_band,60+,trust_post,72.4
Peer-review,education,Bachelor's degree,behavior_mean,52.21666666666667
Peer-review,education,Bachelor's degree,belief_post,79.6
Peer-review,education,Bachelor's degree,concern_mean,77.63333333333333
Peer-review,education,Bachelor's degree,distrust_post,21.5
Peer-review,education,Bachelor's degree,donation_ams,3.4
Peer-review,education,Bachelor's degree,funding_perceptions,68.2
Peer-review,education,Bachelor's degree,inst_trust_mean,71.46000000000001
Peer-review,education,Bachelor's degree,newsletter_signup,1.55
Peer-review,education,Bachelor's degree,policy_general,76.4
Peer-review,education,Bachelor's degree,policy_role_mean,64.75
Peer-review,education,Bachelor's degree,policy_specific_mean,69.11428571428571
Peer-review,education,Bachelor's degree,trust_multidimensional,74.11666666666666
Peer-review,education,Bachelor's degree,trust_post,73.2
Peer-review,education,Doctorate degree / Ph.D.,behavior_mean,46.96666666666667
Peer-review,education,Doctorate degree / Ph.D.,belief_post,96.5
Peer-review,education,Doctorate degree / Ph.D.,concern_mean,85.96666666666665
Peer-review,education,Doctorate degree / Ph.D.,distrust_post,5.8
Peer-review,education,Doctorate degree / Ph.D.,donation_ams,4.3
Peer-review,education,Doctorate degree / Ph.D.,funding_perceptions,47.0
Peer-review,education,Doctorate degree / Ph.D.,inst_trust_mean,75.4
Peer-review,education,Doctorate degree / Ph.D.,newsletter_signup,1.5
Peer-review,education,Doctorate degree / Ph.D.,policy_general,86.0
Peer-review,education,Doctorate degree / Ph.D.,policy_role_mean,79.275
Peer-review,education,Doctorate degree / Ph.D.,policy_specific_mean,77.02857142857144
Peer-review,education,Doctorate degree / Ph.D.,trust_multidimensional,85.22500000000001
Peer-review,education,Doctorate degree / Ph.D.,trust_post,88.5
Peer-review,education,High school diploma / GED,behavior_mean,38.36666666666667
Peer-review,education,High school diploma / GED,belief_post,57.6
Peer-review,education,High school diploma / GED,concern_mean,57.0
Peer-review,education,High school diploma / GED,distrust_post,37.8
Peer-review,education,High school diploma / GED,donation_ams,3.82
Peer-review,education,High school diploma / GED,funding_perceptions,63.5
Peer-review,education,High school diploma / GED,inst_trust_mean,63.04
Peer-review,education,High school diploma / GED,newsletter_signup,1.68
Peer-review,education,High school diploma / GED,policy_general,55.3
Peer-review,education,High school diploma / GED,policy_role_mean,63.975
Peer-review,education,High school diploma / GED,policy_specific_mean,58.800000000000004
Peer-review,education,High school diploma / GED,trust_multidimensional,62.699999999999996
Peer-review,education,High school diploma / GED,trust_post,61.2
Peer-review,education,Less than high school,behavior_mean,34.333333333333336
Peer-review,education,Less than high school,belief_post,42.0
Peer-review,education,Less than high school,concern_mean,39.0
Peer-review,education,Less than high school,distrust_post,46.0
Peer-review,education,Less than high school,donation_ams,2.3
Peer-review,education,Less than high school,funding_perceptions,47.0
Peer-review,education,Less than high school,inst_trust_mean,49.8
Peer-review,education,Less than high school,newsletter_signup,2.0
Peer-review,education,Less than high school,policy_general,45.0
Peer-review,education,Less than high school,policy_role_mean,47.5
Peer-review,education,Less than high school,policy_specific_mean,51.42857142857143
Peer-review,education,Less than high school,trust_multidimensional,46.833333333333336
Peer-review,education,Less than high school,trust_post,48.0
Peer-review,education,Master's degree / Professional degree,behavior_mean,64.64999999999999
Peer-review,education,Master's degree / Professional degree,belief_post,92.1
Peer-review,education,Master's degree / Professional degree,concern_mean,87.13333333333333
Peer-review,education,Master's degree / Professional degree,distrust_post,11.2
Peer-review,education,Master's degree / Professional degree,donation_ams,4.7
Peer-review,education,Master's degree / Professional degree,funding_perceptions,72.7
Peer-review,education,Master's degree / Professional degree,inst_trust_mean,79.16
Peer-review,education,Master's degree / Professional degree,newsletter_signup,1.0
Peer-review,education,Master's degree / Professional degree,policy_general,84.6
Peer-review,education,Master's degree / Professional degree,policy_role_mean,80.075
Peer-review,education,Master's degree / Professional degree,policy_specific_mean,84.7
Peer-review,education,Master's degree / Professional degree,trust_multidimensional,84.89999999999999
Peer-review,education,Master's degree / Professional degree,trust_post,83.5
Peer-review,education,Some college or Associate's degree,behavior_mean,50.88333333333333
Peer-review,education,Some college or Associate's degree,belief_post,62.8
Peer-review,education,Some college or Associate's degree,concern_mean,60.666666666666664
Peer-review,education,Some college or Associate's degree,distrust_post,34.6
Peer-review,education,Some college or Associate's degree,donation_ams,32.1
Peer-review,education,Some college or Associate's degree,funding_perceptions,61.8
Peer-review,education,Some college or Associate's degree,inst_trust_mean,62.11999999999999
Peer-review,education,Some college or Associate's degree,newsletter_signup,1.47
Peer-review,education,Some college or Associate's degree,policy_general,65.7
Peer-review,education,Some college or Associate's degree,policy_role_mean,71.275
Peer-review,education,Some college or Associate's degree,policy_specific_mean,67.14285714285714
Peer-review,education,Some college or Associate's degree,trust_multidimensional,66.08333333333333
Peer-review,education,Some college or Associate's degree,trust_post,66.5
Peer-review,gender,Female,behavior_mean,39.300000000000004
Peer-review,gender,Female,belief_post,75.3
Peer-review,gender,Female,concern_mean,65.2
Peer-review,gender,Female,distrust_post,22.1
Peer-review,gender,Female,donation_ams,2.3
Peer-review,gender,Female,funding_perceptions,65.4
Peer-review,gender,Female,inst_trust_mean,62.58
Peer-review,gender,Female,newsletter_signup,1.28
Peer-review,gender,Female,policy_general,76.8
Peer-review,gender,Female,policy_role_mean,65.725
Peer-review,gender,Female,policy_specific_mean,66.32857142857144
Peer-review,gender,Female,trust_multidimensional,76.30833333333334
Peer-review,gender,Female,trust_post,72.4
Peer-review,gender,Male,behavior_mean,39.833333333333336
Peer-review,gender,Male,belief_post,62.0
Peer-review,gender,Male,concern_mean,57.333333333333336
Peer-review,gender,Male,distrust_post,36.0
Peer-review,gender,Male,donation_ams,2.3
Peer-review,gender,Male,funding_perceptions,53.0
Peer-review,gender,Male,inst_trust_mean,54.2
Peer-review,gender,Male,newsletter_signup,1.34
Peer-review,gender,Male,policy_general,59.0
Peer-review,gender,Male,policy_role_mean,68.0
Peer-review,gender,Male,policy_specific_mean,60.714285714285715
Peer-review,gender,Male,trust_multidimensional,66.25
Peer-review,gender,Male,trust_post,63.0
Peer-review,gender,Other,behavior_mean,63.333333333333336
Peer-review,gender,Other,belief_post,93.0
Peer-review,gender,Other,concern_mean,87.33333333333333
Peer-review,gender,Other,distrust_post,12.0
Peer-review,gender,Other,donation_ams,3.8
Peer-review,gender,Other,funding_perceptions,72.0
Peer-review,gender,Other,inst_trust_mean,71.2
Peer-review,gender,Other,newsletter_signup,1.18
Peer-review,gender,Other,policy_general,86.0
Peer-review,gender,Other,policy_role_mean,79.25
Peer-review,gender,Other,policy_specific_mean,84.14285714285714
Peer-review,gender,Other,trust_multidimensional,85.0
Peer-review,gender,Other,trust_post,84.0
Peer-review,income,"$100,000 to $167,999",behavior_mean,43.0
Peer-review,income,"$100,000 to $167,999",belief_post,86.0
Peer-review,income,"$100,000 to $167,999",concern_mean,75.33333333333333
Peer-review,income,"$100,000 to $167,999",distrust_post,20.0
Peer-review,income,"$100,000 to $167,999",donation_ams,3.6
Peer-review,income,"$100,000 to $167,999",funding_perceptions,55.0
Peer-review,income,"$100,000 to $167,999",inst_trust_mean,66.6
Peer-review,income,"$100,000 to $167,999",newsletter_signup,1.4
Peer-review,income,"$100,000 to $167,999",policy_general,76.0
Peer-review,income,"$100,000 to $167,999",policy_role_mean,73.25
Peer-review,income,"$100,000 to $167,999",policy_specific_mean,70.0
Peer-review,income,"$100,000 to $167,999",trust_multidimensional,78.58333333333333
Peer-review,income,"$100,000 to $167,999",trust_post,80.0
Peer-review,income,"$168,000 or more",behavior_mean,37.583333333333336
Peer-review,income,"$168,000 or more",belief_post,78.9
Peer-review,income,"$168,000 or more",concern_mean,53.96666666666667
Peer-review,income,"$168,000 or more",distrust_post,22.1
Peer-review,income,"$168,000 or more",donation_ams,2.1
Peer-review,income,"$168,000 or more",funding_perceptions,63.5
Peer-review,income,"$168,000 or more",inst_trust_mean,73.96000000000001
Peer-review,income,"$168,000 or more",newsletter_signup,1.2
Peer-review,income,"$168,000 or more",policy_general,62.4
Peer-review,income,"$168,000 or more",policy_role_mean,68.275
Peer-review,income,"$168,000 or more",policy_specific_mean,64.57142857142857
Peer-review,income,"$168,000 or more",trust_multidimensional,79.69166666666666
Peer-review,income,"$168,000 or more",trust_post,76.8
Peer-review,income,"$30,000 to $55,999",behavior_mean,44.666666666666664
Peer-review,income,"$30,000 to $55,999",belief_post,69.0
Peer-review,income,"$30,000 to $55,999",concern_mean,59.333333333333336
Peer-review,income,"$30,000 to $55,999",distrust_post,27.0
Peer-review,income,"$30,000 to $55,999",donation_ams,2.3
Peer-review,income,"$30,000 to $55,999",funding_perceptions,61.0
Peer-review,income,"$30,000 to $55,999",inst_trust_mean,68.6
Peer-review,income,"$30,000 to $55,999",newsletter_signup,1.65
Peer-review,income,"$30,000 to $55,999",policy_general,66.0
Peer-review,income,"$30,000 to $55,999",policy_role_mean,66.75
Peer-review,income,"$30,000 to $55,999",policy_specific_mean,62.714285714285715
Peer-review,income,"$30,000 to $55,999",trust_multidimensional,74.75
Peer-review,income,"$30,000 to $55,999",trust_post,73.0
Peer-review,income,"$56,000 to $99,999",behavior_mean,51.166666666666664
Peer-review,income,"$56,000 to $99,999",belief_post,70.2
Peer-review,income,"$56,000 to $99,999",concern_mean,67.2
Peer-review,income,"$56,000 to $99,999",distrust_post,15.4
Peer-review,income,"$56,000 to $99,999",donation_ams,2.05
Peer-review,income,"$56,000 to $99,999",funding_perceptions,51.3
Peer-review,income,"$56,000 to $99,999",inst_trust_mean,69.36
Peer-review,income,"$56,000 to $99,999",newsletter_signup,1.76
Peer-review,income,"$56,000 to $99,999",policy_general,72.5
Peer-review,income,"$56,000 to $99,999",policy_role_mean,77.0
Peer-review,income,"$56,000 to $99,999",policy_specific_mean,65.45714285714286
Peer-review,income,"$56,000 to $99,999",trust_multidimensional,80.16666666666667
Peer-review,income,"$56,000 to $99,999",trust_post,73.8
Peer-review,income,"Less than $30,000",behavior_mean,39.550000000000004
Peer-review,income,"Less than $30,000",belief_post,80.1
Peer-review,income,"Less than $30,000",concern_mean,69.13333333333334
Peer-review,income,"Less than $30,000",distrust_post,23.8
Peer-review,income,"Less than $30,000",donation_ams,1.42
Peer-review,income,"Less than $30,000",funding_perceptions,61.8
Peer-review,income,"Less than $30,000",inst_trust_mean,65.6
Peer-review,income,"Less than $30,000",newsletter_signup,1.45
Peer-review,income,"Less than $30,000",policy_general,74.5
Peer-review,income,"Less than $30,000",policy_role_mean,78.4
Peer-review,income,"Less than $30,000",policy_specific_mean,67.98571428571428
Peer-review,income,"Less than $30,000",trust_multidimensional,74.49166666666666
Peer-review,income,"Less than $30,000",trust_post,73.4
Peer-review,party,Democrat,behavior_mean,53.75
Peer-review,party,Democrat,belief_post,91.0
Peer-review,party,Democrat,concern_mean,88.5
Peer-review,party,Democrat,distrust_post,11.5
Peer-review,party,Democrat,donation_ams,3.5
Peer-review,party,Democrat,funding_perceptions,78.0
Peer-review,party,Democrat,inst_trust_mean,76.7
Peer-review,party,Democrat,newsletter_signup,1.28
Peer-review,party,Democrat,policy_general,87.5
Peer-review,party,Democrat,policy_role_mean,78.875
Peer-review,party,Democrat,policy_specific_mean,80.92857142857143
Peer-review,party,Democrat,trust_multidimensional,86.20833333333333
Peer-review,party,Democrat,trust_post,84.5
Peer-review,party,Independent,behavior_mean,34.93333333333333
Peer-review,party,Independent,belief_post,72.3
Peer-review,party,Independent,concern_mean,65.7
Peer-review,party,Independent,distrust_post,31.6
Peer-review,party,Independent,donation_ams,2.4
Peer-review,party,Independent,funding_perceptions,48.8
Peer-review,party,Independent,inst_trust_mean,60.58
Peer-review,party,Independent,newsletter_signup,1.52
Peer-review,party,Independent,policy_general,64.1
Peer-review,party,Independent,policy_role_mean,67.625
Peer-review,party,Independent,policy_specific_mean,63.628571428571426
Peer-review,party,Independent,trust_multidimensional,80.70833333333333
Peer-review,party,Independent,trust_post,68.4
Peer-review,party,Other,behavior_mean,48.333333333333336
Peer-review,party,Other,belief_post,65.0
Peer-review,party,Other,concern_mean,58.666666666666664
Peer-review,party,Other,distrust_post,34.0
Peer-review,party,Other,donation_ams,3.2
Peer-review,party,Other,funding_perceptions,52.0
Peer-review,party,Other,inst_trust_mean,61.2
Peer-review,party,Other,newsletter_signup,1.3
Peer-review,party,Other,policy_general,61.0
Peer-review,party,Other,policy_role_mean,66.0
Peer-review,party,Other,policy_specific_mean,61.857142857142854
Peer-review,party,Other,trust_multidimensional,62.833333333333336
Peer-review,party,Other,trust_post,66.0
Peer-review,party,Republican,behavior_mean,18.633333333333333
Peer-review,party,Republican,belief_post,37.8
Peer-review,party,Republican,concern_mean,23.333333333333332
Peer-review,party,Republican,distrust_post,56.3
Peer-review,party,Republican,donation_ams,0.9
Peer-review,party,Republican,funding_perceptions,32.5
Peer-review,party,Republican,inst_trust_mean,36.62
Peer-review,party,Republican,newsletter_signup,1.3
Peer-review,party,Republican,policy_general,34.2
Peer-review,party,Republican,policy_role_mean,32.025
Peer-review,party,Republican,policy_specific_mean,48.08571428571429
Peer-review,party,Republican,trust_multidimensional,51.48333333333333
Peer-review,party,Republican,trust_post,44.6
Peer-review,race,Asian / Asian American,behavior_mean,61.5
Peer-review,race,Asian / Asian American,belief_post,77.0
Peer-review,race,Asian / Asian American,concern_mean,81.33333333333333
Peer-review,race,Asian / Asian American,distrust_post,22.0
Peer-review,race,Asian / Asian American,donation_ams,3.4
Peer-review,race,Asian / Asian American,funding_perceptions,54.0
Peer-review,race,Asian / Asian American,inst_trust_mean,71.4
Peer-review,race,Asian / Asian American,newsletter_signup,1.38
Peer-review,race,Asian / Asian American,policy_general,79.0
Peer-review,race,Asian / Asian American,policy_role_mean,74.0
Peer-review,race,Asian / Asian American,policy_specific_mean,74.28571428571429
Peer-review,race,Asian / Asian American,trust_multidimensional,77.58333333333333
Peer-review,race,Asian / Asian American,trust_post,73.0
Peer-review,race,Black / African American,behavior_mean,47.71666666666667
Peer-review,race,Black / African American,belief_post,73.9
Peer-review,race,Black / African American,concern_mean,67.2
Peer-review,race,Black / African American,distrust_post,31.3
Peer-review,race,Black / African American,donation_ams,3.2
Peer-review,race,Black / African American,funding_perceptions,65.2
Peer-review,race,Black / African American,inst_trust_mean,63.379999999999995
Peer-review,race,Black / African American,newsletter_signup,1.65
Peer-review,race,Black / African American,policy_general,71.2
Peer-review,race,Black / African American,policy_role_mean,66.4
Peer-review,race,Black / African American,policy_specific_mean,72.78571428571429
Peer-review,race,Black / African American,trust_multidimensional,67.95
Peer-review,race,Black / African American,trust_post,68.7
Peer-review,race,Hispanic / Latino,behavior_mean,45.0
Peer-review,race,Hispanic / Latino,belief_post,71.0
Peer-review,race,Hispanic / Latino,concern_mean,65.33333333333333
Peer-review,race,Hispanic / Latino,distrust_post,26.0
Peer-review,race,Hispanic / Latino,donation_ams,2.8
Peer-review,race,Hispanic / Latino,funding_perceptions,57.0
Peer-review,race,Hispanic / Latino,inst_trust_mean,61.2
Peer-review,race,Hispanic / Latino,newsletter_signup,1.25
Peer-review,race,Hispanic / Latino,policy_general,73.0
Peer-review,race,Hispanic / Latino,policy_role_mean,57.25
Peer-review,race,Hispanic / Latino,policy_specific_mean,67.57142857142857
Peer-review,race,Hispanic / Latino,trust_multidimensional,67.75
Peer-review,race,Hispanic / Latino,trust_post,70.0
Peer-review,race,Other,behavior_mean,51.699999999999996
Peer-review,race,Other,belief_post,83.5
Peer-review,race,Other,concern_mean,77.73333333333333
Peer-review,race,Other,distrust_post,19.8
Peer-review,race,Other,donation_ams,4.3
Peer-review,race,Other,funding_perceptions,68.8
Peer-review,race,Other,inst_trust_mean,65.74
Peer-review,race,Other,newsletter_signup,1.42
Peer-review,race,Other,policy_general,78.9
Peer-review,race,Other,policy_role_mean,69.0
Peer-review,race,Other,policy_specific_mean,72.24285714285715
Peer-review,race,Other,trust_multidimensional,77.49166666666666
Peer-review,race,Other,trust_post,77.6
Peer-review,race,White / Caucasian,behavior_mean,34.333333333333336
Peer-review,race,White / Caucasian,belief_post,62.0
Peer-review,race,White / Caucasian,concern_mean,47.0
Peer-review,race,White / Caucasian,distrust_post,32.0
Peer-review,race,White / Caucasian,donation_ams,1.9
Peer-review,race,White / Caucasian,funding_perceptions,43.0
Peer-review,race,White / Caucasian,inst_trust_mean,52.6
Peer-review,race,White / Caucasian,newsletter_signup,1.13
Peer-review,race,White / Caucasian,policy_general,55.0
Peer-review,race,White / Caucasian,policy_role_mean,65.0
Peer-review,race,White / Caucasian,policy_specific_mean,57.714285714285715
Peer-review,race,White / Caucasian,trust_multidimensional,72.08333333333333
Peer-review,race,White / Caucasian,trust_post,65.0
Portrait Prof. Cherry,age_band,18-29,behavior_mean,57.050000000000004
Portrait Prof. Cherry,age_band,18-29,belief_post,83.2
Portrait Prof. Cherry,age_band,18-29,concern_mean,78.39999999999999
Portrait Prof. Cherry,age_band,18-29,distrust_post,16.8
Portrait Prof. Cherry,age_band,18-29,donation_ams,2.7
Portrait Prof. Cherry,age_band,18-29,funding_perceptions,68.5
Portrait Prof. Cherry,age_band,18-29,inst_trust_mean,71.32000000000001
Portrait Prof. Cherry,age_band,18-29,newsletter_signup,1.4
Portrait Prof. Cherry,age_band,18-29,policy_general,81.4
Portrait Prof. Cherry,age_band,18-29,policy_role_mean,79.175
Portrait Prof. Cherry,age_band,18-29,policy_specific_mean,80.58571428571429
Portrait Prof. Cherry,age_band,18-29,trust_multidimensional,76.50833333333334
Portrait Prof. Cherry,age_band,18-29,trust_post,76.4
Portrait Prof. Cherry,age_band,30-44,behavior_mean,48.666666666666664
Portrait Prof. Cherry,age_band,30-44,belief_post,73.2
Portrait Prof. Cherry,age_band,30-44,concern_mean,63.699999999999996
Portrait Prof. Cherry,age_band,30-44,distrust_post,29.4
Portrait Prof. Cherry,age_band,30-44,donation_ams,2.7
Portrait Prof. Cherry,age_band,30-44,funding_perceptions,56.9
Portrait Prof. Cherry,age_band,30-44,inst_trust_mean,64.58
Portrait Prof. Cherry,age_band,30-44,newsletter_signup,1.68
Portrait Prof. Cherry,age_band,30-44,policy_general,68.9
Portrait Prof. Cherry,age_band,30-44,policy_role_mean,62.675
Portrait Prof. Cherry,age_band,30-44,policy_specific_mean,67.17142857142856
Portrait Prof. Cherry,age_band,30-44,trust_multidimensional,80.375
Portrait Prof. Cherry,age_band,30-44,trust_post,77.8
Portrait Prof. Cherry,age_band,45-59,behavior_mean,36.833333333333336
Portrait Prof. Cherry,age_band,45-59,belief_post,73.0
Portrait Prof. Cherry,age_band,45-59,concern_mean,53.666666666666664
Portrait Prof. Cherry,age_band,45-59,distrust_post,29.0
Portrait Prof. Cherry,age_band,45-59,donation_ams,1.8
Portrait Prof. Cherry,age_band,45-59,funding_perceptions,48.0
Portrait Prof. Cherry,age_band,45-59,inst_trust_mean,59.2
Portrait Prof. Cherry,age_band,45-59,newsletter_signup,1.8
Portrait Prof. Cherry,age_band,45-59,policy_general,65.0
Portrait Prof. Cherry,age_band,45-59,policy_role_mean,66.75
Portrait Prof. Cherry,age_band,45-59,policy_specific_mean,51.57142857142857
Portrait Prof. Cherry,age_band,45-59,trust_multidimensional,67.75
Portrait Prof. Cherry,age_band,45-59,trust_post,67.0
Portrait Prof. Cherry,age_band,60+,behavior_mean,53.18333333333334
Portrait Prof. Cherry,age_band,60+,belief_post,69.5
Portrait Prof. Cherry,age_band,60+,concern_mean,71.96666666666665
Portrait Prof. Cherry,age_band,60+,distrust_post,15.4
Portrait Prof. Cherry,age_band,60+,donation_ams,3.6
Portrait Prof. Cherry,age_band,60+,funding_perceptions,55.8
Portrait Prof. Cherry,age_band,60+,inst_trust_mean,71.78
Portrait Prof. Cherry,age_band,60+,newsletter_signup,1.3
Portrait Prof. Cherry,age_band,60+,policy_general,67.8
Portrait Prof. Cherry,age_band,60+,policy_role_mean,74.25
Portrait Prof. Cherry,age_band,60+,policy_specific_mean,67.35714285714286
Portrait Prof. Cherry,age_band,60+,trust_multidimensional,73.70833333333333
Portrait Prof. Cherry,age_band,60+,trust_post,72.6
Portrait Prof. Cherry,education,Bachelor's degree,behavior_mean,48.01666666666667
Portrait Prof. Cherry,education,Bachelor's degree,belief_post,77.1
Portrait Prof. Cherry,education,Bachelor's degree,concern_mean,68.73333333333333
Portrait Prof. Cherry,education,Bachelor's degree,distrust_post,28.4
Portrait Prof. Cherry,education,Bachelor's degree,donation_ams,52.0
Portrait Prof. Cherry,education,Bachelor's degree,funding_perceptions,62.5
Portrait Prof. Cherry,education,Bachelor's degree,inst_trust_mean,63.52
Portrait Prof. Cherry,education,Bachelor's degree,newsletter_signup,61.5
Portrait Prof. Cherry,education,Bachelor's degree,policy_general,72.3
Portrait Prof. Cherry,education,Bachelor's degree,policy_role_mean,75.225
Portrait Prof. Cherry,education,Bachelor's degree,policy_specific_mean,67.7
Portrait Prof. Cherry,education,Bachelor's degree,trust_multidimensional,71.18
Portrait Prof. Cherry,education,Bachelor's degree,trust_post,73.6
Portrait Prof. Cherry,education,Doctorate degree / Ph.D.,behavior_mean,62.666666666666664
Portrait Prof. Cherry,education,Doctorate degree / Ph.D.,belief_post,94.0
Portrait Prof. Cherry,education,Doctorate degree / Ph.D.,concern_mean,89.0
Portrait Prof. Cherry,education,Doctorate degree / Ph.D.,distrust_post,8.0
Portrait Prof. Cherry,education,Doctorate degree / Ph.D.,donation_ams,55.0
Portrait Prof. Cherry,education,Doctorate degree / Ph.D.,funding_perceptions,76.0
Portrait Prof. Cherry,education,Doctorate degree / Ph.D.,inst_trust_mean,84.0
Portrait Prof. Cherry,education,Doctorate degree / Ph.D.,newsletter_signup,72.0
Portrait Prof. Cherry,education,Doctorate degree / Ph.D.,policy_general,89.0
Portrait Prof. Cherry,education,Doctorate degree / Ph.D.,policy_role_mean,84.75
Portrait Prof. Cherry,education,Doctorate degree / Ph.D.,policy_specific_mean,85.28571428571429
Portrait Prof. Cherry,education,Doctorate degree / Ph.D.,trust_multidimensional,86.5
Portrait Prof. Cherry,education,Doctorate degree / Ph.D.,trust_post,90.0
Portrait Prof. Cherry,education,High school diploma / GED,behavior_mean,37.333333333333336
Portrait Prof. Cherry,education,High school diploma / GED,belief_post,62.0
Portrait Prof. Cherry,education,High school diploma / GED,concern_mean,61.333333333333336
Portrait Prof. Cherry,education,High school diploma / GED,distrust_post,40.0
Portrait Prof. Cherry,education,High school diploma / GED,donation_ams,3.5
Portrait Prof. Cherry,education,High school diploma / GED,funding_perceptions,47.0
Portrait Prof. Cherry,education,High school diploma / GED,inst_trust_mean,60.2
Portrait Prof. Cherry,education,High school diploma / GED,newsletter_signup,1.45
Portrait Prof. Cherry,education,High school diploma / GED,policy_general,64.0
Portrait Prof. Cherry,education,High school diploma / GED,policy_role_mean,64.25
Portrait Prof. Cherry,education,High school diploma / GED,policy_specific_mean,64.57142857142857
Portrait Prof. Cherry,education,High school diploma / GED,trust_multidimensional,60.75
Portrait Prof. Cherry,education,High school diploma / GED,trust_post,60.0
Portrait Prof. Cherry,education,Less than high school,behavior_mean,25.3
Portrait Prof. Cherry,education,Less than high school,belief_post,43.7
Portrait Prof. Cherry,education,Less than high school,concern_mean,39.4
Portrait Prof. Cherry,education,Less than high school,distrust_post,38.5
Portrait Prof. Cherry,education,Less than high school,donation_ams,1.6
Portrait Prof. Cherry,education,Less than high school,funding_perceptions,23.799999999999997
Portrait Prof. Cherry,education,Less than high school,inst_trust_mean,45.56
Portrait Prof. Cherry,education,Less than high school,newsletter_signup,1.73
Portrait Prof. Cherry,education,Less than high school,policy_general,38.9
Portrait Prof. Cherry,education,Less than high school,policy_role_mean,38.0
Portrait Prof. Cherry,education,Less than high school,policy_specific_mean,47.24285714285714
Portrait Prof. Cherry,education,Less than high school,trust_multidimensional,50.300000000000004
Portrait Prof. Cherry,education,Less than high school,trust_post,47.8
Portrait Prof. Cherry,education,Master's degree / Professional degree,behavior_mean,63.333333333333336
Portrait Prof. Cherry,education,Master's degree / Professional degree,belief_post,93.0
Portrait Prof. Cherry,education,Master's degree / Professional degree,concern_mean,89.33333333333333
Portrait Prof. Cherry,education,Master's degree / Professional degree,distrust_post,11.0
Portrait Prof. Cherry,education,Master's degree / Professional degree,donation_ams,2.5
Portrait Prof. Cherry,education,Master's degree / Professional degree,funding_perceptions,84.0
Portrait Prof. Cherry,education,Master's degree / Professional degree,inst_trust_mean,80.4
Portrait Prof. Cherry,education,Master's degree / Professional degree,newsletter_signup,1.3
Portrait Prof. Cherry,education,Master's degree / Professional degree,policy_general,88.0
Portrait Prof. Cherry,education,Master's degree / Professional degree,policy_role_mean,85.5
Portrait Prof. Cherry,education,Master's degree / Professional degree,policy_specific_mean,79.85714285714286
Portrait Prof. Cherry,education,Master's degree / Professional degree,trust_multidimensional,88.5
Portrait Prof. Cherry,education,Master's degree / Professional degree,trust_post,88.0
Portrait Prof. Cherry,education,Some college or Associate's degree,behavior_mean,41.1
Portrait Prof. Cherry,education,Some college or Associate's degree,belief_post,65.2
Portrait Prof. Cherry,education,Some college or Associate's degree,concern_mean,63.4
Portrait Prof. Cherry,education,Some college or Associate's degree,distrust_post,23.8
Portrait Prof. Cherry,education,Some college or Associate's degree,donation_ams,2.3
Portrait Prof. Cherry,education,Some college or Associate's degree,funding_perceptions,71.5
Portrait Prof. Cherry,education,Some college or Associate's degree,inst_trust_mean,68.4
Portrait Prof. Cherry,education,Some college or Associate's degree,newsletter_signup,0.64
Portrait Prof. Cherry,education,Some college or Associate's degree,policy_general,68.9
Portrait Prof. Cherry,education,Some college or Associate's degree,policy_role_mean,66.55
Portrait Prof. Cherry,education,Some college or Associate's degree,policy_specific_mean,65.21428571428571
Portrait Prof. Cherry,education,Some college or Associate's degree,trust_multidimensional,69.85000000000001
Portrait Prof. Cherry,education,Some college or Associate's degree,trust_post,70.5
Portrait Prof. Cherry,gender,Female,behavior_mean,57.5
Portrait Prof. Cherry,gender,Female,belief_post,92.5
Portrait Prof. Cherry,gender,Female,concern_mean,87.66666666666667
Portrait Prof. Cherry,gender,Female,distrust_post,11.5
Portrait Prof. Cherry,gender,Female,donation_ams,38.0
Portrait Prof. Cherry,gender,Female,funding_perceptions,67.0
Portrait Prof. Cherry,gender,Female,inst_trust_mean,78.1
Portrait Prof. Cherry,gender,Female,newsletter_signup,40.0
Portrait Prof. Cherry,gender,Female,policy_general,87.0
Portrait Prof. Cherry,gender,Female,policy_role_mean,81.5
Portrait Prof. Cherry,gender,Female,policy_specific_mean,80.21428571428571
Portrait Prof. Cherry,gender,Female,trust_multidimensional,85.54166666666667
Portrait Prof. Cherry,gender,Female,trust_post,86.0
Portrait Prof. Cherry,gender,Male,behavior_mean,37.166666666666664
Portrait Prof. Cherry,gender,Male,belief_post,68.0
Portrait Prof. Cherry,gender,Male,concern_mean,61.0
Portrait Prof. Cherry,gender,Male,distrust_post,24.0
Portrait Prof. Cherry,gender,Male,donation_ams,2.4
Portrait Prof. Cherry,gender,Male,funding_perceptions,58.0
Portrait Prof. Cherry,gender,Male,inst_trust_mean,67.4
Portrait Prof. Cherry,gender,Male,newsletter_signup,1.58
Portrait Prof. Cherry,gender,Male,policy_general,70.0
Portrait Prof. Cherry,gender,Male,policy_role_mean,72.5
Portrait Prof. Cherry,gender,Male,policy_specific_mean,68.28571428571429
Portrait Prof. Cherry,gender,Male,trust_multidimensional,76.75
Portrait Prof. Cherry,gender,Male,trust_post,76.0
Portrait Prof. Cherry,gender,Other,behavior_mean,56.63333333333333
Portrait Prof. Cherry,gender,Other,belief_post,87.3
Portrait Prof. Cherry,gender,Other,concern_mean,82.26666666666667
Portrait Prof. Cherry,gender,Other,distrust_post,22.1
Portrait Prof. Cherry,gender,Other,donation_ams,4.3
Portrait Prof. Cherry,gender,Other,funding_perceptions,73.3
Portrait Prof. Cherry,gender,Other,inst_trust_mean,75.66
Portrait Prof. Cherry,gender,Other,newsletter_signup,1.72
Portrait Prof. Cherry,gender,Other,policy_general,81.2
Portrait Prof. Cherry,gender,Other,policy_role_mean,77.35
Portrait Prof. Cherry,gender,Other,policy_specific_mean,76.3
Portrait Prof. Cherry,gender,Other,trust_multidimensional,79.96666666666667
Portrait Prof. Cherry,gender,Other,trust_post,79.5
Portrait Prof. Cherry,income,"$100,000 to $167,999",behavior_mean,54.13333333333333
Portrait Prof. Cherry,income,"$100,000 to $167,999",belief_post,78.9
Portrait Prof. Cherry,income,"$100,000 to $167,999",concern_mean,66.8
Portrait Prof. Cherry,income,"$100,000 to $167,999",distrust_post,27.6
Portrait Prof. Cherry,income,"$100,000 to $167,999",donation_ams,2.9
Portrait Prof. Cherry,income,"$100,000 to $167,999",funding_perceptions,58.7
Portrait Prof. Cherry,income,"$100,000 to $167,999",inst_trust_mean,70.2
Portrait Prof. Cherry,income,"$100,000 to $167,999",newsletter_signup,0.65
Portrait Prof. Cherry,income,"$100,000 to $167,999",policy_general,67.2
Portrait Prof. Cherry,income,"$100,000 to $167,999",policy_role_mean,71.45
Portrait Prof. Cherry,income,"$100,000 to $167,999",policy_specific_mean,63.857142857142854
Portrait Prof. Cherry,income,"$100,000 to $167,999",trust_multidimensional,73.49166666666666
Portrait Prof. Cherry,income,"$100,000 to $167,999",trust_post,71.8
Portrait Prof. Cherry,income,"$168,000 or more",behavior_mean,63.333333333333336
Portrait Prof. Cherry,income,"$168,000 or more",belief_post,89.0
Portrait Prof. Cherry,income,"$168,000 or more",concern_mean,84.0
Portrait Prof. Cherry,income,"$168,000 or more",distrust_post,15.0
Portrait Prof. Cherry,income,"$168,000 or more",donation_ams,4.8
Portrait Prof. Cherry,income,"$168,000 or more",funding_perceptions,75.0
Portrait Prof. Cherry,income,"$168,000 or more",inst_trust_mean,75.0
Portrait Prof. Cherry,income,"$168,000 or more",newsletter_signup,1.2
Portrait Prof. Cherry,income,"$168,000 or more",policy_general,84.0
Portrait Prof. Cherry,income,"$168,000 or more",policy_role_mean,81.5
Portrait Prof. Cherry,income,"$168,000 or more",policy_specific_mean,76.14285714285714
Portrait Prof. Cherry,income,"$168,000 or more",trust_multidimensional,85.41666666666667
Portrait Prof. Cherry,income,"$168,000 or more",trust_post,85.0
Portrait Prof. Cherry,income,"$30,000 to $55,999",behavior_mean,40.666666666666664
Portrait Prof. Cherry,income,"$30,000 to $55,999",belief_post,77.8
Portrait Prof. Cherry,income,"$30,000 to $55,999",concern_mean,67.26666666666667
Portrait Prof. Cherry,income,"$30,000 to $55,999",distrust_post,27.5
Portrait Prof. Cherry,income,"$30,000 to $55,999",donation_ams,2.1
Portrait Prof. Cherry,income,"$30,000 to $55,999",funding_perceptions,57.0
Portrait Prof. Cherry,income,"$30,000 to $55,999",inst_trust_mean,67.3
Portrait Prof. Cherry,income,"$30,000 to $55,999",newsletter_signup,1.85
Portrait Prof. Cherry,income,"$30,000 to $55,999",policy_general,68.2
Portrait Prof. Cherry,income,"$30,000 to $55,999",policy_role_mean,65.625
Portrait Prof. Cherry,income,"$30,000 to $55,999",policy_specific_mean,67.87142857142858
Portrait Prof. Cherry,income,"$30,000 to $55,999",trust_multidimensional,78.39999999999999
Portrait Prof. Cherry,income,"$30,000 to $55,999",trust_post,72.5
Portrait Prof. Cherry,income,"$56,000 to $99,999",behavior_mean,41.166666666666664
Portrait Prof. Cherry,income,"$56,000 to $99,999",belief_post,71.8
Portrait Prof. Cherry,income,"$56,000 to $99,999",concern_mean,68.2
Portrait Prof. Cherry,income,"$56,000 to $99,999",distrust_post,24.3
Portrait Prof. Cherry,income,"$56,000 to $99,999",donation_ams,2.35
Portrait Prof. Cherry,income,"$56,000 to $99,999",funding_perceptions,62.5
Portrait Prof. Cherry,income,"$56,000 to $99,999",inst_trust_mean,67.62
Portrait Prof. Cherry,income,"$56,000 to $99,999",newsletter_signup,1.62
Portrait Prof. Cherry,income,"$56,000 to $99,999",policy_general,67.4
Portrait Prof. Cherry,income,"$56,000 to $99,999",policy_role_mean,68.65
Portrait Prof. Cherry,income,"$56,000 to $99,999",policy_specific_mean,66.58571428571429
Portrait Prof. Cherry,income,"$56,000 to $99,999",trust_multidimensional,76.15833333333333
Portrait Prof. Cherry,income,"$56,000 to $99,999",trust_post,74.6
Portrait Prof. Cherry,income,"Less than $30,000",behavior_mean,42.78333333333333
Portrait Prof. Cherry,income,"Less than $30,000",belief_post,62.4
Portrait Prof. Cherry,income,"Less than $30,000",concern_mean,54.166666666666664
Portrait Prof. Cherry,income,"Less than $30,000",distrust_post,45.6
Portrait Prof. Cherry,income,"Less than $30,000",donation_ams,1.8
Portrait Prof. Cherry,income,"Less than $30,000",funding_perceptions,80.8
Portrait Prof. Cherry,income,"Less than $30,000",inst_trust_mean,63.120000000000005
Portrait Prof. Cherry,income,"Less than $30,000",newsletter_signup,0.34
Portrait Prof. Cherry,income,"Less than $30,000",policy_general,56.1
Portrait Prof. Cherry,income,"Less than $30,000",policy_role_mean,73.75
Portrait Prof. Cherry,income,"Less than $30,000",policy_specific_mean,58.6
Portrait Prof. Cherry,income,"Less than $30,000",trust_multidimensional,67.14166666666667
Portrait Prof. Cherry,income,"Less than $30,000",trust_post,58.3
Portrait Prof. Cherry,party,Democrat,behavior_mean,53.666666666666664
Portrait Prof. Cherry,party,Democrat,belief_post,93.0
Portrait Prof. Cherry,party,Democrat,concern_mean,90.0
Portrait Prof. Cherry,party,Democrat,distrust_post,7.0
Portrait Prof. Cherry,party,Democrat,donation_ams,3.9
Portrait Prof. Cherry,party,Democrat,funding_perceptions,73.0
Portrait Prof. Cherry,party,Democrat,inst_trust_mean,81.8
Portrait Prof. Cherry,party,Democrat,newsletter_signup,1.74
Portrait Prof. Cherry,party,Democrat,policy_general,91.0
Portrait Prof. Cherry,party,Democrat,policy_role_mean,83.0
Portrait Prof. Cherry,party,Democrat,policy_specific_mean,84.42857142857143
Portrait Prof. Cherry,party,Democrat,trust_multidimensional,88.16666666666667
Portrait Prof. Cherry,party,Democrat,trust_post,90.0
Portrait Prof. Cherry,party,Independent,behavior_mean,36.199999999999996
Portrait Prof. Cherry,party,Independent,belief_post,64.7
Portrait Prof. Cherry,party,Independent,concern_mean,53.333333333333336
Portrait Prof. Cherry,party,Independent,distrust_post,36.5
Portrait Prof. Cherry,party,Independent,donation_ams,3.2
Portrait Prof. Cherry,party,Independent,funding_perceptions,71.7
Portrait Prof. Cherry,party,Independent,inst_trust_mean,58.44
Portrait Prof. Cherry,party,Independent,newsletter_signup,1.7
Portrait Prof. Cherry,party,Independent,policy_general,58.9
Portrait Prof. Cherry,party,Independent,policy_role_mean,61.650000000000006
Portrait Prof. Cherry,party,Independent,policy_specific_mean,59.142857142857146
Portrait Prof. Cherry,party,Independent,trust_multidimensional,65.11666666666666
Portrait Prof. Cherry,party,Independent,trust_post,65.1
Portrait Prof. Cherry,party,Other,behavior_mean,45.5
Portrait Prof. Cherry,party,Other,belief_post,66.0
Portrait Prof. Cherry,party,Other,concern_mean,61.333333333333336
Portrait Prof. Cherry,party,Other,distrust_post,22.0
Portrait Prof. Cherry,party,Other,donation_ams,34.0
Portrait Prof. Cherry,party,Other,funding_perceptions,68.0
Portrait Prof. Cherry,party,Other,inst_trust_mean,64.8
Portrait Prof. Cherry,party,Other,newsletter_signup,1.4
Portrait Prof. Cherry,party,Other,policy_general,69.0
Portrait Prof. Cherry,party,Other,policy_role_mean,71.25
Portrait Prof. Cherry,party,Other,policy_specific_mean,68.57142857142857
Portrait Prof. Cherry,party,Other,trust_multidimensional,71.25
Portrait Prof. Cherry,party,Other,trust_post,70.0
Portrait Prof. Cherry,party,Republican,behavior_mean,22.666666666666668
Portrait Prof. Cherry,party,Republican,belief_post,35.0
Portrait Prof. Cherry,party,Republican,concern_mean,33.0
Portrait Prof. Cherry,party,Republican,distrust_post,55.0
Portrait Prof. Cherry,party,Republican,donation_ams,0.4
Portrait Prof. Cherry,party,Republican,funding_perceptions,35.0
Portrait Prof. Cherry,party,Republican,inst_trust_mean,40.6
Portrait Prof. Cherry,party,Republican,newsletter_signup,2.0
Portrait Prof. Cherry,party,Republican,policy_general,38.0
Portrait Prof. Cherry,party,Republican,policy_role_mean,58.25
Portrait Prof. Cherry,party,Republican,policy_specific_mean,46.714285714285715
Portrait Prof. Cherry,party,Republican,trust_multidimensional,41.0
Portrait Prof. Cherry,party,Republican,trust_post,41.0
Portrait Prof. Cherry,race,Asian / Asian American,behavior_mean,60.833333333333336
Portrait Prof. Cherry,race,Asian / Asian American,belief_post,80.0
Portrait Prof. Cherry,race,Asian / Asian American,concern_mean,73.33333333333333
Portrait Prof. Cherry,race,Asian / Asian American,distrust_post,22.0
Portrait Prof. Cherry,race,Asian / Asian American,donation_ams,4.2
Portrait Prof. Cherry,race,Asian / Asian American,funding_perceptions,73.0
Portrait Prof. Cherry,race,Asian / Asian American,inst_trust_mean,65.4
Portrait Prof. Cherry,race,Asian / Asian American,newsletter_signup,1.18
Portrait Prof. Cherry,race,Asian / Asian American,policy_general,74.0
Portrait Prof. Cherry,race,Asian / Asian American,policy_role_mean,76.25
Portrait Prof. Cherry,race,Asian / Asian American,policy_specific_mean,75.0
Portrait Prof. Cherry,race,Asian / Asian American,trust_multidimensional,76.25
Portrait Prof. Cherry,race,Asian / Asian American,trust_post,77.0
Portrait Prof. Cherry,race,Black / African American,behavior_mean,46.9
Portrait Prof. Cherry,race,Black / African American,belief_post,76.2
Portrait Prof. Cherry,race,Black / African American,concern_mean,69.93333333333334
Portrait Prof. Cherry,race,Black / African American,distrust_post,24.3
Portrait Prof. Cherry,race,Black / African American,donation_ams,3.4
Portrait Prof. Cherry,race,Black / African American,funding_perceptions,61.3
Portrait Prof. Cherry,race,Black / African American,inst_trust_mean,62.36
Portrait Prof. Cherry,race,Black / African American,newsletter_signup,1.42
Portrait Prof. Cherry,race,Black / African American,policy_general,74.8
Portrait Prof. Cherry,race,Black / African American,policy_role_mean,73.6
Portrait Prof. Cherry,race,Black / African American,policy_specific_mean,69.25714285714285
Portrait Prof. Cherry,race,Black / African American,trust_multidimensional,72.78333333333333
Portrait Prof. Cherry,race,Black / African American,trust_post,70.5
Portrait Prof. Cherry,race,Hispanic / Latino,behavior_mean,45.9
Portrait Prof. Cherry,race,Hispanic / Latino,belief_post,77.8
Portrait Prof. Cherry,race,Hispanic / Latino,concern_mean,67.86666666666667
Portrait Prof. Cherry,race,Hispanic / Latino,distrust_post,18.2
Portrait Prof. Cherry,race,Hispanic / Latino,donation_ams,0.85
Portrait Prof. Cherry,race,Hispanic / Latino,funding_perceptions,72.5
Portrait Prof. Cherry,race,Hispanic / Latino,inst_trust_mean,67.34
Portrait Prof. Cherry,race,Hispanic / Latino,newsletter_signup,1.92
Portrait Prof. Cherry,race,Hispanic / Latino,policy_general,76.4
Portrait Prof. Cherry,race,Hispanic / Latino,policy_role_mean,77.0
Portrait Prof. Cherry,race,Hispanic / Latino,policy_specific_mean,72.52857142857142
Portrait Prof. Cherry,race,Hispanic / Latino,trust_multidimensional,80.2
Portrait Prof. Cherry,race,Hispanic / Latino,trust_post,78.9
Portrait Prof. Cherry,race,Other,behavior_mean,48.65
Portrait Prof. Cherry,race,Other,belief_post,78.6
Portrait Prof. Cherry,race,Other,concern_mean,74.8
Portrait Prof. Cherry,race,Other,distrust_post,22.4
Portrait Prof. Cherry,race,Other,donation_ams,3.1
Portrait Prof. Cherry,race,Other,funding_perceptions,68.8
Portrait Prof. Cherry,race,Other,inst_trust_mean,68.56
Portrait Prof. Cherry,race,Other,newsletter_signup,1.7
Portrait Prof. Cherry,race,Other,policy_general,76.3
Portrait Prof. Cherry,race,Other,policy_role_mean,79.1
Portrait Prof. Cherry,race,Other,policy_specific_mean,76.95714285714287
Portrait Prof. Cherry,race,Other,trust_multidimensional,79.51666666666667
Portrait Prof. Cherry,race,Other,trust_post,79.5
Portrait Prof. Cherry,race,White / Caucasian,behavior_mean,42.5
Portrait Prof. Cherry,race,White / Caucasian,belief_post,59.0
Portrait Prof. Cherry,race,White / Caucasian,concern_mean,52.666666666666664
Portrait Prof. Cherry,race,White / Caucasian,distrust_post,26.0
Portrait Prof. Cherry,race,White / Caucasian,donation_ams,3.2
Portrait Prof. Cherry,race,White / Caucasian,funding_perceptions,44.0
Portrait Prof. Cherry,race,White / Caucasian,inst_trust_mean,64.2
Portrait Prof. Cherry,race,White / Caucasian,newsletter_signup,1.55
Portrait Prof. Cherry,race,White / Caucasian,policy_general,56.0
Portrait Prof. Cherry,race,White / Caucasian,policy_role_mean,66.5
Portrait Prof. Cherry,race,White / Caucasian,policy_specific_mean,60.42857142857143
Portrait Prof. Cherry,race,White / Caucasian,trust_multidimensional,71.25
Portrait Prof. Cherry,race,White / Caucasian,trust_post,70.0
Scientist community helpers,age_band,18-29,behavior_mean,53.76666666666667
Scientist community helpers,age_band,18-29,belief_post,83.1
Scientist community helpers,age_band,18-29,concern_mean,78.10000000000001
Scientist community helpers,age_band,18-29,distrust_post,18.2
Scientist community helpers,age_band,18-29,donation_ams,3.8
Scientist community helpers,age_band,18-29,funding_perceptions,86.5
Scientist community helpers,age_band,18-29,inst_trust_mean,70.97999999999999
Scientist community helpers,age_band,18-29,newsletter_signup,1.4
Scientist community helpers,age_band,18-29,policy_general,77.3
Scientist community helpers,age_band,18-29,policy_role_mean,74.55
Scientist community helpers,age_band,18-29,policy_specific_mean,77.74285714285715
Scientist community helpers,age_band,18-29,trust_multidimensional,77.20833333333333
Scientist community helpers,age_band,18-29,trust_post,79.4
Scientist community helpers,age_band,30-44,behavior_mean,52.35
Scientist community helpers,age_band,30-44,belief_post,76.5
Scientist community helpers,age_band,30-44,concern_mean,68.73333333333333
Scientist community helpers,age_band,30-44,distrust_post,21.7
Scientist community helpers,age_band,30-44,donation_ams,2.4
Scientist community helpers,age_band,30-44,funding_perceptions,66.8
Scientist community helpers,age_band,30-44,inst_trust_mean,63.82000000000001
Scientist community helpers,age_band,30-44,newsletter_signup,1.16
Scientist community helpers,age_band,30-44,policy_general,71.1
Scientist community helpers,age_band,30-44,policy_role_mean,67.85
Scientist community helpers,age_band,30-44,policy_specific_mean,67.04285714285714
Scientist community helpers,age_band,30-44,trust_multidimensional,78.33333333333333
Scientist community helpers,age_band,30-44,trust_post,78.3
Scientist community helpers,age_band,45-59,behavior_mean,37.5
Scientist community helpers,age_band,45-59,belief_post,58.7
Scientist community helpers,age_band,45-59,concern_mean,65.96666666666667
Scientist community helpers,age_band,45-59,distrust_post,22.3
Scientist community helpers,age_band,45-59,donation_ams,2.8
Scientist community helpers,age_band,45-59,funding_perceptions,73.5
Scientist community helpers,age_band,45-59,inst_trust_mean,62.92
Scientist community helpers,age_band,45-59,newsletter_signup,1.65
Scientist community helpers,age_band,45-59,policy_general,68.4
Scientist community helpers,age_band,45-59,policy_role_mean,67.9
Scientist community helpers,age_band,45-59,policy_specific_mean,63.114285714285714
Scientist community helpers,age_band,45-59,trust_multidimensional,73.25833333333334
Scientist community helpers,age_band,45-59,trust_post,74.6
Scientist community helpers,age_band,60+,behavior_mean,48.56666666666666
Scientist community helpers,age_band,60+,belief_post,69.8
Scientist community helpers,age_band,60+,concern_mean,66.83333333333333
Scientist community helpers,age_band,60+,distrust_post,18.2
Scientist community helpers,age_band,60+,donation_ams,3.8
Scientist community helpers,age_band,60+,funding_perceptions,58.5
Scientist community helpers,age_band,60+,inst_trust_mean,69.9
Scientist community helpers,age_band,60+,newsletter_signup,1.62
Scientist community helpers,age_band,60+,policy_general,74.2
Scientist community helpers,age_band,60+,policy_role_mean,71.3
Scientist community helpers,age_band,60+,policy_specific_mean,69.18571428571428
Scientist community helpers,age_band,60+,trust_multidimensional,77.26666666666667
Scientist community helpers,age_band,60+,trust_post,75.4
Scientist community helpers,education,Bachelor's degree,behavior_mean,60.833333333333336
Scientist community helpers,education,Bachelor's degree,belief_post,87.5
Scientist community helpers,education,Bachelor's degree,concern_mean,86.16666666666667
Scientist community helpers,education,Bachelor's degree,distrust_post,11.5
Scientist community helpers,education,Bachelor's degree,donation_ams,4.1
Scientist community helpers,education,Bachelor's degree,funding_perceptions,74.0
Scientist community helpers,education,Bachelor's degree,inst_trust_mean,79.9
Scientist community helpers,education,Bachelor's degree,newsletter_signup,1.3
Scientist community helpers,education,Bachelor's degree,policy_general,85.5
Scientist community helpers,education,Bachelor's degree,policy_role_mean,80.5
Scientist community helpers,education,Bachelor's degree,policy_specific_mean,74.64285714285714
Scientist community helpers,education,Bachelor's degree,trust_multidimensional,83.91666666666667
Scientist community helpers,education,Bachelor's degree,trust_post,84.5
Scientist community helpers,education,Doctorate degree / Ph.D.,behavior_mean,64.53333333333333
Scientist community helpers,education,Doctorate degree / Ph.D.,belief_post,96.5
Scientist community helpers,education,Doctorate degree / Ph.D.,concern_mean,93.23333333333333
Scientist community helpers,education,Doctorate degree / Ph.D.,distrust_post,7.2
Scientist community helpers,education,Doctorate degree / Ph.D.,donation_ams,6.7
Scientist community helpers,education,Doctorate degree / Ph.D.,funding_perceptions,80.2
Scientist community helpers,education,Doctorate degree / Ph.D.,inst_trust_mean,81.14
Scientist community helpers,education,Doctorate degree / Ph.D.,newsletter_signup,1.42
Scientist community helpers,education,Doctorate degree / Ph.D.,policy_general,92.3
Scientist community helpers,education,Doctorate degree / Ph.D.,policy_role_mean,82.7
Scientist community helpers,education,Doctorate degree / Ph.D.,policy_specific_mean,86.55714285714285
Scientist community helpers,education,Doctorate degree / Ph.D.,trust_multidimensional,89.68333333333334
Scientist community helpers,education,Doctorate degree / Ph.D.,trust_post,90.6
Scientist community helpers,education,High school diploma / GED,behavior_mean,51.916666666666664
Scientist community helpers,education,High school diploma / GED,belief_post,58.4
Scientist community helpers,education,High school diploma / GED,concern_mean,60.86666666666667
Scientist community helpers,education,High school diploma / GED,distrust_post,24.3
Scientist community helpers,education,High school diploma / GED,donation_ams,1.4
Scientist community helpers,education,High school diploma / GED,funding_perceptions,54.3
Scientist community helpers,education,High school diploma / GED,inst_trust_mean,59.32000000000001
Scientist community helpers,education,High school diploma / GED,newsletter_signup,2.0
Scientist community helpers,education,High school diploma / GED,policy_general,62.1
Scientist community helpers,education,High school diploma / GED,policy_role_mean,71.225
Scientist community helpers,education,High school diploma / GED,policy_specific_mean,66.87142857142858
Scientist community helpers,education,High school diploma / GED,trust_multidimensional,69.66666666666667
Scientist community helpers,education,High school diploma / GED,trust_post,68.9
Scientist community helpers,education,Less than high school,behavior_mean,43.56666666666666
Scientist community helpers,education,Less than high school,belief_post,42.1
Scientist community helpers,education,Less than high school,concern_mean,47.56666666666666
Scientist community helpers,education,Less than high school,distrust_post,52.0
Scientist community helpers,education,Less than high school,donation_ams,3.1
Scientist community helpers,education,Less than high school,funding_perceptions,60.5
Scientist community helpers,education,Less than high school,inst_trust_mean,55.04
Scientist community helpers,education,Less than high school,newsletter_signup,1.83
Scientist community helpers,education,Less than high school,policy_general,38.2
Scientist community helpers,education,Less than high school,policy_role_mean,45.475
Scientist community helpers,education,Less than high school,policy_specific_mean,53.5
Scientist community helpers,education,Less than high school,trust_multidimensional,48.43333333333334
Scientist community helpers,education,Less than high school,trust_post,47.8
Scientist community helpers,education,Master's degree / Professional degree,behavior_mean,55.81666666666666
Scientist community helpers,education,Master's degree / Professional degree,belief_post,91.2
Scientist community helpers,education,Master's degree / Professional degree,concern_mean,86.56666666666666
Scientist community helpers,education,Master's degree / Professional degree,distrust_post,17.6
Scientist community helpers,education,Master's degree / Professional degree,donation_ams,6.45
Scientist community helpers,education,Master's degree / Professional degree,funding_perceptions,66.9
Scientist community helpers,education,Master's degree / Professional degree,inst_trust_mean,74.1
Scientist community helpers,education,Master's degree / Professional degree,newsletter_signup,1.18
Scientist community helpers,education,Master's degree / Professional degree,policy_general,83.5
Scientist community helpers,education,Master's degree / Professional degree,policy_role_mean,73.89999999999999
Scientist community helpers,education,Master's degree / Professional degree,policy_specific_mean,80.77142857142857
Scientist community helpers,education,Master's degree / Professional degree,trust_multidimensional,81.10000000000001
Scientist community helpers,education,Master's degree / Professional degree,trust_post,82.4
Scientist community helpers,education,Some college or Associate's degree,behavior_mean,38.78333333333333
Scientist community helpers,education,Some college or Associate's degree,belief_post,70.5
Scientist community helpers,education,Some college or Associate's degree,concern_mean,69.23333333333333
Scientist community helpers,education,Some college or Associate's degree,distrust_post,28.1
Scientist community helpers,education,Some college or Associate's degree,donation_ams,3.05
Scientist community helpers,education,Some college or Associate's degree,funding_perceptions,62.4
Scientist community helpers,education,Some college or Associate's degree,inst_trust_mean,68.53999999999999
Scientist community helpers,education,Some college or Associate's degree,newsletter_signup,1.46
Scientist community helpers,education,Some college or Associate's degree,policy_general,69.8
Scientist community helpers,education,Some college or Associate's degree,policy_role_mean,73.0
Scientist community helpers,education,Some college or Associate's degree,policy_specific_mean,65.9
Scientist community helpers,education,Some college or Associate's degree,trust_multidimensional,72.675
Scientist community helpers,education,Some college or Associate's degree,trust_post,71.9
Scientist community helpers,gender,Female,behavior_mean,46.13333333333333
Scientist community helpers,gender,Female,belief_post,81.7
Scientist community helpers,gender,Female,concern_mean,80.16666666666667
Scientist community helpers,gender,Female,distrust_post,21.5
Scientist community helpers,gender,Female,donation_ams,4.2
Scientist community helpers,gender,Female,funding_perceptions,77.7
Scientist community helpers,gender,Female,inst_trust_mean,73.2
Scientist community helpers,gender,Female,newsletter_signup,1.17
Scientist community helpers,gender,Female,policy_general,80.4
Scientist community helpers,gender,Female,policy_role_mean,76.65
Scientist community helpers,gender,Female,policy_specific_mean,74.97142857142856
Scientist community helpers,gender,Female,trust_multidimensional,77.89999999999999
Scientist community helpers,gender,Female,trust_post,79.8
Scientist community helpers,gender,Male,behavior_mean,44.68333333333334
Scientist community helpers,gender,Male,belief_post,71.4
Scientist community helpers,gender,Male,concern_mean,57.93333333333334
Scientist community helpers,gender,Male,distrust_post,21.5
Scientist community helpers,gender,Male,donation_ams,3.8
Scientist community helpers,gender,Male,funding_perceptions,63.8
Scientist community helpers,gender,Male,inst_trust_mean,66.62
Scientist community helpers,gender,Male,newsletter_signup,1.62
Scientist community helpers,gender,Male,policy_general,67.9
Scientist community helpers,gender,Male,policy_role_mean,76.55
Scientist community helpers,gender,Male,policy_specific_mean,66.61428571428571
Scientist community helpers,gender,Male,trust_multidimensional,79.76666666666667
Scientist community helpers,gender,Male,trust_post,76.8
Scientist community helpers,gender,Other,behavior_mean,49.78333333333333
Scientist community helpers,gender,Other,belief_post,86.3
Scientist community helpers,gender,Other,concern_mean,78.86666666666667
Scientist community helpers,gender,Other,distrust_post,14.5
Scientist community helpers,gender,Other,donation_ams,3.4
Scientist community helpers,gender,Other,funding_perceptions,76.3
Scientist community helpers,gender,Other,inst_trust_mean,68.0
Scientist community helpers,gender,Other,newsletter_signup,1.32
Scientist community helpers,gender,Other,policy_general,79.1
Scientist community helpers,gender,Other,policy_role_mean,73.27499999999999
Scientist community helpers,gender,Other,policy_specific_mean,73.34285714285714
Scientist community helpers,gender,Other,trust_multidimensional,76.24166666666666
Scientist community helpers,gender,Other,trust_post,76.8
Scientist community helpers,income,"$100,000 to $167,999",behavior_mean,53.666666666666664
Scientist community helpers,income,"$100,000 to $167,999",belief_post,86.0
Scientist community helpers,income,"$100,000 to $167,999",concern_mean,71.0
Scientist community helpers,income,"$100,000 to $167,999",distrust_post,18.0
Scientist community helpers,income,"$100,000 to $167,999",donation_ams,2.4
Scientist community helpers,income,"$100,000 to $167,999",funding_perceptions,42.0
Scientist community helpers,income,"$100,000 to $167,999",inst_trust_mean,69.2
Scientist community helpers,income,"$100,000 to $167,999",newsletter_signup,1.25
Scientist community helpers,income,"$100,000 to $167,999",policy_general,76.0
Scientist community helpers,income,"$100,000 to $167,999",policy_role_mean,70.0
Scientist community helpers,income,"$100,000 to $167,999",policy_specific_mean,69.85714285714286
Scientist community helpers,income,"$100,000 to $167,999",trust_multidimensional,74.25
Scientist community helpers,income,"$100,000 to $167,999",trust_post,72.0
Scientist community helpers,income,"$168,000 or more",behavior_mean,52.083333333333336
Scientist community helpers,income,"$168,000 or more",belief_post,82.0
Scientist community helpers,income,"$168,000 or more",concern_mean,74.66666666666667
Scientist community helpers,income,"$168,000 or more",distrust_post,14.5
Scientist community helpers,income,"$168,000 or more",donation_ams,4.1
Scientist community helpers,income,"$168,000 or more",funding_perceptions,71.0
Scientist community helpers,income,"$168,000 or more",inst_trust_mean,67.8
Scientist community helpers,income,"$168,000 or more",newsletter_signup,1.65
Scientist community helpers,income,"$168,000 or more",policy_general,76.5
Scientist community helpers,income,"$168,000 or more",policy_role_mean,81.25
Scientist community helpers,income,"$168,000 or more",policy_specific_mean,73.57142857142857
Scientist community helpers,income,"$168,000 or more",trust_multidimensional,79.31666666666666
Scientist community helpers,income,"$168,000 or more",trust_post,79.0
Scientist community helpers,income,"$30,000 to $55,999",behavior_mean,40.03333333333334
Scientist community helpers,income,"$30,000 to $55,999",belief_post,61.7
Scientist community helpers,income,"$30,000 to $55,999",concern_mean,64.10000000000001
Scientist community helpers,income,"$30,000 to $55,999",distrust_post,21.8
Scientist community helpers,income,"$30,000 to $55,999",donation_ams,21.4
Scientist community helpers,income,"$30,000 to $55,999",funding_perceptions,58.8
Scientist community helpers,income,"$30,000 to $55,999",inst_trust_mean,58.96
Scientist community helpers,income,"$30,000 to $55,999",newsletter_signup,1.58
Scientist community helpers,income,"$30,000 to $55,999",policy_general,66.3
Scientist community helpers,income,"$30,000 to $55,999",policy_role_mean,67.275
Scientist community helpers,income,"$30,000 to $55,999",policy_specific_mean,61.55714285714286
Scientist community helpers,income,"$30,000 to $55,999",trust_multidimensional,72.25
Scientist community helpers,income,"$30,000 to $55,999",trust_post,71.5
Scientist community helpers,income,"$56,000 to $99,999",behavior_mean,47.5
Scientist community helpers,income,"$56,000 to $99,999",belief_post,66.5
Scientist community helpers,income,"$56,000 to $99,999",concern_mean,63.23333333333333
Scientist community helpers,income,"$56,000 to $99,999",distrust_post,28.9
Scientist community helpers,income,"$56,000 to $99,999",donation_ams,2.1
Scientist community helpers,income,"$56,000 to $99,999",funding_perceptions,83.2
Scientist community helpers,income,"$56,000 to $99,999",inst_trust_mean,61.720000000000006
Scientist community helpers,income,"$56,000 to $99,999",newsletter_signup,1.83
Scientist community helpers,income,"$56,000 to $99,999",policy_general,63.3
Scientist community helpers,income,"$56,000 to $99,999",policy_role_mean,64.375
Scientist community helpers,income,"$56,000 to $99,999",policy_specific_mean,63.857142857142854
Scientist community helpers,income,"$56,000 to $99,999",trust_multidimensional,64.25
Scientist community helpers,income,"$56,000 to $99,999",trust_post,68.7
Scientist community helpers,income,"Less than $30,000",behavior_mean,45.73333333333333
Scientist community helpers,income,"Less than $30,000",belief_post,60.2
Scientist community helpers,income,"Less than $30,000",concern_mean,71.66666666666667
Scientist community helpers,income,"Less than $30,000",distrust_post,29.8
Scientist community helpers,income,"Less than $30,000",donation_ams,2.9
Scientist community helpers,income,"Less than $30,000",funding_perceptions,45.4
Scientist community helpers,income,"Less than $30,000",inst_trust_mean,60.339999999999996
Scientist community helpers,income,"Less than $30,000",newsletter_signup,1.2
Scientist community helpers,income,"Less than $30,000",policy_general,70.5
Scientist community helpers,income,"Less than $30,000",policy_role_mean,66.275
Scientist community helpers,income,"Less than $30,000",policy_specific_mean,62.91428571428571
Scientist community helpers,income,"Less than $30,000",trust_multidimensional,68.34166666666667
Scientist community helpers,income,"Less than $30,000",trust_post,68.3
Scientist community helpers,party,Democrat,behavior_mean,56.85
Scientist community helpers,party,Democrat,belief_post,92.8
Scientist community helpers,party,Democrat,concern_mean,86.3
Scientist community helpers,party,Democrat,distrust_post,8.4
Scientist community helpers,party,Democrat,donation_ams,2.8
Scientist community helpers,party,Democrat,funding_perceptions,71.5
Scientist community helpers,party,Democrat,inst_trust_mean,74.46000000000001
Scientist community helpers,party,Democrat,newsletter_signup,1.4
Scientist community helpers,party,Democrat,policy_general,88.9
Scientist community helpers,party,Democrat,policy_role_mean,80.375
Scientist community helpers,party,Democrat,policy_specific_mean,80.52857142857144
Scientist community helpers,party,Democrat,trust_multidimensional,84.075
Scientist community helpers,party,Democrat,trust_post,86.2
Scientist community helpers,party,Independent,behavior_mean,46.583333333333336
Scientist community helpers,party,Independent,belief_post,68.3
Scientist community helpers,party,Independent,concern_mean,63.13333333333333
Scientist community helpers,party,Independent,distrust_post,28.7
Scientist community helpers,party,Independent,donation_ams,37.5
Scientist community helpers,party,Independent,funding_perceptions,54.2
Scientist community helpers,party,Independent,inst_trust_mean,61.019999999999996
Scientist community helpers,party,Independent,newsletter_signup,35.2
Scientist community helpers,party,Independent,policy_general,62.1
Scientist community helpers,party,Independent,policy_role_mean,66.625
Scientist community helpers,party,Independent,policy_specific_mean,67.05714285714285
Scientist community helpers,party,Independent,trust_multidimensional,68.48333333333333
Scientist community helpers,party,Independent,trust_post,65.4
Scientist community helpers,party,Other,behavior_mean,48.65
Scientist community helpers,party,Other,belief_post,66.9
Scientist community helpers,party,Other,concern_mean,66.13333333333334
Scientist community helpers,party,Other,distrust_post,33.8
Scientist community helpers,party,Other,donation_ams,3.4
Scientist community helpers,party,Other,funding_perceptions,58.5
Scientist community helpers,party,Other,inst_trust_mean,61.02
Scientist community helpers,party,Other,newsletter_signup,1.62
Scientist community helpers,party,Other,policy_general,63.2
Scientist community helpers,party,Other,policy_role_mean,64.425
Scientist community helpers,party,Other,policy_specific_mean,63.4
Scientist community helpers,party,Other,trust_multidimensional,66.13333333333334
Scientist community helpers,party,Other,trust_post,67.4
Scientist community helpers,party,Republican,behavior_mean,29.333333333333332
Scientist community helpers,party,Republican,belief_post,31.0
Scientist community helpers,party,Republican,concern_mean,30.333333333333332
Scientist community helpers,party,Republican,distrust_post,58.0
Scientist community helpers,party,Republican,donation_ams,0.65
Scientist community helpers,party,Republican,funding_perceptions,78.0
Scientist community helpers,party,Republican,inst_trust_mean,32.8
Scientist community helpers,party,Republican,newsletter_signup,1.45
Scientist community helpers,party,Republican,policy_general,23.0
Scientist community helpers,party,Republican,policy_role_mean,36.5
Scientist community helpers,party,Republican,policy_specific_mean,48.57142857142857
Scientist community helpers,party,Republican,trust_multidimensional,50.166666666666664
Scientist community helpers,party,Republican,trust_post,38.0
Scientist community helpers,race,Asian / Asian American,behavior_mean,54.5
Scientist community helpers,race,Asian / Asian American,belief_post,88.4
Scientist community helpers,race,Asian / Asian American,concern_mean,84.3
Scientist community helpers,race,Asian / Asian American,distrust_post,14.2
Scientist community helpers,race,Asian / Asian American,donation_ams,2.4
Scientist community helpers,race,Asian / Asian American,funding_perceptions,66.5
Scientist community helpers,race,Asian / Asian American,inst_trust_mean,66.58
Scientist community helpers,race,Asian / Asian American,newsletter_signup,1.65
Scientist community helpers,race,Asian / Asian American,policy_general,77.9
Scientist community helpers,race,Asian / Asian American,policy_role_mean,74.9
Scientist community helpers,race,Asian / Asian American,policy_specific_mean,73.78571428571429
Scientist community helpers,race,Asian / Asian American,trust_multidimensional,79.95
Scientist community helpers,race,Asian / Asian American,trust_post,80.6
Scientist community helpers,race,Black / African American,behavior_mean,41.93333333333333
Scientist community helpers,race,Black / African American,belief_post,77.9
Scientist community helpers,race,Black / African American,concern_mean,74.7
Scientist community helpers,race,Black / African American,distrust_post,24.3
Scientist community helpers,race,Black / African American,donation_ams,15.7
Scientist community helpers,race,Black / African American,funding_perceptions,63.5
Scientist community helpers,race,Black / African American,inst_trust_mean,68.32000000000001
Scientist community helpers,race,Black / African American,newsletter_signup,1.26
Scientist community helpers,race,Black / African American,policy_general,74.8
Scientist community helpers,race,Black / African American,policy_role_mean,73.75
Scientist community helpers,race,Black / African American,policy_specific_mean,70.07142857142857
Scientist community helpers,race,Black / African American,trust_multidimensional,73.14999999999999
Scientist community helpers,race,Black / African American,trust_post,71.5
Scientist community helpers,race,Hispanic / Latino,behavior_mean,52.666666666666664
Scientist community helpers,race,Hispanic / Latino,belief_post,73.0
Scientist community helpers,race,Hispanic / Latino,concern_mean,72.66666666666667
Scientist community helpers,race,Hispanic / Latino,distrust_post,20.0
Scientist community helpers,race,Hispanic / Latino,donation_ams,27.0
Scientist community helpers,race,Hispanic / Latino,funding_perceptions,66.0
Scientist community helpers,race,Hispanic / Latino,inst_trust_mean,72.6
Scientist community helpers,race,Hispanic / Latino,newsletter_signup,1.42
Scientist community helpers,race,Hispanic / Latino,policy_general,75.0
Scientist community helpers,race,Hispanic / Latino,policy_role_mean,69.75
Scientist community helpers,race,Hispanic / Latino,policy_specific_mean,69.57142857142857
Scientist community helpers,race,Hispanic / Latino,trust_multidimensional,75.0
Scientist community helpers,race,Hispanic / Latino,trust_post,76.0
Scientist community helpers,race,Other,behavior_mean,54.449999999999996
Scientist community helpers,race,Other,belief_post,78.4
Scientist community helpers,race,Other,concern_mean,74.66666666666667
Scientist community helpers,race,Other,distrust_post,27.8
Scientist community helpers,race,Other,donation_ams,5.3
Scientist community helpers,race,Other,funding_perceptions,61.9
Scientist community helpers,race,Other,inst_trust_mean,64.4
Scientist community helpers,race,Other,newsletter_signup,1.33
Scientist community helpers,race,Other,policy_general,74.9
Scientist community helpers,race,Other,policy_role_mean,69.75
Scientist community helpers,race,Other,policy_specific_mean,70.64285714285714
Scientist community helpers,race,Other,trust_multidimensional,75.325
Scientist community helpers,race,Other,trust_post,70.2
Scientist community helpers,race,White / Caucasian,behavior_mean,44.28333333333333
Scientist community helpers,race,White / Caucasian,belief_post,64.1
Scientist community helpers,race,White / Caucasian,concern_mean,62.46666666666667
Scientist community helpers,race,White / Caucasian,distrust_post,21.3
Scientist community helpers,race,White / Caucasian,donation_ams,3.5
Scientist community helpers,race,White / Caucasian,funding_perceptions,68.5
Scientist community helpers,race,White / Caucasian,inst_trust_mean,65.92
Scientist community helpers,race,White / Caucasian,newsletter_signup,1.64
Scientist community helpers,race,White / Caucasian,policy_general,63.4
Scientist community helpers,race,White / Caucasian,policy_role_mean,69.775
Scientist community helpers,race,White / Caucasian,policy_specific_mean,64.02857142857142
Scientist community helpers,race,White / Caucasian,trust_multidimensional,76.09166666666667
Scientist community helpers,race,White / Caucasian,trust_post,72.8
Social justice,age_band,18-29,behavior_mean,52.43333333333334
Social justice,age_band,18-29,belief_post,86.4
Social justice,age_band,18-29,concern_mean,83.8
Social justice,age_band,18-29,distrust_post,9.2
Social justice,age_band,18-29,donation_ams,2.9
Social justice,age_band,18-29,funding_perceptions,72.5
Social justice,age_band,18-29,inst_trust_mean,69.66
Social justice,age_band,18-29,newsletter_signup,1.12
Social justice,age_band,18-29,policy_general,87.9
Social justice,age_band,18-29,policy_role_mean,79.775
Social justice,age_band,18-29,policy_specific_mean,78.77142857142857
Social justice,age_band,18-29,trust_multidimensional,85.39166666666667
Social justice,age_band,18-29,trust_post,88.6
Social justice,age_band,30-44,behavior_mean,37.833333333333336
Social justice,age_band,30-44,belief_post,84.0
Social justice,age_band,30-44,concern_mean,73.66666666666667
Social justice,age_band,30-44,distrust_post,20.0
Social justice,age_band,30-44,donation_ams,1.8
Social justice,age_band,30-44,funding_perceptions,83.0
Social justice,age_band,30-44,inst_trust_mean,70.0
Social justice,age_band,30-44,newsletter_signup,1.42
Social justice,age_band,30-44,policy_general,82.0
Social justice,age_band,30-44,policy_role_mean,73.25
Social justice,age_band,30-44,policy_specific_mean,68.71428571428571
Social justice,age_band,30-44,trust_multidimensional,75.33333333333333
Social justice,age_band,30-44,trust_post,80.0
Social justice,age_band,45-59,behavior_mean,47.88333333333333
Social justice,age_band,45-59,belief_post,81.7
Social justice,age_band,45-59,concern_mean,76.2
Social justice,age_band,45-59,distrust_post,17.3
Social justice,age_band,45-59,donation_ams,1.85
Social justice,age_band,45-59,funding_perceptions,77.9
Social justice,age_band,45-59,inst_trust_mean,76.0
Social justice,age_band,45-59,newsletter_signup,1.32
Social justice,age_band,45-59,policy_general,77.6
Social justice,age_band,45-59,policy_role_mean,78.6
Social justice,age_band,45-59,policy_specific_mean,76.75714285714285
Social justice,age_band,45-59,trust_multidimensional,79.98333333333333
Social justice,age_band,45-59,trust_post,80.9
Social justice,age_band,60+,behavior_mean,52.5
Social justice,age_band,60+,belief_post,85.0
Social justice,age_band,60+,concern_mean,76.33333333333333
Social justice,age_band,60+,distrust_post,20.0
Social justice,age_band,60+,donation_ams,4.6
Social justice,age_band,60+,funding_perceptions,73.0
Social justice,age_band,60+,inst_trust_mean,79.2
Social justice,age_band,60+,newsletter_signup,0.66
Social justice,age_band,60+,policy_general,77.0
Social justice,age_band,60+,policy_role_mean,78.25
Social justice,age_band,60+,policy_specific_mean,69.57142857142857
Social justice,age_band,60+,trust_multidimensional,78.83333333333333
Social justice,age_band,60+,trust_post,80.0
Social justice,education,Bachelor's degree,behavior_mean,53.53333333333333
Social justice,education,Bachelor's degree,belief_post,79.5
Social justice,education,Bachelor's degree,concern_mean,78.13333333333333
Social justice,education,Bachelor's degree,distrust_post,18.5
Social justice,education,Bachelor's degree,donation_ams,2.4
Social justice,education,Bachelor's degree,funding_perceptions,82.0
Social justice,education,Bachelor's degree,inst_trust_mean,69.3
Social justice,education,Bachelor's degree,newsletter_signup,1.6
Social justice,education,Bachelor's degree,policy_general,80.2
Social justice,education,Bachelor's degree,policy_role_mean,72.45
Social justice,education,Bachelor's degree,policy_specific_mean,74.62857142857142
Social justice,education,Bachelor's degree,trust_multidimensional,84.38333333333334
Social justice,education,Bachelor's degree,trust_post,81.5
Social justice,education,Doctorate degree / Ph.D.,behavior_mean,70.66666666666667
Social justice,education,Doctorate degree / Ph.D.,belief_post,95.0
Social justice,education,Doctorate degree / Ph.D.,concern_mean,85.33333333333333
Social justice,education,Doctorate degree / Ph.D.,distrust_post,7.0
Social justice,education,Doctorate degree / Ph.D.,donation_ams,6.8
Social justice,education,Doctorate degree / Ph.D.,funding_perceptions,82.0
Social justice,education,Doctorate degree / Ph.D.,inst_trust_mean,84.0
Social justice,education,Doctorate degree / Ph.D.,newsletter_signup,1.65
Social justice,education,Doctorate degree / Ph.D.,policy_general,87.0
Social justice,education,Doctorate degree / Ph.D.,policy_role_mean,86.75
Social justice,education,Doctorate degree / Ph.D.,policy_specific_mean,81.57142857142857
Social justice,education,Doctorate degree / Ph.D.,trust_multidimensional,90.83333333333333
Social justice,education,Doctorate degree / Ph.D.,trust_post,91.0
Social justice,education,High school diploma / GED,behavior_mean,39.11666666666667
Social justice,education,High school diploma / GED,belief_post,59.4
Social justice,education,High school diploma / GED,concern_mean,58.06666666666666
Social justice,education,High school diploma / GED,distrust_post,27.9
Social justice,education,High school diploma / GED,donation_ams,3.4
Social justice,education,High school diploma / GED,funding_perceptions,68.5
Social justice,education,High school diploma / GED,inst_trust_mean,60.239999999999995
Social justice,education,High school diploma / GED,newsletter_signup,1.35
Social justice,education,High school diploma / GED,policy_general,66.8
Social justice,education,High school diploma / GED,policy_role_mean,71.8
Social justice,education,High school diploma / GED,policy_specific_mean,63.55714285714286
Social justice,education,High school diploma / GED,trust_multidimensional,65.68333333333334
Social justice,education,High school diploma / GED,trust_post,64.1
Social justice,education,Less than high school,behavior_mean,22.650000000000002
Social justice,education,Less than high school,belief_post,41.9
Social justice,education,Less than high school,concern_mean,34.166666666666664
Social justice,education,Less than high school,distrust_post,42.8
Social justice,education,Less than high school,donation_ams,17.2
Social justice,education,Less than high school,funding_perceptions,32.5
Social justice,education,Less than high school,inst_trust_mean,38.88
Social justice,education,Less than high school,newsletter_signup,2.0
Social justice,education,Less than high school,policy_general,46.8
Social justice,education,Less than high school,policy_role_mean,53.775
Social justice,education,Less than high school,policy_specific_mean,50.885714285714286
Social justice,education,Less than high school,trust_multidimensional,45.09166666666667
Social justice,education,Less than high school,trust_post,46.2
Social justice,education,Master's degree / Professional degree,behavior_mean,59.96666666666667
Social justice,education,Master's degree / Professional degree,belief_post,93.1
Social justice,education,Master's degree / Professional degree,concern_mean,88.0
Social justice,education,Master's degree / Professional degree,distrust_post,6.8
Social justice,education,Master's degree / Professional degree,donation_ams,4.9
Social justice,education,Master's degree / Professional degree,funding_perceptions,77.7
Social justice,education,Master's degree / Professional degree,inst_trust_mean,80.3
Social justice,education,Master's degree / Professional degree,newsletter_signup,1.38
Social justice,education,Master's degree / Professional degree,policy_general,86.7
Social justice,education,Master's degree / Professional degree,policy_role_mean,82.225
Social justice,education,Master's degree / Professional degree,policy_specific_mean,78.5
Social justice,education,Master's degree / Professional degree,trust_multidimensional,83.49166666666666
Social justice,education,Master's degree / Professional degree,trust_post,89.4
Social justice,education,Some college or Associate's degree,behavior_mean,45.166666666666664
Social justice,education,Some college or Associate's degree,belief_post,81.0
Social justice,education,Some college or Associate's degree,concern_mean,68.0
Social justice,education,Some college or Associate's degree,distrust_post,19.0
Social justice,education,Some college or Associate's degree,donation_ams,2.3
Social justice,education,Some college or Associate's degree,funding_perceptions,75.0
Social justice,education,Some college or Associate's degree,inst_trust_mean,62.0
Social justice,education,Some college or Associate's degree,newsletter_signup,1.86
Social justice,education,Some college or Associate's degree,policy_general,73.0
Social justice,education,Some college or Associate's degree,policy_role_mean,65.75
Social justice,education,Some college or Associate's degree,policy_specific_mean,66.71428571428571
Social justice,education,Some college or Associate's degree,trust_multidimensional,70.5
Social justice,education,Some college or Associate's degree,trust_post,71.0
Social justice,gender,Female,behavior_mean,63.833333333333336
Social justice,gender,Female,belief_post,88.0
Social justice,gender,Female,concern_mean,78.0
Social justice,gender,Female,distrust_post,15.0
Social justice,gender,Female,donation_ams,4.5
Social justice,gender,Female,funding_perceptions,78.0
Social justice,gender,Female,inst_trust_mean,76.0
Social justice,gender,Female,newsletter_signup,1.4
Social justice,gender,Female,policy_general,85.0
Social justice,gender,Female,policy_role_mean,80.5
Social justice,gender,Female,policy_specific_mean,79.28571428571429
Social justice,gender,Female,trust_multidimensional,77.25
Social justice,gender,Female,trust_post,75.0
Social justice,gender,Male,behavior_mean,47.083333333333336
Social justice,gender,Male,belief_post,82.7
Social justice,gender,Male,concern_mean,67.73333333333333
Social justice,gender,Male,distrust_post,16.5
Social justice,gender,Male,donation_ams,2.15
Social justice,gender,Male,funding_perceptions,56.8
Social justice,gender,Male,inst_trust_mean,66.14
Social justice,gender,Male,newsletter_signup,1.53
Social justice,gender,Male,policy_general,75.8
Social justice,gender,Male,policy_role_mean,83.65
Social justice,gender,Male,policy_specific_mean,66.47142857142858
Social justice,gender,Male,trust_multidimensional,79.45
Social justice,gender,Male,trust_post,80.1
Social justice,gender,Other,behavior_mean,70.13333333333334
Social justice,gender,Other,belief_post,92.4
Social justice,gender,Other,concern_mean,88.56666666666666
Social justice,gender,Other,distrust_post,14.5
Social justice,gender,Other,donation_ams,3.4
Social justice,gender,Other,funding_perceptions,77.2
Social justice,gender,Other,inst_trust_mean,81.25999999999999
Social justice,gender,Other,newsletter_signup,1.22
Social justice,gender,Other,policy_general,88.1
Social justice,gender,Other,policy_role_mean,83.05000000000001
Social justice,gender,Other,policy_specific_mean,84.67142857142858
Social justice,gender,Other,trust_multidimensional,86.64166666666667
Social justice,gender,Other,trust_post,87.9
Social justice,income,"$100,000 to $167,999",behavior_mean,48.5
Social justice,income,"$100,000 to $167,999",belief_post,79.0
Social justice,income,"$100,000 to $167,999",concern_mean,64.33333333333333
Social justice,income,"$100,000 to $167,999",distrust_post,22.0
Social justice,income,"$100,000 to $167,999",donation_ams,4.1
Social justice,income,"$100,000 to $167,999",funding_perceptions,66.0
Social justice,income,"$100,000 to $167,999",inst_trust_mean,62.8
Social justice,income,"$100,000 to $167,999",newsletter_signup,1.18
Social justice,income,"$100,000 to $167,999",policy_general,57.0
Social justice,income,"$100,000 to $167,999",policy_role_mean,66.75
Social justice,income,"$100,000 to $167,999",policy_specific_mean,62.57142857142857
Social justice,income,"$100,000 to $167,999",trust_multidimensional,71.91666666666667
Social justice,income,"$100,000 to $167,999",trust_post,66.0
Social justice,income,"$168,000 or more",behavior_mean,62.333333333333336
Social justice,income,"$168,000 or more",belief_post,91.0
Social justice,income,"$168,000 or more",concern_mean,88.33333333333333
Social justice,income,"$168,000 or more",distrust_post,9.0
Social justice,income,"$168,000 or more",donation_ams,4.5
Social justice,income,"$168,000 or more",funding_perceptions,64.0
Social justice,income,"$168,000 or more",inst_trust_mean,78.8
Social justice,income,"$168,000 or more",newsletter_signup,1.7
Social justice,income,"$168,000 or more",policy_general,87.0
Social justice,income,"$168,000 or more",policy_role_mean,88.5
Social justice,income,"$168,000 or more",policy_specific_mean,84.28571428571429
Social justice,income,"$168,000 or more",trust_multidimensional,87.5
Social justice,income,"$168,000 or more",trust_post,90.0
Social justice,income,"$30,000 to $55,999",behavior_mean,38.833333333333336
Social justice,income,"$30,000 to $55,999",belief_post,83.0
Social justice,income,"$30,000 to $55,999",concern_mean,76.0
Social justice,income,"$30,000 to $55,999",distrust_post,11.0
Social justice,income,"$30,000 to $55,999",donation_ams,18.0
Social justice,income,"$30,000 to $55,999",funding_perceptions,74.0
Social justice,income,"$30,000 to $55,999",inst_trust_mean,63.0
Social justice,income,"$30,000 to $55,999",newsletter_signup,0.23
Social justice,income,"$30,000 to $55,999",policy_general,77.0
Social justice,income,"$30,000 to $55,999",policy_role_mean,72.25
Social justice,income,"$30,000 to $55,999",policy_specific_mean,72.14285714285714
Social justice,income,"$30,000 to $55,999",trust_multidimensional,83.0
Social justice,income,"$30,000 to $55,999",trust_post,87.0
Social justice,income,"$56,000 to $99,999",behavior_mean,49.0
Social justice,income,"$56,000 to $99,999",belief_post,68.0
Social justice,income,"$56,000 to $99,999",concern_mean,64.0
Social justice,income,"$56,000 to $99,999",distrust_post,19.0
Social justice,income,"$56,000 to $99,999",donation_ams,1.85
Social justice,income,"$56,000 to $99,999",funding_perceptions,58.0
Social justice,income,"$56,000 to $99,999",inst_trust_mean,67.8
Social justice,income,"$56,000 to $99,999",newsletter_signup,1.32
Social justice,income,"$56,000 to $99,999",policy_general,71.0
Social justice,income,"$56,000 to $99,999",policy_role_mean,66.0
Social justice,income,"$56,000 to $99,999",policy_specific_mean,68.28571428571429
Social justice,income,"$56,000 to $99,999",trust_multidimensional,78.41666666666667
Social justice,income,"$56,000 to $99,999",trust_post,76.0
Social justice,income,"Less than $30,000",behavior_mean,46.833333333333336
Social justice,income,"Less than $30,000",belief_post,87.0
Social justice,income,"Less than $30,000",concern_mean,76.66666666666667
Social justice,income,"Less than $30,000",distrust_post,18.0
Social justice,income,"Less than $30,000",donation_ams,1.2
Social justice,income,"Less than $30,000",funding_perceptions,78.0
Social justice,income,"Less than $30,000",inst_trust_mean,70.4
Social justice,income,"Less than $30,000",newsletter_signup,1.7
Social justice,income,"Less than $30,000",policy_general,84.0
Social justice,income,"Less than $30,000",policy_role_mean,81.25
Social justice,income,"Less than $30,000",policy_specific_mean,76.0
Social justice,income,"Less than $30,000",trust_multidimensional,79.5
Social justice,income,"Less than $30,000",trust_post,80.0
Social justice,party,Democrat,behavior_mean,56.0
Social justice,party,Democrat,belief_post,90.0
Social justice,party,Democrat,concern_mean,87.0
Social justice,party,Democrat,distrust_post,12.0
Social justice,party,Democrat,donation_ams,2.0
Social justice,party,Democrat,funding_perceptions,75.0
Social justice,party,Democrat,inst_trust_mean,75.2
Social justice,party,Democrat,newsletter_signup,1.65
Social justice,party,Democrat,policy_general,88.0
Social justice,party,Democrat,policy_role_mean,78.0
Social justice,party,Democrat,policy_specific_mean,78.0
Social justice,party,Democrat,trust_multidimensional,83.25
Social justice,party,Democrat,trust_post,86.0
Social justice,party,Independent,behavior_mean,42.4
Social justice,party,Independent,belief_post,73.6
Social justice,party,Independent,concern_mean,66.36666666666667
Social justice,party,Independent,distrust_post,27.8
Social justice,party,Independent,donation_ams,4.3
Social justice,party,Independent,funding_perceptions,55.8
Social justice,party,Independent,inst_trust_mean,63.660000000000004
Social justice,party,Independent,newsletter_signup,1.38
Social justice,party,Independent,policy_general,68.9
Social justice,party,Independent,policy_role_mean,71.875
Social justice,party,Independent,policy_specific_mean,61.77142857142858
Social justice,party,Independent,trust_multidimensional,75.10833333333333
Social justice,party,Independent,trust_post,76.5
Social justice,party,Other,behavior_mean,48.5
Social justice,party,Other,belief_post,67.0
Social justice,party,Other,concern_mean,67.66666666666667
Social justice,party,Other,distrust_post,24.0
Social justice,party,Other,donation_ams,2.8
Social justice,party,Other,funding_perceptions,68.0
Social justice,party,Other,inst_trust_mean,67.6
Social justice,party,Other,newsletter_signup,1.6
Social justice,party,Other,policy_general,66.0
Social justice,party,Other,policy_role_mean,69.75
Social justice,party,Other,policy_specific_mean,65.14285714285714
Social justice,party,Other,trust_multidimensional,68.66666666666667
Social justice,party,Other,trust_post,76.0
Social justice,party,Republican,behavior_mean,23.5
Social justice,party,Republican,belief_post,35.0
Social justice,party,Republican,concern_mean,30.0
Social justice,party,Republican,distrust_post,65.0
Social justice,party,Republican,donation_ams,2.5
Social justice,party,Republican,funding_perceptions,42.0
Social justice,party,Republican,inst_trust_mean,39.4
Social justice,party,Republican,newsletter_signup,1.7
Social justice,party,Republican,policy_general,35.0
Social justice,party,Republican,policy_role_mean,38.0
Social justice,party,Republican,policy_specific_mean,45.0
Social justice,party,Republican,trust_multidimensional,42.0
Social justice,party,Republican,trust_post,35.0
Social justice,race,Asian / Asian American,behavior_mean,57.96666666666667
Social justice,race,Asian / Asian American,belief_post,86.1
Social justice,race,Asian / Asian American,concern_mean,78.23333333333333
Social justice,race,Asian / Asian American,distrust_post,18.7
Social justice,race,Asian / Asian American,donation_ams,3.6
Social justice,race,Asian / Asian American,funding_perceptions,75.7
Social justice,race,Asian / Asian American,inst_trust_mean,74.6
Social justice,race,Asian / Asian American,newsletter_signup,1.5
Social justice,race,Asian / Asian American,policy_general,82.5
Social justice,race,Asian / Asian American,policy_role_mean,78.65
Social justice,race,Asian / Asian American,policy_specific_mean,74.45714285714287
Social justice,race,Asian / Asian American,trust_multidimensional,77.49166666666666
Social justice,race,Asian / Asian American,trust_post,79.4
Social justice,race,Black / African American,behavior_mean,48.166666666666664
Social justice,race,Black / African American,belief_post,82.0
Social justice,race,Black / African American,concern_mean,80.0
Social justice,race,Black / African American,distrust_post,19.0
Social justice,race,Black / African American,donation_ams,3.2
Social justice,race,Black / African American,funding_perceptions,78.0
Social justice,race,Black / African American,inst_trust_mean,68.4
Social justice,race,Black / African American,newsletter_signup,1.65
Social justice,race,Black / African American,policy_general,83.0
Social justice,race,Black / African American,policy_role_mean,80.0
Social justice,race,Black / African American,policy_specific_mean,78.85714285714286
Social justice,race,Black / African American,trust_multidimensional,78.0
Social justice,race,Black / African American,trust_post,78.0
Social justice,race,Hispanic / Latino,behavior_mean,54.43333333333334
Social justice,race,Hispanic / Latino,belief_post,83.7
Social justice,race,Hispanic / Latino,concern_mean,79.93333333333334
Social justice,race,Hispanic / Latino,distrust_post,21.8
Social justice,race,Hispanic / Latino,donation_ams,2.75
Social justice,race,Hispanic / Latino,funding_perceptions,76.5
Social justice,race,Hispanic / Latino,inst_trust_mean,68.0
Social justice,race,Hispanic / Latino,newsletter_signup,1.34
Social justice,race,Hispanic / Latino,policy_general,79.1
Social justice,race,Hispanic / Latino,policy_role_mean,75.025
Social justice,race,Hispanic / Latino,policy_specific_mean,77.60000000000001
Social justice,race,Hispanic / Latino,trust_multidimensional,77.15833333333333
Social justice,race,Hispanic / Latino,trust_post,77.5
Social justice,race,Other,behavior_mean,50.6
Social justice,race,Other,belief_post,86.1
Social justice,race,Other,concern_mean,80.73333333333333
Social justice,race,Other,distrust_post,16.2
Social justice,race,Other,donation_ams,2.85
Social justice,race,Other,funding_perceptions,72.6
Social justice,race,Other,inst_trust_mean,76.53999999999999
Social justice,race,Other,newsletter_signup,1.58
Social justice,race,Other,policy_general,82.3
Social justice,race,Other,policy_role_mean,77.975
Social justice,race,Other,policy_specific_mean,75.74285714285715
Social justice,race,Other,trust_multidimensional,82.24166666666666
Social justice,race,Other,trust_post,83.5
Social justice,race,White / Caucasian,behavior_mean,49.0
Social justice,race,White / Caucasian,belief_post,88.0
Social justice,race,White / Caucasian,concern_mean,79.0
Social justice,race,White / Caucasian,distrust_post,12.0
Social justice,race,White / Caucasian,donation_ams,27.0
Social justice,race,White / Caucasian,funding_perceptions,72.0
Social justice,race,White / Caucasian,inst_trust_mean,71.4
Social justice,race,White / Caucasian,newsletter_signup,1.7
Social justice,race,White / Caucasian,policy_general,71.0
Social justice,race,White / Caucasian,policy_role_mean,73.5
Social justice,race,White / Caucasian,policy_specific_mean,71.28571428571429
Social justice,race,White / Caucasian,trust_multidimensional,83.83333333333333
Social justice,race,White / Caucasian,trust_post,86.0
control,age_band,18-29,behavior_mean,55.800000000000004
control,age_band,18-29,belief_post,81.7
control,age_band,18-29,concern_mean,77.13333333333334
control,age_band,18-29,distrust_post,18.6
control,age_band,18-29,donation_ams,2.4
control,age_band,18-29,funding_perceptions,78.7
control,age_band,18-29,inst_trust_mean,53.44
control,age_band,18-29,newsletter_signup,1.52
control,age_band,18-29,policy_general,74.2
control,age_band,18-29,policy_role_mean,67.75
control,age_band,18-29,policy_specific_mean,74.07142857142857
control,age_band,18-29,trust_multidimensional,65.95833333333333
control,age_band,18-29,trust_post,63.5
control,age_band,30-44,behavior_mean,53.5
control,age_band,30-44,belief_post,73.0
control,age_band,30-44,concern_mean,73.0
control,age_band,30-44,distrust_post,26.0
control,age_band,30-44,donation_ams,2.3
control,age_band,30-44,funding_perceptions,51.0
control,age_band,30-44,inst_trust_mean,67.8
control,age_band,30-44,newsletter_signup,1.2
control,age_band,30-44,policy_general,67.0
control,age_band,30-44,policy_role_mean,67.5
control,age_band,30-44,policy_specific_mean,71.42857142857143
control,age_band,30-44,trust_multidimensional,75.91666666666667
control,age_band,30-44,trust_post,71.0
control,age_band,45-59,behavior_mean,32.166666666666664
control,age_band,45-59,belief_post,64.0
control,age_band,45-59,concern_mean,58.0
control,age_band,45-59,distrust_post,28.0
control,age_band,45-59,donation_ams,16.0
control,age_band,45-59,funding_perceptions,56.0
control,age_band,45-59,inst_trust_mean,60.6
control,age_band,45-59,newsletter_signup,32.0
control,age_band,45-59,policy_general,62.0
control,age_band,45-59,policy_role_mean,65.0
control,age_band,45-59,policy_specific_mean,64.57142857142857
control,age_band,45-59,trust_multidimensional,64.08333333333333
control,age_band,45-59,trust_post,60.0
control,age_band,60+,behavior_mean,32.68333333333333
control,age_band,60+,belief_post,61.4
control,age_band,60+,concern_mean,56.93333333333334
control,age_band,60+,distrust_post,36.5
control,age_band,60+,donation_ams,3.5
control,age_band,60+,funding_perceptions,56.8
control,age_band,60+,inst_trust_mean,71.22
control,age_band,60+,newsletter_signup,1.4
control,age_band,60+,policy_general,60.3
control,age_band,60+,policy_role_mean,56.475
control,age_band,60+,policy_specific_mean,58.142857142857146
control,age_band,60+,trust_multidimensional,62.300000000000004
control,age_band,60+,trust_post,52.1
control,education,Bachelor's degree,behavior_mean,51.5
control,education,Bachelor's degree,belief_post,87.0
control,education,Bachelor's degree,concern_mean,78.0
control,education,Bachelor's degree,distrust_post,24.0
control,education,Bachelor's degree,donation_ams,33.0
control,education,Bachelor's degree,funding_perceptions,62.0
control,education,Bachelor's degree,inst_trust_mean,76.0
control,education,Bachelor's degree,newsletter_signup,48.0
control,education,Bachelor's degree,policy_general,81.0
control,education,Bachelor's degree,policy_role_mean,77.75
control,education,Bachelor's degree,policy_specific_mean,78.14285714285714
control,education,Bachelor's degree,trust_multidimensional,75.25
control,education,Bachelor's degree,trust_post,77.0
control,education,Doctorate degree / Ph.D.,behavior_mean,55.166666666666664
control,education,Doctorate degree / Ph.D.,belief_post,93.0
control,education,Doctorate degree / Ph.D.,concern_mean,88.66666666666667
control,education,Doctorate degree / Ph.D.,distrust_post,12.0
control,education,Doctorate degree / Ph.D.,donation_ams,7.2
control,education,Doctorate degree / Ph.D.,funding_perceptions,78.0
control,education,Doctorate degree / Ph.D.,inst_trust_mean,80.2
control,education,Doctorate degree / Ph.D.,newsletter_signup,1.62
control,education,Doctorate degree / Ph.D.,policy_general,86.0
control,education,Doctorate degree / Ph.D.,policy_role_mean,81.75
control,education,Doctorate degree / Ph.D.,policy_specific_mean,79.71428571428571
control,education,Doctorate degree / Ph.D.,trust_multidimensional,85.5
control,education,Doctorate degree / Ph.D.,trust_post,88.0
control,education,High school diploma / GED,behavior_mean,49.699999999999996
control,education,High school diploma / GED,belief_post,64.0
control,education,High school diploma / GED,concern_mean,56.13333333333333
control,education,High school diploma / GED,distrust_post,31.2
control,education,High school diploma / GED,donation_ams,4.4
control,education,High school diploma / GED,funding_perceptions,52.5
control,education,High school diploma / GED,inst_trust_mean,54.96
control,education,High school diploma / GED,newsletter_signup,1.6
control,education,High school diploma / GED,policy_general,60.5
control,education,High school diploma / GED,policy_role_mean,66.3
control,education,High school diploma / GED,policy_specific_mean,60.92857142857143
control,education,High school diploma / GED,trust_multidimensional,64.825
control,education,High school diploma / GED,trust_post,64.5
control,education,Less than high school,behavior_mean,30.78333333333333
control,education,Less than high school,belief_post,35.7
control,education,Less than high school,concern_mean,38.166666666666664
control,education,Less than high school,distrust_post,61.2
control,education,Less than high school,donation_ams,27.5
control,education,Less than high school,funding_perceptions,35.2
control,education,Less than high school,inst_trust_mean,47.8
control,education,Less than high school,newsletter_signup,1.78
control,education,Less than high school,policy_general,41.3
control,education,Less than high school,policy_role_mean,46.25
control,education,Less than high school,policy_specific_mean,47.4
control,education,Less than high school,trust_multidimensional,41.19166666666667
control,education,Less than high school,trust_post,36.5
control,education,Master's degree / Professional degree,behavior_mean,62.6
control,education,Master's degree / Professional degree,belief_post,88.6
control,education,Master's degree / Professional degree,concern_mean,82.03333333333335
control,education,Master's degree / Professional degree,distrust_post,11.5
control,education,Master's degree / Professional degree,donation_ams,5.4
control,education,Master's degree / Professional degree,funding_perceptions,72.7
control,education,Master's degree / Professional degree,inst_trust_mean,79.28
control,education,Master's degree / Professional degree,newsletter_signup,1.78
control,education,Master's degree / Professional degree,policy_general,86.1
control,education,Master's degree / Professional degree,policy_role_mean,74.55
control,education,Master's degree / Professional degree,policy_specific_mean,79.54285714285713
control,education,Master's degree / Professional degree,trust_multidimensional,84.95
control,education,Master's degree / Professional degree,trust_post,84.2
control,education,Some college or Associate's degree,behavior_mean,50.68333333333334
control,education,Some college or Associate's degree,belief_post,64.5
control,education,Some college or Associate's degree,concern_mean,61.0
control,education,Some college or Associate's degree,distrust_post,24.3
control,education,Some college or Associate's degree,donation_ams,3.62
control,education,Some college or Associate's degree,funding_perceptions,73.9
control,education,Some college or Associate's degree,inst_trust_mean,66.5
control,education,Some college or Associate's degree,newsletter_signup,1.48
control,education,Some college or Associate's degree,policy_general,67.8
control,education,Some college or Associate's degree,policy_role_mean,64.575
control,education,Some college or Associate's degree,policy_specific_mean,70.62857142857142
control,education,Some college or Associate's degree,trust_multidimensional,71.075
control,education,Some college or Associate's degree,trust_post,69.7
control,gender,Female,behavior_mean,47.666666666666664
control,gender,Female,belief_post,72.0
control,gender,Female,concern_mean,64.33333333333333
control,gender,Female,distrust_post,24.0
control,gender,Female,donation_ams,4.3
control,gender,Female,funding_perceptions,68.0
control,gender,Female,inst_trust_mean,61.6
control,gender,Female,newsletter_signup,1.35
control,gender,Female,policy_general,66.0
control,gender,Female,policy_role_mean,67.5
control,gender,Female,policy_specific_mean,70.0
control,gender,Female,trust_multidimensional,68.66666666666667
control,gender,Female,trust_post,70.0
control,gender,Male,behavior_mean,42.333333333333336
control,gender,Male,belief_post,62.0
control,gender,Male,concern_mean,58.333333333333336
control,gender,Male,distrust_post,28.0
control,gender,Male,donation_ams,2.5
control,gender,Male,funding_perceptions,46.0
control,gender,Male,inst_trust_mean,55.4
control,gender,Male,newsletter_signup,1.65
control,gender,Male,policy_general,64.0
control,gender,Male,policy_role_mean,63.0
control,gender,Male,policy_specific_mean,58.0
control,gender,Male,trust_multidimensional,67.83333333333333
control,gender,Male,trust_post,66.0
control,gender,Other,behavior_mean,47.949999999999996
control,gender,Other,belief_post,67.8
control,gender,Other,concern_mean,62.43333333333334
control,gender,Other,distrust_post,22.1
control,gender,Other,donation_ams,1.8
control,gender,Other,funding_perceptions,58.5
control,gender,Other,inst_trust_mean,58.160000000000004
control,gender,Other,newsletter_signup,1.85
control,gender,Other,policy_general,64.5
control,gender,Other,policy_role_mean,62.35
control,gender,Other,policy_specific_mean,67.34285714285714
control,gender,Other,trust_multidimensional,58.574999999999996
control,gender,Other,trust_post,61.3
control,income,"$100,000 to $167,999",behavior_mean,44.5
control,income,"$100,000 to $167,999",belief_post,77.0
control,income,"$100,000 to $167,999",concern_mean,67.33333333333333
control,income,"$100,000 to $167,999",distrust_post,26.0
control,income,"$100,000 to $167,999",donation_ams,3.2
control,income,"$100,000 to $167,999",funding_perceptions,64.0
control,income,"$100,000 to $167,999",inst_trust_mean,65.2
control,income,"$100,000 to $167,999",newsletter_signup,1.35
control,income,"$100,000 to $167,999",policy_general,71.0
control,income,"$100,000 to $167,999",policy_role_mean,78.75
control,income,"$100,000 to $167,999",policy_specific_mean,67.57142857142857
control,income,"$100,000 to $167,999",trust_multidimensional,73.58333333333333
control,income,"$100,000 to $167,999",trust_post,70.0
control,income,"$168,000 or more",behavior_mean,51.86666666666667
control,income,"$168,000 or more",belief_post,89.4
control,income,"$168,000 or more",concern_mean,83.36666666666666
control,income,"$168,000 or more",distrust_post,18.2
control,income,"$168,000 or more",donation_ams,6.8
control,income,"$168,000 or more",funding_perceptions,60.5
control,income,"$168,000 or more",inst_trust_mean,77.8
control,income,"$168,000 or more",newsletter_signup,1.4
control,income,"$168,000 or more",policy_general,82.7
control,income,"$168,000 or more",policy_role_mean,72.825
control,income,"$168,000 or more",policy_specific_mean,80.37142857142858
control,income,"$168,000 or more",trust_multidimensional,79.61666666666666
control,income,"$168,000 or more",trust_post,78.9
control,income,"$30,000 to $55,999",behavior_mean,39.516666666666666
control,income,"$30,000 to $55,999",belief_post,66.4
control,income,"$30,000 to $55,999",concern_mean,62.9
control,income,"$30,000 to $55,999",distrust_post,43.6
control,income,"$30,000 to $55,999",donation_ams,2.1
control,income,"$30,000 to $55,999",funding_perceptions,58.8
control,income,"$30,000 to $55,999",inst_trust_mean,60.160000000000004
control,income,"$30,000 to $55,999",newsletter_signup,1.35
control,income,"$30,000 to $55,999",policy_general,60.8
control,income,"$30,000 to $55,999",policy_role_mean,69.65
control,income,"$30,000 to $55,999",policy_specific_mean,64.28571428571429
control,income,"$30,000 to $55,999",trust_multidimensional,71.47500000000001
control,income,"$30,000 to $55,999",trust_post,58.3
control,income,"$56,000 to $99,999",behavior_mean,51.0
control,income,"$56,000 to $99,999",belief_post,73.0
control,income,"$56,000 to $99,999",concern_mean,62.0
control,income,"$56,000 to $99,999",distrust_post,31.0
control,income,"$56,000 to $99,999",donation_ams,3.6
control,income,"$56,000 to $99,999",funding_perceptions,52.0
control,income,"$56,000 to $99,999",inst_trust_mean,66.0
control,income,"$56,000 to $99,999",newsletter_signup,1.7
control,income,"$56,000 to $99,999",policy_general,66.0
control,income,"$56,000 to $99,999",policy_role_mean,70.0
control,income,"$56,000 to $99,999",policy_specific_mean,66.28571428571429
control,income,"$56,000 to $99,999",trust_multidimensional,73.91666666666667
control,income,"$56,000 to $99,999",trust_post,69.0
control,income,"Less than $30,000",behavior_mean,40.71666666666667
control,income,"Less than $30,000",belief_post,71.9
control,income,"Less than $30,000",concern_mean,70.73333333333333
control,income,"Less than $30,000",distrust_post,36.2
control,income,"Less than $30,000",donation_ams,1.4
control,income,"Less than $30,000",funding_perceptions,64.2
control,income,"Less than $30,000",inst_trust_mean,49.739999999999995
control,income,"Less than $30,000",newsletter_signup,2.0
control,income,"Less than $30,000",policy_general,77.4
control,income,"Less than $30,000",policy_role_mean,70.55
control,income,"Less than $30,000",policy_specific_mean,75.3
control,income,"Less than $30,000",trust_multidimensional,59.49166666666667
control,income,"Less than $30,000",trust_post,61.5
control,party,Democrat,behavior_mean,61.916666666666664
control,party,Democrat,belief_post,92.8
control,party,Democrat,concern_mean,86.36666666666667
control,party,Democrat,distrust_post,11.2
control,party,Democrat,donation_ams,3.4
control,party,Democrat,funding_perceptions,81.6
control,party,Democrat,inst_trust_mean,71.86
control,party,Democrat,newsletter_signup,1.62
control,party,Democrat,policy_general,91.7
control,party,Democrat,policy_role_mean,80.075
control,party,Democrat,policy_specific_mean,82.98571428571428
control,party,Democrat,trust_multidimensional,85.36666666666667
control,party,Democrat,trust_post,88.5
control,party,Independent,behavior_mean,43.166666666666664
control,party,Independent,belief_post,68.0
control,party,Independent,concern_mean,65.33333333333333
control,party,Independent,distrust_post,34.0
control,party,Independent,donation_ams,13.0
control,party,Independent,funding_perceptions,52.0
control,party,Independent,inst_trust_mean,64.0
control,party,Independent,newsletter_signup,47.0
control,party,Independent,policy_general,62.0
control,party,Independent,policy_role_mean,70.75
control,party,Independent,policy_specific_mean,68.28571428571429
control,party,Independent,trust_multidimensional,68.66666666666667
control,party,Independent,trust_post,66.0
control,party,Other,behavior_mean,47.5
control,party,Other,belief_post,65.0
control,party,Other,concern_mean,57.333333333333336
control,party,Other,distrust_post,24.0
control,party,Other,donation_ams,3.4
control,party,Other,funding_perceptions,52.0
control,party,Other,inst_trust_mean,65.4
control,party,Other,newsletter_signup,1.45
control,party,Other,policy_general,72.0
control,party,Other,policy_role_mean,64.5
control,party,Other,policy_specific_mean,64.85714285714286
control,party,Other,trust_multidimensional,67.25
control,party,Other,trust_post,66.0
control,party,Republican,behavior_mean,19.633333333333333
control,party,Republican,belief_post,36.4
control,party,Republican,concern_mean,25.599999999999998
control,party,Republican,distrust_post,72.3
control,party,Republican,donation_ams,2.05
control,party,Republican,funding_perceptions,25.900000000000006
control,party,Republican,inst_trust_mean,26.439999999999998
control,party,Republican,newsletter_signup,1.81
control,party,Republican,policy_general,24.2
control,party,Republican,policy_role_mean,23.525000000000002
control,party,Republican,policy_specific_mean,32.98571428571429
control,party,Republican,trust_multidimensional,34.84166666666667
control,party,Republican,trust_post,32.5
control,race,Asian / Asian American,behavior_mean,56.666666666666664
control,race,Asian / Asian American,belief_post,73.1
control,race,Asian / Asian American,concern_mean,67.56666666666666
control,race,Asian / Asian American,distrust_post,17.8
control,race,Asian / Asian American,donation_ams,4.7
control,race,Asian / Asian American,funding_perceptions,81.6
control,race,Asian / Asian American,inst_trust_mean,64.4
control,race,Asian / Asian American,newsletter_signup,1.3
control,race,Asian / Asian American,policy_general,80.2
control,race,Asian / Asian American,policy_role_mean,68.475
control,race,Asian / Asian American,policy_specific_mean,68.54285714285714
control,race,Asian / Asian American,trust_multidimensional,72.575
control,race,Asian / Asian American,trust_post,71.3
control,race,Black / African American,behavior_mean,40.65
control,race,Black / African American,belief_post,83.7
control,race,Black / African American,concern_mean,77.96666666666667
control,race,Black / African American,distrust_post,16.2
control,race,Black / African American,donation_ams,2.4
control,race,Black / African American,funding_perceptions,71.5
control,race,Black / African American,inst_trust_mean,64.32000000000001
control,race,Black / African American,newsletter_signup,1.55
control,race,Black / African American,policy_general,79.1
control,race,Black / African American,policy_role_mean,77.675
control,race,Black / African American,policy_specific_mean,71.54285714285714
control,race,Black / African American,trust_multidimensional,75.65833333333333
control,race,Black / African American,trust_post,76.4
control,race,Hispanic / Latino,behavior_mean,47.51666666666667
control,race,Hispanic / Latino,belief_post,68.5
control,race,Hispanic / Latino,concern_mean,65.66666666666667
control,race,Hispanic / Latino,distrust_post,18.3
control,race,Hispanic / Latino,donation_ams,1.8
control,race,Hispanic / Latino,funding_perceptions,77.6
control,race,Hispanic / Latino,inst_trust_mean,58.160000000000004
control,race,Hispanic / Latino,newsletter_signup,1.35
control,race,Hispanic / Latino,policy_general,69.2
control,race,Hispanic / Latino,policy_role_mean,69.1
control,race,Hispanic / Latino,policy_specific_mean,67.5
control,race,Hispanic / Latino,trust_multidimensional,66.58333333333333
control,race,Hispanic / Latino,trust_post,62.1
control,race,Other,behavior_mean,49.98333333333333
control,race,Other,belief_post,72.8
control,race,Other,concern_mean,66.06666666666668
control,race,Other,distrust_post,24.6
control,race,Other,donation_ams,4.7
control,race,Other,funding_perceptions,51.7
control,race,Other,inst_trust_mean,65.3
control,race,Other,newsletter_signup,1.64
control,race,Other,policy_general,68.5
control,race,Other,policy_role_mean,67.5
control,race,Other,policy_specific_mean,68.78571428571429
control,race,Other,trust_multidimensional,69.75
control,race,Other,trust_post,68.1
control,race,White / Caucasian,behavior_mean,32.666666666666664
control,race,White / Caucasian,belief_post,66.0
control,race,White / Caucasian,concern_mean,44.333333333333336
control,race,White / Caucasian,distrust_post,38.0
control,race,White / Caucasian,donation_ams,2.3
control,race,White / Caucasian,funding_perceptions,55.0
control,race,White / Caucasian,inst_trust_mean,59.8
control,race,White / Caucasian,newsletter_signup,1.38
control,race,White / Caucasian,policy_general,56.0
control,race,White / Caucasian,policy_role_mean,64.75
control,race,White / Caucasian,policy_specific_mean,62.285714285714285
control,race,White / Caucasian,trust_multidimensional,68.5
control,race,White / Caucasian,trust_post,59.0
