condition,moderator,moderator_level,outcome,mean
Consensus,age_band,18-29,behavior_mean,45.666666666666664
Consensus,age_band,18-29,belief_post,93.8
Consensus,age_band,18-29,concern_mean,88.46666666666665
Consensus,age_band,18-29,distrust_post,21.5
Consensus,age_band,18-29,donation_ams,3.4
Consensus,age_band,18-29,funding_perceptions,85.8
Consensus,age_band,18-29,inst_trust_mean,71.7
Consensus,age_band,18-29,newsletter_signup,1.28
Consensus,age_band,18-29,policy_general,87.6
Consensus,age_band,18-29,policy_role_mean,72.1
Consensus,age_band,18-29,policy_specific_mean,83.15714285714286
Consensus,age_band,18-29,trust_multidimensional,80.0
Consensus,age_band,18-29,trust_post,79.4
Consensus,age_band,30-44,behavior_mean,42.949999999999996
Consensus,age_band,30-44,belief_post,70.5
Consensus,age_band,30-44,concern_mean,67.46666666666665
Consensus,age_band,30-44,distrust_post,35.8
Consensus,age_band,30-44,donation_ams,2.7
Consensus,age_band,30-44,funding_perceptions,75.7
Consensus,age_band,30-44,inst_trust_mean,61.6
Consensus,age_band,30-44,newsletter_signup,1.32
Consensus,age_band,30-44,policy_general,68.9
Consensus,age_band,30-44,policy_role_mean,64.775
Consensus,age_band,30-44,policy_specific_mean,67.44285714285714
Consensus,age_band,30-44,trust_multidimensional,65.54166666666667
Consensus,age_band,30-44,trust_post,64.7
Consensus,age_band,45-59,behavior_mean,42.28333333333333
Consensus,age_band,45-59,belief_post,83.5
Consensus,age_band,45-59,concern_mean,65.0
Consensus,age_band,45-59,distrust_post,32.6
Consensus,age_band,45-59,donation_ams,1.4
Consensus,age_band,45-59,funding_perceptions,51.8
Consensus,age_band,45-59,inst_trust_mean,65.0
Consensus,age_band,45-59,newsletter_signup,1.6
Consensus,age_band,45-59,policy_general,64.8
Consensus,age_band,45-59,policy_role_mean,61.15
Consensus,age_band,45-59,policy_specific_mean,63.5
Consensus,age_band,45-59,trust_multidimensional,67.05
Consensus,age_band,45-59,trust_post,67.4
Consensus,age_band,60+,behavior_mean,24.683333333333334
Consensus,age_band,60+,belief_post,63.8
Consensus,age_band,60+,concern_mean,48.833333333333336
Consensus,age_band,60+,distrust_post,33.5
Consensus,age_band,60+,donation_ams,1.12
Consensus,age_band,60+,funding_perceptions,38.6
Consensus,age_band,60+,inst_trust_mean,54.6
Consensus,age_band,60+,newsletter_signup,1.28
Consensus,age_band,60+,policy_general,43.2
Consensus,age_band,60+,policy_role_mean,55.95
Consensus,age_band,60+,policy_specific_mean,52.971428571428575
Consensus,age_band,60+,trust_multidimensional,68.13333333333334
Consensus,age_band,60+,trust_post,66.7
Consensus,education,Bachelor's degree,behavior_mean,51.666666666666664
Consensus,education,Bachelor's degree,belief_post,83.0
Consensus,education,Bachelor's degree,concern_mean,71.33333333333333
Consensus,education,Bachelor's degree,distrust_post,27.0
Consensus,education,Bachelor's degree,donation_ams,3.4
Consensus,education,Bachelor's degree,funding_perceptions,62.0
Consensus,education,Bachelor's degree,inst_trust_mean,63.4
Consensus,education,Bachelor's degree,newsletter_signup,1.18
Consensus,education,Bachelor's degree,policy_general,75.0
Consensus,education,Bachelor's degree,policy_role_mean,69.0
Consensus,education,Bachelor's degree,policy_specific_mean,69.85714285714286
Consensus,education,Bachelor's degree,trust_multidimensional,71.75
Consensus,education,Bachelor's degree,trust_post,73.0
Consensus,education,Doctorate degree / Ph.D.,behavior_mean,64.0
Consensus,education,Doctorate degree / Ph.D.,belief_post,93.0
Consensus,education,Doctorate degree / Ph.D.,concern_mean,85.0
Consensus,education,Doctorate degree / Ph.D.,distrust_post,12.0
Consensus,education,Doctorate degree / Ph.D.,donation_ams,6.5
Consensus,education,Doctorate degree / Ph.D.,funding_perceptions,72.0
Consensus,education,Doctorate degree / Ph.D.,inst_trust_mean,83.0
Consensus,education,Doctorate degree / Ph.D.,newsletter_signup,1.6
Consensus,education,Doctorate degree / Ph.D.,policy_general,89.0
Consensus,education,Doctorate degree / Ph.D.,policy_role_mean,82.25
Consensus,education,Doctorate degree / Ph.D.,policy_specific_mean,82.42857142857143
Consensus,education,Doctorate degree / Ph.D.,trust_multidimensional,86.0
Consensus,education,Doctorate degree / Ph.D.,trust_post,88.0
Consensus,education,High school diploma / GED,behavior_mean,40.1
Consensus,education,High school diploma / GED,belief_post,67.4
Consensus,education,High school diploma / GED,concern_mean,61.03333333333333
Consensus,education,High school diploma / GED,distrust_post,34.2
Consensus,education,High school diploma / GED,donation_ams,2.4
Consensus,education,High school diploma / GED,funding_perceptions,48.2
Consensus,education,High school diploma / GED,inst_trust_mean,54.48
Consensus,education,High school diploma / GED,newsletter_signup,1.65
Consensus,education,High school diploma / GED,policy_general,56.9
Consensus,education,High school diploma / GED,policy_role_mean,68.025
Consensus,education,High school diploma / GED,policy_specific_mean,63.471428571428575
Consensus,education,High school diploma / GED,trust_multidimensional,64.925
Consensus,education,High school diploma / GED,trust_post,63.5
Consensus,education,Less than high school,behavior_mean,31.333333333333332
Consensus,education,Less than high school,belief_post,56.0
Consensus,education,Less than high school,concern_mean,44.333333333333336
Consensus,education,Less than high school,distrust_post,54.0
Consensus,education,Less than high school,donation_ams,2.1
Consensus,education,Less than high school,funding_perceptions,32.0
Consensus,education,Less than high school,inst_trust_mean,43.8
Consensus,education,Less than high school,newsletter_signup,1.28
Consensus,education,Less than high school,policy_general,38.0
Consensus,education,Less than high school,policy_role_mean,47.0
Consensus,education,Less than high school,policy_specific_mean,53.42857142857143
Consensus,education,Less than high school,trust_multidimensional,50.0
Consensus,education,Less than high school,trust_post,46.0
Consensus,education,Master's degree / Professional degree,behavior_mean,59.666666666666664
Consensus,education,Master's degree / Professional degree,belief_post,93.5
Consensus,education,Master's degree / Professional degree,concern_mean,82.33333333333333
Consensus,education,Master's degree / Professional degree,distrust_post,18.0
Consensus,education,Master's degree / Professional degree,donation_ams,3.8
Consensus,education,Master's degree / Professional degree,funding_perceptions,75.0
Consensus,education,Master's degree / Professional degree,inst_trust_mean,73.8
Consensus,education,Master's degree / Professional degree,newsletter_signup,1.35
Consensus,education,Master's degree / Professional degree,policy_general,85.0
Consensus,education,Master's degree / Professional degree,policy_role_mean,76.125
Consensus,education,Master's degree / Professional degree,policy_specific_mean,79.42857142857143
Consensus,education,Master's degree / Professional degree,trust_multidimensional,80.16666666666667
Consensus,education,Master's degree / Professional degree,trust_post,82.0
Consensus,education,Some college or Associate's degree,behavior_mean,44.28333333333333
Consensus,education,Some college or Associate's degree,belief_post,76.5
Consensus,education,Some college or Associate's degree,concern_mean,66.7
Consensus,education,Some college or Associate's degree,distrust_post,36.2
Consensus,education,Some college or Associate's degree,donation_ams,2.4
Consensus,education,Some college or Associate's degree,funding_perceptions,45.9
Consensus,education,Some college or Associate's degree,inst_trust_mean,61.46
Consensus,education,Some college or Associate's degree,newsletter_signup,1.65
Consensus,education,Some college or Associate's degree,policy_general,66.3
Consensus,education,Some college or Associate's degree,policy_role_mean,66.025
Consensus,education,Some college or Associate's degree,policy_specific_mean,69.41428571428571
Consensus,education,Some college or Associate's degree,trust_multidimensional,67.27499999999999
Consensus,education,Some college or Associate's degree,trust_post,64.8
Consensus,gender,Female,behavior_mean,49.31666666666666
Consensus,gender,Female,belief_post,81.3
Consensus,gender,Female,concern_mean,78.5
Consensus,gender,Female,distrust_post,19.8
Consensus,gender,Female,donation_ams,3.2
Consensus,gender,Female,funding_perceptions,82.5
Consensus,gender,Female,inst_trust_mean,63.239999999999995
Consensus,gender,Female,newsletter_signup,1.35
Consensus,gender,Female,policy_general,78.6
Consensus,gender,Female,policy_role_mean,63.875
Consensus,gender,Female,policy_specific_mean,72.18571428571428
Consensus,gender,Female,trust_multidimensional,76.27499999999999
Consensus,gender,Female,trust_post,80.2
Consensus,gender,Male,behavior_mean,37.6
Consensus,gender,Male,belief_post,65.3
Consensus,gender,Male,concern_mean,48.5
Consensus,gender,Male,distrust_post,35.8
Consensus,gender,Male,donation_ams,3.4
Consensus,gender,Male,funding_perceptions,49.9
Consensus,gender,Male,inst_trust_mean,57.04
Consensus,gender,Male,newsletter_signup,1.42
Consensus,gender,Male,policy_general,53.7
Consensus,gender,Male,policy_role_mean,45.15
Consensus,gender,Male,policy_specific_mean,60.357142857142854
Consensus,gender,Male,trust_multidimensional,64.53333333333333
Consensus,gender,Male,trust_post,64.2
Consensus,gender,Other,behavior_mean,61.5
Consensus,gender,Other,belief_post,91.8
Consensus,gender,Other,concern_mean,85.96666666666665
Consensus,gender,Other,distrust_post,26.4
Consensus,gender,Other,donation_ams,7.4
Consensus,gender,Other,funding_perceptions,15.700000000000003
Consensus,gender,Other,inst_trust_mean,64.9
Consensus,gender,Other,newsletter_signup,1.34
Consensus,gender,Other,policy_general,87.5
Consensus,gender,Other,policy_role_mean,78.475
Consensus,gender,Other,policy_specific_mean,84.11428571428571
Consensus,gender,Other,trust_multidimensional,77.44166666666666
Consensus,gender,Other,trust_post,75.6
Consensus,income,"$100,000 to $167,999",behavior_mean,46.75
Consensus,income,"$100,000 to $167,999",belief_post,87.5
Consensus,income,"$100,000 to $167,999",concern_mean,78.0
Consensus,income,"$100,000 to $167,999",distrust_post,21.5
Consensus,income,"$100,000 to $167,999",donation_ams,1.8
Consensus,income,"$100,000 to $167,999",funding_perceptions,54.0
Consensus,income,"$100,000 to $167,999",inst_trust_mean,68.5
Consensus,income,"$100,000 to $167,999",newsletter_signup,1.35
Consensus,income,"$100,000 to $167,999",policy_general,75.5
Consensus,income,"$100,000 to $167,999",policy_role_mean,72.5
Consensus,income,"$100,000 to $167,999",policy_specific_mean,73.21428571428571
Consensus,income,"$100,000 to $167,999",trust_multidimensional,78.04166666666667
Consensus,income,"$100,000 to $167,999",trust_post,81.5
Consensus,income,"$168,000 or more",behavior_mean,54.88333333333333
Consensus,income,"$168,000 or more",belief_post,87.5
Consensus,income,"$168,000 or more",concern_mean,75.16666666666667
Consensus,income,"$168,000 or more",distrust_post,24.1
Consensus,income,"$168,000 or more",donation_ams,4.7
Consensus,income,"$168,000 or more",funding_perceptions,54.2
Consensus,income,"$168,000 or more",inst_trust_mean,74.12
Consensus,income,"$168,000 or more",newsletter_signup,1.28
Consensus,income,"$168,000 or more",policy_general,76.3
Consensus,income,"$168,000 or more",policy_role_mean,72.6
Consensus,income,"$168,000 or more",policy_specific_mean,73.57142857142857
Consensus,income,"$168,000 or more",trust_multidimensional,78.63333333333334
Consensus,income,"$168,000 or more",trust_post,81.2
Consensus,income,"$30,000 to $55,999",behavior_mean,38.96666666666667
Consensus,income,"$30,000 to $55,999",belief_post,58.7
Consensus,income,"$30,000 to $55,999",concern_mean,60.73333333333333
Consensus,income,"$30,000 to $55,999",distrust_post,36.9
Consensus,income,"$30,000 to $55,999",donation_ams,2.6
Consensus,income,"$30,000 to $55,999",funding_perceptions,53.8
Consensus,income,"$30,000 to $55,999",inst_trust_mean,61.06
Consensus,income,"$30,000 to $55,999",newsletter_signup,1.58
Consensus,income,"$30,000 to $55,999",policy_general,61.4
Consensus,income,"$30,000 to $55,999",policy_role_mean,60.900000000000006
Consensus,income,"$30,000 to $55,999",policy_specific_mean,62.300000000000004
Consensus,income,"$30,000 to $55,999",trust_multidimensional,65.26666666666667
Consensus,income,"$30,000 to $55,999",trust_post,63.1
Consensus,income,"$56,000 to $99,999",behavior_mean,31.666666666666668
Consensus,income,"$56,000 to $99,999",belief_post,79.0
Consensus,income,"$56,000 to $99,999",concern_mean,73.0
Consensus,income,"$56,000 to $99,999",distrust_post,36.0
Consensus,income,"$56,000 to $99,999",donation_ams,2.4
Consensus,income,"$56,000 to $99,999",funding_perceptions,48.0
Consensus,income,"$56,000 to $99,999",inst_trust_mean,59.8
Consensus,income,"$56,000 to $99,999",newsletter_signup,1.2
Consensus,income,"$56,000 to $99,999",policy_general,67.0
Consensus,income,"$56,000 to $99,999",policy_role_mean,63.25
Consensus,income,"$56,000 to $99,999",policy_specific_mean,68.0
Consensus,income,"$56,000 to $99,999",trust_multidimensional,62.75
Consensus,income,"$56,000 to $99,999",trust_post,64.0
Consensus,income,"Less than $30,000",behavior_mean,41.96666666666667
Consensus,income,"Less than $30,000",belief_post,76.3
Consensus,income,"Less than $30,000",concern_mean,68.89999999999999
Consensus,income,"Less than $30,000",distrust_post,33.4
Consensus,income,"Less than $30,000",donation_ams,1.9
Consensus,income,"Less than $30,000",funding_perceptions,61.3
Consensus,income,"Less than $30,000",inst_trust_mean,59.8
Consensus,income,"Less than $30,000",newsletter_signup,1.8
Consensus,income,"Less than $30,000",policy_general,73.8
Consensus,income,"Less than $30,000",policy_role_mean,54.375
Consensus,income,"Less than $30,000",policy_specific_mean,65.24285714285715
Consensus,income,"Less than $30,000",trust_multidimensional,63.541666666666664
Consensus,income,"Less than $30,000",trust_post,58.6
Consensus,party,Democrat,behavior_mean,65.38333333333334
Consensus,party,Democrat,belief_post,93.8
Consensus,party,Democrat,concern_mean,86.66666666666667
Consensus,party,Democrat,distrust_post,13.2
Consensus,party,Democrat,donation_ams,5.7
Consensus,party,Democrat,funding_perceptions,83.5
Consensus,party,Democrat,inst_trust_mean,75.64
Consensus,party,Democrat,newsletter_signup,1.22
Consensus,party,Democrat,policy_general,88.4
Consensus,party,Democrat,policy_role_mean,84.875
Consensus,party,Democrat,policy_specific_mean,80.78571428571429
Consensus,party,Democrat,trust_multidimensional,81.45833333333333
Consensus,party,Democrat,trust_post,85.6
Consensus,party,Independent,behavior_mean,38.333333333333336
Consensus,party,Independent,belief_post,68.0
Consensus,party,Independent,concern_mean,58.333333333333336
Consensus,party,Independent,distrust_post,28.0
Consensus,party,Independent,donation_ams,2.8
Consensus,party,Independent,funding_perceptions,58.0
Consensus,party,Independent,inst_trust_mean,58.8
Consensus,party,Independent,newsletter_signup,1.22
Consensus,party,Independent,policy_general,58.0
Consensus,party,Independent,policy_role_mean,59.25
Consensus,party,Independent,policy_specific_mean,61.857142857142854
Consensus,party,Independent,trust_multidimensional,62.75
Consensus,party,Independent,trust_post,62.0
Consensus,party,Other,behavior_mean,43.1
Consensus,party,Other,belief_post,76.3
Consensus,party,Other,concern_mean,65.7
Consensus,party,Other,distrust_post,44.8
Consensus,party,Other,donation_ams,1.6
Consensus,party,Other,funding_perceptions,51.5
Consensus,party,Other,inst_trust_mean,62.68000000000001
Consensus,party,Other,newsletter_signup,1.25
Consensus,party,Other,policy_general,64.7
Consensus,party,Other,policy_role_mean,67.225
Consensus,party,Other,policy_specific_mean,64.61428571428571
Consensus,party,Other,trust_multidimensional,68.825
Consensus,party,Other,trust_post,66.4
Consensus,party,Republican,behavior_mean,22.666666666666668
Consensus,party,Republican,belief_post,47.5
Consensus,party,Republican,concern_mean,30.5
Consensus,party,Republican,distrust_post,56.0
Consensus,party,Republican,donation_ams,1.9
Consensus,party,Republican,funding_perceptions,34.0
Consensus,party,Republican,inst_trust_mean,36.5
Consensus,party,Republican,newsletter_signup,1.3
Consensus,party,Republican,policy_general,26.0
Consensus,party,Republican,policy_role_mean,44.125
Consensus,party,Republican,policy_specific_mean,48.214285714285715
Consensus,party,Republican,trust_multidimensional,51.875
Consensus,party,Republican,trust_post,41.0
Consensus,race,Asian / Asian American,behavior_mean,48.96666666666667
Consensus,race,Asian / Asian American,belief_post,89.5
Consensus,race,Asian / Asian American,concern_mean,80.06666666666666
Consensus,race,Asian / Asian American,distrust_post,20.7
Consensus,race,Asian / Asian American,donation_ams,2.9
Consensus,race,Asian / Asian American,funding_perceptions,33.2
Consensus,race,Asian / Asian American,inst_trust_mean,72.72
Consensus,race,Asian / Asian American,newsletter_signup,1.43
Consensus,race,Asian / Asian American,policy_general,77.2
Consensus,race,Asian / Asian American,policy_role_mean,76.525
Consensus,race,Asian / Asian American,policy_specific_mean,77.41428571428571
Consensus,race,Asian / Asian American,trust_multidimensional,76.72500000000001
Consensus,race,Asian / Asian American,trust_post,79.3
Consensus,race,Black / African American,behavior_mean,56.06666666666666
Consensus,race,Black / African American,belief_post,84.7
Consensus,race,Black / African American,concern_mean,80.23333333333333
Consensus,race,Black / African American,distrust_post,23.8
Consensus,race,Black / African American,donation_ams,3.6
Consensus,race,Black / African American,funding_perceptions,78.6
Consensus,race,Black / African American,inst_trust_mean,69.3
Consensus,race,Black / African American,newsletter_signup,1.54
Consensus,race,Black / African American,policy_general,81.9
Consensus,race,Black / African American,policy_role_mean,75.9
Consensus,race,Black / African American,policy_specific_mean,77.72857142857143
Consensus,race,Black / African American,trust_multidimensional,74.28333333333333
Consensus,race,Black / African American,trust_post,74.6
Consensus,race,Hispanic / Latino,behavior_mean,37.666666666666664
Consensus,race,Hispanic / Latino,belief_post,81.0
Consensus,race,Hispanic / Latino,concern_mean,70.0
Consensus,race,Hispanic / Latino,distrust_post,33.0
Consensus,race,Hispanic / Latino,donation_ams,1.4
Consensus,race,Hispanic / Latino,funding_perceptions,55.0
Consensus,race,Hispanic / Latino,inst_trust_mean,65.4
Consensus,race,Hispanic / Latino,newsletter_signup,1.6
Consensus,race,Hispanic / Latino,policy_general,73.0
Consensus,race,Hispanic / Latino,policy_role_mean,65.0
Consensus,race,Hispanic / Latino,policy_specific_mean,70.0
Consensus,race,Hispanic / Latino,trust_multidimensional,67.5
Consensus,race,Hispanic / Latino,trust_post,67.0
Consensus,race,Other,behavior_mean,47.666666666666664
Consensus,race,Other,belief_post,81.0
Consensus,race,Other,concern_mean,70.66666666666667
Consensus,race,Other,distrust_post,24.0
Consensus,race,Other,donation_ams,3.2
Consensus,race,Other,funding_perceptions,62.0
Consensus,race,Other,inst_trust_mean,63.6
Consensus,race,Other,newsletter_signup,1.55
Consensus,race,Other,policy_general,74.0
Consensus,race,Other,policy_role_mean,61.5
Consensus,race,Other,policy_specific_mean,73.0
Consensus,race,Other,trust_multidimensional,71.41666666666667
Consensus,race,Other,trust_post,73.0
Consensus,race,White / Caucasian,behavior_mean,36.06666666666667
Consensus,race,White / Caucasian,belief_post,76.5
Consensus,race,White / Caucasian,concern_mean,73.3
Consensus,race,White / Caucasian,distrust_post,27.5
Consensus,race,White / Caucasian,donation_ams,3.2
Consensus,race,White / Caucasian,funding_perceptions,55.8
Consensus,race,White / Caucasian,inst_trust_mean,61.239999999999995
Consensus,race,White / Caucasian,newsletter_signup,1.4
Consensus,race,White / Caucasian,policy_general,64.7
Consensus,race,White / Caucasian,policy_role_mean,71.6
Consensus,race,White / Caucasian,policy_specific_mean,65.77142857142857
Consensus,race,White / Caucasian,trust_multidimensional,68.40833333333333
Consensus,race,White / Caucasian,trust_post,72.8
Corporate reliance,age_band,18-29,behavior_mean,51.833333333333336
Corporate reliance,age_band,18-29,belief_post,93.5
Corporate reliance,age_band,18-29,concern_mean,85.5
Corporate reliance,age_band,18-29,distrust_post,18.5
Corporate reliance,age_band,18-29,donation_ams,3.2
Corporate reliance,age_band,18-29,funding_perceptions,78.0
Corporate reliance,age_band,18-29,inst_trust_mean,68.1
Corporate reliance,age_band,18-29,newsletter_signup,1.28
Corporate reliance,age_band,18-29,policy_general,86.0
Corporate reliance,age_band,18-29,policy_role_mean,77.5
Corporate reliance,age_band,18-29,policy_specific_mean,78.85714285714286
Corporate reliance,age_band,18-29,trust_multidimensional,78.59166666666667
Corporate reliance,age_band,18-29,trust_post,82.5
Corporate reliance,age_band,30-44,behavior_mean,44.833333333333336
Corporate reliance,age_band,30-44,belief_post,88.5
Corporate reliance,age_band,30-44,concern_mean,78.16666666666667
Corporate reliance,age_band,30-44,distrust_post,25.2
Corporate reliance,age_band,30-44,donation_ams,2.9
Corporate reliance,age_band,30-44,funding_perceptions,62.0
Corporate reliance,age_band,30-44,inst_trust_mean,65.6
Corporate reliance,age_band,30-44,newsletter_signup,1.35
Corporate reliance,age_band,30-44,policy_general,76.0
Corporate reliance,age_band,30-44,policy_role_mean,74.25
Corporate reliance,age_band,30-44,policy_specific_mean,73.5
Corporate reliance,age_band,30-44,trust_multidimensional,73.63333333333334
Corporate reliance,age_band,30-44,trust_post,78.5
Corporate reliance,age_band,45-59,behavior_mean,46.0
Corporate reliance,age_band,45-59,belief_post,84.0
Corporate reliance,age_band,45-59,concern_mean,74.77777777777779
Corporate reliance,age_band,45-59,distrust_post,25.233333333333334
Corporate reliance,age_band,45-59,donation_ams,3.533333333333333
Corporate reliance,age_band,45-59,funding_perceptions,57.333333333333336
Corporate reliance,age_band,45-59,inst_trust_mean,68.1
Corporate reliance,age_band,45-59,newsletter_signup,1.3099999999999998
Corporate reliance,age_band,45-59,policy_general,74.66666666666667
Corporate reliance,age_band,45-59,policy_role_mean,72.5
Corporate reliance,age_band,45-59,policy_specific_mean,71.73809523809524
Corporate reliance,age_band,45-59,trust_multidimensional,74.01944444444445
Corporate reliance,age_band,45-59,trust_post,76.33333333333333
Corporate reliance,age_band,60+,behavior_mean,41.333333333333336
Corporate reliance,age_band,60+,belief_post,70.0
Corporate reliance,age_band,60+,concern_mean,60.666666666666664
Corporate reliance,age_band,60+,distrust_post,32.0
Corporate reliance,age_band,60+,donation_ams,4.5
Corporate reliance,age_band,60+,funding_perceptions,32.0
Corporate reliance,age_band,60+,inst_trust_mean,70.6
Corporate reliance,age_band,60+,newsletter_signup,1.3
Corporate reliance,age_band,60+,policy_general,62.0
Corporate reliance,age_band,60+,policy_role_mean,65.75
Corporate reliance,age_band,60+,policy_specific_mean,62.857142857142854
Corporate reliance,age_band,60+,trust_multidimensional,69.83333333333333
Corporate reliance,age_band,60+,trust_post,68.0
Corporate reliance,education,Bachelor's degree,behavior_mean,48.1
Corporate reliance,education,Bachelor's degree,belief_post,88.9
Corporate reliance,education,Bachelor's degree,concern_mean,80.13333333333334
Corporate reliance,education,Bachelor's degree,distrust_post,21.3
Corporate reliance,education,Bachelor's degree,donation_ams,2.8
Corporate reliance,education,Bachelor's degree,funding_perceptions,67.5
Corporate reliance,education,Bachelor's degree,inst_trust_mean,67.12
Corporate reliance,education,Bachelor's degree,newsletter_signup,1.48
Corporate reliance,education,Bachelor's degree,policy_general,78.4
Corporate reliance,education,Bachelor's degree,policy_role_mean,71.80000000000001
Corporate reliance,education,Bachelor's degree,policy_specific_mean,74.25714285714285
Corporate reliance,education,Bachelor's degree,trust_multidimensional,72.51666666666667
Corporate reliance,education,Bachelor's degree,trust_post,76.8
Corporate reliance,education,Doctorate degree / Ph.D.,behavior_mean,62.166666666666664
Corporate reliance,education,Doctorate degree / Ph.D.,belief_post,97.0
Corporate reliance,education,Doctorate degree / Ph.D.,concern_mean,87.66666666666667
Corporate reliance,education,Doctorate degree / Ph.D.,distrust_post,17.0
Corporate reliance,education,Doctorate degree / Ph.D.,donation_ams,3.5
Corporate reliance,education,Doctorate degree / Ph.D.,funding_perceptions,85.0
Corporate reliance,education,Doctorate degree / Ph.D.,inst_trust_mean,81.4
Corporate reliance,education,Doctorate degree / Ph.D.,newsletter_signup,1.2
Corporate reliance,education,Doctorate degree / Ph.D.,policy_general,87.0
Corporate reliance,education,Doctorate degree / Ph.D.,policy_role_mean,76.5
Corporate reliance,education,Doctorate degree / Ph.D.,policy_specific_mean,84.42857142857143
Corporate reliance,education,Doctorate degree / Ph.D.,trust_multidimensional,85.16666666666667
Corporate reliance,education,Doctorate degree / Ph.D.,trust_post,85.0
Corporate reliance,education,High school diploma / GED,behavior_mean,25.666666666666668
Corporate reliance,education,High school diploma / GED,belief_post,72.5
Corporate reliance,education,High school diploma / GED,concern_mean,64.16666666666667
Corporate reliance,education,High school diploma / GED,distrust_post,28.5
Corporate reliance,education,High school diploma / GED,donation_ams,4.1
Corporate reliance,education,High school diploma / GED,funding_perceptions,51.0
Corporate reliance,education,High school diploma / GED,inst_trust_mean,52.5
Corporate reliance,education,High school diploma / GED,newsletter_signup,1.55
Corporate reliance,education,High school diploma / GED,policy_general,61.5
Corporate reliance,education,High school diploma / GED,policy_role_mean,63.0
Corporate reliance,education,High school diploma / GED,policy_specific_mean,59.92857142857143
Corporate reliance,education,High school diploma / GED,trust_multidimensional,64.31666666666666
Corporate reliance,education,High school diploma / GED,trust_post,66.5
Corporate reliance,education,Less than high school,behavior_mean,21.46666666666667
Corporate reliance,education,Less than high school,belief_post,45.6
Corporate reliance,education,Less than high school,concern_mean,37.23333333333333
Corporate reliance,education,Less than high school,distrust_post,55.1
Corporate reliance,education,Less than high school,donation_ams,1.8
Corporate reliance,education,Less than high school,funding_perceptions,31.599999999999994
Corporate reliance,education,Less than high school,inst_trust_mean,41.9
Corporate reliance,education,Less than high school,newsletter_signup,1.19
Corporate reliance,education,Less than high school,policy_general,38.7
Corporate reliance,education,Less than high school,policy_role_mean,43.1
Corporate reliance,education,Less than high school,policy_specific_mean,45.971428571428575
Corporate reliance,education,Less than high school,trust_multidimensional,53.35
Corporate reliance,education,Less than high school,trust_post,42.3
Corporate reliance,education,Master's degree / Professional degree,behavior_mean,58.333333333333336
Corporate reliance,education,Master's degree / Professional degree,belief_post,93.0
Corporate reliance,education,Master's degree / Professional degree,concern_mean,78.66666666666667
Corporate reliance,education,Master's degree / Professional degree,distrust_post,19.0
Corporate reliance,education,Master's degree / Professional degree,donation_ams,5.2
Corporate reliance,education,Master's degree / Professional degree,funding_perceptions,73.0
Corporate reliance,education,Master's degree / Professional degree,inst_trust_mean,71.0
Corporate reliance,education,Master's degree / Professional degree,newsletter_signup,1.28
Corporate reliance,education,Master's degree / Professional degree,policy_general,83.0
Corporate reliance,education,Master's degree / Professional degree,policy_role_mean,74.75
Corporate reliance,education,Master's degree / Professional degree,policy_specific_mean,75.14285714285714
Corporate reliance,education,Master's degree / Professional degree,trust_multidimensional,82.0
Corporate reliance,education,Master's degree / Professional degree,trust_post,82.0
Corporate reliance,education,Some college or Associate's degree,behavior_mean,35.81666666666667
Corporate reliance,education,Some college or Associate's degree,belief_post,79.6
Corporate reliance,education,Some college or Associate's degree,concern_mean,67.5
Corporate reliance,education,Some college or Associate's degree,distrust_post,24.3
Corporate reliance,education,Some college or Associate's degree,donation_ams,2.7
Corporate reliance,education,Some college or Associate's degree,funding_perceptions,72.5
Corporate reliance,education,Some college or Associate's degree,inst_trust_mean,57.4
Corporate reliance,education,Some college or Associate's degree,newsletter_signup,1.6
Corporate reliance,education,Some college or Associate's degree,policy_general,71.4
Corporate reliance,education,Some college or Associate's degree,policy_role_mean,63.675
Corporate reliance,education,Some college or Associate's degree,policy_specific_mean,65.82857142857144
Corporate reliance,education,Some college or Associate's degree,trust_multidimensional,68.65833333333333
Corporate reliance,education,Some college or Associate's degree,trust_post,73.8
Corporate reliance,gender,Female,behavior_mean,55.833333333333336
Corporate reliance,gender,Female,belief_post,83.0
Corporate reliance,gender,Female,concern_mean,75.33333333333333
Corporate reliance,gender,Female,distrust_post,21.0
Corporate reliance,gender,Female,donation_ams,3.8
Corporate reliance,gender,Female,funding_perceptions,62.0
Corporate reliance,gender,Female,inst_trust_mean,68.0
Corporate reliance,gender,Female,newsletter_signup,1.3
Corporate reliance,gender,Female,policy_general,78.0
Corporate reliance,gender,Female,policy_role_mean,73.75
Corporate reliance,gender,Female,policy_specific_mean,77.57142857142857
Corporate reliance,gender,Female,trust_multidimensional,75.58333333333333
Corporate reliance,gender,Female,trust_post,79.0
Corporate reliance,gender,Male,behavior_mean,33.15
Corporate reliance,gender,Male,belief_post,69.2
Corporate reliance,gender,Male,concern_mean,60.36666666666667
Corporate reliance,gender,Male,distrust_post,26.8
Corporate reliance,gender,Male,donation_ams,3.4
Corporate reliance,gender,Male,funding_perceptions,45.7
Corporate reliance,gender,Male,inst_trust_mean,66.62
Corporate reliance,gender,Male,newsletter_signup,1.82
Corporate reliance,gender,Male,policy_general,65.1
Corporate reliance,gender,Male,policy_role_mean,71.65
Corporate reliance,gender,Male,policy_specific_mean,61.91428571428571
Corporate reliance,gender,Male,trust_multidimensional,70.80833333333334
Corporate reliance,gender,Male,trust_post,73.5
Corporate reliance,gender,Other,behavior_mean,60.166666666666664
Corporate reliance,gender,Other,belief_post,93.0
Corporate reliance,gender,Other,concern_mean,90.0
Corporate reliance,gender,Other,distrust_post,14.0
Corporate reliance,gender,Other,donation_ams,3.4
Corporate reliance,gender,Other,funding_perceptions,82.0
Corporate reliance,gender,Other,inst_trust_mean,72.4
Corporate reliance,gender,Other,newsletter_signup,1.38
Corporate reliance,gender,Other,policy_general,89.0
Corporate reliance,gender,Other,policy_role_mean,81.0
Corporate reliance,gender,Other,policy_specific_mean,84.28571428571429
Corporate reliance,gender,Other,trust_multidimensional,78.83333333333333
Corporate reliance,gender,Other,trust_post,86.0
Corporate reliance,income,"$100,000 to $167,999",behavior_mean,54.43333333333334
Corporate reliance,income,"$100,000 to $167,999",belief_post,86.4
Corporate reliance,income,"$100,000 to $167,999",concern_mean,75.03333333333335
Corporate reliance,income,"$100,000 to $167,999",distrust_post,23.8
Corporate reliance,income,"$100,000 to $167,999",donation_ams,3.6
Corporate reliance,income,"$100,000 to $167,999",funding_perceptions,61.5
Corporate reliance,income,"$100,000 to $167,999",inst_trust_mean,69.92
Corporate reliance,income,"$100,000 to $167,999",newsletter_signup,1.32
Corporate reliance,income,"$100,000 to $167,999",policy_general,74.5
Corporate reliance,income,"$100,000 to $167,999",policy_role_mean,73.975
Corporate reliance,income,"$100,000 to $167,999",policy_specific_mean,71.89999999999999
Corporate reliance,income,"$100,000 to $167,999",trust_multidimensional,77.19166666666666
Corporate reliance,income,"$100,000 to $167,999",trust_post,76.2
Corporate reliance,income,"$168,000 or more",behavior_mean,59.166666666666664
Corporate reliance,income,"$168,000 or more",belief_post,91.0
Corporate reliance,income,"$168,000 or more",concern_mean,79.33333333333333
Corporate reliance,income,"$168,000 or more",distrust_post,18.0
Corporate reliance,income,"$168,000 or more",donation_ams,7.2
Corporate reliance,income,"$168,000 or more",funding_perceptions,62.0
Corporate reliance,income,"$168,000 or more",inst_trust_mean,74.2
Corporate reliance,income,"$168,000 or more",newsletter_signup,1.35
Corporate reliance,income,"$168,000 or more",policy_general,83.0
Corporate reliance,income,"$168,000 or more",policy_role_mean,67.25
Corporate reliance,income,"$168,000 or more",policy_specific_mean,79.28571428571429
Corporate reliance,income,"$168,000 or more",trust_multidimensional,77.5
Corporate reliance,income,"$168,000 or more",trust_post,82.0
Corporate reliance,income,"$30,000 to $55,999",behavior_mean,38.083333333333336
Corporate reliance,income,"$30,000 to $55,999",belief_post,76.5
Corporate reliance,income,"$30,000 to $55,999",concern_mean,62.800000000000004
Corporate reliance,income,"$30,000 to $55,999",distrust_post,30.6
Corporate reliance,income,"$30,000 to $55,999",donation_ams,2.8
Corporate reliance,income,"$30,000 to $55,999",funding_perceptions,61.8
Corporate reliance,income,"$30,000 to $55,999",inst_trust_mean,57.7
Corporate reliance,income,"$30,000 to $55,999",newsletter_signup,1.38
Corporate reliance,income,"$30,000 to $55,999",policy_general,59.3
Corporate reliance,income,"$30,000 to $55,999",policy_role_mean,59.8
Corporate reliance,income,"$30,000 to $55,999",policy_specific_mean,62.771428571428565
Corporate reliance,income,"$30,000 to $55,999",trust_multidimensional,67.08333333333333
Corporate reliance,income,"$30,000 to $55,999",trust_post,69.4
Corporate reliance,income,"$56,000 to $99,999",behavior_mean,41.333333333333336
Corporate reliance,income,"$56,000 to $99,999",belief_post,81.0
Corporate reliance,income,"$56,000 to $99,999",concern_mean,63.0
Corporate reliance,income,"$56,000 to $99,999",distrust_post,21.0
Corporate reliance,income,"$56,000 to $99,999",donation_ams,4.2
Corporate reliance,income,"$56,000 to $99,999",funding_perceptions,47.0
Corporate reliance,income,"$56,000 to $99,999",inst_trust_mean,70.2
Corporate reliance,income,"$56,000 to $99,999",newsletter_signup,1.4
Corporate reliance,income,"$56,000 to $99,999",policy_general,71.0
Corporate reliance,income,"$56,000 to $99,999",policy_role_mean,64.5
Corporate reliance,income,"$56,000 to $99,999",policy_specific_mean,66.14285714285714
Corporate reliance,income,"$56,000 to $99,999",trust_multidimensional,72.91666666666667
Corporate reliance,income,"$56,000 to $99,999",trust_post,76.0
Corporate reliance,income,"Less than $30,000",behavior_mean,44.38333333333333
Corporate reliance,income,"Less than $30,000",belief_post,81.4
Corporate reliance,income,"Less than $30,000",concern_mean,75.60000000000001
Corporate reliance,income,"Less than $30,000",distrust_post,24.5
Corporate reliance,income,"Less than $30,000",donation_ams,1.2
Corporate reliance,income,"Less than $30,000",funding_perceptions,63.8
Corporate reliance,income,"Less than $30,000",inst_trust_mean,62.67999999999999
Corporate reliance,income,"Less than $30,000",newsletter_signup,1.6
Corporate reliance,income,"Less than $30,000",policy_general,75.9
Corporate reliance,income,"Less than $30,000",policy_role_mean,74.15
Corporate reliance,income,"Less than $30,000",policy_specific_mean,69.87142857142858
Corporate reliance,income,"Less than $30,000",trust_multidimensional,69.86666666666666
Corporate reliance,income,"Less than $30,000",trust_post,72.8
Corporate reliance,party,Democrat,behavior_mean,60.666666666666664
Corporate reliance,party,Democrat,belief_post,92.0
Corporate reliance,party,Democrat,concern_mean,86.0
Corporate reliance,party,Democrat,distrust_post,16.0
Corporate reliance,party,Democrat,donation_ams,4.5
Corporate reliance,party,Democrat,funding_perceptions,78.0
Corporate reliance,party,Democrat,inst_trust_mean,75.8
Corporate reliance,party,Democrat,newsletter_signup,1.6
Corporate reliance,party,Democrat,policy_general,88.0
Corporate reliance,party,Democrat,policy_role_mean,78.5
Corporate reliance,party,Democrat,policy_specific_mean,80.71428571428571
Corporate reliance,party,Democrat,trust_multidimensional,82.0
Corporate reliance,party,Democrat,trust_post,85.0
Corporate reliance,party,Independent,behavior_mean,41.666666666666664
Corporate reliance,party,Independent,belief_post,82.0
Corporate reliance,party,Independent,concern_mean,66.0
Corporate reliance,party,Independent,distrust_post,26.0
Corporate reliance,party,Independent,donation_ams,2.1
Corporate reliance,party,Independent,funding_perceptions,54.0
Corporate reliance,party,Independent,inst_trust_mean,67.2
Corporate reliance,party,Independent,newsletter_signup,1.84
Corporate reliance,party,Independent,policy_general,64.0
Corporate reliance,party,Independent,policy_role_mean,67.0
Corporate reliance,party,Independent,policy_specific_mean,65.57142857142857
Corporate reliance,party,Independent,trust_multidimensional,69.75
Corporate reliance,party,Independent,trust_post,74.0
Corporate reliance,party,Other,behavior_mean,39.766666666666666
Corporate reliance,party,Other,belief_post,81.2
Corporate reliance,party,Other,concern_mean,68.5
Corporate reliance,party,Other,distrust_post,27.3
Corporate reliance,party,Other,donation_ams,3.6
Corporate reliance,party,Other,funding_perceptions,47.4
Corporate reliance,party,Other,inst_trust_mean,63.879999999999995
Corporate reliance,party,Other,newsletter_signup,1.58
Corporate reliance,party,Other,policy_general,64.8
Corporate reliance,party,Other,policy_role_mean,63.275
Corporate reliance,party,Other,policy_specific_mean,62.357142857142854
Corporate reliance,party,Other,trust_multidimensional,65.91666666666667
Corporate reliance,party,Other,trust_post,70.5
Corporate reliance,party,Republican,behavior_mean,27.333333333333332
Corporate reliance,party,Republican,belief_post,44.2
Corporate reliance,party,Republican,concern_mean,35.166666666666664
Corporate reliance,party,Republican,distrust_post,53.8
Corporate reliance,party,Republican,donation_ams,1.3
Corporate reliance,party,Republican,funding_perceptions,27.5
Corporate reliance,party,Republican,inst_trust_mean,42.56
Corporate reliance,party,Republican,newsletter_signup,1.18
Corporate reliance,party,Republican,policy_general,36.5
Corporate reliance,party,Republican,policy_role_mean,45.425
Corporate reliance,party,Republican,policy_specific_mean,44.07142857142857
Corporate reliance,party,Republican,trust_multidimensional,47.875
Corporate reliance,party,Republican,trust_post,46.3
Corporate reliance,race,Asian / Asian American,behavior_mean,51.6
Corporate reliance,race,Asian / Asian American,belief_post,85.7
Corporate reliance,race,Asian / Asian American,concern_mean,75.39999999999999
Corporate reliance,race,Asian / Asian American,distrust_post,20.8
Corporate reliance,race,Asian / Asian American,donation_ams,5.6
Corporate reliance,race,Asian / Asian American,funding_perceptions,58.5
Corporate reliance,race,Asian / Asian American,inst_trust_mean,69.52000000000001
Corporate reliance,race,Asian / Asian American,newsletter_signup,1.45
Corporate reliance,race,Asian / Asian American,policy_general,78.9
Corporate reliance,race,Asian / Asian American,policy_role_mean,75.5
Corporate reliance,race,Asian / Asian American,policy_specific_mean,79.15714285714286
Corporate reliance,race,Asian / Asian American,trust_multidimensional,73.425
Corporate reliance,race,Asian / Asian American,trust_post,76.5
Corporate reliance,race,Black / African American,behavior_mean,45.5
Corporate reliance,race,Black / African American,belief_post,87.0
Corporate reliance,race,Black / African American,concern_mean,76.66666666666667
Corporate reliance,race,Black / African American,distrust_post,18.0
Corporate reliance,race,Black / African American,donation_ams,1.8
Corporate reliance,race,Black / African American,funding_perceptions,78.0
Corporate reliance,race,Black / African American,inst_trust_mean,59.6
Corporate reliance,race,Black / African American,newsletter_signup,1.15
Corporate reliance,race,Black / African American,policy_general,83.0
Corporate reliance,race,Black / African American,policy_role_mean,69.0
Corporate reliance,race,Black / African American,policy_specific_mean,78.14285714285714
Corporate reliance,race,Black / African American,trust_multidimensional,75.25
Corporate reliance,race,Black / African American,trust_post,79.0
Corporate reliance,race,Hispanic / Latino,behavior_mean,46.0
Corporate reliance,race,Hispanic / Latino,belief_post,83.0
Corporate reliance,race,Hispanic / Latino,concern_mean,76.33333333333333
Corporate reliance,race,Hispanic / Latino,distrust_post,25.0
Corporate reliance,race,Hispanic / Latino,donation_ams,3.1
Corporate reliance,race,Hispanic / Latino,funding_perceptions,73.0
Corporate reliance,race,Hispanic / Latino,inst_trust_mean,67.2
Corporate reliance,race,Hispanic / Latino,newsletter_signup,1.32
Corporate reliance,race,Hispanic / Latino,policy_general,77.0
Corporate reliance,race,Hispanic / Latino,policy_role_mean,70.0
Corporate reliance,race,Hispanic / Latino,policy_specific_mean,68.71428571428571
Corporate reliance,race,Hispanic / Latino,trust_multidimensional,72.0
Corporate reliance,race,Hispanic / Latino,trust_post,75.0
Corporate reliance,race,Other,behavior_mean,52.166666666666664
Corporate reliance,race,Other,belief_post,84.5
Corporate reliance,race,Other,concern_mean,80.16666666666667
Corporate reliance,race,Other,distrust_post,24.0
Corporate reliance,race,Other,donation_ams,3.8
Corporate reliance,race,Other,funding_perceptions,64.0
Corporate reliance,race,Other,inst_trust_mean,62.6
Corporate reliance,race,Other,newsletter_signup,1.58
Corporate reliance,race,Other,policy_general,81.0
Corporate reliance,race,Other,policy_role_mean,70.25
Corporate reliance,race,Other,policy_specific_mean,73.78571428571429
Corporate reliance,race,Other,trust_multidimensional,69.16666666666667
Corporate reliance,race,Other,trust_post,73.0
Corporate reliance,race,White / Caucasian,behavior_mean,29.5
Corporate reliance,race,White / Caucasian,belief_post,71.0
Corporate reliance,race,White / Caucasian,concern_mean,63.333333333333336
Corporate reliance,race,White / Caucasian,distrust_post,35.0
Corporate reliance,race,White / Caucasian,donation_ams,4.2
Corporate reliance,race,White / Caucasian,funding_perceptions,50.0
Corporate reliance,race,White / Caucasian,inst_trust_mean,67.6
Corporate reliance,race,White / Caucasian,newsletter_signup,1.32
Corporate reliance,race,White / Caucasian,policy_general,61.0
Corporate reliance,race,White / Caucasian,policy_role_mean,65.75
Corporate reliance,race,White / Caucasian,policy_specific_mean,65.14285714285714
Corporate reliance,race,White / Caucasian,trust_multidimensional,68.25
Corporate reliance,race,White / Caucasian,trust_post,65.0
Extreme weather predictions,age_band,18-29,behavior_mean,62.833333333333336
Extreme weather predictions,age_band,18-29,belief_post,89.0
Extreme weather predictions,age_band,18-29,concern_mean,80.66666666666667
Extreme weather predictions,age_band,18-29,distrust_post,19.0
Extreme weather predictions,age_band,18-29,donation_ams,2.8
Extreme weather predictions,age_band,18-29,funding_perceptions,72.0
Extreme weather predictions,age_band,18-29,inst_trust_mean,76.0
Extreme weather predictions,age_band,18-29,newsletter_signup,1.35
Extreme weather predictions,age_band,18-29,policy_general,84.0
Extreme weather predictions,age_band,18-29,policy_role_mean,71.25
Extreme weather predictions,age_band,18-29,policy_specific_mean,76.28571428571429
Extreme weather predictions,age_band,18-29,trust_multidimensional,75.25
Extreme weather predictions,age_band,18-29,trust_post,81.0
Extreme weather predictions,age_band,30-44,behavior_mean,48.666666666666664
Extreme weather predictions,age_band,30-44,belief_post,86.0
Extreme weather predictions,age_band,30-44,concern_mean,70.33333333333333
Extreme weather predictions,age_band,30-44,distrust_post,26.0
Extreme weather predictions,age_band,30-44,donation_ams,2.5
Extreme weather predictions,age_band,30-44,funding_perceptions,56.0
Extreme weather predictions,age_band,30-44,inst_trust_mean,61.4
Extreme weather predictions,age_band,30-44,newsletter_signup,1.8
Extreme weather predictions,age_band,30-44,policy_general,76.0
Extreme weather predictions,age_band,30-44,policy_role_mean,65.0
Extreme weather predictions,age_band,30-44,policy_specific_mean,70.71428571428571
Extreme weather predictions,age_band,30-44,trust_multidimensional,70.08333333333333
Extreme weather predictions,age_band,30-44,trust_post,74.0
Extreme weather predictions,age_band,45-59,behavior_mean,29.416666666666668
Extreme weather predictions,age_band,45-59,belief_post,68.9
Extreme weather predictions,age_band,45-59,concern_mean,61.1
Extreme weather predictions,age_band,45-59,distrust_post,23.8
Extreme weather predictions,age_band,45-59,donation_ams,1.4
Extreme weather predictions,age_band,45-59,funding_perceptions,61.5
Extreme weather predictions,age_band,45-59,inst_trust_mean,66.47999999999999
Extreme weather predictions,age_band,45-59,newsletter_signup,1.68
Extreme weather predictions,age_band,45-59,policy_general,58.4
Extreme weather predictions,age_band,45-59,policy_role_mean,66.225
Extreme weather predictions,age_band,45-59,policy_specific_mean,65.58571428571427
Extreme weather predictions,age_band,45-59,trust_multidimensional,74.38333333333334
Extreme weather predictions,age_band,45-59,trust_post,76.2
Extreme weather predictions,age_band,60+,behavior_mean,51.666666666666664
Extreme weather predictions,age_band,60+,belief_post,84.0
Extreme weather predictions,age_band,60+,concern_mean,75.33333333333333
Extreme weather predictions,age_band,60+,distrust_post,28.0
Extreme weather predictions,age_band,60+,donation_ams,3.8
Extreme weather predictions,age_band,60+,funding_perceptions,48.0
Extreme weather predictions,age_band,60+,inst_trust_mean,63.6
Extreme weather predictions,age_band,60+,newsletter_signup,1.35
Extreme weather predictions,age_band,60+,policy_general,68.0
Extreme weather predictions,age_band,60+,policy_role_mean,65.25
Extreme weather predictions,age_band,60+,policy_specific_mean,64.14285714285714
Extreme weather predictions,age_band,60+,trust_multidimensional,67.66666666666667
Extreme weather predictions,age_band,60+,trust_post,71.0
Extreme weather predictions,education,Bachelor's degree,behavior_mean,48.28333333333333
Extreme weather predictions,education,Bachelor's degree,belief_post,84.6
Extreme weather predictions,education,Bachelor's degree,concern_mean,76.56666666666666
Extreme weather predictions,education,Bachelor's degree,distrust_post,21.5
Extreme weather predictions,education,Bachelor's degree,donation_ams,2.35
Extreme weather predictions,education,Bachelor's degree,funding_perceptions,70.6
Extreme weather predictions,education,Bachelor's degree,inst_trust_mean,71.24
Extreme weather predictions,education,Bachelor's degree,newsletter_signup,1.38
Extreme weather predictions,education,Bachelor's degree,policy_general,77.3
Extreme weather predictions,education,Bachelor's degree,policy_role_mean,74.0
Extreme weather predictions,education,Bachelor's degree,policy_specific_mean,72.51428571428572
Extreme weather predictions,education,Bachelor's degree,trust_multidimensional,78.97500000000001
Extreme weather predictions,education,Bachelor's degree,trust_post,76.8
Extreme weather predictions,education,Doctorate degree / Ph.D.,behavior_mean,67.5
Extreme weather predictions,education,Doctorate degree / Ph.D.,belief_post,96.0
Extreme weather predictions,education,Doctorate degree / Ph.D.,concern_mean,83.66666666666667
Extreme weather predictions,education,Doctorate degree / Ph.D.,distrust_post,14.0
Extreme weather predictions,education,Doctorate degree / Ph.D.,donation_ams,6.5
Extreme weather predictions,education,Doctorate degree / Ph.D.,funding_perceptions,80.0
Extreme weather predictions,education,Doctorate degree / Ph.D.,inst_trust_mean,82.6
Extreme weather predictions,education,Doctorate degree / Ph.D.,newsletter_signup,1.75
Extreme weather predictions,education,Doctorate degree / Ph.D.,policy_general,88.0
Extreme weather predictions,education,Doctorate degree / Ph.D.,policy_role_mean,84.0
Extreme weather predictions,education,Doctorate degree / Ph.D.,policy_specific_mean,83.71428571428571
Extreme weather predictions,education,Doctorate degree / Ph.D.,trust_multidimensional,83.0
Extreme weather predictions,education,Doctorate degree / Ph.D.,trust_post,86.0
Extreme weather predictions,education,High school diploma / GED,behavior_mean,29.933333333333334
Extreme weather predictions,education,High school diploma / GED,belief_post,69.3
Extreme weather predictions,education,High school diploma / GED,concern_mean,70.36666666666667
Extreme weather predictions,education,High school diploma / GED,distrust_post,31.2
Extreme weather predictions,education,High school diploma / GED,donation_ams,2.8
Extreme weather predictions,education,High school diploma / GED,funding_perceptions,51.5
Extreme weather predictions,education,High school diploma / GED,inst_trust_mean,59.2
Extreme weather predictions,education,High school diploma / GED,newsletter_signup,1.65
Extreme weather predictions,education,High school diploma / GED,policy_general,59.4
Extreme weather predictions,education,High school diploma / GED,policy_role_mean,61.5
Extreme weather predictions,education,High school diploma / GED,policy_specific_mean,64.72857142857143
Extreme weather predictions,education,High school diploma / GED,trust_multidimensional,67.06666666666666
Extreme weather predictions,education,High school diploma / GED,trust_post,68.7
Extreme weather predictions,education,Less than high school,behavior_mean,23.033333333333335
Extreme weather predictions,education,Less than high school,belief_post,41.3
Extreme weather predictions,education,Less than high school,concern_mean,44.5
Extreme weather predictions,education,Less than high school,distrust_post,58.4
Extreme weather predictions,education,Less than high school,donation_ams,1.35
Extreme weather predictions,education,Less than high school,funding_perceptions,47.9
Extreme weather predictions,education,Less than high school,inst_trust_mean,39.0
Extreme weather predictions,education,Less than high school,newsletter_signup,1.72
Extreme weather predictions,education,Less than high school,policy_general,44.2
Extreme weather predictions,education,Less than high school,policy_role_mean,45.275
Extreme weather predictions,education,Less than high school,policy_specific_mean,46.08571428571429
Extreme weather predictions,education,Less than high school,trust_multidimensional,44.64166666666667
Extreme weather predictions,education,Less than high school,trust_post,42.5
Extreme weather predictions,education,Master's degree / Professional degree,behavior_mean,58.5
Extreme weather predictions,education,Master's degree / Professional degree,belief_post,89.0
Extreme weather predictions,education,Master's degree / Professional degree,concern_mean,77.33333333333333
Extreme weather predictions,education,Master's degree / Professional degree,distrust_post,21.0
Extreme weather predictions,education,Master's degree / Professional degree,donation_ams,6.2
Extreme weather predictions,education,Master's degree / Professional degree,funding_perceptions,78.0
Extreme weather predictions,education,Master's degree / Professional degree,inst_trust_mean,72.0
Extreme weather predictions,education,Master's degree / Professional degree,newsletter_signup,1.3
Extreme weather predictions,education,Master's degree / Professional degree,policy_general,82.0
Extreme weather predictions,education,Master's degree / Professional degree,policy_role_mean,71.25
Extreme weather predictions,education,Master's degree / Professional degree,policy_specific_mean,74.57142857142857
Extreme weather predictions,education,Master's degree / Professional degree,trust_multidimensional,76.83333333333333
Extreme weather predictions,education,Master's degree / Professional degree,trust_post,79.0
Extreme weather predictions,education,Some college or Associate's degree,behavior_mean,48.449999999999996
Extreme weather predictions,education,Some college or Associate's degree,belief_post,79.2
Extreme weather predictions,education,Some college or Associate's degree,concern_mean,67.23333333333333
Extreme weather predictions,education,Some college or Associate's degree,distrust_post,26.1
Extreme weather predictions,education,Some college or Associate's degree,donation_ams,2.9
Extreme weather predictions,education,Some college or Associate's degree,funding_perceptions,51.5
Extreme weather predictions,education,Some college or Associate's degree,inst_trust_mean,58.9
Extreme weather predictions,education,Some college or Associate's degree,newsletter_signup,1.32
Extreme weather predictions,education,Some college or Associate's degree,policy_general,73.8
Extreme weather predictions,education,Some college or Associate's degree,policy_role_mean,63.35
Extreme weather predictions,education,Some college or Associate's degree,policy_specific_mean,66.67142857142856
Extreme weather predictions,education,Some college or Associate's degree,trust_multidimensional,71.69166666666666
Extreme weather predictions,education,Some college or Associate's degree,trust_post,77.5
Extreme weather predictions,gender,Female,behavior_mean,47.85
Extreme weather predictions,gender,Female,belief_post,83.6
Extreme weather predictions,gender,Female,concern_mean,81.10000000000001
Extreme weather predictions,gender,Female,distrust_post,27.3
Extreme weather predictions,gender,Female,donation_ams,1.75
Extreme weather predictions,gender,Female,funding_perceptions,71.6
Extreme weather predictions,gender,Female,inst_trust_mean,65.08
Extreme weather predictions,gender,Female,newsletter_signup,1.58
Extreme weather predictions,gender,Female,policy_general,79.2
Extreme weather predictions,gender,Female,policy_role_mean,71.45
Extreme weather predictions,gender,Female,policy_specific_mean,79.12857142857142
Extreme weather predictions,gender,Female,trust_multidimensional,70.33333333333333
Extreme weather predictions,gender,Female,trust_post,73.5
Extreme weather predictions,gender,Male,behavior_mean,35.4
Extreme weather predictions,gender,Male,belief_post,70.1
Extreme weather predictions,gender,Male,concern_mean,60.9
Extreme weather predictions,gender,Male,distrust_post,21.4
Extreme weather predictions,gender,Male,donation_ams,2.3
Extreme weather predictions,gender,Male,funding_perceptions,49.0
Extreme weather predictions,gender,Male,inst_trust_mean,66.03999999999999
Extreme weather predictions,gender,Male,newsletter_signup,1.19
Extreme weather predictions,gender,Male,policy_general,62.3
Extreme weather predictions,gender,Male,policy_role_mean,66.25
Extreme weather predictions,gender,Male,policy_specific_mean,62.785714285714285
Extreme weather predictions,gender,Male,trust_multidimensional,75.29166666666667
Extreme weather predictions,gender,Male,trust_post,76.2
Extreme weather predictions,gender,Other,behavior_mean,59.43333333333334
Extreme weather predictions,gender,Other,belief_post,93.5
Extreme weather predictions,gender,Other,concern_mean,89.36666666666667
Extreme weather predictions,gender,Other,distrust_post,11.4
Extreme weather predictions,gender,Other,donation_ams,3.7
Extreme weather predictions,gender,Other,funding_perceptions,83.2
Extreme weather predictions,gender,Other,inst_trust_mean,75.8
Extreme weather predictions,gender,Other,newsletter_signup,1.12
Extreme weather predictions,gender,Other,policy_general,89.2
Extreme weather predictions,gender,Other,policy_role_mean,78.45
Extreme weather predictions,gender,Other,policy_specific_mean,84.71428571428571
Extreme weather predictions,gender,Other,trust_multidimensional,80.89166666666667
Extreme weather predictions,gender,Other,trust_post,83.7
Extreme weather predictions,income,"$100,000 to $167,999",behavior_mean,59.15
Extreme weather predictions,income,"$100,000 to $167,999",belief_post,89.2
Extreme weather predictions,income,"$100,000 to $167,999",concern_mean,77.73333333333333
Extreme weather predictions,income,"$100,000 to $167,999",distrust_post,23.4
Extreme weather predictions,income,"$100,000 to $167,999",donation_ams,3.2
Extreme weather predictions,income,"$100,000 to $167,999",funding_perceptions,55.5
Extreme weather predictions,income,"$100,000 to $167,999",inst_trust_mean,69.66
Extreme weather predictions,income,"$100,000 to $167,999",newsletter_signup,1.58
Extreme weather predictions,income,"$100,000 to $167,999",policy_general,75.1
Extreme weather predictions,income,"$100,000 to $167,999",policy_role_mean,72.65
Extreme weather predictions,income,"$100,000 to $167,999",policy_specific_mean,70.84285714285714
Extreme weather predictions,income,"$100,000 to $167,999",trust_multidimensional,72.69166666666666
Extreme weather predictions,income,"$100,000 to $167,999",trust_post,76.8
Extreme weather predictions,income,"$168,000 or more",behavior_mean,54.666666666666664
Extreme weather predictions,income,"$168,000 or more",belief_post,89.0
Extreme weather predictions,income,"$168,000 or more",concern_mean,73.66666666666667
Extreme weather predictions,income,"$168,000 or more",distrust_post,24.0
Extreme weather predictions,income,"$168,000 or more",donation_ams,7.2
Extreme weather predictions,income,"$168,000 or more",funding_perceptions,62.0
Extreme weather predictions,income,"$168,000 or more",inst_trust_mean,68.6
Extreme weather predictions,income,"$168,000 or more",newsletter_signup,1.25
Extreme weather predictions,income,"$168,000 or more",policy_general,80.0
Extreme weather predictions,income,"$168,000 or more",policy_role_mean,71.0
Extreme weather predictions,income,"$168,000 or more",policy_specific_mean,70.57142857142857
Extreme weather predictions,income,"$168,000 or more",trust_multidimensional,74.41666666666667
Extreme weather predictions,income,"$168,000 or more",trust_post,74.0
Extreme weather predictions,income,"$30,000 to $55,999",behavior_mean,38.53333333333333
Extreme weather predictions,income,"$30,000 to $55,999",belief_post,73.6
Extreme weather predictions,income,"$30,000 to $55,999",concern_mean,66.36666666666666
Extreme weather predictions,income,"$30,000 to $55,999",distrust_post,24.1
Extreme weather predictions,income,"$30,000 to $55,999",donation_ams,2.3
Extreme weather predictions,income,"$30,000 to $55,999",funding_perceptions,55.8
Extreme weather predictions,income,"$30,000 to $55,999",inst_trust_mean,57.56
Extreme weather predictions,income,"$30,000 to $55,999",newsletter_signup,1.68
Extreme weather predictions,income,"$30,000 to $55,999",policy_general,59.8
Extreme weather predictions,income,"$30,000 to $55,999",policy_role_mean,59.275
Extreme weather predictions,income,"$30,000 to $55,999",policy_specific_mean,62.17142857142857
Extreme weather predictions,income,"$30,000 to $55,999",trust_multidimensional,68.43333333333334
Extreme weather predictions,income,"$30,000 to $55,999",trust_post,65.3
Extreme weather predictions,income,"$56,000 to $99,999",behavior_mean,47.550000000000004
Extreme weather predictions,income,"$56,000 to $99,999",belief_post,86.7
Extreme weather predictions,income,"$56,000 to $99,999",concern_mean,80.76666666666667
Extreme weather predictions,income,"$56,000 to $99,999",distrust_post,22.4
Extreme weather predictions,income,"$56,000 to $99,999",donation_ams,2.4
Extreme weather predictions,income,"$56,000 to $99,999",funding_perceptions,60.9
Extreme weather predictions,income,"$56,000 to $99,999",inst_trust_mean,71.28
Extreme weather predictions,income,"$56,000 to $99,999",newsletter_signup,1.55
Extreme weather predictions,income,"$56,000 to $99,999",policy_general,79.5
Extreme weather predictions,income,"$56,000 to $99,999",policy_role_mean,72.975
Extreme weather predictions,income,"$56,000 to $99,999",policy_specific_mean,72.52857142857142
Extreme weather predictions,income,"$56,000 to $99,999",trust_multidimensional,75.36666666666666
Extreme weather predictions,income,"$56,000 to $99,999",trust_post,78.9
Extreme weather predictions,income,"Less than $30,000",behavior_mean,47.833333333333336
Extreme weather predictions,income,"Less than $30,000",belief_post,79.0
Extreme weather predictions,income,"Less than $30,000",concern_mean,78.33333333333333
Extreme weather predictions,income,"Less than $30,000",distrust_post,30.0
Extreme weather predictions,income,"Less than $30,000",donation_ams,1.4
Extreme weather predictions,income,"Less than $30,000",funding_perceptions,46.0
Extreme weather predictions,income,"Less than $30,000",inst_trust_mean,64.6
Extreme weather predictions,income,"Less than $30,000",newsletter_signup,1.75
Extreme weather predictions,income,"Less than $30,000",policy_general,77.0
Extreme weather predictions,income,"Less than $30,000",policy_role_mean,77.5
Extreme weather predictions,income,"Less than $30,000",policy_specific_mean,66.71428571428571
Extreme weather predictions,income,"Less than $30,000",trust_multidimensional,69.58333333333333
Extreme weather predictions,income,"Less than $30,000",trust_post,70.0
Extreme weather predictions,party,Democrat,behavior_mean,56.35
Extreme weather predictions,party,Democrat,belief_post,93.2
Extreme weather predictions,party,Democrat,concern_mean,83.8
Extreme weather predictions,party,Democrat,distrust_post,16.8
Extreme weather predictions,party,Democrat,donation_ams,3.6
Extreme weather predictions,party,Democrat,funding_perceptions,81.6
Extreme weather predictions,party,Democrat,inst_trust_mean,72.44
Extreme weather predictions,party,Democrat,newsletter_signup,1.35
Extreme weather predictions,party,Democrat,policy_general,89.1
Extreme weather predictions,party,Democrat,policy_role_mean,78.325
Extreme weather predictions,party,Democrat,policy_specific_mean,76.04285714285713
Extreme weather predictions,party,Democrat,trust_multidimensional,81.55
Extreme weather predictions,party,Democrat,trust_post,83.5
Extreme weather predictions,party,Independent,behavior_mean,39.56666666666667
Extreme weather predictions,party,Independent,belief_post,81.5
Extreme weather predictions,party,Independent,concern_mean,67.43333333333334
Extreme weather predictions,party,Independent,distrust_post,33.5
Extreme weather predictions,party,Independent,donation_ams,2.15
Extreme weather predictions,party,Independent,funding_perceptions,55.8
Extreme weather predictions,party,Independent,inst_trust_mean,53.760000000000005
Extreme weather predictions,party,Independent,newsletter_signup,1.58
Extreme weather predictions,party,Independent,policy_general,71.3
Extreme weather predictions,party,Independent,policy_role_mean,68.35
Extreme weather predictions,party,Independent,policy_specific_mean,60.32857142857143
Extreme weather predictions,party,Independent,trust_multidimensional,65.85833333333333
Extreme weather predictions,party,Independent,trust_post,66.8
Extreme weather predictions,party,Other,behavior_mean,35.88333333333333
Extreme weather predictions,party,Other,belief_post,70.3
Extreme weather predictions,party,Other,concern_mean,66.73333333333333
Extreme weather predictions,party,Other,distrust_post,26.8
Extreme weather predictions,party,Other,donation_ams,3.7
Extreme weather predictions,party,Other,funding_perceptions,48.6
Extreme weather predictions,party,Other,inst_trust_mean,67.1
Extreme weather predictions,party,Other,newsletter_signup,1.42
Extreme weather predictions,party,Other,policy_general,65.7
Extreme weather predictions,party,Other,policy_role_mean,63.575
Extreme weather predictions,party,Other,policy_specific_mean,66.64285714285714
Extreme weather predictions,party,Other,trust_multidimensional,70.71666666666667
Extreme weather predictions,party,Other,trust_post,72.6
Extreme weather predictions,party,Republican,behavior_mean,27.5
Extreme weather predictions,party,Republican,belief_post,34.0
Extreme weather predictions,party,Republican,concern_mean,38.666666666666664
Extreme weather predictions,party,Republican,distrust_post,56.0
Extreme weather predictions,party,Republican,donation_ams,2.3
Extreme weather predictions,party,Republican,funding_perceptions,24.0
Extreme weather predictions,party,Republican,inst_trust_mean,42.2
Extreme weather predictions,party,Republican,newsletter_signup,1.75
Extreme weather predictions,party,Republican,policy_general,24.0
Extreme weather predictions,party,Republican,policy_role_mean,46.0
Extreme weather predictions,party,Republican,policy_specific_mean,45.857142857142854
Extreme weather predictions,party,Republican,trust_multidimensional,50.75
Extreme weather predictions,party,Republican,trust_post,42.0
Extreme weather predictions,race,Asian / Asian American,behavior_mean,47.65
Extreme weather predictions,race,Asian / Asian American,belief_post,89.2
Extreme weather predictions,race,Asian / Asian American,concern_mean,81.36666666666666
Extreme weather predictions,race,Asian / Asian American,distrust_post,21.3
Extreme weather predictions,race,Asian / Asian American,donation_ams,3.6
Extreme weather predictions,race,Asian / Asian American,funding_perceptions,65.5
Extreme weather predictions,race,Asian / Asian American,inst_trust_mean,73.4
Extreme weather predictions,race,Asian / Asian American,newsletter_signup,1.25
Extreme weather predictions,race,Asian / Asian American,policy_general,77.4
Extreme weather predictions,race,Asian / Asian American,policy_role_mean,65.525
Extreme weather predictions,race,Asian / Asian American,policy_specific_mean,71.58571428571429
Extreme weather predictions,race,Asian / Asian American,trust_multidimensional,76.56666666666666
Extreme weather predictions,race,Asian / Asian American,trust_post,79.5
Extreme weather predictions,race,Black / African American,behavior_mean,47.550000000000004
Extreme weather predictions,race,Black / African American,belief_post,85.6
Extreme weather predictions,race,Black / African American,concern_mean,81.66666666666667
Extreme weather predictions,race,Black / African American,distrust_post,18.7
Extreme weather predictions,race,Black / African American,donation_ams,3.7
Extreme weather predictions,race,Black / African American,funding_perceptions,78.5
Extreme weather predictions,race,Black / African American,inst_trust_mean,74.64
Extreme weather predictions,race,Black / African American,newsletter_signup,1.28
Extreme weather predictions,race,Black / African American,policy_general,83.9
Extreme weather predictions,race,Black / African American,policy_role_mean,75.15
Extreme weather predictions,race,Black / African American,policy_specific_mean,77.85714285714286
Extreme weather predictions,race,Black / African American,trust_multidimensional,79.14999999999999
Extreme weather predictions,race,Black / African American,trust_post,81.4
Extreme weather predictions,race,Hispanic / Latino,behavior_mean,44.666666666666664
Extreme weather predictions,race,Hispanic / Latino,belief_post,80.0
Extreme weather predictions,race,Hispanic / Latino,concern_mean,66.0
Extreme weather predictions,race,Hispanic / Latino,distrust_post,25.0
Extreme weather predictions,race,Hispanic / Latino,donation_ams,2.5
Extreme weather predictions,race,Hispanic / Latino,funding_perceptions,65.0
Extreme weather predictions,race,Hispanic / Latino,inst_trust_mean,60.0
Extreme weather predictions,race,Hispanic / Latino,newsletter_signup,1.3
Extreme weather predictions,race,Hispanic / Latino,policy_general,76.0
Extreme weather predictions,race,Hispanic / Latino,policy_role_mean,66.25
Extreme weather predictions,race,Hispanic / Latino,policy_specific_mean,68.28571428571429
Extreme weather predictions,race,Hispanic / Latino,trust_multidimensional,72.66666666666667
Extreme weather predictions,race,Hispanic / Latino,trust_post,75.0
Extreme weather predictions,race,Other,behavior_mean,40.0
Extreme weather predictions,race,Other,belief_post,73.0
Extreme weather predictions,race,Other,concern_mean,69.66666666666667
Extreme weather predictions,race,Other,distrust_post,29.0
Extreme weather predictions,race,Other,donation_ams,2.4
Extreme weather predictions,race,Other,funding_perceptions,62.0
Extreme weather predictions,race,Other,inst_trust_mean,56.6
Extreme weather predictions,race,Other,newsletter_signup,1.6
Extreme weather predictions,race,Other,policy_general,66.0
Extreme weather predictions,race,Other,policy_role_mean,68.25
Extreme weather predictions,race,Other,policy_specific_mean,69.28571428571429
Extreme weather predictions,race,Other,trust_multidimensional,67.5
Extreme weather predictions,race,Other,trust_post,69.0
Extreme weather predictions,race,White / Caucasian,behavior_mean,23.666666666666668
Extreme weather predictions,race,White / Caucasian,belief_post,68.0
Extreme weather predictions,race,White / Caucasian,concern_mean,53.666666666666664
Extreme weather predictions,race,White / Caucasian,distrust_post,32.0
Extreme weather predictions,race,White / Caucasian,donation_ams,2.3
Extreme weather predictions,race,White / Caucasian,funding_perceptions,51.0
Extreme weather predictions,race,White / Caucasian,inst_trust_mean,56.6
Extreme weather predictions,race,White / Caucasian,newsletter_signup,1.6
Extreme weather predictions,race,White / Caucasian,policy_general,57.0
Extreme weather predictions,race,White / Caucasian,policy_role_mean,59.0
Extreme weather predictions,race,White / Caucasian,policy_specific_mean,60.0
Extreme weather predictions,race,White / Caucasian,trust_multidimensional,59.75
Extreme weather predictions,race,White / Caucasian,trust_post,62.0
Former skeptics,age_band,18-29,behavior_mean,67.14999999999999
Former skeptics,age_band,18-29,belief_post,93.5
Former skeptics,age_band,18-29,concern_mean,88.03333333333335
Former skeptics,age_band,18-29,distrust_post,17.5
Former skeptics,age_band,18-29,donation_ams,7.6
Former skeptics,age_band,18-29,funding_perceptions,77.2
Former skeptics,age_band,18-29,inst_trust_mean,75.16
Former skeptics,age_band,18-29,newsletter_signup,1.32
Former skeptics,age_band,18-29,policy_general,89.4
Former skeptics,age_band,18-29,policy_role_mean,78.6
Former skeptics,age_band,18-29,policy_specific_mean,82.27142857142857
Former skeptics,age_band,18-29,trust_multidimensional,81.05833333333334
Former skeptics,age_band,18-29,trust_post,84.2
Former skeptics,age_band,30-44,behavior_mean,52.666666666666664
Former skeptics,age_band,30-44,belief_post,89.0
Former skeptics,age_band,30-44,concern_mean,82.66666666666667
Former skeptics,age_band,30-44,distrust_post,19.0
Former skeptics,age_band,30-44,donation_ams,2.9
Former skeptics,age_band,30-44,funding_perceptions,58.0
Former skeptics,age_band,30-44,inst_trust_mean,72.6
Former skeptics,age_band,30-44,newsletter_signup,1.3
Former skeptics,age_band,30-44,policy_general,79.0
Former skeptics,age_band,30-44,policy_role_mean,70.5
Former skeptics,age_band,30-44,policy_specific_mean,76.28571428571429
Former skeptics,age_band,30-44,trust_multidimensional,77.83333333333333
Former skeptics,age_band,30-44,trust_post,81.0
Former skeptics,age_band,45-59,behavior_mean,41.5
Former skeptics,age_band,45-59,belief_post,76.0
Former skeptics,age_band,45-59,concern_mean,67.33333333333333
Former skeptics,age_band,45-59,distrust_post,19.0
Former skeptics,age_band,45-59,donation_ams,2.1
Former skeptics,age_band,45-59,funding_perceptions,58.0
Former skeptics,age_band,45-59,inst_trust_mean,63.6
Former skeptics,age_band,45-59,newsletter_signup,1.65
Former skeptics,age_band,45-59,policy_general,63.0
Former skeptics,age_band,45-59,policy_role_mean,66.25
Former skeptics,age_band,45-59,policy_specific_mean,60.714285714285715
Former skeptics,age_band,45-59,trust_multidimensional,78.66666666666667
Former skeptics,age_band,45-59,trust_post,81.0
Former skeptics,age_band,60+,behavior_mean,41.5
Former skeptics,age_band,60+,belief_post,73.8
Former skeptics,age_band,60+,concern_mean,59.0
Former skeptics,age_band,60+,distrust_post,22.8
Former skeptics,age_band,60+,donation_ams,4.1
Former skeptics,age_band,60+,funding_perceptions,48.7
Former skeptics,age_band,60+,inst_trust_mean,59.92
Former skeptics,age_band,60+,newsletter_signup,1.65
Former skeptics,age_band,60+,policy_general,61.5
Former skeptics,age_band,60+,policy_role_mean,63.225
Former skeptics,age_band,60+,policy_specific_mean,59.642857142857146
Former skeptics,age_band,60+,trust_multidimensional,74.7
Former skeptics,age_band,60+,trust_post,77.6
Former skeptics,education,Bachelor's degree,behavior_mean,43.166666666666664
Former skeptics,education,Bachelor's degree,belief_post,81.0
Former skeptics,education,Bachelor's degree,concern_mean,72.0
Former skeptics,education,Bachelor's degree,distrust_post,23.0
Former skeptics,education,Bachelor's degree,donation_ams,3.6
Former skeptics,education,Bachelor's degree,funding_perceptions,78.0
Former skeptics,education,Bachelor's degree,inst_trust_mean,66.8
Former skeptics,education,Bachelor's degree,newsletter_signup,1.35
Former skeptics,education,Bachelor's degree,policy_general,73.0
Former skeptics,education,Bachelor's degree,policy_role_mean,68.5
Former skeptics,education,Bachelor's degree,policy_specific_mean,67.14285714285714
Former skeptics,education,Bachelor's degree,trust_multidimensional,76.66666666666667
Former skeptics,education,Bachelor's degree,trust_post,77.0
Former skeptics,education,Doctorate degree / Ph.D.,behavior_mean,65.33333333333333
Former skeptics,education,Doctorate degree / Ph.D.,belief_post,93.0
Former skeptics,education,Doctorate degree / Ph.D.,concern_mean,80.66666666666667
Former skeptics,education,Doctorate degree / Ph.D.,distrust_post,14.0
Former skeptics,education,Doctorate degree / Ph.D.,donation_ams,6.8
Former skeptics,education,Doctorate degree / Ph.D.,funding_perceptions,82.0
Former skeptics,education,Doctorate degree / Ph.D.,inst_trust_mean,77.8
Former skeptics,education,Doctorate degree / Ph.D.,newsletter_signup,1.32
Former skeptics,education,Doctorate degree / Ph.D.,policy_general,81.0
Former skeptics,education,Doctorate degree / Ph.D.,policy_role_mean,80.75
Former skeptics,education,Doctorate degree / Ph.D.,policy_specific_mean,80.85714285714286
Former skeptics,education,Doctorate degree / Ph.D.,trust_multidimensional,77.5
Former skeptics,education,Doctorate degree / Ph.D.,trust_post,82.0
Former skeptics,education,High school diploma / GED,behavior_mean,52.300000000000004
Former skeptics,education,High school diploma / GED,belief_post,81.4
Former skeptics,education,High school diploma / GED,concern_mean,76.83333333333333
Former skeptics,education,High school diploma / GED,distrust_post,25.5
Former skeptics,education,High school diploma / GED,donation_ams,3.4
Former skeptics,education,High school diploma / GED,funding_perceptions,53.8
Former skeptics,education,High school diploma / GED,inst_trust_mean,69.74
Former skeptics,education,High school diploma / GED,newsletter_signup,1.35
Former skeptics,education,High school diploma / GED,policy_general,65.8
Former skeptics,education,High school diploma / GED,policy_role_mean,63.875
Former skeptics,education,High school diploma / GED,policy_specific_mean,66.28571428571429
Former skeptics,education,High school diploma / GED,trust_multidimensional,73.19166666666666
Former skeptics,education,High school diploma / GED,trust_post,74.5
Former skeptics,education,Less than high school,behavior_mean,25.5
Former skeptics,education,Less than high school,belief_post,63.0
Former skeptics,education,Less than high school,concern_mean,43.333333333333336
Former skeptics,education,Less than high school,distrust_post,44.0
Former skeptics,education,Less than high school,donation_ams,1.2
Former skeptics,education,Less than high school,funding_perceptions,57.0
Former skeptics,education,Less than high school,inst_trust_mean,47.8
Former skeptics,education,Less than high school,newsletter_signup,1.75
Former skeptics,education,Less than high school,policy_general,48.0
Former skeptics,education,Less than high school,policy_role_mean,51.25
Former skeptics,education,Less than high school,policy_specific_mean,49.42857142857143
Former skeptics,education,Less than high school,trust_multidimensional,51.333333333333336
Former skeptics,education,Less than high school,trust_post,57.0
Former skeptics,education,Master's degree / Professional degree,behavior_mean,50.1
Former skeptics,education,Master's degree / Professional degree,belief_post,93.2
Former skeptics,education,Master's degree / Professional degree,concern_mean,80.16666666666667
Former skeptics,education,Master's degree / Professional degree,distrust_post,16.8
Former skeptics,education,Master's degree / Professional degree,donation_ams,6.1
Former skeptics,education,Master's degree / Professional degree,funding_perceptions,62.5
Former skeptics,education,Master's degree / Professional degree,inst_trust_mean,72.84
Former skeptics,education,Master's degree / Professional degree,newsletter_signup,1.34
Former skeptics,education,Master's degree / Professional degree,policy_general,84.1
Former skeptics,education,Master's degree / Professional degree,policy_role_mean,66.85
Former skeptics,education,Master's degree / Professional degree,policy_specific_mean,78.04285714285713
Former skeptics,education,Master's degree / Professional degree,trust_multidimensional,77.95
Former skeptics,education,Master's degree / Professional degree,trust_post,82.5
Former skeptics,education,Some college or Associate's degree,behavior_mean,56.11666666666667
Former skeptics,education,Some college or Associate's degree,belief_post,82.6
Former skeptics,education,Some college or Associate's degree,concern_mean,77.13333333333333
Former skeptics,education,Some college or Associate's degree,distrust_post,20.3
Former skeptics,education,Some college or Associate's degree,donation_ams,3.18
Former skeptics,education,Some college or Associate's degree,funding_perceptions,65.8
Former skeptics,education,Some college or Associate's degree,inst_trust_mean,64.76
Former skeptics,education,Some college or Associate's degree,newsletter_signup,1.43
Former skeptics,education,Some college or Associate's degree,policy_general,77.1
Former skeptics,education,Some college or Associate's degree,policy_role_mean,69.55
Former skeptics,education,Some college or Associate's degree,policy_specific_mean,70.0
Former skeptics,education,Some college or Associate's degree,trust_multidimensional,70.125
Former skeptics,education,Some college or Associate's degree,trust_post,74.7
Former skeptics,gender,Female,behavior_mean,54.01666666666667
Former skeptics,gender,Female,belief_post,86.4
Former skeptics,gender,Female,concern_mean,77.5
Former skeptics,gender,Female,distrust_post,22.1
Former skeptics,gender,Female,donation_ams,5.7
Former skeptics,gender,Female,funding_perceptions,58.5
Former skeptics,gender,Female,inst_trust_mean,64.44
Former skeptics,gender,Female,newsletter_signup,1.28
Former skeptics,gender,Female,policy_general,71.8
Former skeptics,gender,Female,policy_role_mean,67.9
Former skeptics,gender,Female,policy_specific_mean,72.38571428571429
Former skeptics,gender,Female,trust_multidimensional,75.83333333333333
Former skeptics,gender,Female,trust_post,77.9
Former skeptics,gender,Male,behavior_mean,38.766666666666666
Former skeptics,gender,Male,belief_post,84.7
Former skeptics,gender,Male,concern_mean,69.2
Former skeptics,gender,Male,distrust_post,19.5
Former skeptics,gender,Male,donation_ams,3.9
Former skeptics,gender,Male,funding_perceptions,43.2
Former skeptics,gender,Male,inst_trust_mean,66.9
Former skeptics,gender,Male,newsletter_signup,1.35
Former skeptics,gender,Male,policy_general,64.3
Former skeptics,gender,Male,policy_role_mean,73.875
Former skeptics,gender,Male,policy_specific_mean,67.52857142857142
Former skeptics,gender,Male,trust_multidimensional,76.31666666666666
Former skeptics,gender,Male,trust_post,81.2
Former skeptics,gender,Other,behavior_mean,59.25
Former skeptics,gender,Other,belief_post,89.6
Former skeptics,gender,Other,concern_mean,83.7
Former skeptics,gender,Other,distrust_post,14.2
Former skeptics,gender,Other,donation_ams,4.1
Former skeptics,gender,Other,funding_perceptions,78.5
Former skeptics,gender,Other,inst_trust_mean,65.26
Former skeptics,gender,Other,newsletter_signup,1.28
Former skeptics,gender,Other,policy_general,84.8
Former skeptics,gender,Other,policy_role_mean,80.525
Former skeptics,gender,Other,policy_specific_mean,78.84285714285714
Former skeptics,gender,Other,trust_multidimensional,77.8
Former skeptics,gender,Other,trust_post,83.5
Former skeptics,income,"$100,000 to $167,999",behavior_mean,53.36666666666667
Former skeptics,income,"$100,000 to $167,999",belief_post,87.3
Former skeptics,income,"$100,000 to $167,999",concern_mean,78.39999999999999
Former skeptics,income,"$100,000 to $167,999",distrust_post,18.2
Former skeptics,income,"$100,000 to $167,999",donation_ams,3.4
Former skeptics,income,"$100,000 to $167,999",funding_perceptions,53.5
Former skeptics,income,"$100,000 to $167,999",inst_trust_mean,72.84
Former skeptics,income,"$100,000 to $167,999",newsletter_signup,1.25
Former skeptics,income,"$100,000 to $167,999",policy_general,81.2
Former skeptics,income,"$100,000 to $167,999",policy_role_mean,77.8
Former skeptics,income,"$100,000 to $167,999",policy_specific_mean,79.05714285714285
Former skeptics,income,"$100,000 to $167,999",trust_multidimensional,76.73333333333333
Former skeptics,income,"$100,000 to $167,999",trust_post,79.5
Former skeptics,income,"$168,000 or more",behavior_mean,58.85
Former skeptics,income,"$168,000 or more",belief_post,94.2
Former skeptics,income,"$168,000 or more",concern_mean,76.03333333333335
Former skeptics,income,"$168,000 or more",distrust_post,13.8
Former skeptics,income,"$168,000 or more",donation_ams,7.3
Former skeptics,income,"$168,000 or more",funding_perceptions,68.5
Former skeptics,income,"$168,000 or more",inst_trust_mean,78.6
Former skeptics,income,"$168,000 or more",newsletter_signup,1.19
Former skeptics,income,"$168,000 or more",policy_general,82.7
Former skeptics,income,"$168,000 or more",policy_role_mean,80.675
Former skeptics,income,"$168,000 or more",policy_specific_mean,77.27142857142857
Former skeptics,income,"$168,000 or more",trust_multidimensional,83.68333333333334
Former skeptics,income,"$168,000 or more",trust_post,88.4
Former skeptics,income,"$30,000 to $55,999",behavior_mean,43.5
Former skeptics,income,"$30,000 to $55,999",belief_post,88.0
Former skeptics,income,"$30,000 to $55,999",concern_mean,70.33333333333333
Former skeptics,income,"$30,000 to $55,999",distrust_post,22.0
Former skeptics,income,"$30,000 to $55,999",donation_ams,2.1
Former skeptics,income,"$30,000 to $55,999",funding_perceptions,65.0
Former skeptics,income,"$30,000 to $55,999",inst_trust_mean,63.0
Former skeptics,income,"$30,000 to $55,999",newsletter_signup,1.4
Former skeptics,income,"$30,000 to $55,999",policy_general,72.0
Former skeptics,income,"$30,000 to $55,999",policy_role_mean,70.75
Former skeptics,income,"$30,000 to $55,999",policy_specific_mean,63.285714285714285
Former skeptics,income,"$30,000 to $55,999",trust_multidimensional,71.91666666666667
Former skeptics,income,"$30,000 to $55,999",trust_post,76.0
Former skeptics,income,"$56,000 to $99,999",behavior_mean,46.550000000000004
Former skeptics,income,"$56,000 to $99,999",belief_post,76.9
Former skeptics,income,"$56,000 to $99,999",concern_mean,59.93333333333334
Former skeptics,income,"$56,000 to $99,999",distrust_post,22.8
Former skeptics,income,"$56,000 to $99,999",donation_ams,3.7
Former skeptics,income,"$56,000 to $99,999",funding_perceptions,43.6
Former skeptics,income,"$56,000 to $99,999",inst_trust_mean,62.5
Former skeptics,income,"$56,000 to $99,999",newsletter_signup,1.14
Former skeptics,income,"$56,000 to $99,999",policy_general,67.3
Former skeptics,income,"$56,000 to $99,999",policy_role_mean,64.325
Former skeptics,income,"$56,000 to $99,999",policy_specific_mean,66.54285714285714
Former skeptics,income,"$56,000 to $99,999",trust_multidimensional,71.68333333333334
Former skeptics,income,"$56,000 to $99,999",trust_post,74.5
Former skeptics,income,"Less than $30,000",behavior_mean,35.93333333333333
Former skeptics,income,"Less than $30,000",belief_post,75.8
Former skeptics,income,"Less than $30,000",concern_mean,63.13333333333333
Former skeptics,income,"Less than $30,000",distrust_post,31.8
Former skeptics,income,"Less than $30,000",donation_ams,1.9
Former skeptics,income,"Less than $30,000",funding_perceptions,53.8
Former skeptics,income,"Less than $30,000",inst_trust_mean,58.08
Former skeptics,income,"Less than $30,000",newsletter_signup,1.62
Former skeptics,income,"Less than $30,000",policy_general,68.5
Former skeptics,income,"Less than $30,000",policy_role_mean,58.475
Former skeptics,income,"Less than $30,000",policy_specific_mean,64.11428571428571
Former skeptics,income,"Less than $30,000",trust_multidimensional,63.916666666666664
Former skeptics,income,"Less than $30,000",trust_post,63.4
Former skeptics,party,Democrat,behavior_mean,48.833333333333336
Former skeptics,party,Democrat,belief_post,92.0
Former skeptics,party,Democrat,concern_mean,89.0
Former skeptics,party,Democrat,distrust_post,12.0
Former skeptics,party,Democrat,donation_ams,3.8
Former skeptics,party,Democrat,funding_perceptions,78.0
Former skeptics,party,Democrat,inst_trust_mean,78.6
Former skeptics,party,Democrat,newsletter_signup,1.2
Former skeptics,party,Democrat,policy_general,88.0
Former skeptics,party,Democrat,policy_role_mean,83.25
Former skeptics,party,Democrat,policy_specific_mean,85.71428571428571
Former skeptics,party,Democrat,trust_multidimensional,84.08333333333333
Former skeptics,party,Democrat,trust_post,87.0
Former skeptics,party,Independent,behavior_mean,48.083333333333336
Former skeptics,party,Independent,belief_post,82.1
Former skeptics,party,Independent,concern_mean,74.60000000000001
Former skeptics,party,Independent,distrust_post,21.5
Former skeptics,party,Independent,donation_ams,3.2
Former skeptics,party,Independent,funding_perceptions,49.2
Former skeptics,party,Independent,inst_trust_mean,70.47999999999999
Former skeptics,party,Independent,newsletter_signup,1.35
Former skeptics,party,Independent,policy_general,66.5
Former skeptics,party,Independent,policy_role_mean,72.4
Former skeptics,party,Independent,policy_specific_mean,67.47142857142858
Former skeptics,party,Independent,trust_multidimensional,75.425
Former skeptics,party,Independent,trust_post,76.8
Former skeptics,party,Other,behavior_mean,38.666666666666664
Former skeptics,party,Other,belief_post,76.0
Former skeptics,party,Other,concern_mean,74.0
Former skeptics,party,Other,distrust_post,19.0
Former skeptics,party,Other,donation_ams,2.1
Former skeptics,party,Other,funding_perceptions,77.0
Former skeptics,party,Other,inst_trust_mean,67.8
Former skeptics,party,Other,newsletter_signup,35.0
Former skeptics,party,Other,policy_general,71.0
Former skeptics,party,Other,policy_role_mean,69.25
Former skeptics,party,Other,policy_specific_mean,69.0
Former skeptics,party,Other,trust_multidimensional,74.0
Former skeptics,party,Other,trust_post,77.0
Former skeptics,party,Republican,behavior_mean,26.75
Former skeptics,party,Republican,belief_post,66.8
Former skeptics,party,Republican,concern_mean,53.63333333333333
Former skeptics,party,Republican,distrust_post,42.6
Former skeptics,party,Republican,donation_ams,3.4
Former skeptics,party,Republican,funding_perceptions,41.7
Former skeptics,party,Republican,inst_trust_mean,44.38
Former skeptics,party,Republican,newsletter_signup,1.31
Former skeptics,party,Republican,policy_general,48.5
Former skeptics,party,Republican,policy_role_mean,48.3
Former skeptics,party,Republican,policy_specific_mean,52.12857142857143
Former skeptics,party,Republican,trust_multidimensional,58.19166666666666
Former skeptics,party,Republican,trust_post,57.4
Former skeptics,race,Asian / Asian American,behavior_mean,51.833333333333336
Former skeptics,race,Asian / Asian American,belief_post,89.0
Former skeptics,race,Asian / Asian American,concern_mean,77.66666666666667
Former skeptics,race,Asian / Asian American,distrust_post,21.0
Former skeptics,race,Asian / Asian American,donation_ams,2.9
Former skeptics,race,Asian / Asian American,funding_perceptions,62.0
Former skeptics,race,Asian / Asian American,inst_trust_mean,77.2
Former skeptics,race,Asian / Asian American,newsletter_signup,1.72
Former skeptics,race,Asian / Asian American,policy_general,83.0
Former skeptics,race,Asian / Asian American,policy_role_mean,71.75
Former skeptics,race,Asian / Asian American,policy_specific_mean,77.0
Former skeptics,race,Asian / Asian American,trust_multidimensional,74.75
Former skeptics,race,Asian / Asian American,trust_post,79.0
Former skeptics,race,Black / African American,behavior_mean,51.36666666666667
Former skeptics,race,Black / African American,belief_post,85.7
Former skeptics,race,Black / African American,concern_mean,79.46666666666665
Former skeptics,race,Black / African American,distrust_post,24.6
Former skeptics,race,Black / African American,donation_ams,3.6
Former skeptics,race,Black / African American,funding_perceptions,68.2
Former skeptics,race,Black / African American,inst_trust_mean,59.44
Former skeptics,race,Black / African American,newsletter_signup,1.28
Former skeptics,race,Black / African American,policy_general,83.2
Former skeptics,race,Black / African American,policy_role_mean,72.44999999999999
Former skeptics,race,Black / African American,policy_specific_mean,77.65714285714286
Former skeptics,race,Black / African American,trust_multidimensional,75.22500000000001
Former skeptics,race,Black / African American,trust_post,75.8
Former skeptics,race,Hispanic / Latino,behavior_mean,43.26666666666667
Former skeptics,race,Hispanic / Latino,belief_post,77.8
Former skeptics,race,Hispanic / Latino,concern_mean,72.13333333333333
Former skeptics,race,Hispanic / Latino,distrust_post,33.1
Former skeptics,race,Hispanic / Latino,donation_ams,2.3
Former skeptics,race,Hispanic / Latino,funding_perceptions,63.5
Former skeptics,race,Hispanic / Latino,inst_trust_mean,58.58
Former skeptics,race,Hispanic / Latino,newsletter_signup,1.75
Former skeptics,race,Hispanic / Latino,policy_general,71.4
Former skeptics,race,Hispanic / Latino,policy_role_mean,68.375
Former skeptics,race,Hispanic / Latino,policy_specific_mean,65.11428571428571
Former skeptics,race,Hispanic / Latino,trust_multidimensional,65.71666666666667
Former skeptics,race,Hispanic / Latino,trust_post,67.2
Former skeptics,race,Other,behavior_mean,44.26666666666667
Former skeptics,race,Other,belief_post,83.7
Former skeptics,race,Other,concern_mean,73.36666666666666
Former skeptics,race,Other,distrust_post,24.2
Former skeptics,race,Other,donation_ams,4.35
Former skeptics,race,Other,funding_perceptions,53.7
Former skeptics,race,Other,inst_trust_mean,65.84
Former skeptics,race,Other,newsletter_signup,1.28
Former skeptics,race,Other,policy_general,72.4
Former skeptics,race,Other,policy_role_mean,68.975
Former skeptics,race,Other,policy_specific_mean,68.22857142857143
Former skeptics,race,Other,trust_multidimensional,74.08333333333333
Former skeptics,race,Other,trust_post,75.8
Former skeptics,race,White / Caucasian,behavior_mean,46.050000000000004
Former skeptics,race,White / Caucasian,belief_post,82.9
Former skeptics,race,White / Caucasian,concern_mean,72.86666666666666
Former skeptics,race,White / Caucasian,distrust_post,25.1
Former skeptics,race,White / Caucasian,donation_ams,2.6
Former skeptics,race,White / Caucasian,funding_perceptions,53.2
Former skeptics,race,White / Caucasian,inst_trust_mean,69.36
Former skeptics,race,White / Caucasian,newsletter_signup,1.62
Former skeptics,race,White / Caucasian,policy_general,70.5
Former skeptics,race,White / Caucasian,policy_role_mean,72.225
Former skeptics,race,White / Caucasian,policy_specific_mean,68.27142857142857
Former skeptics,race,White / Caucasian,trust_multidimensional,71.13333333333334
Former skeptics,race,White / Caucasian,trust_post,73.2
Funding,age_band,18-29,behavior_mean,47.06666666666666
Funding,age_band,18-29,belief_post,88.9
Funding,age_band,18-29,concern_mean,86.60000000000001
Funding,age_band,18-29,distrust_post,22.1
Funding,age_band,18-29,donation_ams,1.7
Funding,age_band,18-29,funding_perceptions,82.2
Funding,age_band,18-29,inst_trust_mean,65.42
Funding,age_band,18-29,newsletter_signup,1.32
Funding,age_band,18-29,policy_general,84.2
Funding,age_band,18-29,policy_role_mean,73.9
Funding,age_band,18-29,policy_specific_mean,79.05714285714285
Funding,age_band,18-29,trust_multidimensional,75.68333333333334
Funding,age_band,18-29,trust_post,76.5
Funding,age_band,30-44,behavior_mean,43.199999999999996
Funding,age_band,30-44,belief_post,76.8
Funding,age_band,30-44,concern_mean,62.166666666666664
Funding,age_band,30-44,distrust_post,24.1
Funding,age_band,30-44,donation_ams,2.4
Funding,age_band,30-44,funding_perceptions,53.7
Funding,age_band,30-44,inst_trust_mean,62.5
Funding,age_band,30-44,newsletter_signup,1.68
Funding,age_band,30-44,policy_general,67.5
Funding,age_band,30-44,policy_role_mean,54.8
Funding,age_band,30-44,policy_specific_mean,62.67142857142857
Funding,age_band,30-44,trust_multidimensional,71.44166666666666
Funding,age_band,30-44,trust_post,72.4
Funding,age_band,45-59,behavior_mean,29.650000000000002
Funding,age_band,45-59,belief_post,77.2
Funding,age_band,45-59,concern_mean,59.13333333333333
Funding,age_band,45-59,distrust_post,38.6
Funding,age_band,45-59,donation_ams,2.85
Funding,age_band,45-59,funding_perceptions,53.6
Funding,age_band,45-59,inst_trust_mean,58.739999999999995
Funding,age_band,45-59,newsletter_signup,1.68
Funding,age_band,45-59,policy_general,66.5
Funding,age_band,45-59,policy_role_mean,64.4
Funding,age_band,45-59,policy_specific_mean,62.07142857142857
Funding,age_band,45-59,trust_multidimensional,58.85
Funding,age_band,45-59,trust_post,61.3
Funding,age_band,60+,behavior_mean,34.0
Funding,age_band,60+,belief_post,58.0
Funding,age_band,60+,concern_mean,57.0
Funding,age_band,60+,distrust_post,39.0
Funding,age_band,60+,donation_ams,2.6
Funding,age_band,60+,funding_perceptions,47.0
Funding,age_band,60+,inst_trust_mean,57.2
Funding,age_band,60+,newsletter_signup,1.7
Funding,age_band,60+,policy_general,46.0
Funding,age_band,60+,policy_role_mean,54.75
Funding,age_band,60+,policy_specific_mean,48.714285714285715
Funding,age_band,60+,trust_multidimensional,62.916666666666664
Funding,age_band,60+,trust_post,57.0
Funding,education,Bachelor's degree,behavior_mean,47.96666666666667
Funding,education,Bachelor's degree,belief_post,79.4
Funding,education,Bachelor's degree,concern_mean,69.03333333333333
Funding,education,Bachelor's degree,distrust_post,24.3
Funding,education,Bachelor's degree,donation_ams,3.7
Funding,education,Bachelor's degree,funding_perceptions,63.5
Funding,education,Bachelor's degree,inst_trust_mean,65.17999999999999
Funding,education,Bachelor's degree,newsletter_signup,1.62
Funding,education,Bachelor's degree,policy_general,67.2
Funding,education,Bachelor's degree,policy_role_mean,65.175
Funding,education,Bachelor's degree,policy_specific_mean,69.74285714285715
Funding,education,Bachelor's degree,trust_multidimensional,73.48333333333333
Funding,education,Bachelor's degree,trust_post,72.8
Funding,education,Doctorate degree / Ph.D.,behavior_mean,61.333333333333336
Funding,education,Doctorate degree / Ph.D.,belief_post,93.0
Funding,education,Doctorate degree / Ph.D.,concern_mean,82.66666666666667
Funding,education,Doctorate degree / Ph.D.,distrust_post,14.0
Funding,education,Doctorate degree / Ph.D.,donation_ams,6.2
Funding,education,Doctorate degree / Ph.D.,funding_perceptions,82.0
Funding,education,Doctorate degree / Ph.D.,inst_trust_mean,72.8
Funding,education,Doctorate degree / Ph.D.,newsletter_signup,1.25
Funding,education,Doctorate degree / Ph.D.,policy_general,87.0
Funding,education,Doctorate degree / Ph.D.,policy_role_mean,79.5
Funding,education,Doctorate degree / Ph.D.,policy_specific_mean,78.0
Funding,education,Doctorate degree / Ph.D.,trust_multidimensional,82.33333333333333
Funding,education,Doctorate degree / Ph.D.,trust_post,86.0
Funding,education,High school diploma / GED,behavior_mean,35.699999999999996
Funding,education,High school diploma / GED,belief_post,54.7
Funding,education,High school diploma / GED,concern_mean,50.03333333333333
Funding,education,High school diploma / GED,distrust_post,34.1
Funding,education,High school diploma / GED,donation_ams,2.15
Funding,education,High school diploma / GED,funding_perceptions,47.6
Funding,education,High school diploma / GED,inst_trust_mean,56.7
Funding,education,High school diploma / GED,newsletter_signup,1.68
Funding,education,High school diploma / GED,policy_general,51.3
Funding,education,High school diploma / GED,policy_role_mean,54.65
Funding,education,High school diploma / GED,policy_specific_mean,56.1
Funding,education,High school diploma / GED,trust_multidimensional,60.666666666666664
Funding,education,High school diploma / GED,trust_post,61.2
Funding,education,Less than high school,behavior_mean,26.983333333333334
Funding,education,Less than high school,belief_post,41.5
Funding,education,Less than high school,concern_mean,46.199999999999996
Funding,education,Less than high school,distrust_post,39.4
Funding,education,Less than high school,donation_ams,1.7
Funding,education,Less than high school,funding_perceptions,42.8
Funding,education,Less than high school,inst_trust_mean,43.839999999999996
Funding,education,Less than high school,newsletter_signup,1.28
Funding,education,Less than high school,policy_general,43.8
Funding,education,Less than high school,policy_role_mean,52.6
Funding,education,Less than high school,policy_specific_mean,51.15714285714286
Funding,education,Less than high school,trust_multidimensional,55.449999999999996
Funding,education,Less than high school,trust_post,55.8
Funding,education,Master's degree / Professional degree,behavior_mean,57.43333333333334
Funding,education,Master's degree / Professional degree,belief_post,87.8
Funding,education,Master's degree / Professional degree,concern_mean,81.56666666666666
Funding,education,Master's degree / Professional degree,distrust_post,24.6
Funding,education,Master's degree / Professional degree,donation_ams,4.3
Funding,education,Master's degree / Professional degree,funding_perceptions,72.5
Funding,education,Master's degree / Professional degree,inst_trust_mean,72.64
Funding,education,Master's degree / Professional degree,newsletter_signup,1.48
Funding,education,Master's degree / Professional degree,policy_general,84.2
Funding,education,Master's degree / Professional degree,policy_role_mean,67.7
Funding,education,Master's degree / Professional degree,policy_specific_mean,77.82857142857142
Funding,education,Master's degree / Professional degree,trust_multidimensional,76.45
Funding,education,Master's degree / Professional degree,trust_post,79.4
Funding,education,Some college or Associate's degree,behavior_mean,30.55
Funding,education,Some college or Associate's degree,belief_post,73.2
Funding,education,Some college or Associate's degree,concern_mean,61.833333333333336
Funding,education,Some college or Associate's degree,distrust_post,24.6
Funding,education,Some college or Associate's degree,donation_ams,2.4
Funding,education,Some college or Associate's degree,funding_perceptions,66.2
Funding,education,Some college or Associate's degree,inst_trust_mean,63.3
Funding,education,Some college or Associate's degree,newsletter_signup,1.32
Funding,education,Some college or Associate's degree,policy_general,66.4
Funding,education,Some college or Associate's degree,policy_role_mean,65.2
Funding,education,Some college or Associate's degree,policy_specific_mean,61.57142857142857
Funding,education,Some college or Associate's degree,trust_multidimensional,67.22500000000001
Funding,education,Some college or Associate's degree,trust_post,71.5
Funding,gender,Female,behavior_mean,52.916666666666664
Funding,gender,Female,belief_post,84.5
Funding,gender,Female,concern_mean,80.16666666666667
Funding,gender,Female,distrust_post,27.5
Funding,gender,Female,donation_ams,4.2
Funding,gender,Female,funding_perceptions,64.0
Funding,gender,Female,inst_trust_mean,63.0
Funding,gender,Female,newsletter_signup,1.55
Funding,gender,Female,policy_general,76.0
Funding,gender,Female,policy_role_mean,71.0
Funding,gender,Female,policy_specific_mean,77.57142857142857
Funding,gender,Female,trust_multidimensional,68.94166666666666
Funding,gender,Female,trust_post,71.5
Funding,gender,Male,behavior_mean,34.46666666666667
Funding,gender,Male,belief_post,66.5
Funding,gender,Male,concern_mean,53.300000000000004
Funding,gender,Male,distrust_post,34.2
Funding,gender,Male,donation_ams,2.4
Funding,gender,Male,funding_perceptions,43.7
Funding,gender,Male,inst_trust_mean,57.06
Funding,gender,Male,newsletter_signup,1.68
Funding,gender,Male,policy_general,55.8
Funding,gender,Male,policy_role_mean,60.7
Funding,gender,Male,policy_specific_mean,56.300000000000004
Funding,gender,Male,trust_multidimensional,62.15833333333333
Funding,gender,Male,trust_post,63.8
Funding,gender,Other,behavior_mean,64.5
Funding,gender,Other,belief_post,91.5
Funding,gender,Other,concern_mean,87.63333333333333
Funding,gender,Other,distrust_post,18.7
Funding,gender,Other,donation_ams,4.12
Funding,gender,Other,funding_perceptions,75.7
Funding,gender,Other,inst_trust_mean,73.72
Funding,gender,Other,newsletter_signup,1.45
Funding,gender,Other,policy_general,86.4
Funding,gender,Other,policy_role_mean,74.925
Funding,gender,Other,policy_specific_mean,84.71428571428571
Funding,gender,Other,trust_multidimensional,77.27499999999999
Funding,gender,Other,trust_post,81.2
Funding,income,"$100,000 to $167,999",behavior_mean,36.11666666666667
Funding,income,"$100,000 to $167,999",belief_post,86.3
Funding,income,"$100,000 to $167,999",concern_mean,74.8
Funding,income,"$100,000 to $167,999",distrust_post,18.5
Funding,income,"$100,000 to $167,999",donation_ams,2.7
Funding,income,"$100,000 to $167,999",funding_perceptions,67.6
Funding,income,"$100,000 to $167,999",inst_trust_mean,66.7
Funding,income,"$100,000 to $167,999",newsletter_signup,1.35
Funding,income,"$100,000 to $167,999",policy_general,81.5
Funding,income,"$100,000 to $167,999",policy_role_mean,63.575
Funding,income,"$100,000 to $167,999",policy_specific_mean,71.64285714285714
Funding,income,"$100,000 to $167,999",trust_multidimensional,71.24166666666666
Funding,income,"$100,000 to $167,999",trust_post,74.8
Funding,income,"$168,000 or more",behavior_mean,54.5
Funding,income,"$168,000 or more",belief_post,86.0
Funding,income,"$168,000 or more",concern_mean,78.0
Funding,income,"$168,000 or more",distrust_post,21.0
Funding,income,"$168,000 or more",donation_ams,4.8
Funding,income,"$168,000 or more",funding_perceptions,47.0
Funding,income,"$168,000 or more",inst_trust_mean,69.6
Funding,income,"$168,000 or more",newsletter_signup,1.2
Funding,income,"$168,000 or more",policy_general,79.0
Funding,income,"$168,000 or more",policy_role_mean,71.25
Funding,income,"$168,000 or more",policy_specific_mean,73.42857142857143
Funding,income,"$168,000 or more",trust_multidimensional,75.41666666666667
Funding,income,"$168,000 or more",trust_post,75.0
Funding,income,"$30,000 to $55,999",behavior_mean,44.083333333333336
Funding,income,"$30,000 to $55,999",belief_post,77.0
Funding,income,"$30,000 to $55,999",concern_mean,60.5
Funding,income,"$30,000 to $55,999",distrust_post,28.5
Funding,income,"$30,000 to $55,999",donation_ams,1.3
Funding,income,"$30,000 to $55,999",funding_perceptions,68.0
Funding,income,"$30,000 to $55,999",inst_trust_mean,56.7
Funding,income,"$30,000 to $55,999",newsletter_signup,1.78
Funding,income,"$30,000 to $55,999",policy_general,71.5
Funding,income,"$30,000 to $55,999",policy_role_mean,61.0
Funding,income,"$30,000 to $55,999",policy_specific_mean,66.85714285714286
Funding,income,"$30,000 to $55,999",trust_multidimensional,69.20833333333333
Funding,income,"$30,000 to $55,999",trust_post,67.5
Funding,income,"$56,000 to $99,999",behavior_mean,47.0
Funding,income,"$56,000 to $99,999",belief_post,77.5
Funding,income,"$56,000 to $99,999",concern_mean,65.96666666666667
Funding,income,"$56,000 to $99,999",distrust_post,25.8
Funding,income,"$56,000 to $99,999",donation_ams,3.7
Funding,income,"$56,000 to $99,999",funding_perceptions,55.9
Funding,income,"$56,000 to $99,999",inst_trust_mean,58.98
Funding,income,"$56,000 to $99,999",newsletter_signup,1.26
Funding,income,"$56,000 to $99,999",policy_general,69.8
Funding,income,"$56,000 to $99,999",policy_role_mean,66.2
Funding,income,"$56,000 to $99,999",policy_specific_mean,69.78571428571429
Funding,income,"$56,000 to $99,999",trust_multidimensional,67.35
Funding,income,"$56,000 to $99,999",trust_post,74.2
Funding,income,"Less than $30,000",behavior_mean,45.833333333333336
Funding,income,"Less than $30,000",belief_post,67.0
Funding,income,"Less than $30,000",concern_mean,55.0
Funding,income,"Less than $30,000",distrust_post,34.0
Funding,income,"Less than $30,000",donation_ams,1.8
Funding,income,"Less than $30,000",funding_perceptions,52.0
Funding,income,"Less than $30,000",inst_trust_mean,51.8
Funding,income,"Less than $30,000",newsletter_signup,1.3
Funding,income,"Less than $30,000",policy_general,72.0
Funding,income,"Less than $30,000",policy_role_mean,64.0
Funding,income,"Less than $30,000",policy_specific_mean,60.57142857142857
Funding,income,"Less than $30,000",trust_multidimensional,66.66666666666667
Funding,income,"Less than $30,000",trust_post,66.0
Funding,party,Democrat,behavior_mean,55.666666666666664
Funding,party,Democrat,belief_post,91.0
Funding,party,Democrat,concern_mean,85.0
Funding,party,Democrat,distrust_post,14.0
Funding,party,Democrat,donation_ams,5.8
Funding,party,Democrat,funding_perceptions,82.0
Funding,party,Democrat,inst_trust_mean,75.4
Funding,party,Democrat,newsletter_signup,1.42
Funding,party,Democrat,policy_general,86.0
Funding,party,Democrat,policy_role_mean,77.0
Funding,party,Democrat,policy_specific_mean,84.0
Funding,party,Democrat,trust_multidimensional,79.41666666666667
Funding,party,Democrat,trust_post,83.0
Funding,party,Independent,behavior_mean,45.083333333333336
Funding,party,Independent,belief_post,72.0
Funding,party,Independent,concern_mean,64.0
Funding,party,Independent,distrust_post,29.5
Funding,party,Independent,donation_ams,2.3
Funding,party,Independent,funding_perceptions,45.0
Funding,party,Independent,inst_trust_mean,61.8
Funding,party,Independent,newsletter_signup,1.6
Funding,party,Independent,policy_general,58.5
Funding,party,Independent,policy_role_mean,61.0
Funding,party,Independent,policy_specific_mean,61.5
Funding,party,Independent,trust_multidimensional,68.34166666666667
Funding,party,Independent,trust_post,65.5
Funding,party,Other,behavior_mean,43.78333333333333
Funding,party,Other,belief_post,78.5
Funding,party,Other,concern_mean,64.10000000000001
Funding,party,Other,distrust_post,28.5
Funding,party,Other,donation_ams,3.7
Funding,party,Other,funding_perceptions,51.8
Funding,party,Other,inst_trust_mean,60.96
Funding,party,Other,newsletter_signup,1.38
Funding,party,Other,policy_general,66.3
Funding,party,Other,policy_role_mean,60.95
Funding,party,Other,policy_specific_mean,61.857142857142854
Funding,party,Other,trust_multidimensional,65.60000000000001
Funding,party,Other,trust_post,65.8
Funding,party,Republican,behavior_mean,18.900000000000002
Funding,party,Republican,belief_post,25.4
Funding,party,Republican,concern_mean,29.599999999999998
Funding,party,Republican,distrust_post,69.3
Funding,party,Republican,donation_ams,1.62
Funding,party,Republican,funding_perceptions,76.2
Funding,party,Republican,inst_trust_mean,38.92
Funding,party,Republican,newsletter_signup,1.84
Funding,party,Republican,policy_general,22.1
Funding,party,Republican,policy_role_mean,38.8
Funding,party,Republican,policy_specific_mean,34.24285714285714
Funding,party,Republican,trust_multidimensional,40.65
Funding,party,Republican,trust_post,26.5
Funding,race,Asian / Asian American,behavior_mean,55.46666666666667
Funding,race,Asian / Asian American,belief_post,81.0
Funding,race,Asian / Asian American,concern_mean,75.89999999999999
Funding,race,Asian / Asian American,distrust_post,24.5
Funding,race,Asian / Asian American,donation_ams,2.1
Funding,race,Asian / Asian American,funding_perceptions,67.6
Funding,race,Asian / Asian American,inst_trust_mean,66.58
Funding,race,Asian / Asian American,newsletter_signup,1.72
Funding,race,Asian / Asian American,policy_general,76.8
Funding,race,Asian / Asian American,policy_role_mean,66.3
Funding,race,Asian / Asian American,policy_specific_mean,73.8
Funding,race,Asian / Asian American,trust_multidimensional,71.05
Funding,race,Asian / Asian American,trust_post,73.2
Funding,race,Black / African American,behavior_mean,51.833333333333336
Funding,race,Black / African American,belief_post,87.5
Funding,race,Black / African American,concern_mean,82.0
Funding,race,Black / African American,distrust_post,22.5
Funding,race,Black / African American,donation_ams,3.2
Funding,race,Black / African American,funding_perceptions,72.0
Funding,race,Black / African American,inst_trust_mean,65.6
Funding,race,Black / African American,newsletter_signup,1.65
Funding,race,Black / African American,policy_general,83.0
Funding,race,Black / African American,policy_role_mean,67.25
Funding,race,Black / African American,policy_specific_mean,73.28571428571429
Funding,race,Black / African American,trust_multidimensional,71.69166666666666
Funding,race,Black / African American,trust_post,76.0
Funding,race,Hispanic / Latino,behavior_mean,37.333333333333336
Funding,race,Hispanic / Latino,belief_post,77.5
Funding,race,Hispanic / Latino,concern_mean,78.83333333333333
Funding,race,Hispanic / Latino,distrust_post,31.2
Funding,race,Hispanic / Latino,donation_ams,3.2
Funding,race,Hispanic / Latino,funding_perceptions,61.0
Funding,race,Hispanic / Latino,inst_trust_mean,64.6
Funding,race,Hispanic / Latino,newsletter_signup,1.62
Funding,race,Hispanic / Latino,policy_general,73.0
Funding,race,Hispanic / Latino,policy_role_mean,73.25
Funding,race,Hispanic / Latino,policy_specific_mean,73.07142857142857
Funding,race,Hispanic / Latino,trust_multidimensional,69.84166666666667
Funding,race,Hispanic / Latino,trust_post,70.5
Funding,race,Other,behavior_mean,51.73333333333333
Funding,race,Other,belief_post,87.8
Funding,race,Other,concern_mean,79.63333333333334
Funding,race,Other,distrust_post,21.4
Funding,race,Other,donation_ams,3.4
Funding,race,Other,funding_perceptions,67.5
Funding,race,Other,inst_trust_mean,60.98
Funding,race,Other,newsletter_signup,1.62
Funding,race,Other,policy_general,83.2
Funding,race,Other,policy_role_mean,72.875
Funding,race,Other,policy_specific_mean,77.01428571428572
Funding,race,Other,trust_multidimensional,75.31666666666666
Funding,race,Other,trust_post,77.6
Funding,race,White / Caucasian,behavior_mean,35.5
Funding,race,White / Caucasian,belief_post,61.0
Funding,race,White / Caucasian,concern_mean,54.0
Funding,race,White / Caucasian,distrust_post,27.0
Funding,race,White / Caucasian,donation_ams,4.1
Funding,race,White / Caucasian,funding_perceptions,54.0
Funding,race,White / Caucasian,inst_trust_mean,56.6
Funding,race,White / Caucasian,newsletter_signup,1.14
Funding,race,White / Caucasian,policy_general,53.0
Funding,race,White / Caucasian,policy_role_mean,58.5
Funding,race,White / Caucasian,policy_specific_mean,59.0
Funding,race,White / Caucasian,trust_multidimensional,63.5
Funding,race,White / Caucasian,trust_post,65.0
High public trust,age_band,18-29,behavior_mean,58.5
High public trust,age_band,18-29,belief_post,91.0
High public trust,age_band,18-29,concern_mean,84.0
High public trust,age_band,18-29,distrust_post,21.0
High public trust,age_band,18-29,donation_ams,2.8
High public trust,age_band,18-29,funding_perceptions,76.0
High public trust,age_band,18-29,inst_trust_mean,69.0
High public trust,age_band,18-29,newsletter_signup,1.3
High public trust,age_band,18-29,policy_general,87.0
High public trust,age_band,18-29,policy_role_mean,78.0
High public trust,age_band,18-29,policy_specific_mean,82.28571428571429
High public trust,age_band,18-29,trust_multidimensional,79.16666666666667
High public trust,age_band,18-29,trust_post,79.0
High public trust,age_band,30-44,behavior_mean,47.833333333333336
High public trust,age_band,30-44,belief_post,89.0
High public trust,age_band,30-44,concern_mean,81.66666666666667
High public trust,age_band,30-44,distrust_post,17.0
High public trust,age_band,30-44,donation_ams,2.1
High public trust,age_band,30-44,funding_perceptions,62.0
High public trust,age_band,30-44,inst_trust_mean,57.0
High public trust,age_band,30-44,newsletter_signup,1.75
High public trust,age_band,30-44,policy_general,84.0
High public trust,age_band,30-44,policy_role_mean,71.5
High public trust,age_band,30-44,policy_specific_mean,73.57142857142857
High public trust,age_band,30-44,trust_multidimensional,76.66666666666667
High public trust,age_band,30-44,trust_post,83.0
High public trust,age_band,45-59,behavior_mean,42.56666666666667
High public trust,age_band,45-59,belief_post,77.8
High public trust,age_band,45-59,concern_mean,67.89999999999999
High public trust,age_band,45-59,distrust_post,27.3
High public trust,age_band,45-59,donation_ams,2.7
High public trust,age_band,45-59,funding_perceptions,53.5
High public trust,age_band,45-59,inst_trust_mean,67.24
High public trust,age_band,45-59,newsletter_signup,1.62
High public trust,age_band,45-59,policy_general,71.2
High public trust,age_band,45-59,policy_role_mean,69.44999999999999
High public trust,age_band,45-59,policy_specific_mean,66.27142857142857
High public trust,age_band,45-59,trust_multidimensional,72.31666666666666
High public trust,age_band,45-59,trust_post,76.5
High public trust,age_band,60+,behavior_mean,41.38333333333333
High public trust,age_band,60+,belief_post,71.3
High public trust,age_band,60+,concern_mean,58.4
High public trust,age_band,60+,distrust_post,23.8
High public trust,age_band,60+,donation_ams,3.6
High public trust,age_band,60+,funding_perceptions,52.4
High public trust,age_band,60+,inst_trust_mean,67.6
High public trust,age_band,60+,newsletter_signup,1.14
High public trust,age_band,60+,policy_general,61.8
High public trust,age_band,60+,policy_role_mean,58.8
High public trust,age_band,60+,policy_specific_mean,60.0
High public trust,age_band,60+,trust_multidimensional,69.66666666666667
High public trust,age_band,60+,trust_post,75.4
High public trust,education,Bachelor's degree,behavior_mean,55.98333333333333
High public trust,education,Bachelor's degree,belief_post,86.3
High public trust,education,Bachelor's degree,concern_mean,69.63333333333334
High public trust,education,Bachelor's degree,distrust_post,21.8
High public trust,education,Bachelor's degree,donation_ams,3.8
High public trust,education,Bachelor's degree,funding_perceptions,75.4
High public trust,education,Bachelor's degree,inst_trust_mean,70.1
High public trust,education,Bachelor's degree,newsletter_signup,1.62
High public trust,education,Bachelor's degree,policy_general,73.4
High public trust,education,Bachelor's degree,policy_role_mean,66.85
High public trust,education,Bachelor's degree,policy_specific_mean,73.98571428571428
High public trust,education,Bachelor's degree,trust_multidimensional,74.26666666666667
High public trust,education,Bachelor's degree,trust_post,78.5
High public trust,education,Doctorate degree / Ph.D.,behavior_mean,63.333333333333336
High public trust,education,Doctorate degree / Ph.D.,belief_post,97.0
High public trust,education,Doctorate degree / Ph.D.,concern_mean,83.66666666666667
High public trust,education,Doctorate degree / Ph.D.,distrust_post,12.0
High public trust,education,Doctorate degree / Ph.D.,donation_ams,4.8
High public trust,education,Doctorate degree / Ph.D.,funding_perceptions,84.0
High public trust,education,Doctorate degree / Ph.D.,inst_trust_mean,73.0
High public trust,education,Doctorate degree / Ph.D.,newsletter_signup,1.32
High public trust,education,Doctorate degree / Ph.D.,policy_general,88.0
High public trust,education,Doctorate degree / Ph.D.,policy_role_mean,79.0
High public trust,education,Doctorate degree / Ph.D.,policy_specific_mean,82.71428571428571
High public trust,education,Doctorate degree / Ph.D.,trust_multidimensional,77.66666666666667
High public trust,education,Doctorate degree / Ph.D.,trust_post,88.0
High public trust,education,High school diploma / GED,behavior_mean,36.5
High public trust,education,High school diploma / GED,belief_post,77.0
High public trust,education,High school diploma / GED,concern_mean,66.0
High public trust,education,High school diploma / GED,distrust_post,27.0
High public trust,education,High school diploma / GED,donation_ams,2.3
High public trust,education,High school diploma / GED,funding_perceptions,54.0
High public trust,education,High school diploma / GED,inst_trust_mean,56.0
High public trust,education,High school diploma / GED,newsletter_signup,1.4
High public trust,education,High school diploma / GED,policy_general,67.0
High public trust,education,High school diploma / GED,policy_role_mean,68.75
High public trust,education,High school diploma / GED,policy_specific_mean,64.0
High public trust,education,High school diploma / GED,trust_multidimensional,65.25
High public trust,education,High school diploma / GED,trust_post,73.0
High public trust,education,Less than high school,behavior_mean,25.45
High public trust,education,Less than high school,belief_post,37.5
High public trust,education,Less than high school,concern_mean,32.766666666666666
High public trust,education,Less than high school,distrust_post,32.1
High public trust,education,Less than high school,donation_ams,1.4
High public trust,education,Less than high school,funding_perceptions,42.1
High public trust,education,Less than high school,inst_trust_mean,43.56
High public trust,education,Less than high school,newsletter_signup,1.68
High public trust,education,Less than high school,policy_general,35.8
High public trust,education,Less than high school,policy_role_mean,45.25
High public trust,education,Less than high school,policy_specific_mean,45.199999999999996
High public trust,education,Less than high school,trust_multidimensional,60.80833333333334
High public trust,education,Less than high school,trust_post,64.8
High public trust,education,Master's degree / Professional degree,behavior_mean,68.16666666666667
High public trust,education,Master's degree / Professional degree,belief_post,89.0
High public trust,education,Master's degree / Professional degree,concern_mean,81.0
High public trust,education,Master's degree / Professional degree,distrust_post,19.0
High public trust,education,Master's degree / Professional degree,donation_ams,5.8
High public trust,education,Master's degree / Professional degree,funding_perceptions,73.0
High public trust,education,Master's degree / Professional degree,inst_trust_mean,77.4
High public trust,education,Master's degree / Professional degree,newsletter_signup,1.4
High public trust,education,Master's degree / Professional degree,policy_general,83.0
High public trust,education,Master's degree / Professional degree,policy_role_mean,77.5
High public trust,education,Master's degree / Professional degree,policy_specific_mean,79.57142857142857
High public trust,education,Master's degree / Professional degree,trust_multidimensional,81.0
High public trust,education,Master's degree / Professional degree,trust_post,81.0
High public trust,education,Some college or Associate's degree,behavior_mean,45.416666666666664
High public trust,education,Some college or Associate's degree,belief_post,81.5
High public trust,education,Some college or Associate's degree,concern_mean,74.5
High public trust,education,Some college or Associate's degree,distrust_post,22.5
High public trust,education,Some college or Associate's degree,donation_ams,1.8
High public trust,education,Some college or Associate's degree,funding_perceptions,50.5
High public trust,education,Some college or Associate's degree,inst_trust_mean,65.4
High public trust,education,Some college or Associate's degree,newsletter_signup,1.25
High public trust,education,Some college or Associate's degree,policy_general,74.0
High public trust,education,Some college or Associate's degree,policy_role_mean,62.75
High public trust,education,Some college or Associate's degree,policy_specific_mean,66.57142857142857
High public trust,education,Some college or Associate's degree,trust_multidimensional,72.05833333333334
High public trust,education,Some college or Associate's degree,trust_post,77.5
High public trust,gender,Female,behavior_mean,53.65
High public trust,gender,Female,belief_post,87.6
High public trust,gender,Female,concern_mean,82.39999999999999
High public trust,gender,Female,distrust_post,18.3
High public trust,gender,Female,donation_ams,4.1
High public trust,gender,Female,funding_perceptions,27.200000000000003
High public trust,gender,Female,inst_trust_mean,67.6
High public trust,gender,Female,newsletter_signup,1.58
High public trust,gender,Female,policy_general,81.2
High public trust,gender,Female,policy_role_mean,72.85
High public trust,gender,Female,policy_specific_mean,79.01428571428572
High public trust,gender,Female,trust_multidimensional,74.81666666666666
High public trust,gender,Female,trust_post,79.5
High public trust,gender,Male,behavior_mean,31.333333333333332
High public trust,gender,Male,belief_post,67.0
High public trust,gender,Male,concern_mean,58.666666666666664
High public trust,gender,Male,distrust_post,31.0
High public trust,gender,Male,donation_ams,1.7
High public trust,gender,Male,funding_perceptions,53.0
High public trust,gender,Male,inst_trust_mean,64.2
High public trust,gender,Male,newsletter_signup,1.5
High public trust,gender,Male,policy_general,65.0
High public trust,gender,Male,policy_role_mean,66.5
High public trust,gender,Male,policy_specific_mean,64.28571428571429
High public trust,gender,Male,trust_multidimensional,68.66666666666667
High public trust,gender,Male,trust_post,69.0
High public trust,gender,Other,behavior_mean,62.65
High public trust,gender,Other,belief_post,93.4
High public trust,gender,Other,concern_mean,87.73333333333333
High public trust,gender,Other,distrust_post,24.1
High public trust,gender,Other,donation_ams,6.7
High public trust,gender,Other,funding_perceptions,61.8
High public trust,gender,Other,inst_trust_mean,76.4
High public trust,gender,Other,newsletter_signup,1.28
High public trust,gender,Other,policy_general,90.5
High public trust,gender,Other,policy_role_mean,79.525
High public trust,gender,Other,policy_specific_mean,83.45714285714287
High public trust,gender,Other,trust_multidimensional,79.01666666666667
High public trust,gender,Other,trust_post,79.8
High public trust,income,"$100,000 to $167,999",behavior_mean,53.56666666666666
High public trust,income,"$100,000 to $167,999",belief_post,85.7
High public trust,income,"$100,000 to $167,999",concern_mean,77.13333333333333
High public trust,income,"$100,000 to $167,999",distrust_post,18.6
High public trust,income,"$100,000 to $167,999",donation_ams,4.35
High public trust,income,"$100,000 to $167,999",funding_perceptions,52.1
High public trust,income,"$100,000 to $167,999",inst_trust_mean,70.16
High public trust,income,"$100,000 to $167,999",newsletter_signup,1.38
High public trust,income,"$100,000 to $167,999",policy_general,78.9
High public trust,income,"$100,000 to $167,999",policy_role_mean,68.95
High public trust,income,"$100,000 to $167,999",policy_specific_mean,71.54285714285714
High public trust,income,"$100,000 to $167,999",trust_multidimensional,74.36666666666666
High public trust,income,"$100,000 to $167,999",trust_post,83.4
High public trust,income,"$168,000 or more",behavior_mean,57.15
High public trust,income,"$168,000 or more",belief_post,91.2
High public trust,income,"$168,000 or more",concern_mean,76.63333333333334
High public trust,income,"$168,000 or more",distrust_post,16.3
High public trust,income,"$168,000 or more",donation_ams,5.6
High public trust,income,"$168,000 or more",funding_perceptions,76.2
High public trust,income,"$168,000 or more",inst_trust_mean,71.97999999999999
High public trust,income,"$168,000 or more",newsletter_signup,1.34
High public trust,income,"$168,000 or more",policy_general,80.5
High public trust,income,"$168,000 or more",policy_role_mean,70.25
High public trust,income,"$168,000 or more",policy_specific_mean,75.8
High public trust,income,"$168,000 or more",trust_multidimensional,78.61666666666666
High public trust,income,"$168,000 or more",trust_post,82.7
High public trust,income,"$30,000 to $55,999",behavior_mean,53.083333333333336
High public trust,income,"$30,000 to $55,999",belief_post,78.0
High public trust,income,"$30,000 to $55,999",concern_mean,76.0
High public trust,income,"$30,000 to $55,999",distrust_post,21.5
High public trust,income,"$30,000 to $55,999",donation_ams,4.2
High public trust,income,"$30,000 to $55,999",funding_perceptions,43.0
High public trust,income,"$30,000 to $55,999",inst_trust_mean,66.8
High public trust,income,"$30,000 to $55,999",newsletter_signup,1.35
High public trust,income,"$30,000 to $55,999",policy_general,71.5
High public trust,income,"$30,000 to $55,999",policy_role_mean,66.75
High public trust,income,"$30,000 to $55,999",policy_specific_mean,67.92857142857143
High public trust,income,"$30,000 to $55,999",trust_multidimensional,74.33333333333333
High public trust,income,"$30,000 to $55,999",trust_post,78.5
High public trust,income,"$56,000 to $99,999",behavior_mean,45.0
High public trust,income,"$56,000 to $99,999",belief_post,81.0
High public trust,income,"$56,000 to $99,999",concern_mean,62.0
High public trust,income,"$56,000 to $99,999",distrust_post,24.0
High public trust,income,"$56,000 to $99,999",donation_ams,5.0
High public trust,income,"$56,000 to $99,999",funding_perceptions,55.0
High public trust,income,"$56,000 to $99,999",inst_trust_mean,61.8
High public trust,income,"$56,000 to $99,999",newsletter_signup,1.15
High public trust,income,"$56,000 to $99,999",policy_general,63.0
High public trust,income,"$56,000 to $99,999",policy_role_mean,66.0
High public trust,income,"$56,000 to $99,999",policy_specific_mean,62.714285714285715
High public trust,income,"$56,000 to $99,999",trust_multidimensional,72.83333333333333
High public trust,income,"$56,000 to $99,999",trust_post,76.0
High public trust,income,"Less than $30,000",behavior_mean,46.65
High public trust,income,"Less than $30,000",belief_post,86.5
High public trust,income,"Less than $30,000",concern_mean,73.60000000000001
High public trust,income,"Less than $30,000",distrust_post,21.0
High public trust,income,"Less than $30,000",donation_ams,2.4
High public trust,income,"Less than $30,000",funding_perceptions,67.5
High public trust,income,"Less than $30,000",inst_trust_mean,71.66
High public trust,income,"Less than $30,000",newsletter_signup,1.8
High public trust,income,"Less than $30,000",policy_general,76.8
High public trust,income,"Less than $30,000",policy_role_mean,68.475
High public trust,income,"Less than $30,000",policy_specific_mean,71.17142857142856
High public trust,income,"Less than $30,000",trust_multidimensional,72.925
High public trust,income,"Less than $30,000",trust_post,79.0
High public trust,party,Democrat,behavior_mean,57.5
High public trust,party,Democrat,belief_post,95.0
High public trust,party,Democrat,concern_mean,84.0
High public trust,party,Democrat,distrust_post,15.0
High public trust,party,Democrat,donation_ams,6.5
High public trust,party,Democrat,funding_perceptions,78.0
High public trust,party,Democrat,inst_trust_mean,75.6
High public trust,party,Democrat,newsletter_signup,1.3
High public trust,party,Democrat,policy_general,88.0
High public trust,party,Democrat,policy_role_mean,83.0
High public trust,party,Democrat,policy_specific_mean,83.14285714285714
High public trust,party,Democrat,trust_multidimensional,80.08333333333333
High public trust,party,Democrat,trust_post,85.0
High public trust,party,Independent,behavior_mean,37.5
High public trust,party,Independent,belief_post,75.0
High public trust,party,Independent,concern_mean,67.33333333333333
High public trust,party,Independent,distrust_post,29.0
High public trust,party,Independent,donation_ams,3.2
High public trust,party,Independent,funding_perceptions,58.0
High public trust,party,Independent,inst_trust_mean,65.6
High public trust,party,Independent,newsletter_signup,1.65
High public trust,party,Independent,policy_general,68.0
High public trust,party,Independent,policy_role_mean,61.5
High public trust,party,Independent,policy_specific_mean,64.85714285714286
High public trust,party,Independent,trust_multidimensional,68.66666666666667
High public trust,party,Independent,trust_post,71.0
High public trust,party,Other,behavior_mean,50.31666666666666
High public trust,party,Other,belief_post,84.7
High public trust,party,Other,concern_mean,81.43333333333334
High public trust,party,Other,distrust_post,20.8
High public trust,party,Other,donation_ams,3.6
High public trust,party,Other,funding_perceptions,47.9
High public trust,party,Other,inst_trust_mean,68.84
High public trust,party,Other,newsletter_signup,1.62
High public trust,party,Other,policy_general,80.2
High public trust,party,Other,policy_role_mean,68.55
High public trust,party,Other,policy_specific_mean,73.65714285714286
High public trust,party,Other,trust_multidimensional,74.11666666666666
High public trust,party,Other,trust_post,79.5
High public trust,party,Republican,behavior_mean,20.333333333333332
High public trust,party,Republican,belief_post,36.0
High public trust,party,Republican,concern_mean,34.333333333333336
High public trust,party,Republican,distrust_post,53.0
High public trust,party,Republican,donation_ams,1.8
High public trust,party,Republican,funding_perceptions,36.0
High public trust,party,Republican,inst_trust_mean,47.2
High public trust,party,Republican,newsletter_signup,1.88
High public trust,party,Republican,policy_general,26.0
High public trust,party,Republican,policy_role_mean,49.25
High public trust,party,Republican,policy_specific_mean,45.714285714285715
High public trust,party,Republican,trust_multidimensional,57.916666666666664
High public trust,party,Republican,trust_post,47.0
High public trust,race,Asian / Asian American,behavior_mean,47.63333333333333
High public trust,race,Asian / Asian American,belief_post,88.2
High public trust,race,Asian / Asian American,concern_mean,80.96666666666665
High public trust,race,Asian / Asian American,distrust_post,21.8
High public trust,race,Asian / Asian American,donation_ams,3.7
High public trust,race,Asian / Asian American,funding_perceptions,53.7
High public trust,race,Asian / Asian American,inst_trust_mean,68.14
High public trust,race,Asian / Asian American,newsletter_signup,1.32
High public trust,race,Asian / Asian American,policy_general,79.4
High public trust,race,Asian / Asian American,policy_role_mean,72.8
High public trust,race,Asian / Asian American,policy_specific_mean,79.08571428571429
High public trust,race,Asian / Asian American,trust_multidimensional,76.46666666666667
High public trust,race,Asian / Asian American,trust_post,78.5
High public trust,race,Black / African American,behavior_mean,51.050000000000004
High public trust,race,Black / African American,belief_post,86.8
High public trust,race,Black / African American,concern_mean,84.46666666666665
High public trust,race,Black / African American,distrust_post,23.1
High public trust,race,Black / African American,donation_ams,3.45
High public trust,race,Black / African American,funding_perceptions,73.5
High public trust,race,Black / African American,inst_trust_mean,65.03999999999999
High public trust,race,Black / African American,newsletter_signup,1.78
High public trust,race,Black / African American,policy_general,84.2
High public trust,race,Black / African American,policy_role_mean,73.075
High public trust,race,Black / African American,policy_specific_mean,79.82857142857142
High public trust,race,Black / African American,trust_multidimensional,77.425
High public trust,race,Black / African American,trust_post,78.4
High public trust,race,Hispanic / Latino,behavior_mean,44.0
High public trust,race,Hispanic / Latino,belief_post,78.0
High public trust,race,Hispanic / Latino,concern_mean,70.33333333333333
High public trust,race,Hispanic / Latino,distrust_post,24.0
High public trust,race,Hispanic / Latino,donation_ams,2.3
High public trust,race,Hispanic / Latino,funding_perceptions,72.0
High public trust,race,Hispanic / Latino,inst_trust_mean,67.8
High public trust,race,Hispanic / Latino,newsletter_signup,1.8
High public trust,race,Hispanic / Latino,policy_general,74.0
High public trust,race,Hispanic / Latino,policy_role_mean,68.25
High public trust,race,Hispanic / Latino,policy_specific_mean,69.57142857142857
High public trust,race,Hispanic / Latino,trust_multidimensional,73.83333333333333
High public trust,race,Hispanic / Latino,trust_post,76.0
High public trust,race,Other,behavior_mean,45.68333333333334
High public trust,race,Other,belief_post,89.3
High public trust,race,Other,concern_mean,72.0
High public trust,race,Other,distrust_post,18.2
High public trust,race,Other,donation_ams,6.4
High public trust,race,Other,funding_perceptions,63.5
High public trust,race,Other,inst_trust_mean,68.08
High public trust,race,Other,newsletter_signup,1.32
High public trust,race,Other,policy_general,76.2
High public trust,race,Other,policy_role_mean,70.3
High public trust,race,Other,policy_specific_mean,71.37142857142857
High public trust,race,Other,trust_multidimensional,74.40833333333333
High public trust,race,Other,trust_post,83.1
High public trust,race,White / Caucasian,behavior_mean,40.166666666666664
High public trust,race,White / Caucasian,belief_post,68.0
High public trust,race,White / Caucasian,concern_mean,61.333333333333336
High public trust,race,White / Caucasian,distrust_post,28.0
High public trust,race,White / Caucasian,donation_ams,2.7
High public trust,race,White / Caucasian,funding_perceptions,51.0
High public trust,race,White / Caucasian,inst_trust_mean,60.6
High public trust,race,White / Caucasian,newsletter_signup,1.75
High public trust,race,White / Caucasian,policy_general,65.0
High public trust,race,White / Caucasian,policy_role_mean,64.25
High public trust,race,White / Caucasian,policy_specific_mean,64.42857142857143
High public trust,race,White / Caucasian,trust_multidimensional,68.91666666666667
High public trust,race,White / Caucasian,trust_post,72.0
Interview Prof. Maraun,age_band,18-29,behavior_mean,62.916666666666664
Interview Prof. Maraun,age_band,18-29,belief_post,91.8
Interview Prof. Maraun,age_band,18-29,concern_mean,86.39999999999999
Interview Prof. Maraun,age_band,18-29,distrust_post,19.2
Interview Prof. Maraun,age_band,18-29,donation_ams,7.6
Interview Prof. Maraun,age_band,18-29,funding_perceptions,75.4
Interview Prof. Maraun,age_band,18-29,inst_trust_mean,64.2
Interview Prof. Maraun,age_band,18-29,newsletter_signup,1.35
Interview Prof. Maraun,age_band,18-29,policy_general,81.3
Interview Prof. Maraun,age_band,18-29,policy_role_mean,70.7
Interview Prof. Maraun,age_band,18-29,policy_specific_mean,77.62857142857142
Interview Prof. Maraun,age_band,18-29,trust_multidimensional,84.89999999999999
Interview Prof. Maraun,age_band,18-29,trust_post,83.5
Interview Prof. Maraun,age_band,30-44,behavior_mean,41.0
Interview Prof. Maraun,age_band,30-44,belief_post,83.0
Interview Prof. Maraun,age_band,30-44,concern_mean,64.33333333333333
Interview Prof. Maraun,age_band,30-44,distrust_post,31.0
Interview Prof. Maraun,age_band,30-44,donation_ams,2.4
Interview Prof. Maraun,age_band,30-44,funding_perceptions,49.0
Interview Prof. Maraun,age_band,30-44,inst_trust_mean,63.8
Interview Prof. Maraun,age_band,30-44,newsletter_signup,1.75
Interview Prof. Maraun,age_band,30-44,policy_general,67.0
Interview Prof. Maraun,age_band,30-44,policy_role_mean,60.25
Interview Prof. Maraun,age_band,30-44,policy_specific_mean,65.57142857142857
Interview Prof. Maraun,age_band,30-44,trust_multidimensional,72.91666666666667
Interview Prof. Maraun,age_band,30-44,trust_post,72.0
Interview Prof. Maraun,age_band,45-59,behavior_mean,45.73333333333333
Interview Prof. Maraun,age_band,45-59,belief_post,83.1
Interview Prof. Maraun,age_band,45-59,concern_mean,68.36666666666666
Interview Prof. Maraun,age_band,45-59,distrust_post,24.2
Interview Prof. Maraun,age_band,45-59,donation_ams,3.4
Interview Prof. Maraun,age_band,45-59,funding_perceptions,41.6
Interview Prof. Maraun,age_band,45-59,inst_trust_mean,67.53999999999999
Interview Prof. Maraun,age_band,45-59,newsletter_signup,1.45
Interview Prof. Maraun,age_band,45-59,policy_general,73.6
Interview Prof. Maraun,age_band,45-59,policy_role_mean,67.1
Interview Prof. Maraun,age_band,45-59,policy_specific_mean,71.42857142857143
Interview Prof. Maraun,age_band,45-59,trust_multidimensional,77.2
Interview Prof. Maraun,age_band,45-59,trust_post,76.5
Interview Prof. Maraun,age_band,60+,behavior_mean,23.833333333333332
Interview Prof. Maraun,age_band,60+,belief_post,62.0
Interview Prof. Maraun,age_band,60+,concern_mean,44.666666666666664
Interview Prof. Maraun,age_band,60+,distrust_post,32.0
Interview Prof. Maraun,age_band,60+,donation_ams,1.2
Interview Prof. Maraun,age_band,60+,funding_perceptions,50.0
Interview Prof. Maraun,age_band,60+,inst_trust_mean,62.2
Interview Prof. Maraun,age_band,60+,newsletter_signup,1.8
Interview Prof. Maraun,age_band,60+,policy_general,34.0
Interview Prof. Maraun,age_band,60+,policy_role_mean,49.75
Interview Prof. Maraun,age_band,60+,policy_specific_mean,46.57142857142857
Interview Prof. Maraun,age_band,60+,trust_multidimensional,66.41666666666667
Interview Prof. Maraun,age_band,60+,trust_post,65.0
Interview Prof. Maraun,education,Bachelor's degree,behavior_mean,56.0
Interview Prof. Maraun,education,Bachelor's degree,belief_post,89.0
Interview Prof. Maraun,education,Bachelor's degree,concern_mean,79.0
Interview Prof. Maraun,education,Bachelor's degree,distrust_post,21.0
Interview Prof. Maraun,education,Bachelor's degree,donation_ams,4.5
Interview Prof. Maraun,education,Bachelor's degree,funding_perceptions,64.0
Interview Prof. Maraun,education,Bachelor's degree,inst_trust_mean,76.6
Interview Prof. Maraun,education,Bachelor's degree,newsletter_signup,1.3
Interview Prof. Maraun,education,Bachelor's degree,policy_general,79.0
Interview Prof. Maraun,education,Bachelor's degree,policy_role_mean,76.75
Interview Prof. Maraun,education,Bachelor's degree,policy_specific_mean,77.14285714285714
Interview Prof. Maraun,education,Bachelor's degree,trust_multidimensional,81.16666666666667
Interview Prof. Maraun,education,Bachelor's degree,trust_post,83.0
Interview Prof. Maraun,education,Doctorate degree / Ph.D.,behavior_mean,54.833333333333336
Interview Prof. Maraun,education,Doctorate degree / Ph.D.,belief_post,93.0
Interview Prof. Maraun,education,Doctorate degree / Ph.D.,concern_mean,81.33333333333333
Interview Prof. Maraun,education,Doctorate degree / Ph.D.,distrust_post,14.0
Interview Prof. Maraun,education,Doctorate degree / Ph.D.,donation_ams,4.7
Interview Prof. Maraun,education,Doctorate degree / Ph.D.,funding_perceptions,88.0
Interview Prof. Maraun,education,Doctorate degree / Ph.D.,inst_trust_mean,78.0
Interview Prof. Maraun,education,Doctorate degree / Ph.D.,newsletter_signup,1.65
Interview Prof. Maraun,education,Doctorate degree / Ph.D.,policy_general,86.0
Interview Prof. Maraun,education,Doctorate degree / Ph.D.,policy_role_mean,74.25
Interview Prof. Maraun,education,Doctorate degree / Ph.D.,policy_specific_mean,78.57142857142857
Interview Prof. Maraun,education,Doctorate degree / Ph.D.,trust_multidimensional,82.83333333333333
Interview Prof. Maraun,education,Doctorate degree / Ph.D.,trust_post,84.0
Interview Prof. Maraun,education,High school diploma / GED,behavior_mean,39.166666666666664
Interview Prof. Maraun,education,High school diploma / GED,belief_post,65.0
Interview Prof. Maraun,education,High school diploma / GED,concern_mean,62.0
Interview Prof. Maraun,education,High school diploma / GED,distrust_post,31.0
Interview Prof. Maraun,education,High school diploma / GED,donation_ams,1.6
Interview Prof. Maraun,education,High school diploma / GED,funding_perceptions,45.0
Interview Prof. Maraun,education,High school diploma / GED,inst_trust_mean,55.4
Interview Prof. Maraun,education,High school diploma / GED,newsletter_signup,1.85
Interview Prof. Maraun,education,High school diploma / GED,policy_general,66.0
Interview Prof. Maraun,education,High school diploma / GED,policy_role_mean,65.5
Interview Prof. Maraun,education,High school diploma / GED,policy_specific_mean,66.85714285714286
Interview Prof. Maraun,education,High school diploma / GED,trust_multidimensional,70.91666666666667
Interview Prof. Maraun,education,High school diploma / GED,trust_post,68.0
Interview Prof. Maraun,education,Less than high school,behavior_mean,25.166666666666668
Interview Prof. Maraun,education,Less than high school,belief_post,42.0
Interview Prof. Maraun,education,Less than high school,concern_mean,46.333333333333336
Interview Prof. Maraun,education,Less than high school,distrust_post,35.0
Interview Prof. Maraun,education,Less than high school,donation_ams,1.8
Interview Prof. Maraun,education,Less than high school,funding_perceptions,38.0
Interview Prof. Maraun,education,Less than high school,inst_trust_mean,52.0
Interview Prof. Maraun,education,Less than high school,newsletter_signup,1.15
Interview Prof. Maraun,education,Less than high school,policy_general,46.0
Interview Prof. Maraun,education,Less than high school,policy_role_mean,54.25
Interview Prof. Maraun,education,Less than high school,policy_specific_mean,58.42857142857143
Interview Prof. Maraun,education,Less than high school,trust_multidimensional,61.25
Interview Prof. Maraun,education,Less than high school,trust_post,58.0
Interview Prof. Maraun,education,Master's degree / Professional degree,behavior_mean,62.333333333333336
Interview Prof. Maraun,education,Master's degree / Professional degree,belief_post,94.0
Interview Prof. Maraun,education,Master's degree / Professional degree,concern_mean,83.0
Interview Prof. Maraun,education,Master's degree / Professional degree,distrust_post,12.0
Interview Prof. Maraun,education,Master's degree / Professional degree,donation_ams,1.9
Interview Prof. Maraun,education,Master's degree / Professional degree,funding_perceptions,78.0
Interview Prof. Maraun,education,Master's degree / Professional degree,inst_trust_mean,69.4
Interview Prof. Maraun,education,Master's degree / Professional degree,newsletter_signup,1.35
Interview Prof. Maraun,education,Master's degree / Professional degree,policy_general,87.0
Interview Prof. Maraun,education,Master's degree / Professional degree,policy_role_mean,75.75
Interview Prof. Maraun,education,Master's degree / Professional degree,policy_specific_mean,83.71428571428571
Interview Prof. Maraun,education,Master's degree / Professional degree,trust_multidimensional,86.08333333333333
Interview Prof. Maraun,education,Master's degree / Professional degree,trust_post,89.0
Interview Prof. Maraun,education,Some college or Associate's degree,behavior_mean,39.166666666666664
Interview Prof. Maraun,education,Some college or Associate's degree,belief_post,78.0
Interview Prof. Maraun,education,Some college or Associate's degree,concern_mean,67.0
Interview Prof. Maraun,education,Some college or Associate's degree,distrust_post,22.0
Interview Prof. Maraun,education,Some college or Associate's degree,donation_ams,3.2
Interview Prof. Maraun,education,Some college or Associate's degree,funding_perceptions,55.0
Interview Prof. Maraun,education,Some college or Associate's degree,inst_trust_mean,61.8
Interview Prof. Maraun,education,Some college or Associate's degree,newsletter_signup,1.28
Interview Prof. Maraun,education,Some college or Associate's degree,policy_general,68.0
Interview Prof. Maraun,education,Some college or Associate's degree,policy_role_mean,61.5
Interview Prof. Maraun,education,Some college or Associate's degree,policy_specific_mean,70.42857142857143
Interview Prof. Maraun,education,Some college or Associate's degree,trust_multidimensional,73.08333333333333
Interview Prof. Maraun,education,Some college or Associate's degree,trust_post,76.0
Interview Prof. Maraun,gender,Female,behavior_mean,53.166666666666664
Interview Prof. Maraun,gender,Female,belief_post,89.0
Interview Prof. Maraun,gender,Female,concern_mean,78.33333333333333
Interview Prof. Maraun,gender,Female,distrust_post,21.0
Interview Prof. Maraun,gender,Female,donation_ams,3.6
Interview Prof. Maraun,gender,Female,funding_perceptions,78.0
Interview Prof. Maraun,gender,Female,inst_trust_mean,70.6
Interview Prof. Maraun,gender,Female,newsletter_signup,1.42
Interview Prof. Maraun,gender,Female,policy_general,86.0
Interview Prof. Maraun,gender,Female,policy_role_mean,73.25
Interview Prof. Maraun,gender,Female,policy_specific_mean,78.0
Interview Prof. Maraun,gender,Female,trust_multidimensional,78.16666666666667
Interview Prof. Maraun,gender,Female,trust_post,79.0
Interview Prof. Maraun,gender,Male,behavior_mean,39.666666666666664
Interview Prof. Maraun,gender,Male,belief_post,62.0
Interview Prof. Maraun,gender,Male,concern_mean,52.333333333333336
Interview Prof. Maraun,gender,Male,distrust_post,32.0
Interview Prof. Maraun,gender,Male,donation_ams,2.6
Interview Prof. Maraun,gender,Male,funding_perceptions,48.0
Interview Prof. Maraun,gender,Male,inst_trust_mean,54.2
Interview Prof. Maraun,gender,Male,newsletter_signup,1.65
Interview Prof. Maraun,gender,Male,policy_general,56.0
Interview Prof. Maraun,gender,Male,policy_role_mean,59.25
Interview Prof. Maraun,gender,Male,policy_specific_mean,58.285714285714285
Interview Prof. Maraun,gender,Male,trust_multidimensional,68.75
Interview Prof. Maraun,gender,Male,trust_post,68.0
Interview Prof. Maraun,gender,Other,behavior_mean,63.666666666666664
Interview Prof. Maraun,gender,Other,belief_post,93.0
Interview Prof. Maraun,gender,Other,concern_mean,86.33333333333333
Interview Prof. Maraun,gender,Other,distrust_post,15.0
Interview Prof. Maraun,gender,Other,donation_ams,7.2
Interview Prof. Maraun,gender,Other,funding_perceptions,78.0
Interview Prof. Maraun,gender,Other,inst_trust_mean,79.0
Interview Prof. Maraun,gender,Other,newsletter_signup,1.25
Interview Prof. Maraun,gender,Other,policy_general,90.0
Interview Prof. Maraun,gender,Other,policy_role_mean,81.25
Interview Prof. Maraun,gender,Other,policy_specific_mean,83.71428571428571
Interview Prof. Maraun,gender,Other,trust_multidimensional,83.08333333333333
Interview Prof. Maraun,gender,Other,trust_post,84.0
Interview Prof. Maraun,income,"$100,000 to $167,999",behavior_mean,42.699999999999996
Interview Prof. Maraun,income,"$100,000 to $167,999",belief_post,83.2
Interview Prof. Maraun,income,"$100,000 to $167,999",concern_mean,75.7
Interview Prof. Maraun,income,"$100,000 to $167,999",distrust_post,23.5
Interview Prof. Maraun,income,"$100,000 to $167,999",donation_ams,3.4
Interview Prof. Maraun,income,"$100,000 to $167,999",funding_perceptions,42.7
Interview Prof. Maraun,income,"$100,000 to $167,999",inst_trust_mean,66.22
Interview Prof. Maraun,income,"$100,000 to $167,999",newsletter_signup,1.38
Interview Prof. Maraun,income,"$100,000 to $167,999",policy_general,71.6
Interview Prof. Maraun,income,"$100,000 to $167,999",policy_role_mean,68.2
Interview Prof. Maraun,income,"$100,000 to $167,999",policy_specific_mean,65.74285714285715
Interview Prof. Maraun,income,"$100,000 to $167,999",trust_multidimensional,76.675
Interview Prof. Maraun,income,"$100,000 to $167,999",trust_post,76.8
Interview Prof. Maraun,income,"$168,000 or more",behavior_mean,53.5
Interview Prof. Maraun,income,"$168,000 or more",belief_post,88.0
Interview Prof. Maraun,income,"$168,000 or more",concern_mean,78.33333333333333
Interview Prof. Maraun,income,"$168,000 or more",distrust_post,22.0
Interview Prof. Maraun,income,"$168,000 or more",donation_ams,5.2
Interview Prof. Maraun,income,"$168,000 or more",funding_perceptions,59.0
Interview Prof. Maraun,income,"$168,000 or more",inst_trust_mean,72.6
Interview Prof. Maraun,income,"$168,000 or more",newsletter_signup,1.4
Interview Prof. Maraun,income,"$168,000 or more",policy_general,76.0
Interview Prof. Maraun,income,"$168,000 or more",policy_role_mean,75.25
Interview Prof. Maraun,income,"$168,000 or more",policy_specific_mean,77.0
Interview Prof. Maraun,income,"$168,000 or more",trust_multidimensional,79.83333333333333
Interview Prof. Maraun,income,"$168,000 or more",trust_post,81.0
Interview Prof. Maraun,income,"$30,000 to $55,999",behavior_mean,35.71666666666667
Interview Prof. Maraun,income,"$30,000 to $55,999",belief_post,77.8
Interview Prof. Maraun,income,"$30,000 to $55,999",concern_mean,64.46666666666667
Interview Prof. Maraun,income,"$30,000 to $55,999",distrust_post,26.1
Interview Prof. Maraun,income,"$30,000 to $55,999",donation_ams,2.4
Interview Prof. Maraun,income,"$30,000 to $55,999",funding_perceptions,50.7
Interview Prof. Maraun,income,"$30,000 to $55,999",inst_trust_mean,60.5
Interview Prof. Maraun,income,"$30,000 to $55,999",newsletter_signup,1.62
Interview Prof. Maraun,income,"$30,000 to $55,999",policy_general,64.2
Interview Prof. Maraun,income,"$30,000 to $55,999",policy_role_mean,67.025
Interview Prof. Maraun,income,"$30,000 to $55,999",policy_specific_mean,63.91428571428571
Interview Prof. Maraun,income,"$30,000 to $55,999",trust_multidimensional,77.72500000000001
Interview Prof. Maraun,income,"$30,000 to $55,999",trust_post,73.5
Interview Prof. Maraun,income,"$56,000 to $99,999",behavior_mean,46.65
Interview Prof. Maraun,income,"$56,000 to $99,999",belief_post,84.2
Interview Prof. Maraun,income,"$56,000 to $99,999",concern_mean,70.16666666666667
Interview Prof. Maraun,income,"$56,000 to $99,999",distrust_post,27.3
Interview Prof. Maraun,income,"$56,000 to $99,999",donation_ams,4.6
Interview Prof. Maraun,income,"$56,000 to $99,999",funding_perceptions,58.2
Interview Prof. Maraun,income,"$56,000 to $99,999",inst_trust_mean,61.2
Interview Prof. Maraun,income,"$56,000 to $99,999",newsletter_signup,1.22
Interview Prof. Maraun,income,"$56,000 to $99,999",policy_general,68.5
Interview Prof. Maraun,income,"$56,000 to $99,999",policy_role_mean,65.1
Interview Prof. Maraun,income,"$56,000 to $99,999",policy_specific_mean,68.7
Interview Prof. Maraun,income,"$56,000 to $99,999",trust_multidimensional,73.91666666666667
Interview Prof. Maraun,income,"$56,000 to $99,999",trust_post,74.5
Interview Prof. Maraun,income,"Less than $30,000",behavior_mean,32.833333333333336
Interview Prof. Maraun,income,"Less than $30,000",belief_post,67.0
Interview Prof. Maraun,income,"Less than $30,000",concern_mean,51.666666666666664
Interview Prof. Maraun,income,"Less than $30,000",distrust_post,28.0
Interview Prof. Maraun,income,"Less than $30,000",donation_ams,1.8
Interview Prof. Maraun,income,"Less than $30,000",funding_perceptions,48.0
Interview Prof. Maraun,income,"Less than $30,000",inst_trust_mean,55.6
Interview Prof. Maraun,income,"Less than $30,000",newsletter_signup,1.6
Interview Prof. Maraun,income,"Less than $30,000",policy_general,61.0
Interview Prof. Maraun,income,"Less than $30,000",policy_role_mean,58.0
Interview Prof. Maraun,income,"Less than $30,000",policy_specific_mean,61.142857142857146
Interview Prof. Maraun,income,"Less than $30,000",trust_multidimensional,71.08333333333333
Interview Prof. Maraun,income,"Less than $30,000",trust_post,73.0
Interview Prof. Maraun,party,Democrat,behavior_mean,57.333333333333336
Interview Prof. Maraun,party,Democrat,belief_post,93.5
Interview Prof. Maraun,party,Democrat,concern_mean,85.33333333333333
Interview Prof. Maraun,party,Democrat,distrust_post,16.5
Interview Prof. Maraun,party,Democrat,donation_ams,5.8
Interview Prof. Maraun,party,Democrat,funding_perceptions,78.0
Interview Prof. Maraun,party,Democrat,inst_trust_mean,80.97999999999999
Interview Prof. Maraun,party,Democrat,newsletter_signup,1.32
Interview Prof. Maraun,party,Democrat,policy_general,89.0
Interview Prof. Maraun,party,Democrat,policy_role_mean,79.175
Interview Prof. Maraun,party,Democrat,policy_specific_mean,83.07142857142857
Interview Prof. Maraun,party,Democrat,trust_multidimensional,82.83333333333333
Interview Prof. Maraun,party,Democrat,trust_post,84.2
Interview Prof. Maraun,party,Independent,behavior_mean,50.333333333333336
Interview Prof. Maraun,party,Independent,belief_post,84.0
Interview Prof. Maraun,party,Independent,concern_mean,63.666666666666664
Interview Prof. Maraun,party,Independent,distrust_post,22.0
Interview Prof. Maraun,party,Independent,donation_ams,4.2
Interview Prof. Maraun,party,Independent,funding_perceptions,60.0
Interview Prof. Maraun,party,Independent,inst_trust_mean,70.2
Interview Prof. Maraun,party,Independent,newsletter_signup,1.6
Interview Prof. Maraun,party,Independent,policy_general,62.0
Interview Prof. Maraun,party,Independent,policy_role_mean,65.75
Interview Prof. Maraun,party,Independent,policy_specific_mean,65.0
Interview Prof. Maraun,party,Independent,trust_multidimensional,78.16666666666667
Interview Prof. Maraun,party,Independent,trust_post,81.0
Interview Prof. Maraun,party,Other,behavior_mean,48.949999999999996
Interview Prof. Maraun,party,Other,belief_post,66.0
Interview Prof. Maraun,party,Other,concern_mean,60.199999999999996
Interview Prof. Maraun,party,Other,distrust_post,32.8
Interview Prof. Maraun,party,Other,donation_ams,4.3
Interview Prof. Maraun,party,Other,funding_perceptions,56.5
Interview Prof. Maraun,party,Other,inst_trust_mean,61.779999999999994
Interview Prof. Maraun,party,Other,newsletter_signup,1.58
Interview Prof. Maraun,party,Other,policy_general,63.2
Interview Prof. Maraun,party,Other,policy_role_mean,62.825
Interview Prof. Maraun,party,Other,policy_specific_mean,63.51428571428572
Interview Prof. Maraun,party,Other,trust_multidimensional,68.48333333333333
Interview Prof. Maraun,party,Other,trust_post,67.3
Interview Prof. Maraun,party,Republican,behavior_mean,27.616666666666664
Interview Prof. Maraun,party,Republican,belief_post,44.7
Interview Prof. Maraun,party,Republican,concern_mean,41.166666666666664
Interview Prof. Maraun,party,Republican,distrust_post,46.2
Interview Prof. Maraun,party,Republican,donation_ams,2.4
Interview Prof. Maraun,party,Republican,funding_perceptions,35.5
Interview Prof. Maraun,party,Republican,inst_trust_mean,45.42
Interview Prof. Maraun,party,Republican,newsletter_signup,1.75
Interview Prof. Maraun,party,Republican,policy_general,36.2
Interview Prof. Maraun,party,Republican,policy_role_mean,49.725
Interview Prof. Maraun,party,Republican,policy_specific_mean,50.0
Interview Prof. Maraun,party,Republican,trust_multidimensional,60.875
Interview Prof. Maraun,party,Republican,trust_post,53.8
Interview Prof. Maraun,race,Asian / Asian American,behavior_mean,56.01666666666667
Interview Prof. Maraun,race,Asian / Asian American,belief_post,88.7
Interview Prof. Maraun,race,Asian / Asian American,concern_mean,82.7
Interview Prof. Maraun,race,Asian / Asian American,distrust_post,18.2
Interview Prof. Maraun,race,Asian / Asian American,donation_ams,1.6
Interview Prof. Maraun,race,Asian / Asian American,funding_perceptions,64.2
Interview Prof. Maraun,race,Asian / Asian American,inst_trust_mean,73.53999999999999
Interview Prof. Maraun,race,Asian / Asian American,newsletter_signup,1.35
Interview Prof. Maraun,race,Asian / Asian American,policy_general,76.4
Interview Prof. Maraun,race,Asian / Asian American,policy_role_mean,68.525
Interview Prof. Maraun,race,Asian / Asian American,policy_specific_mean,74.97142857142856
Interview Prof. Maraun,race,Asian / Asian American,trust_multidimensional,81.39166666666667
Interview Prof. Maraun,race,Asian / Asian American,trust_post,80.5
Interview Prof. Maraun,race,Black / African American,behavior_mean,51.71666666666667
Interview Prof. Maraun,race,Black / African American,belief_post,86.2
Interview Prof. Maraun,race,Black / African American,concern_mean,80.63333333333333
Interview Prof. Maraun,race,Black / African American,distrust_post,24.1
Interview Prof. Maraun,race,Black / African American,donation_ams,3.3
Interview Prof. Maraun,race,Black / African American,funding_perceptions,83.6
Interview Prof. Maraun,race,Black / African American,inst_trust_mean,64.78
Interview Prof. Maraun,race,Black / African American,newsletter_signup,1.24
Interview Prof. Maraun,race,Black / African American,policy_general,81.5
Interview Prof. Maraun,race,Black / African American,policy_role_mean,68.95
Interview Prof. Maraun,race,Black / African American,policy_specific_mean,73.95714285714287
Interview Prof. Maraun,race,Black / African American,trust_multidimensional,71.85000000000001
Interview Prof. Maraun,race,Black / African American,trust_post,73.8
Interview Prof. Maraun,race,Hispanic / Latino,behavior_mean,49.75
Interview Prof. Maraun,race,Hispanic / Latino,belief_post,84.7
Interview Prof. Maraun,race,Hispanic / Latino,concern_mean,76.83333333333333
Interview Prof. Maraun,race,Hispanic / Latino,distrust_post,22.6
Interview Prof. Maraun,race,Hispanic / Latino,donation_ams,2.45
Interview Prof. Maraun,race,Hispanic / Latino,funding_perceptions,65.5
Interview Prof. Maraun,race,Hispanic / Latino,inst_trust_mean,69.44
Interview Prof. Maraun,race,Hispanic / Latino,newsletter_signup,1.32
Interview Prof. Maraun,race,Hispanic / Latino,policy_general,73.8
Interview Prof. Maraun,race,Hispanic / Latino,policy_role_mean,68.25
Interview Prof. Maraun,race,Hispanic / Latino,policy_specific_mean,72.98571428571428
Interview Prof. Maraun,race,Hispanic / Latino,trust_multidimensional,76.74166666666666
Interview Prof. Maraun,race,Hispanic / Latino,trust_post,78.2
Interview Prof. Maraun,race,Other,behavior_mean,56.9
Interview Prof. Maraun,race,Other,belief_post,89.2
Interview Prof. Maraun,race,Other,concern_mean,78.43333333333334
Interview Prof. Maraun,race,Other,distrust_post,18.9
Interview Prof. Maraun,race,Other,donation_ams,5.4
Interview Prof. Maraun,race,Other,funding_perceptions,38.7
Interview Prof. Maraun,race,Other,inst_trust_mean,72.08
Interview Prof. Maraun,race,Other,newsletter_signup,1.32
Interview Prof. Maraun,race,Other,policy_general,82.5
Interview Prof. Maraun,race,Other,policy_role_mean,73.275
Interview Prof. Maraun,race,Other,policy_specific_mean,77.61428571428571
Interview Prof. Maraun,race,Other,trust_multidimensional,81.675
Interview Prof. Maraun,race,Other,trust_post,81.6
Interview Prof. Maraun,race,White / Caucasian,behavior_mean,46.0
Interview Prof. Maraun,race,White / Caucasian,belief_post,82.0
Interview Prof. Maraun,race,White / Caucasian,concern_mean,64.33333333333333
Interview Prof. Maraun,race,White / Caucasian,distrust_post,22.0
Interview Prof. Maraun,race,White / Caucasian,donation_ams,1.8
Interview Prof. Maraun,race,White / Caucasian,funding_perceptions,52.0
Interview Prof. Maraun,race,White / Caucasian,inst_trust_mean,68.6
Interview Prof. Maraun,race,White / Caucasian,newsletter_signup,1.6
Interview Prof. Maraun,race,White / Caucasian,policy_general,68.0
Interview Prof. Maraun,race,White / Caucasian,policy_role_mean,63.5
Interview Prof. Maraun,race,White / Caucasian,policy_specific_mean,66.14285714285714
Interview Prof. Maraun,race,White / Caucasian,trust_multidimensional,72.83333333333333
Interview Prof. Maraun,race,White / Caucasian,trust_post,75.0
Interview Prof. Sebille,age_band,18-29,behavior_mean,67.75
Interview Prof. Sebille,age_band,18-29,belief_post,93.5
Interview Prof. Sebille,age_band,18-29,concern_mean,89.33333333333333
Interview Prof. Sebille,age_band,18-29,distrust_post,16.0
Interview Prof. Sebille,age_band,18-29,donation_ams,2.9
Interview Prof. Sebille,age_band,18-29,funding_perceptions,78.5
Interview Prof. Sebille,age_band,18-29,inst_trust_mean,72.36
Interview Prof. Sebille,age_band,18-29,newsletter_signup,1.31
Interview Prof. Sebille,age_band,18-29,policy_general,88.0
Interview Prof. Sebille,age_band,18-29,policy_role_mean,77.375
Interview Prof. Sebille,age_band,18-29,policy_specific_mean,83.0
Interview Prof. Sebille,age_band,18-29,trust_multidimensional,80.27499999999999
Interview Prof. Sebille,age_band,18-29,trust_post,84.5
Interview Prof. Sebille,age_band,30-44,behavior_mean,52.0
Interview Prof. Sebille,age_band,30-44,belief_post,87.6
Interview Prof. Sebille,age_band,30-44,concern_mean,79.06666666666666
Interview Prof. Sebille,age_band,30-44,distrust_post,21.5
Interview Prof. Sebille,age_band,30-44,donation_ams,3.1
Interview Prof. Sebille,age_band,30-44,funding_perceptions,81.8
Interview Prof. Sebille,age_band,30-44,inst_trust_mean,69.22
Interview Prof. Sebille,age_band,30-44,newsletter_signup,1.32
Interview Prof. Sebille,age_band,30-44,policy_general,81.4
Interview Prof. Sebille,age_band,30-44,policy_role_mean,71.825
Interview Prof. Sebille,age_band,30-44,policy_specific_mean,73.62857142857142
Interview Prof. Sebille,age_band,30-44,trust_multidimensional,77.375
Interview Prof. Sebille,age_band,30-44,trust_post,78.3
Interview Prof. Sebille,age_band,45-59,behavior_mean,49.98333333333333
Interview Prof. Sebille,age_band,45-59,belief_post,85.3
Interview Prof. Sebille,age_band,45-59,concern_mean,76.39999999999999
Interview Prof. Sebille,age_band,45-59,distrust_post,21.6
Interview Prof. Sebille,age_band,45-59,donation_ams,3.2
Interview Prof. Sebille,age_band,45-59,funding_perceptions,81.5
Interview Prof. Sebille,age_band,45-59,inst_trust_mean,65.64
Interview Prof. Sebille,age_band,45-59,newsletter_signup,1.48
Interview Prof. Sebille,age_band,45-59,policy_general,72.1
Interview Prof. Sebille,age_band,45-59,policy_role_mean,69.825
Interview Prof. Sebille,age_band,45-59,policy_specific_mean,70.92857142857143
Interview Prof. Sebille,age_band,45-59,trust_multidimensional,76.35000000000001
Interview Prof. Sebille,age_band,45-59,trust_post,78.4
Interview Prof. Sebille,age_band,60+,behavior_mean,51.71666666666667
Interview Prof. Sebille,age_band,60+,belief_post,86.1
Interview Prof. Sebille,age_band,60+,concern_mean,75.5
Interview Prof. Sebille,age_band,60+,distrust_post,18.5
Interview Prof. Sebille,age_band,60+,donation_ams,3.9
Interview Prof. Sebille,age_band,60+,funding_perceptions,48.3
Interview Prof. Sebille,age_band,60+,inst_trust_mean,68.78
Interview Prof. Sebille,age_band,60+,newsletter_signup,1.54
Interview Prof. Sebille,age_band,60+,policy_general,72.5
Interview Prof. Sebille,age_band,60+,policy_role_mean,73.025
Interview Prof. Sebille,age_band,60+,policy_specific_mean,74.82857142857142
Interview Prof. Sebille,age_band,60+,trust_multidimensional,74.2
Interview Prof. Sebille,age_band,60+,trust_post,76.3
Interview Prof. Sebille,education,Bachelor's degree,behavior_mean,47.85
Interview Prof. Sebille,education,Bachelor's degree,belief_post,88.7
Interview Prof. Sebille,education,Bachelor's degree,concern_mean,74.86666666666667
Interview Prof. Sebille,education,Bachelor's degree,distrust_post,16.5
Interview Prof. Sebille,education,Bachelor's degree,donation_ams,4.6
Interview Prof. Sebille,education,Bachelor's degree,funding_perceptions,76.6
Interview Prof. Sebille,education,Bachelor's degree,inst_trust_mean,63.379999999999995
Interview Prof. Sebille,education,Bachelor's degree,newsletter_signup,1.72
Interview Prof. Sebille,education,Bachelor's degree,policy_general,79.2
Interview Prof. Sebille,education,Bachelor's degree,policy_role_mean,70.525
Interview Prof. Sebille,education,Bachelor's degree,policy_specific_mean,72.67142857142856
Interview Prof. Sebille,education,Bachelor's degree,trust_multidimensional,83.16666666666667
Interview Prof. Sebille,education,Bachelor's degree,trust_post,83.4
Interview Prof. Sebille,education,Doctorate degree / Ph.D.,behavior_mean,63.5
Interview Prof. Sebille,education,Doctorate degree / Ph.D.,belief_post,93.0
Interview Prof. Sebille,education,Doctorate degree / Ph.D.,concern_mean,79.33333333333333
Interview Prof. Sebille,education,Doctorate degree / Ph.D.,distrust_post,16.0
Interview Prof. Sebille,education,Doctorate degree / Ph.D.,donation_ams,4.8
Interview Prof. Sebille,education,Doctorate degree / Ph.D.,funding_perceptions,78.0
Interview Prof. Sebille,education,Doctorate degree / Ph.D.,inst_trust_mean,78.8
Interview Prof. Sebille,education,Doctorate degree / Ph.D.,newsletter_signup,1.25
Interview Prof. Sebille,education,Doctorate degree / Ph.D.,policy_general,86.0
Interview Prof. Sebille,education,Doctorate degree / Ph.D.,policy_role_mean,76.5
Interview Prof. Sebille,education,Doctorate degree / Ph.D.,policy_specific_mean,81.0
Interview Prof. Sebille,education,Doctorate degree / Ph.D.,trust_multidimensional,82.16666666666667
Interview Prof. Sebille,education,Doctorate degree / Ph.D.,trust_post,84.0
Interview Prof. Sebille,education,High school diploma / GED,behavior_mean,36.016666666666666
Interview Prof. Sebille,education,High school diploma / GED,belief_post,58.9
Interview Prof. Sebille,education,High school diploma / GED,concern_mean,56.4
Interview Prof. Sebille,education,High school diploma / GED,distrust_post,32.6
Interview Prof. Sebille,education,High school diploma / GED,donation_ams,2.7
Interview Prof. Sebille,education,High school diploma / GED,funding_perceptions,52.2
Interview Prof. Sebille,education,High school diploma / GED,inst_trust_mean,58.58
Interview Prof. Sebille,education,High school diploma / GED,newsletter_signup,1.42
Interview Prof. Sebille,education,High school diploma / GED,policy_general,56.2
Interview Prof. Sebille,education,High school diploma / GED,policy_role_mean,65.1
Interview Prof. Sebille,education,High school diploma / GED,policy_specific_mean,59.542857142857144
Interview Prof. Sebille,education,High school diploma / GED,trust_multidimensional,68.47500000000001
Interview Prof. Sebille,education,High school diploma / GED,trust_post,67.4
Interview Prof. Sebille,education,Less than high school,behavior_mean,23.166666666666668
Interview Prof. Sebille,education,Less than high school,belief_post,43.0
Interview Prof. Sebille,education,Less than high school,concern_mean,47.0
Interview Prof. Sebille,education,Less than high school,distrust_post,47.0
Interview Prof. Sebille,education,Less than high school,donation_ams,1.9
Interview Prof. Sebille,education,Less than high school,funding_perceptions,37.0
Interview Prof. Sebille,education,Less than high school,inst_trust_mean,47.4
Interview Prof. Sebille,education,Less than high school,newsletter_signup,1.28
Interview Prof. Sebille,education,Less than high school,policy_general,39.0
Interview Prof. Sebille,education,Less than high school,policy_role_mean,48.0
Interview Prof. Sebille,education,Less than high school,policy_specific_mean,51.42857142857143
Interview Prof. Sebille,education,Less than high school,trust_multidimensional,53.666666666666664
Interview Prof. Sebille,education,Less than high school,trust_post,53.0
Interview Prof. Sebille,education,Master's degree / Professional degree,behavior_mean,68.39999999999999
Interview Prof. Sebille,education,Master's degree / Professional degree,belief_post,94.8
Interview Prof. Sebille,education,Master's degree / Professional degree,concern_mean,86.76666666666667
Interview Prof. Sebille,education,Master's degree / Professional degree,distrust_post,13.4
Interview Prof. Sebille,education,Master's degree / Professional degree,donation_ams,3.9
Interview Prof. Sebille,education,Master's degree / Professional degree,funding_perceptions,83.8
Interview Prof. Sebille,education,Master's degree / Professional degree,inst_trust_mean,79.94000000000001
Interview Prof. Sebille,education,Master's degree / Professional degree,newsletter_signup,1.5
Interview Prof. Sebille,education,Master's degree / Professional degree,policy_general,89.3
Interview Prof. Sebille,education,Master's degree / Professional degree,policy_role_mean,81.4
Interview Prof. Sebille,education,Master's degree / Professional degree,policy_specific_mean,84.84285714285714
Interview Prof. Sebille,education,Master's degree / Professional degree,trust_multidimensional,86.06666666666666
Interview Prof. Sebille,education,Master's degree / Professional degree,trust_post,85.6
Interview Prof. Sebille,education,Some college or Associate's degree,behavior_mean,57.833333333333336
Interview Prof. Sebille,education,Some college or Associate's degree,belief_post,80.0
Interview Prof. Sebille,education,Some college or Associate's degree,concern_mean,70.66666666666667
Interview Prof. Sebille,education,Some college or Associate's degree,distrust_post,28.0
Interview Prof. Sebille,education,Some college or Associate's degree,donation_ams,3.2
Interview Prof. Sebille,education,Some college or Associate's degree,funding_perceptions,52.0
Interview Prof. Sebille,education,Some college or Associate's degree,inst_trust_mean,68.4
Interview Prof. Sebille,education,Some college or Associate's degree,newsletter_signup,1.75
Interview Prof. Sebille,education,Some college or Associate's degree,policy_general,78.0
Interview Prof. Sebille,education,Some college or Associate's degree,policy_role_mean,75.0
Interview Prof. Sebille,education,Some college or Associate's degree,policy_specific_mean,77.85714285714286
Interview Prof. Sebille,education,Some college or Associate's degree,trust_multidimensional,76.91666666666667
Interview Prof. Sebille,education,Some college or Associate's degree,trust_post,76.0
Interview Prof. Sebille,gender,Female,behavior_mean,42.13333333333333
Interview Prof. Sebille,gender,Female,belief_post,86.1
Interview Prof. Sebille,gender,Female,concern_mean,76.03333333333335
Interview Prof. Sebille,gender,Female,distrust_post,24.7
Interview Prof. Sebille,gender,Female,donation_ams,3.2
Interview Prof. Sebille,gender,Female,funding_perceptions,71.8
Interview Prof. Sebille,gender,Female,inst_trust_mean,65.03999999999999
Interview Prof. Sebille,gender,Female,newsletter_signup,1.35
Interview Prof. Sebille,gender,Female,policy_general,71.5
Interview Prof. Sebille,gender,Female,policy_role_mean,69.9
Interview Prof. Sebille,gender,Female,policy_specific_mean,70.75714285714285
Interview Prof. Sebille,gender,Female,trust_multidimensional,73.41666666666667
Interview Prof. Sebille,gender,Female,trust_post,73.4
Interview Prof. Sebille,gender,Male,behavior_mean,33.95
Interview Prof. Sebille,gender,Male,belief_post,65.3
Interview Prof. Sebille,gender,Male,concern_mean,64.13333333333334
Interview Prof. Sebille,gender,Male,distrust_post,27.6
Interview Prof. Sebille,gender,Male,donation_ams,2.7
Interview Prof. Sebille,gender,Male,funding_perceptions,53.2
Interview Prof. Sebille,gender,Male,inst_trust_mean,61.98
Interview Prof. Sebille,gender,Male,newsletter_signup,1.38
Interview Prof. Sebille,gender,Male,policy_general,58.2
Interview Prof. Sebille,gender,Male,policy_role_mean,70.2
Interview Prof. Sebille,gender,Male,policy_specific_mean,63.699999999999996
Interview Prof. Sebille,gender,Male,trust_multidimensional,71.64999999999999
Interview Prof. Sebille,gender,Male,trust_post,72.4
Interview Prof. Sebille,gender,Other,behavior_mean,52.5
Interview Prof. Sebille,gender,Other,belief_post,91.0
Interview Prof. Sebille,gender,Other,concern_mean,80.16666666666667
Interview Prof. Sebille,gender,Other,distrust_post,12.0
Interview Prof. Sebille,gender,Other,donation_ams,5.4
Interview Prof. Sebille,gender,Other,funding_perceptions,77.5
Interview Prof. Sebille,gender,Other,inst_trust_mean,70.3
Interview Prof. Sebille,gender,Other,newsletter_signup,1.28
Interview Prof. Sebille,gender,Other,policy_general,81.5
Interview Prof. Sebille,gender,Other,policy_role_mean,80.0
Interview Prof. Sebille,gender,Other,policy_specific_mean,81.85714285714286
Interview Prof. Sebille,gender,Other,trust_multidimensional,75.0
Interview Prof. Sebille,gender,Other,trust_post,73.5
Interview Prof. Sebille,income,"$100,000 to $167,999",behavior_mean,45.333333333333336
Interview Prof. Sebille,income,"$100,000 to $167,999",belief_post,91.0
Interview Prof. Sebille,income,"$100,000 to $167,999",concern_mean,82.33333333333333
Interview Prof. Sebille,income,"$100,000 to $167,999",distrust_post,21.0
Interview Prof. Sebille,income,"$100,000 to $167,999",donation_ams,2.3
Interview Prof. Sebille,income,"$100,000 to $167,999",funding_perceptions,54.0
Interview Prof. Sebille,income,"$100,000 to $167,999",inst_trust_mean,72.2
Interview Prof. Sebille,income,"$100,000 to $167,999",newsletter_signup,1.2
Interview Prof. Sebille,income,"$100,000 to $167,999",policy_general,79.0
Interview Prof. Sebille,income,"$100,000 to $167,999",policy_role_mean,73.0
Interview Prof. Sebille,income,"$100,000 to $167,999",policy_specific_mean,75.0
Interview Prof. Sebille,income,"$100,000 to $167,999",trust_multidimensional,79.91666666666667
Interview Prof. Sebille,income,"$100,000 to $167,999",trust_post,81.0
Interview Prof. Sebille,income,"$168,000 or more",behavior_mean,58.23333333333333
Interview Prof. Sebille,income,"$168,000 or more",belief_post,91.4
Interview Prof. Sebille,income,"$168,000 or more",concern_mean,82.10000000000001
Interview Prof. Sebille,income,"$168,000 or more",distrust_post,18.5
Interview Prof. Sebille,income,"$168,000 or more",donation_ams,4.2
Interview Prof. Sebille,income,"$168,000 or more",funding_perceptions,68.4
Interview Prof. Sebille,income,"$168,000 or more",inst_trust_mean,72.03999999999999
Interview Prof. Sebille,income,"$168,000 or more",newsletter_signup,1.26
Interview Prof. Sebille,income,"$168,000 or more",policy_general,84.2
Interview Prof. Sebille,income,"$168,000 or more",policy_role_mean,77.775
Interview Prof. Sebille,income,"$168,000 or more",policy_specific_mean,74.65714285714286
Interview Prof. Sebille,income,"$168,000 or more",trust_multidimensional,79.53333333333333
Interview Prof. Sebille,income,"$168,000 or more",trust_post,83.7
Interview Prof. Sebille,income,"$30,000 to $55,999",behavior_mean,42.76666666666667
Interview Prof. Sebille,income,"$30,000 to $55,999",belief_post,76.8
Interview Prof. Sebille,income,"$30,000 to $55,999",concern_mean,65.5
Interview Prof. Sebille,income,"$30,000 to $55,999",distrust_post,28.4
Interview Prof. Sebille,income,"$30,000 to $55,999",donation_ams,3.15
Interview Prof. Sebille,income,"$30,000 to $55,999",funding_perceptions,45.3
Interview Prof. Sebille,income,"$30,000 to $55,999",inst_trust_mean,59.36
Interview Prof. Sebille,income,"$30,000 to $55,999",newsletter_signup,1.32
Interview Prof. Sebille,income,"$30,000 to $55,999",policy_general,67.3
Interview Prof. Sebille,income,"$30,000 to $55,999",policy_role_mean,64.475
Interview Prof. Sebille,income,"$30,000 to $55,999",policy_specific_mean,66.45714285714286
Interview Prof. Sebille,income,"$30,000 to $55,999",trust_multidimensional,74.43333333333334
Interview Prof. Sebille,income,"$30,000 to $55,999",trust_post,71.6
Interview Prof. Sebille,income,"$56,000 to $99,999",behavior_mean,46.166666666666664
Interview Prof. Sebille,income,"$56,000 to $99,999",belief_post,74.0
Interview Prof. Sebille,income,"$56,000 to $99,999",concern_mean,68.0
Interview Prof. Sebille,income,"$56,000 to $99,999",distrust_post,23.0
Interview Prof. Sebille,income,"$56,000 to $99,999",donation_ams,4.2
Interview Prof. Sebille,income,"$56,000 to $99,999",funding_perceptions,47.0
Interview Prof. Sebille,income,"$56,000 to $99,999",inst_trust_mean,60.2
Interview Prof. Sebille,income,"$56,000 to $99,999",newsletter_signup,1.3
Interview Prof. Sebille,income,"$56,000 to $99,999",policy_general,70.0
Interview Prof. Sebille,income,"$56,000 to $99,999",policy_role_mean,67.0
Interview Prof. Sebille,income,"$56,000 to $99,999",policy_specific_mean,65.14285714285714
Interview Prof. Sebille,income,"$56,000 to $99,999",trust_multidimensional,74.91666666666667
Interview Prof. Sebille,income,"$56,000 to $99,999",trust_post,77.0
Interview Prof. Sebille,income,"Less than $30,000",behavior_mean,48.0
Interview Prof. Sebille,income,"Less than $30,000",belief_post,84.0
Interview Prof. Sebille,income,"Less than $30,000",concern_mean,74.66666666666667
Interview Prof. Sebille,income,"Less than $30,000",distrust_post,21.0
Interview Prof. Sebille,income,"Less than $30,000",donation_ams,1.6
Interview Prof. Sebille,income,"Less than $30,000",funding_perceptions,62.0
Interview Prof. Sebille,income,"Less than $30,000",inst_trust_mean,62.0
Interview Prof. Sebille,income,"Less than $30,000",newsletter_signup,1.4
Interview Prof. Sebille,income,"Less than $30,000",policy_general,79.0
Interview Prof. Sebille,income,"Less than $30,000",policy_role_mean,63.0
Interview Prof. Sebille,income,"Less than $30,000",policy_specific_mean,67.28571428571429
Interview Prof. Sebille,income,"Less than $30,000",trust_multidimensional,75.33333333333333
Interview Prof. Sebille,income,"Less than $30,000",trust_post,75.0
Interview Prof. Sebille,party,Democrat,behavior_mean,64.66666666666667
Interview Prof. Sebille,party,Democrat,belief_post,96.0
Interview Prof. Sebille,party,Democrat,concern_mean,85.66666666666667
Interview Prof. Sebille,party,Democrat,distrust_post,16.0
Interview Prof. Sebille,party,Democrat,donation_ams,5.2
Interview Prof. Sebille,party,Democrat,funding_perceptions,82.0
Interview Prof. Sebille,party,Democrat,inst_trust_mean,79.8
Interview Prof. Sebille,party,Democrat,newsletter_signup,1.25
Interview Prof. Sebille,party,Democrat,policy_general,91.0
Interview Prof. Sebille,party,Democrat,policy_role_mean,86.0
Interview Prof. Sebille,party,Democrat,policy_specific_mean,85.71428571428571
Interview Prof. Sebille,party,Democrat,trust_multidimensional,88.91666666666667
Interview Prof. Sebille,party,Democrat,trust_post,87.0
Interview Prof. Sebille,party,Independent,behavior_mean,46.65
Interview Prof. Sebille,party,Independent,belief_post,75.2
Interview Prof. Sebille,party,Independent,concern_mean,70.5
Interview Prof. Sebille,party,Independent,distrust_post,26.4
Interview Prof. Sebille,party,Independent,donation_ams,3.35
Interview Prof. Sebille,party,Independent,funding_perceptions,53.2
Interview Prof. Sebille,party,Independent,inst_trust_mean,56.86
Interview Prof. Sebille,party,Independent,newsletter_signup,1.58
Interview Prof. Sebille,party,Independent,policy_general,69.5
Interview Prof. Sebille,party,Independent,policy_role_mean,65.8
Interview Prof. Sebille,party,Independent,policy_specific_mean,67.45714285714286
Interview Prof. Sebille,party,Independent,trust_multidimensional,72.77499999999999
Interview Prof. Sebille,party,Independent,trust_post,71.3
Interview Prof. Sebille,party,Other,behavior_mean,53.666666666666664
Interview Prof. Sebille,party,Other,belief_post,79.0
Interview Prof. Sebille,party,Other,concern_mean,73.33333333333333
Interview Prof. Sebille,party,Other,distrust_post,23.0
Interview Prof. Sebille,party,Other,donation_ams,3.8
Interview Prof. Sebille,party,Other,funding_perceptions,58.0
Interview Prof. Sebille,party,Other,inst_trust_mean,70.4
Interview Prof. Sebille,party,Other,newsletter_signup,1.45
Interview Prof. Sebille,party,Other,policy_general,74.0
Interview Prof. Sebille,party,Other,policy_role_mean,73.5
Interview Prof. Sebille,party,Other,policy_specific_mean,72.14285714285714
Interview Prof. Sebille,party,Other,trust_multidimensional,76.58333333333333
Interview Prof. Sebille,party,Other,trust_post,77.0
Interview Prof. Sebille,party,Republican,behavior_mean,30.0
Interview Prof. Sebille,party,Republican,belief_post,46.0
Interview Prof. Sebille,party,Republican,concern_mean,36.333333333333336
Interview Prof. Sebille,party,Republican,distrust_post,58.0
Interview Prof. Sebille,party,Republican,donation_ams,1.3
Interview Prof. Sebille,party,Republican,funding_perceptions,28.0
Interview Prof. Sebille,party,Republican,inst_trust_mean,46.2
Interview Prof. Sebille,party,Republican,newsletter_signup,1.15
Interview Prof. Sebille,party,Republican,policy_general,22.0
Interview Prof. Sebille,party,Republican,policy_role_mean,45.75
Interview Prof. Sebille,party,Republican,policy_specific_mean,46.857142857142854
Interview Prof. Sebille,party,Republican,trust_multidimensional,49.916666666666664
Interview Prof. Sebille,party,Republican,trust_post,38.0
Interview Prof. Sebille,race,Asian / Asian American,behavior_mean,62.71666666666667
Interview Prof. Sebille,race,Asian / Asian American,belief_post,89.2
Interview Prof. Sebille,race,Asian / Asian American,concern_mean,77.56666666666666
Interview Prof. Sebille,race,Asian / Asian American,distrust_post,14.8
Interview Prof. Sebille,race,Asian / Asian American,donation_ams,3.7
Interview Prof. Sebille,race,Asian / Asian American,funding_perceptions,58.7
Interview Prof. Sebille,race,Asian / Asian American,inst_trust_mean,72.22
Interview Prof. Sebille,race,Asian / Asian American,newsletter_signup,1.6
Interview Prof. Sebille,race,Asian / Asian American,policy_general,76.5
Interview Prof. Sebille,race,Asian / Asian American,policy_role_mean,74.625
Interview Prof. Sebille,race,Asian / Asian American,policy_specific_mean,77.44285714285715
Interview Prof. Sebille,race,Asian / Asian American,trust_multidimensional,82.88333333333334
Interview Prof. Sebille,race,Asian / Asian American,trust_post,85.1
Interview Prof. Sebille,race,Black / African American,behavior_mean,53.5
Interview Prof. Sebille,race,Black / African American,belief_post,89.0
Interview Prof. Sebille,race,Black / African American,concern_mean,81.0
Interview Prof. Sebille,race,Black / African American,distrust_post,19.0
Interview Prof. Sebille,race,Black / African American,donation_ams,3.2
Interview Prof. Sebille,race,Black / African American,funding_perceptions,68.0
Interview Prof. Sebille,race,Black / African American,inst_trust_mean,71.8
Interview Prof. Sebille,race,Black / African American,newsletter_signup,1.35
Interview Prof. Sebille,race,Black / African American,policy_general,79.0
Interview Prof. Sebille,race,Black / African American,policy_role_mean,75.5
Interview Prof. Sebille,race,Black / African American,policy_specific_mean,77.0
Interview Prof. Sebille,race,Black / African American,trust_multidimensional,80.75
Interview Prof. Sebille,race,Black / African American,trust_post,83.0
Interview Prof. Sebille,race,Hispanic / Latino,behavior_mean,55.949999999999996
Interview Prof. Sebille,race,Hispanic / Latino,belief_post,87.6
Interview Prof. Sebille,race,Hispanic / Latino,concern_mean,80.26666666666667
Interview Prof. Sebille,race,Hispanic / Latino,distrust_post,18.2
Interview Prof. Sebille,race,Hispanic / Latino,donation_ams,4.4
Interview Prof. Sebille,race,Hispanic / Latino,funding_perceptions,80.5
Interview Prof. Sebille,race,Hispanic / Latino,inst_trust_mean,69.5
Interview Prof. Sebille,race,Hispanic / Latino,newsletter_signup,1.48
Interview Prof. Sebille,race,Hispanic / Latino,policy_general,78.3
Interview Prof. Sebille,race,Hispanic / Latino,policy_role_mean,73.725
Interview Prof. Sebille,race,Hispanic / Latino,policy_specific_mean,73.48571428571428
Interview Prof. Sebille,race,Hispanic / Latino,trust_multidimensional,81.05
Interview Prof. Sebille,race,Hispanic / Latino,trust_post,81.4
Interview Prof. Sebille,race,Other,behavior_mean,48.333333333333336
Interview Prof. Sebille,race,Other,belief_post,86.0
Interview Prof. Sebille,race,Other,concern_mean,80.66666666666667
Interview Prof. Sebille,race,Other,distrust_post,20.0
Interview Prof. Sebille,race,Other,donation_ams,2.3
Interview Prof. Sebille,race,Other,funding_perceptions,74.0
Interview Prof. Sebille,race,Other,inst_trust_mean,67.8
Interview Prof. Sebille,race,Other,newsletter_signup,1.75
Interview Prof. Sebille,race,Other,policy_general,75.0
Interview Prof. Sebille,race,Other,policy_role_mean,74.75
Interview Prof. Sebille,race,Other,policy_specific_mean,75.0
Interview Prof. Sebille,race,Other,trust_multidimensional,79.0
Interview Prof. Sebille,race,Other,trust_post,80.0
Interview Prof. Sebille,race,White / Caucasian,behavior_mean,57.43333333333334
Interview Prof. Sebille,race,White / Caucasian,belief_post,86.9
Interview Prof. Sebille,race,White / Caucasian,concern_mean,71.3
Interview Prof. Sebille,race,White / Caucasian,distrust_post,21.5
Interview Prof. Sebille,race,White / Caucasian,donation_ams,2.4
Interview Prof. Sebille,race,White / Caucasian,funding_perceptions,61.3
Interview Prof. Sebille,race,White / Caucasian,inst_trust_mean,64.22
Interview Prof. Sebille,race,White / Caucasian,newsletter_signup,1.62
Interview Prof. Sebille,race,White / Caucasian,policy_general,68.4
Interview Prof. Sebille,race,White / Caucasian,policy_role_mean,71.7
Interview Prof. Sebille,race,White / Caucasian,policy_specific_mean,72.07142857142857
Interview Prof. Sebille,race,White / Caucasian,trust_multidimensional,77.64166666666667
Interview Prof. Sebille,race,White / Caucasian,trust_post,80.3
Measurement & modeling (1),age_band,18-29,behavior_mean,50.5
Measurement & modeling (1),age_band,18-29,belief_post,87.0
Measurement & modeling (1),age_band,18-29,concern_mean,81.33333333333333
Measurement & modeling (1),age_band,18-29,distrust_post,21.0
Measurement & modeling (1),age_band,18-29,donation_ams,4.5
Measurement & modeling (1),age_band,18-29,funding_perceptions,68.0
Measurement & modeling (1),age_band,18-29,inst_trust_mean,67.2
Measurement & modeling (1),age_band,18-29,newsletter_signup,1.55
Measurement & modeling (1),age_band,18-29,policy_general,76.0
Measurement & modeling (1),age_band,18-29,policy_role_mean,71.0
Measurement & modeling (1),age_band,18-29,policy_specific_mean,72.0
Measurement & modeling (1),age_band,18-29,trust_multidimensional,74.83333333333333
Measurement & modeling (1),age_band,18-29,trust_post,79.0
Measurement & modeling (1),age_band,30-44,behavior_mean,46.53333333333333
Measurement & modeling (1),age_band,30-44,belief_post,84.6
Measurement & modeling (1),age_band,30-44,concern_mean,75.8
Measurement & modeling (1),age_band,30-44,distrust_post,19.2
Measurement & modeling (1),age_band,30-44,donation_ams,4.3
Measurement & modeling (1),age_band,30-44,funding_perceptions,54.2
Measurement & modeling (1),age_band,30-44,inst_trust_mean,67.56
Measurement & modeling (1),age_band,30-44,newsletter_signup,1.56
Measurement & modeling (1),age_band,30-44,policy_general,77.2
Measurement & modeling (1),age_band,30-44,policy_role_mean,74.1
Measurement & modeling (1),age_band,30-44,policy_specific_mean,72.34285714285714
Measurement & modeling (1),age_band,30-44,trust_multidimensional,77.29166666666667
Measurement & modeling (1),age_band,30-44,trust_post,81.5
Measurement & modeling (1),age_band,45-59,behavior_mean,40.333333333333336
Measurement & modeling (1),age_band,45-59,belief_post,78.0
Measurement & modeling (1),age_band,45-59,concern_mean,66.0
Measurement & modeling (1),age_band,45-59,distrust_post,35.0
Measurement & modeling (1),age_band,45-59,donation_ams,2.1
Measurement & modeling (1),age_band,45-59,funding_perceptions,58.0
Measurement & modeling (1),age_band,45-59,inst_trust_mean,60.8
Measurement & modeling (1),age_band,45-59,newsletter_signup,1.75
Measurement & modeling (1),age_band,45-59,policy_general,68.0
Measurement & modeling (1),age_band,45-59,policy_role_mean,66.75
Measurement & modeling (1),age_band,45-59,policy_specific_mean,69.85714285714286
Measurement & modeling (1),age_band,45-59,trust_multidimensional,66.25
Measurement & modeling (1),age_band,45-59,trust_post,65.0
Measurement & modeling (1),age_band,60+,behavior_mean,33.833333333333336
Measurement & modeling (1),age_band,60+,belief_post,86.0
Measurement & modeling (1),age_band,60+,concern_mean,72.33333333333333
Measurement & modeling (1),age_band,60+,distrust_post,25.0
Measurement & modeling (1),age_band,60+,donation_ams,3.6
Measurement & modeling (1),age_band,60+,funding_perceptions,46.0
Measurement & modeling (1),age_band,60+,inst_trust_mean,68.2
Measurement & modeling (1),age_band,60+,newsletter_signup,1.7
Measurement & modeling (1),age_band,60+,policy_general,71.0
Measurement & modeling (1),age_band,60+,policy_role_mean,67.75
Measurement & modeling (1),age_band,60+,policy_specific_mean,65.42857142857143
Measurement & modeling (1),age_band,60+,trust_multidimensional,73.16666666666667
Measurement & modeling (1),age_band,60+,trust_post,75.0
Measurement & modeling (1),education,Bachelor's degree,behavior_mean,54.75
Measurement & modeling (1),education,Bachelor's degree,belief_post,88.5
Measurement & modeling (1),education,Bachelor's degree,concern_mean,73.16666666666667
Measurement & modeling (1),education,Bachelor's degree,distrust_post,22.0
Measurement & modeling (1),education,Bachelor's degree,donation_ams,4.8
Measurement & modeling (1),education,Bachelor's degree,funding_perceptions,82.0
Measurement & modeling (1),education,Bachelor's degree,inst_trust_mean,71.5
Measurement & modeling (1),education,Bachelor's degree,newsletter_signup,1.35
Measurement & modeling (1),education,Bachelor's degree,policy_general,78.0
Measurement & modeling (1),education,Bachelor's degree,policy_role_mean,73.5
Measurement & modeling (1),education,Bachelor's degree,policy_specific_mean,76.5
Measurement & modeling (1),education,Bachelor's degree,trust_multidimensional,78.16666666666667
Measurement & modeling (1),education,Bachelor's degree,trust_post,82.0
Measurement & modeling (1),education,Doctorate degree / Ph.D.,behavior_mean,64.35000000000001
Measurement & modeling (1),education,Doctorate degree / Ph.D.,belief_post,96.2
Measurement & modeling (1),education,Doctorate degree / Ph.D.,concern_mean,87.26666666666667
Measurement & modeling (1),education,Doctorate degree / Ph.D.,distrust_post,8.6
Measurement & modeling (1),education,Doctorate degree / Ph.D.,donation_ams,3.8
Measurement & modeling (1),education,Doctorate degree / Ph.D.,funding_perceptions,86.5
Measurement & modeling (1),education,Doctorate degree / Ph.D.,inst_trust_mean,80.32000000000001
Measurement & modeling (1),education,Doctorate degree / Ph.D.,newsletter_signup,1.32
Measurement & modeling (1),education,Doctorate degree / Ph.D.,policy_general,83.7
Measurement & modeling (1),education,Doctorate degree / Ph.D.,policy_role_mean,76.325
Measurement & modeling (1),education,Doctorate degree / Ph.D.,policy_specific_mean,82.04285714285713
Measurement & modeling (1),education,Doctorate degree / Ph.D.,trust_multidimensional,84.8
Measurement & modeling (1),education,Doctorate degree / Ph.D.,trust_post,91.4
Measurement & modeling (1),education,High school diploma / GED,behavior_mean,37.38333333333333
Measurement & modeling (1),education,High school diploma / GED,belief_post,65.4
Measurement & modeling (1),education,High school diploma / GED,concern_mean,65.2
Measurement & modeling (1),education,High school diploma / GED,distrust_post,23.9
Measurement & modeling (1),education,High school diploma / GED,donation_ams,1.85
Measurement & modeling (1),education,High school diploma / GED,funding_perceptions,48.7
Measurement & modeling (1),education,High school diploma / GED,inst_trust_mean,60.080000000000005
Measurement & modeling (1),education,High school diploma / GED,newsletter_signup,1.16
Measurement & modeling (1),education,High school diploma / GED,policy_general,59.2
Measurement & modeling (1),education,High school diploma / GED,policy_role_mean,63.0
Measurement & modeling (1),education,High school diploma / GED,policy_specific_mean,65.75714285714285
Measurement & modeling (1),education,High school diploma / GED,trust_multidimensional,68.18333333333334
Measurement & modeling (1),education,High school diploma / GED,trust_post,76.1
Measurement & modeling (1),education,Less than high school,behavior_mean,31.450000000000003
Measurement & modeling (1),education,Less than high school,belief_post,39.5
Measurement & modeling (1),education,Less than high school,concern_mean,39.9
Measurement & modeling (1),education,Less than high school,distrust_post,52.7
Measurement & modeling (1),education,Less than high school,donation_ams,1.9
Measurement & modeling (1),education,Less than high school,funding_perceptions,36.6
Measurement & modeling (1),education,Less than high school,inst_trust_mean,39.96
Measurement & modeling (1),education,Less than high school,newsletter_signup,1.72
Measurement & modeling (1),education,Less than high school,policy_general,36.1
Measurement & modeling (1),education,Less than high school,policy_role_mean,45.275
Measurement & modeling (1),education,Less than high school,policy_specific_mean,47.98571428571428
Measurement & modeling (1),education,Less than high school,trust_multidimensional,51.96666666666667
Measurement & modeling (1),education,Less than high school,trust_post,48.2
Measurement & modeling (1),education,Master's degree / Professional degree,behavior_mean,57.0
Measurement & modeling (1),education,Master's degree / Professional degree,belief_post,94.0
Measurement & modeling (1),education,Master's degree / Professional degree,concern_mean,84.66666666666667
Measurement & modeling (1),education,Master's degree / Professional degree,distrust_post,16.0
Measurement & modeling (1),education,Master's degree / Professional degree,donation_ams,4.1
Measurement & modeling (1),education,Master's degree / Professional degree,funding_perceptions,70.0
Measurement & modeling (1),education,Master's degree / Professional degree,inst_trust_mean,73.6
Measurement & modeling (1),education,Master's degree / Professional degree,newsletter_signup,1.35
Measurement & modeling (1),education,Master's degree / Professional degree,policy_general,79.0
Measurement & modeling (1),education,Master's degree / Professional degree,policy_role_mean,73.5
Measurement & modeling (1),education,Master's degree / Professional degree,policy_specific_mean,78.42857142857143
Measurement & modeling (1),education,Master's degree / Professional degree,trust_multidimensional,81.16666666666667
Measurement & modeling (1),education,Master's degree / Professional degree,trust_post,86.0
Measurement & modeling (1),education,Some college or Associate's degree,behavior_mean,48.56666666666666
Measurement & modeling (1),education,Some college or Associate's degree,belief_post,76.9
Measurement & modeling (1),education,Some college or Associate's degree,concern_mean,71.63333333333334
Measurement & modeling (1),education,Some college or Associate's degree,distrust_post,24.8
Measurement & modeling (1),education,Some college or Associate's degree,donation_ams,2.75
Measurement & modeling (1),education,Some college or Associate's degree,funding_perceptions,68.5
Measurement & modeling (1),education,Some college or Associate's degree,inst_trust_mean,68.28
Measurement & modeling (1),education,Some college or Associate's degree,newsletter_signup,1.64
Measurement & modeling (1),education,Some college or Associate's degree,policy_general,79.2
Measurement & modeling (1),education,Some college or Associate's degree,policy_role_mean,67.375
Measurement & modeling (1),education,Some college or Associate's degree,policy_specific_mean,70.65714285714286
Measurement & modeling (1),education,Some college or Associate's degree,trust_multidimensional,71.14166666666667
Measurement & modeling (1),education,Some college or Associate's degree,trust_post,75.3
Measurement & modeling (1),gender,Female,behavior_mean,49.98333333333333
Measurement & modeling (1),gender,Female,belief_post,93.4
Measurement & modeling (1),gender,Female,concern_mean,84.83333333333333
Measurement & modeling (1),gender,Female,distrust_post,18.2
Measurement & modeling (1),gender,Female,donation_ams,3.6
Measurement & modeling (1),gender,Female,funding_perceptions,72.5
Measurement & modeling (1),gender,Female,inst_trust_mean,72.97999999999999
Measurement & modeling (1),gender,Female,newsletter_signup,1.3
Measurement & modeling (1),gender,Female,policy_general,87.6
Measurement & modeling (1),gender,Female,policy_role_mean,80.45
Measurement & modeling (1),gender,Female,policy_specific_mean,80.8
Measurement & modeling (1),gender,Female,trust_multidimensional,83.01666666666667
Measurement & modeling (1),gender,Female,trust_post,84.7
Measurement & modeling (1),gender,Male,behavior_mean,44.666666666666664
Measurement & modeling (1),gender,Male,belief_post,78.0
Measurement & modeling (1),gender,Male,concern_mean,64.0
Measurement & modeling (1),gender,Male,distrust_post,18.0
Measurement & modeling (1),gender,Male,donation_ams,3.9
Measurement & modeling (1),gender,Male,funding_perceptions,54.0
Measurement & modeling (1),gender,Male,inst_trust_mean,62.8
Measurement & modeling (1),gender,Male,newsletter_signup,1.58
Measurement & modeling (1),gender,Male,policy_general,66.0
Measurement & modeling (1),gender,Male,policy_role_mean,65.0
Measurement & modeling (1),gender,Male,policy_specific_mean,67.71428571428571
Measurement & modeling (1),gender,Male,trust_multidimensional,73.91666666666667
Measurement & modeling (1),gender,Male,trust_post,82.0
Measurement & modeling (1),gender,Other,behavior_mean,69.71666666666667
Measurement & modeling (1),gender,Other,belief_post,91.3
Measurement & modeling (1),gender,Other,concern_mean,82.46666666666667
Measurement & modeling (1),gender,Other,distrust_post,15.8
Measurement & modeling (1),gender,Other,donation_ams,5.6
Measurement & modeling (1),gender,Other,funding_perceptions,78.5
Measurement & modeling (1),gender,Other,inst_trust_mean,77.82000000000001
Measurement & modeling (1),gender,Other,newsletter_signup,1.45
Measurement & modeling (1),gender,Other,policy_general,87.6
Measurement & modeling (1),gender,Other,policy_role_mean,85.35
Measurement & modeling (1),gender,Other,policy_specific_mean,82.81428571428572
Measurement & modeling (1),gender,Other,trust_multidimensional,85.50833333333333
Measurement & modeling (1),gender,Other,trust_post,86.4
Measurement & modeling (1),income,"$100,000 to $167,999",behavior_mean,53.48333333333333
Measurement & modeling (1),income,"$100,000 to $167,999",belief_post,89.3
Measurement & modeling (1),income,"$100,000 to $167,999",concern_mean,80.46666666666667
Measurement & modeling (1),income,"$100,000 to $167,999",distrust_post,21.4
Measurement & modeling (1),income,"$100,000 to $167,999",donation_ams,3.8
Measurement & modeling (1),income,"$100,000 to $167,999",funding_perceptions,63.3
Measurement & modeling (1),income,"$100,000 to $167,999",inst_trust_mean,71.92
Measurement & modeling (1),income,"$100,000 to $167,999",newsletter_signup,1.62
Measurement & modeling (1),income,"$100,000 to $167,999",policy_general,77.5
Measurement & modeling (1),income,"$100,000 to $167,999",policy_role_mean,71.975
Measurement & modeling (1),income,"$100,000 to $167,999",policy_specific_mean,71.98571428571428
Measurement & modeling (1),income,"$100,000 to $167,999",trust_multidimensional,79.89166666666667
Measurement & modeling (1),income,"$100,000 to $167,999",trust_post,80.1
Measurement & modeling (1),income,"$168,000 or more",behavior_mean,57.98333333333333
Measurement & modeling (1),income,"$168,000 or more",belief_post,89.2
Measurement & modeling (1),income,"$168,000 or more",concern_mean,86.3
Measurement & modeling (1),income,"$168,000 or more",distrust_post,16.8
Measurement & modeling (1),income,"$168,000 or more",donation_ams,4.8
Measurement & modeling (1),income,"$168,000 or more",funding_perceptions,67.5
Measurement & modeling (1),income,"$168,000 or more",inst_trust_mean,76.86
Measurement & modeling (1),income,"$168,000 or more",newsletter_signup,1.45
Measurement & modeling (1),income,"$168,000 or more",policy_general,81.4
Measurement & modeling (1),income,"$168,000 or more",policy_role_mean,81.55
Measurement & modeling (1),income,"$168,000 or more",policy_specific_mean,81.62857142857142
Measurement & modeling (1),income,"$168,000 or more",trust_multidimensional,81.66666666666667
Measurement & modeling (1),income,"$168,000 or more",trust_post,83.5
Measurement & modeling (1),income,"$30,000 to $55,999",behavior_mean,44.666666666666664
Measurement & modeling (1),income,"$30,000 to $55,999",belief_post,76.0
Measurement & modeling (1),income,"$30,000 to $55,999",concern_mean,63.333333333333336
Measurement & modeling (1),income,"$30,000 to $55,999",distrust_post,27.0
Measurement & modeling (1),income,"$30,000 to $55,999",donation_ams,2.5
Measurement & modeling (1),income,"$30,000 to $55,999",funding_perceptions,59.0
Measurement & modeling (1),income,"$30,000 to $55,999",inst_trust_mean,66.4
Measurement & modeling (1),income,"$30,000 to $55,999",newsletter_signup,1.35
Measurement & modeling (1),income,"$30,000 to $55,999",policy_general,66.0
Measurement & modeling (1),income,"$30,000 to $55,999",policy_role_mean,59.0
Measurement & modeling (1),income,"$30,000 to $55,999",policy_specific_mean,64.0
Measurement & modeling (1),income,"$30,000 to $55,999",trust_multidimensional,70.08333333333333
Measurement & modeling (1),income,"$30,000 to $55,999",trust_post,73.0
Measurement & modeling (1),income,"$56,000 to $99,999",behavior_mean,47.166666666666664
Measurement & modeling (1),income,"$56,000 to $99,999",belief_post,80.0
Measurement & modeling (1),income,"$56,000 to $99,999",concern_mean,69.0
Measurement & modeling (1),income,"$56,000 to $99,999",distrust_post,24.0
Measurement & modeling (1),income,"$56,000 to $99,999",donation_ams,4.8
Measurement & modeling (1),income,"$56,000 to $99,999",funding_perceptions,46.0
Measurement & modeling (1),income,"$56,000 to $99,999",inst_trust_mean,67.4
Measurement & modeling (1),income,"$56,000 to $99,999",newsletter_signup,1.28
Measurement & modeling (1),income,"$56,000 to $99,999",policy_general,74.0
Measurement & modeling (1),income,"$56,000 to $99,999",policy_role_mean,71.75
Measurement & modeling (1),income,"$56,000 to $99,999",policy_specific_mean,65.42857142857143
Measurement & modeling (1),income,"$56,000 to $99,999",trust_multidimensional,73.08333333333333
Measurement & modeling (1),income,"$56,000 to $99,999",trust_post,76.0
Measurement & modeling (1),income,"Less than $30,000",behavior_mean,44.5
Measurement & modeling (1),income,"Less than $30,000",belief_post,86.2
Measurement & modeling (1),income,"Less than $30,000",concern_mean,78.16666666666667
Measurement & modeling (1),income,"Less than $30,000",distrust_post,28.3
Measurement & modeling (1),income,"Less than $30,000",donation_ams,2.15
Measurement & modeling (1),income,"Less than $30,000",funding_perceptions,63.5
Measurement & modeling (1),income,"Less than $30,000",inst_trust_mean,60.7
Measurement & modeling (1),income,"Less than $30,000",newsletter_signup,1.68
Measurement & modeling (1),income,"Less than $30,000",policy_general,82.4
Measurement & modeling (1),income,"Less than $30,000",policy_role_mean,70.925
Measurement & modeling (1),income,"Less than $30,000",policy_specific_mean,67.98571428571428
Measurement & modeling (1),income,"Less than $30,000",trust_multidimensional,71.64166666666667
Measurement & modeling (1),income,"Less than $30,000",trust_post,68.7
Measurement & modeling (1),party,Democrat,behavior_mean,53.833333333333336
Measurement & modeling (1),party,Democrat,belief_post,93.0
Measurement & modeling (1),party,Democrat,concern_mean,82.0
Measurement & modeling (1),party,Democrat,distrust_post,21.0
Measurement & modeling (1),party,Democrat,donation_ams,5.1
Measurement & modeling (1),party,Democrat,funding_perceptions,83.0
Measurement & modeling (1),party,Democrat,inst_trust_mean,72.4
Measurement & modeling (1),party,Democrat,newsletter_signup,1.4
Measurement & modeling (1),party,Democrat,policy_general,87.0
Measurement & modeling (1),party,Democrat,policy_role_mean,77.5
Measurement & modeling (1),party,Democrat,policy_specific_mean,81.71428571428571
Measurement & modeling (1),party,Democrat,trust_multidimensional,78.5
Measurement & modeling (1),party,Democrat,trust_post,82.0
Measurement & modeling (1),party,Independent,behavior_mean,47.833333333333336
Measurement & modeling (1),party,Independent,belief_post,84.0
Measurement & modeling (1),party,Independent,concern_mean,69.33333333333333
Measurement & modeling (1),party,Independent,distrust_post,23.0
Measurement & modeling (1),party,Independent,donation_ams,2.7
Measurement & modeling (1),party,Independent,funding_perceptions,54.0
Measurement & modeling (1),party,Independent,inst_trust_mean,66.4
Measurement & modeling (1),party,Independent,newsletter_signup,1.35
Measurement & modeling (1),party,Independent,policy_general,65.0
Measurement & modeling (1),party,Independent,policy_role_mean,65.5
Measurement & modeling (1),party,Independent,policy_specific_mean,68.71428571428571
Measurement & modeling (1),party,Independent,trust_multidimensional,79.33333333333333
Measurement & modeling (1),party,Independent,trust_post,77.0
Measurement & modeling (1),party,Other,behavior_mean,43.21666666666667
Measurement & modeling (1),party,Other,belief_post,75.8
Measurement & modeling (1),party,Other,concern_mean,65.6
Measurement & modeling (1),party,Other,distrust_post,31.2
Measurement & modeling (1),party,Other,donation_ams,4.3
Measurement & modeling (1),party,Other,funding_perceptions,46.9
Measurement & modeling (1),party,Other,inst_trust_mean,61.8
Measurement & modeling (1),party,Other,newsletter_signup,1.5
Measurement & modeling (1),party,Other,policy_general,70.4
Measurement & modeling (1),party,Other,policy_role_mean,60.375
Measurement & modeling (1),party,Other,policy_specific_mean,65.45714285714286
Measurement & modeling (1),party,Other,trust_multidimensional,67.9
Measurement & modeling (1),party,Other,trust_post,68.5
Measurement & modeling (1),party,Republican,behavior_mean,19.5
Measurement & modeling (1),party,Republican,belief_post,54.0
Measurement & modeling (1),party,Republican,concern_mean,38.0
Measurement & modeling (1),party,Republican,distrust_post,50.0
Measurement & modeling (1),party,Republican,donation_ams,1.2
Measurement & modeling (1),party,Republican,funding_perceptions,32.0
Measurement & modeling (1),party,Republican,inst_trust_mean,39.2
Measurement & modeling (1),party,Republican,newsletter_signup,1.8
Measurement & modeling (1),party,Republican,policy_general,32.0
Measurement & modeling (1),party,Republican,policy_role_mean,48.0
Measurement & modeling (1),party,Republican,policy_specific_mean,44.857142857142854
Measurement & modeling (1),party,Republican,trust_multidimensional,51.833333333333336
Measurement & modeling (1),party,Republican,trust_post,44.0
Measurement & modeling (1),race,Asian / Asian American,behavior_mean,40.333333333333336
Measurement & modeling (1),race,Asian / Asian American,belief_post,83.5
Measurement & modeling (1),race,Asian / Asian American,concern_mean,77.0
Measurement & modeling (1),race,Asian / Asian American,distrust_post,22.0
Measurement & modeling (1),race,Asian / Asian American,donation_ams,2.8
Measurement & modeling (1),race,Asian / Asian American,funding_perceptions,48.0
Measurement & modeling (1),race,Asian / Asian American,inst_trust_mean,70.1
Measurement & modeling (1),race,Asian / Asian American,newsletter_signup,1.55
Measurement & modeling (1),race,Asian / Asian American,policy_general,86.0
Measurement & modeling (1),race,Asian / Asian American,policy_role_mean,74.125
Measurement & modeling (1),race,Asian / Asian American,policy_specific_mean,76.14285714285714
Measurement & modeling (1),race,Asian / Asian American,trust_multidimensional,75.25
Measurement & modeling (1),race,Asian / Asian American,trust_post,79.5
Measurement & modeling (1),race,Black / African American,behavior_mean,44.56666666666667
Measurement & modeling (1),race,Black / African American,belief_post,88.7
Measurement & modeling (1),race,Black / African American,concern_mean,81.56666666666666
Measurement & modeling (1),race,Black / African American,distrust_post,18.6
Measurement & modeling (1),race,Black / African American,donation_ams,2.15
Measurement & modeling (1),race,Black / African American,funding_perceptions,70.6
Measurement & modeling (1),race,Black / African American,inst_trust_mean,68.32000000000001
Measurement & modeling (1),race,Black / African American,newsletter_signup,1.18
Measurement & modeling (1),race,Black / African American,policy_general,79.3
Measurement & modeling (1),race,Black / African American,policy_role_mean,79.675
Measurement & modeling (1),race,Black / African American,policy_specific_mean,78.34285714285714
Measurement & modeling (1),race,Black / African American,trust_multidimensional,80.85000000000001
Measurement & modeling (1),race,Black / African American,trust_post,81.5
Measurement & modeling (1),race,Hispanic / Latino,behavior_mean,45.98333333333333
Measurement & modeling (1),race,Hispanic / Latino,belief_post,87.6
Measurement & modeling (1),race,Hispanic / Latino,concern_mean,77.33333333333333
Measurement & modeling (1),race,Hispanic / Latino,distrust_post,18.2
Measurement & modeling (1),race,Hispanic / Latino,donation_ams,2.7
Measurement & modeling (1),race,Hispanic / Latino,funding_perceptions,62.5
Measurement & modeling (1),race,Hispanic / Latino,inst_trust_mean,73.44
Measurement & modeling (1),race,Hispanic / Latino,newsletter_signup,1.72
Measurement & modeling (1),race,Hispanic / Latino,policy_general,76.8
Measurement & modeling (1),race,Hispanic / Latino,policy_role_mean,71.35
Measurement & modeling (1),race,Hispanic / Latino,policy_specific_mean,74.74285714285715
Measurement & modeling (1),race,Hispanic / Latino,trust_multidimensional,77.33333333333333
Measurement & modeling (1),race,Hispanic / Latino,trust_post,82.3
Measurement & modeling (1),race,Other,behavior_mean,52.0
Measurement & modeling (1),race,Other,belief_post,88.0
Measurement & modeling (1),race,Other,concern_mean,78.66666666666667
Measurement & modeling (1),race,Other,distrust_post,24.0
Measurement & modeling (1),race,Other,donation_ams,3.2
Measurement & modeling (1),race,Other,funding_perceptions,65.0
Measurement & modeling (1),race,Other,inst_trust_mean,67.0
Measurement & modeling (1),race,Other,newsletter_signup,1.25
Measurement & modeling (1),race,Other,policy_general,76.0
Measurement & modeling (1),race,Other,policy_role_mean,69.5
Measurement & modeling (1),race,Other,policy_specific_mean,74.28571428571429
Measurement & modeling (1),race,Other,trust_multidimensional,71.58333333333333
Measurement & modeling (1),race,Other,trust_post,75.0
Measurement & modeling (1),race,White / Caucasian,behavior_mean,37.5
Measurement & modeling (1),race,White / Caucasian,belief_post,69.4
Measurement & modeling (1),race,White / Caucasian,concern_mean,65.10000000000001
Measurement & modeling (1),race,White / Caucasian,distrust_post,22.1
Measurement & modeling (1),race,White / Caucasian,donation_ams,1.9
Measurement & modeling (1),race,White / Caucasian,funding_perceptions,53.5
Measurement & modeling (1),race,White / Caucasian,inst_trust_mean,64.06
Measurement & modeling (1),race,White / Caucasian,newsletter_signup,1.75
Measurement & modeling (1),race,White / Caucasian,policy_general,64.8
Measurement & modeling (1),race,White / Caucasian,policy_role_mean,64.45
Measurement & modeling (1),race,White / Caucasian,policy_specific_mean,59.0
Measurement & modeling (1),race,White / Caucasian,trust_multidimensional,76.79166666666667
Measurement & modeling (1),race,White / Caucasian,trust_post,76.9
Measurement & modeling (2),age_band,18-29,behavior_mean,63.85
Measurement & modeling (2),age_band,18-29,belief_post,86.7
Measurement & modeling (2),age_band,18-29,concern_mean,81.66666666666667
Measurement & modeling (2),age_band,18-29,distrust_post,14.2
Measurement & modeling (2),age_band,18-29,donation_ams,4.3
Measurement & modeling (2),age_band,18-29,funding_perceptions,76.9
Measurement & modeling (2),age_band,18-29,inst_trust_mean,76.0
Measurement & modeling (2),age_band,18-29,newsletter_signup,1.32
Measurement & modeling (2),age_band,18-29,policy_general,87.4
Measurement & modeling (2),age_band,18-29,policy_role_mean,81.425
Measurement & modeling (2),age_band,18-29,policy_specific_mean,83.75714285714285
Measurement & modeling (2),age_band,18-29,trust_multidimensional,81.90833333333333
Measurement & modeling (2),age_band,18-29,trust_post,83.5
Measurement & modeling (2),age_band,30-44,behavior_mean,46.1
Measurement & modeling (2),age_band,30-44,belief_post,88.5
Measurement & modeling (2),age_band,30-44,concern_mean,75.63333333333333
Measurement & modeling (2),age_band,30-44,distrust_post,21.4
Measurement & modeling (2),age_band,30-44,donation_ams,4.2
Measurement & modeling (2),age_band,30-44,funding_perceptions,77.2
Measurement & modeling (2),age_band,30-44,inst_trust_mean,67.62
Measurement & modeling (2),age_band,30-44,newsletter_signup,1.25
Measurement & modeling (2),age_band,30-44,policy_general,80.2
Measurement & modeling (2),age_band,30-44,policy_role_mean,70.35
Measurement & modeling (2),age_band,30-44,policy_specific_mean,74.25714285714285
Measurement & modeling (2),age_band,30-44,trust_multidimensional,74.65833333333333
Measurement & modeling (2),age_band,30-44,trust_post,76.3
Measurement & modeling (2),age_band,45-59,behavior_mean,41.65
Measurement & modeling (2),age_band,45-59,belief_post,80.3
Measurement & modeling (2),age_band,45-59,concern_mean,69.8
Measurement & modeling (2),age_band,45-59,distrust_post,22.8
Measurement & modeling (2),age_band,45-59,donation_ams,2.6
Measurement & modeling (2),age_band,45-59,funding_perceptions,53.5
Measurement & modeling (2),age_band,45-59,inst_trust_mean,65.98
Measurement & modeling (2),age_band,45-59,newsletter_signup,1.34
Measurement & modeling (2),age_band,45-59,policy_general,61.2
Measurement & modeling (2),age_band,45-59,policy_role_mean,69.025
Measurement & modeling (2),age_band,45-59,policy_specific_mean,68.47142857142858
Measurement & modeling (2),age_band,45-59,trust_multidimensional,71.20833333333333
Measurement & modeling (2),age_band,45-59,trust_post,75.6
Measurement & modeling (2),age_band,60+,behavior_mean,49.333333333333336
Measurement & modeling (2),age_band,60+,belief_post,81.0
Measurement & modeling (2),age_band,60+,concern_mean,71.5
Measurement & modeling (2),age_band,60+,distrust_post,22.5
Measurement & modeling (2),age_band,60+,donation_ams,3.4
Measurement & modeling (2),age_band,60+,funding_perceptions,54.0
Measurement & modeling (2),age_band,60+,inst_trust_mean,65.3
Measurement & modeling (2),age_band,60+,newsletter_signup,1.22
Measurement & modeling (2),age_band,60+,policy_general,76.0
Measurement & modeling (2),age_band,60+,policy_role_mean,69.25
Measurement & modeling (2),age_band,60+,policy_specific_mean,69.28571428571429
Measurement & modeling (2),age_band,60+,trust_multidimensional,74.79166666666667
Measurement & modeling (2),age_band,60+,trust_post,77.5
Measurement & modeling (2),education,Bachelor's degree,behavior_mean,47.300000000000004
Measurement & modeling (2),education,Bachelor's degree,belief_post,91.2
Measurement & modeling (2),education,Bachelor's degree,concern_mean,72.76666666666667
Measurement & modeling (2),education,Bachelor's degree,distrust_post,17.3
Measurement & modeling (2),education,Bachelor's degree,donation_ams,2.65
Measurement & modeling (2),education,Bachelor's degree,funding_perceptions,71.5
Measurement & modeling (2),education,Bachelor's degree,inst_trust_mean,71.08
Measurement & modeling (2),education,Bachelor's degree,newsletter_signup,1.45
Measurement & modeling (2),education,Bachelor's degree,policy_general,74.8
Measurement & modeling (2),education,Bachelor's degree,policy_role_mean,69.2
Measurement & modeling (2),education,Bachelor's degree,policy_specific_mean,73.68571428571428
Measurement & modeling (2),education,Bachelor's degree,trust_multidimensional,73.63333333333334
Measurement & modeling (2),education,Bachelor's degree,trust_post,82.6
Measurement & modeling (2),education,Doctorate degree / Ph.D.,behavior_mean,61.96666666666667
Measurement & modeling (2),education,Doctorate degree / Ph.D.,belief_post,94.3
Measurement & modeling (2),education,Doctorate degree / Ph.D.,concern_mean,84.7
Measurement & modeling (2),education,Doctorate degree / Ph.D.,distrust_post,13.5
Measurement & modeling (2),education,Doctorate degree / Ph.D.,donation_ams,4.7
Measurement & modeling (2),education,Doctorate degree / Ph.D.,funding_perceptions,82.8
Measurement & modeling (2),education,Doctorate degree / Ph.D.,inst_trust_mean,78.64
Measurement & modeling (2),education,Doctorate degree / Ph.D.,newsletter_signup,1.18
Measurement & modeling (2),education,Doctorate degree / Ph.D.,policy_general,86.1
Measurement & modeling (2),education,Doctorate degree / Ph.D.,policy_role_mean,82.45
Measurement & modeling (2),education,Doctorate degree / Ph.D.,policy_specific_mean,83.68571428571428
Measurement & modeling (2),education,Doctorate degree / Ph.D.,trust_multidimensional,82.96666666666667
Measurement & modeling (2),education,Doctorate degree / Ph.D.,trust_post,83.7
Measurement & modeling (2),education,High school diploma / GED,behavior_mean,35.016666666666666
Measurement & modeling (2),education,High school diploma / GED,belief_post,64.3
Measurement & modeling (2),education,High school diploma / GED,concern_mean,54.800000000000004
Measurement & modeling (2),education,High school diploma / GED,distrust_post,24.8
Measurement & modeling (2),education,High school diploma / GED,donation_ams,3.4
Measurement & modeling (2),education,High school diploma / GED,funding_perceptions,45.8
Measurement & modeling (2),education,High school diploma / GED,inst_trust_mean,55.1
Measurement & modeling (2),education,High school diploma / GED,newsletter_signup,1.58
Measurement & modeling (2),education,High school diploma / GED,policy_general,59.7
Measurement & modeling (2),education,High school diploma / GED,policy_role_mean,57.65
Measurement & modeling (2),education,High school diploma / GED,policy_specific_mean,58.142857142857146
Measurement & modeling (2),education,High school diploma / GED,trust_multidimensional,63.60833333333333
Measurement & modeling (2),education,High school diploma / GED,trust_post,71.5
Measurement & modeling (2),education,Less than high school,behavior_mean,26.333333333333332
Measurement & modeling (2),education,Less than high school,belief_post,48.0
Measurement & modeling (2),education,Less than high school,concern_mean,37.333333333333336
Measurement & modeling (2),education,Less than high school,distrust_post,42.0
Measurement & modeling (2),education,Less than high school,donation_ams,1.6
Measurement & modeling (2),education,Less than high school,funding_perceptions,36.0
Measurement & modeling (2),education,Less than high school,inst_trust_mean,48.4
Measurement & modeling (2),education,Less than high school,newsletter_signup,1.18
Measurement & modeling (2),education,Less than high school,policy_general,38.0
Measurement & modeling (2),education,Less than high school,policy_role_mean,56.0
Measurement & modeling (2),education,Less than high school,policy_specific_mean,49.142857142857146
Measurement & modeling (2),education,Less than high school,trust_multidimensional,54.583333333333336
Measurement & modeling (2),education,Less than high school,trust_post,58.0
Measurement & modeling (2),education,Master's degree / Professional degree,behavior_mean,67.16666666666667
Measurement & modeling (2),education,Master's degree / Professional degree,belief_post,95.0
Measurement & modeling (2),education,Master's degree / Professional degree,concern_mean,84.33333333333333
Measurement & modeling (2),education,Master's degree / Professional degree,distrust_post,13.0
Measurement & modeling (2),education,Master's degree / Professional degree,donation_ams,3.8
Measurement & modeling (2),education,Master's degree / Professional degree,funding_perceptions,84.0
Measurement & modeling (2),education,Master's degree / Professional degree,inst_trust_mean,81.4
Measurement & modeling (2),education,Master's degree / Professional degree,newsletter_signup,1.3
Measurement & modeling (2),education,Master's degree / Professional degree,policy_general,86.0
Measurement & modeling (2),education,Master's degree / Professional degree,policy_role_mean,79.0
Measurement & modeling (2),education,Master's degree / Professional degree,policy_specific_mean,81.71428571428571
Measurement & modeling (2),education,Master's degree / Professional degree,trust_multidimensional,83.08333333333333
Measurement & modeling (2),education,Master's degree / Professional degree,trust_post,87.0
Measurement & modeling (2),education,Some college or Associate's degree,behavior_mean,45.06666666666666
Measurement & modeling (2),education,Some college or Associate's degree,belief_post,78.9
Measurement & modeling (2),education,Some college or Associate's degree,concern_mean,65.96666666666667
Measurement & modeling (2),education,Some college or Associate's degree,distrust_post,23.8
Measurement & modeling (2),education,Some college or Associate's degree,donation_ams,2.7
Measurement & modeling (2),education,Some college or Associate's degree,funding_perceptions,62.5
Measurement & modeling (2),education,Some college or Associate's degree,inst_trust_mean,62.379999999999995
Measurement & modeling (2),education,Some college or Associate's degree,newsletter_signup,1.72
Measurement & modeling (2),education,Some college or Associate's degree,policy_general,75.6
Measurement & modeling (2),education,Some college or Associate's degree,policy_role_mean,61.55
Measurement & modeling (2),education,Some college or Associate's degree,policy_specific_mean,68.92857142857143
Measurement & modeling (2),education,Some college or Associate's degree,trust_multidimensional,69.66666666666667
Measurement & modeling (2),education,Some college or Associate's degree,trust_post,76.4
Measurement & modeling (2),gender,Female,behavior_mean,56.9
Measurement & modeling (2),gender,Female,belief_post,89.2
Measurement & modeling (2),gender,Female,concern_mean,79.56666666666666
Measurement & modeling (2),gender,Female,distrust_post,13.8
Measurement & modeling (2),gender,Female,donation_ams,3.2
Measurement & modeling (2),gender,Female,funding_perceptions,58.5
Measurement & modeling (2),gender,Female,inst_trust_mean,72.58
Measurement & modeling (2),gender,Female,newsletter_signup,1.55
Measurement & modeling (2),gender,Female,policy_general,79.1
Measurement & modeling (2),gender,Female,policy_role_mean,77.275
Measurement & modeling (2),gender,Female,policy_specific_mean,74.58571428571429
Measurement & modeling (2),gender,Female,trust_multidimensional,83.44166666666666
Measurement & modeling (2),gender,Female,trust_post,86.4
Measurement & modeling (2),gender,Male,behavior_mean,44.916666666666664
Measurement & modeling (2),gender,Male,belief_post,78.5
Measurement & modeling (2),gender,Male,concern_mean,58.666666666666664
Measurement & modeling (2),gender,Male,distrust_post,20.8
Measurement & modeling (2),gender,Male,donation_ams,2.65
Measurement & modeling (2),gender,Male,funding_perceptions,58.0
Measurement & modeling (2),gender,Male,inst_trust_mean,64.0
Measurement & modeling (2),gender,Male,newsletter_signup,1.62
Measurement & modeling (2),gender,Male,policy_general,64.2
Measurement & modeling (2),gender,Male,policy_role_mean,68.05
Measurement & modeling (2),gender,Male,policy_specific_mean,68.0
Measurement & modeling (2),gender,Male,trust_multidimensional,74.41666666666667
Measurement & modeling (2),gender,Male,trust_post,79.5
Measurement & modeling (2),gender,Other,behavior_mean,69.89999999999999
Measurement & modeling (2),gender,Other,belief_post,89.2
Measurement & modeling (2),gender,Other,concern_mean,83.0
Measurement & modeling (2),gender,Other,distrust_post,16.4
Measurement & modeling (2),gender,Other,donation_ams,4.35
Measurement & modeling (2),gender,Other,funding_perceptions,67.5
Measurement & modeling (2),gender,Other,inst_trust_mean,71.0
Measurement & modeling (2),gender,Other,newsletter_signup,1.68
Measurement & modeling (2),gender,Other,policy_general,86.7
Measurement & modeling (2),gender,Other,policy_role_mean,84.9
Measurement & modeling (2),gender,Other,policy_specific_mean,84.2
Measurement & modeling (2),gender,Other,trust_multidimensional,83.27499999999999
Measurement & modeling (2),gender,Other,trust_post,83.6
Measurement & modeling (2),income,"$100,000 to $167,999",behavior_mean,46.666666666666664
Measurement & modeling (2),income,"$100,000 to $167,999",belief_post,86.0
Measurement & modeling (2),income,"$100,000 to $167,999",concern_mean,70.66666666666667
Measurement & modeling (2),income,"$100,000 to $167,999",distrust_post,18.0
Measurement & modeling (2),income,"$100,000 to $167,999",donation_ams,3.8
Measurement & modeling (2),income,"$100,000 to $167,999",funding_perceptions,55.0
Measurement & modeling (2),income,"$100,000 to $167,999",inst_trust_mean,68.2
Measurement & modeling (2),income,"$100,000 to $167,999",newsletter_signup,1.42
Measurement & modeling (2),income,"$100,000 to $167,999",policy_general,76.0
Measurement & modeling (2),income,"$100,000 to $167,999",policy_role_mean,68.5
Measurement & modeling (2),income,"$100,000 to $167,999",policy_specific_mean,72.0
Measurement & modeling (2),income,"$100,000 to $167,999",trust_multidimensional,71.33333333333333
Measurement & modeling (2),income,"$100,000 to $167,999",trust_post,74.0
Measurement & modeling (2),income,"$168,000 or more",behavior_mean,57.5
Measurement & modeling (2),income,"$168,000 or more",belief_post,89.0
Measurement & modeling (2),income,"$168,000 or more",concern_mean,76.0
Measurement & modeling (2),income,"$168,000 or more",distrust_post,21.0
Measurement & modeling (2),income,"$168,000 or more",donation_ams,6.8
Measurement & modeling (2),income,"$168,000 or more",funding_perceptions,62.0
Measurement & modeling (2),income,"$168,000 or more",inst_trust_mean,73.0
Measurement & modeling (2),income,"$168,000 or more",newsletter_signup,1.4
Measurement & modeling (2),income,"$168,000 or more",policy_general,77.0
Measurement & modeling (2),income,"$168,000 or more",policy_role_mean,71.5
Measurement & modeling (2),income,"$168,000 or more",policy_specific_mean,74.0
Measurement & modeling (2),income,"$168,000 or more",trust_multidimensional,78.25
Measurement & modeling (2),income,"$168,000 or more",trust_post,79.0
Measurement & modeling (2),income,"$30,000 to $55,999",behavior_mean,42.833333333333336
Measurement & modeling (2),income,"$30,000 to $55,999",belief_post,89.0
Measurement & modeling (2),income,"$30,000 to $55,999",concern_mean,76.0
Measurement & modeling (2),income,"$30,000 to $55,999",distrust_post,24.0
Measurement & modeling (2),income,"$30,000 to $55,999",donation_ams,2.1
Measurement & modeling (2),income,"$30,000 to $55,999",funding_perceptions,32.0
Measurement & modeling (2),income,"$30,000 to $55,999",inst_trust_mean,72.0
Measurement & modeling (2),income,"$30,000 to $55,999",newsletter_signup,1.25
Measurement & modeling (2),income,"$30,000 to $55,999",policy_general,81.0
Measurement & modeling (2),income,"$30,000 to $55,999",policy_role_mean,68.5
Measurement & modeling (2),income,"$30,000 to $55,999",policy_specific_mean,72.42857142857143
Measurement & modeling (2),income,"$30,000 to $55,999",trust_multidimensional,75.91666666666667
Measurement & modeling (2),income,"$30,000 to $55,999",trust_post,76.0
Measurement & modeling (2),income,"$56,000 to $99,999",behavior_mean,54.21666666666667
Measurement & modeling (2),income,"$56,000 to $99,999",belief_post,89.2
Measurement & modeling (2),income,"$56,000 to $99,999",concern_mean,75.93333333333334
Measurement & modeling (2),income,"$56,000 to $99,999",distrust_post,20.8
Measurement & modeling (2),income,"$56,000 to $99,999",donation_ams,3.4
Measurement & modeling (2),income,"$56,000 to $99,999",funding_perceptions,63.5
Measurement & modeling (2),income,"$56,000 to $99,999",inst_trust_mean,72.7
Measurement & modeling (2),income,"$56,000 to $99,999",newsletter_signup,1.38
Measurement & modeling (2),income,"$56,000 to $99,999",policy_general,77.8
Measurement & modeling (2),income,"$56,000 to $99,999",policy_role_mean,66.375
Measurement & modeling (2),income,"$56,000 to $99,999",policy_specific_mean,72.67142857142856
Measurement & modeling (2),income,"$56,000 to $99,999",trust_multidimensional,69.86666666666666
Measurement & modeling (2),income,"$56,000 to $99,999",trust_post,79.5
Measurement & modeling (2),income,"Less than $30,000",behavior_mean,50.01666666666666
Measurement & modeling (2),income,"Less than $30,000",belief_post,78.6
Measurement & modeling (2),income,"Less than $30,000",concern_mean,75.73333333333333
Measurement & modeling (2),income,"Less than $30,000",distrust_post,24.1
Measurement & modeling (2),income,"Less than $30,000",donation_ams,1.45
Measurement & modeling (2),income,"Less than $30,000",funding_perceptions,64.8
Measurement & modeling (2),income,"Less than $30,000",inst_trust_mean,61.98
Measurement & modeling (2),income,"Less than $30,000",newsletter_signup,1.12
Measurement & modeling (2),income,"Less than $30,000",policy_general,72.8
Measurement & modeling (2),income,"Less than $30,000",policy_role_mean,69.65
Measurement & modeling (2),income,"Less than $30,000",policy_specific_mean,73.35714285714286
Measurement & modeling (2),income,"Less than $30,000",trust_multidimensional,72.5
Measurement & modeling (2),income,"Less than $30,000",trust_post,76.4
Measurement & modeling (2),party,Democrat,behavior_mean,45.5
Measurement & modeling (2),party,Democrat,belief_post,94.0
Measurement & modeling (2),party,Democrat,concern_mean,88.66666666666667
Measurement & modeling (2),party,Democrat,distrust_post,12.0
Measurement & modeling (2),party,Democrat,donation_ams,3.8
Measurement & modeling (2),party,Democrat,funding_perceptions,78.0
Measurement & modeling (2),party,Democrat,inst_trust_mean,70.2
Measurement & modeling (2),party,Democrat,newsletter_signup,1.35
Measurement & modeling (2),party,Democrat,policy_general,89.0
Measurement & modeling (2),party,Democrat,policy_role_mean,82.75
Measurement & modeling (2),party,Democrat,policy_specific_mean,81.57142857142857
Measurement & modeling (2),party,Democrat,trust_multidimensional,82.33333333333333
Measurement & modeling (2),party,Democrat,trust_post,86.0
Measurement & modeling (2),party,Independent,behavior_mean,50.35
Measurement & modeling (2),party,Independent,belief_post,83.5
Measurement & modeling (2),party,Independent,concern_mean,71.86666666666666
Measurement & modeling (2),party,Independent,distrust_post,17.4
Measurement & modeling (2),party,Independent,donation_ams,4.3
Measurement & modeling (2),party,Independent,funding_perceptions,46.8
Measurement & modeling (2),party,Independent,inst_trust_mean,65.3
Measurement & modeling (2),party,Independent,newsletter_signup,1.22
Measurement & modeling (2),party,Independent,policy_general,68.4
Measurement & modeling (2),party,Independent,policy_role_mean,70.375
Measurement & modeling (2),party,Independent,policy_specific_mean,69.28571428571429
Measurement & modeling (2),party,Independent,trust_multidimensional,75.09166666666667
Measurement & modeling (2),party,Independent,trust_post,78.6
Measurement & modeling (2),party,Other,behavior_mean,42.5
Measurement & modeling (2),party,Other,belief_post,76.0
Measurement & modeling (2),party,Other,concern_mean,77.66666666666667
Measurement & modeling (2),party,Other,distrust_post,32.0
Measurement & modeling (2),party,Other,donation_ams,3.5
Measurement & modeling (2),party,Other,funding_perceptions,48.0
Measurement & modeling (2),party,Other,inst_trust_mean,62.8
Measurement & modeling (2),party,Other,newsletter_signup,1.35
Measurement & modeling (2),party,Other,policy_general,68.0
Measurement & modeling (2),party,Other,policy_role_mean,68.75
Measurement & modeling (2),party,Other,policy_specific_mean,72.42857142857143
Measurement & modeling (2),party,Other,trust_multidimensional,69.58333333333333
Measurement & modeling (2),party,Other,trust_post,68.0
Measurement & modeling (2),party,Republican,behavior_mean,24.166666666666668
Measurement & modeling (2),party,Republican,belief_post,34.0
Measurement & modeling (2),party,Republican,concern_mean,30.666666666666668
Measurement & modeling (2),party,Republican,distrust_post,58.0
Measurement & modeling (2),party,Republican,donation_ams,3.2
Measurement & modeling (2),party,Republican,funding_perceptions,36.0
Measurement & modeling (2),party,Republican,inst_trust_mean,43.2
Measurement & modeling (2),party,Republican,newsletter_signup,1.52
Measurement & modeling (2),party,Republican,policy_general,22.0
Measurement & modeling (2),party,Republican,policy_role_mean,44.0
Measurement & modeling (2),party,Republican,policy_specific_mean,47.142857142857146
Measurement & modeling (2),party,Republican,trust_multidimensional,54.416666666666664
Measurement & modeling (2),party,Republican,trust_post,38.0
Measurement & modeling (2),race,Asian / Asian American,behavior_mean,53.300000000000004
Measurement & modeling (2),race,Asian / Asian American,belief_post,87.6
Measurement & modeling (2),race,Asian / Asian American,concern_mean,80.5
Measurement & modeling (2),race,Asian / Asian American,distrust_post,16.5
Measurement & modeling (2),race,Asian / Asian American,donation_ams,3.4
Measurement & modeling (2),race,Asian / Asian American,funding_perceptions,36.8
Measurement & modeling (2),race,Asian / Asian American,inst_trust_mean,78.52000000000001
Measurement & modeling (2),race,Asian / Asian American,newsletter_signup,1.68
Measurement & modeling (2),race,Asian / Asian American,policy_general,79.4
Measurement & modeling (2),race,Asian / Asian American,policy_role_mean,72.075
Measurement & modeling (2),race,Asian / Asian American,policy_specific_mean,73.87142857142858
Measurement & modeling (2),race,Asian / Asian American,trust_multidimensional,79.8
Measurement & modeling (2),race,Asian / Asian American,trust_post,82.1
Measurement & modeling (2),race,Black / African American,behavior_mean,43.78333333333333
Measurement & modeling (2),race,Black / African American,belief_post,90.2
Measurement & modeling (2),race,Black / African American,concern_mean,84.63333333333333
Measurement & modeling (2),race,Black / African American,distrust_post,21.4
Measurement & modeling (2),race,Black / African American,donation_ams,3.4
Measurement & modeling (2),race,Black / African American,funding_perceptions,63.2
Measurement & modeling (2),race,Black / African American,inst_trust_mean,67.38
Measurement & modeling (2),race,Black / African American,newsletter_signup,1.35
Measurement & modeling (2),race,Black / African American,policy_general,84.5
Measurement & modeling (2),race,Black / African American,policy_role_mean,68.25
Measurement & modeling (2),race,Black / African American,policy_specific_mean,75.27142857142857
Measurement & modeling (2),race,Black / African American,trust_multidimensional,77.325
Measurement & modeling (2),race,Black / African American,trust_post,78.6
Measurement & modeling (2),race,Hispanic / Latino,behavior_mean,50.63333333333333
Measurement & modeling (2),race,Hispanic / Latino,belief_post,83.2
Measurement & modeling (2),race,Hispanic / Latino,concern_mean,75.33333333333333
Measurement & modeling (2),race,Hispanic / Latino,distrust_post,24.4
Measurement & modeling (2),race,Hispanic / Latino,donation_ams,2.8
Measurement & modeling (2),race,Hispanic / Latino,funding_perceptions,76.5
Measurement & modeling (2),race,Hispanic / Latino,inst_trust_mean,67.36
Measurement & modeling (2),race,Hispanic / Latino,newsletter_signup,1.25
Measurement & modeling (2),race,Hispanic / Latino,policy_general,74.8
Measurement & modeling (2),race,Hispanic / Latino,policy_role_mean,69.9
Measurement & modeling (2),race,Hispanic / Latino,policy_specific_mean,73.04285714285714
Measurement & modeling (2),race,Hispanic / Latino,trust_multidimensional,72.22500000000001
Measurement & modeling (2),race,Hispanic / Latino,trust_post,75.6
Measurement & modeling (2),race,Other,behavior_mean,49.26666666666667
Measurement & modeling (2),race,Other,belief_post,84.6
Measurement & modeling (2),race,Other,concern_mean,75.7
Measurement & modeling (2),race,Other,distrust_post,23.5
Measurement & modeling (2),race,Other,donation_ams,2.3
Measurement & modeling (2),race,Other,funding_perceptions,73.2
Measurement & modeling (2),race,Other,inst_trust_mean,65.97999999999999
Measurement & modeling (2),race,Other,newsletter_signup,1.2
Measurement & modeling (2),race,Other,policy_general,77.3
Measurement & modeling (2),race,Other,policy_role_mean,65.02499999999999
Measurement & modeling (2),race,Other,policy_specific_mean,65.57142857142857
Measurement & modeling (2),race,Other,trust_multidimensional,69.71666666666667
Measurement & modeling (2),race,Other,trust_post,73.9
Measurement & modeling (2),race,White / Caucasian,behavior_mean,34.0
Measurement & modeling (2),race,White / Caucasian,belief_post,77.0
Measurement & modeling (2),race,White / Caucasian,concern_mean,70.33333333333333
Measurement & modeling (2),race,White / Caucasian,distrust_post,24.0
Measurement & modeling (2),race,White / Caucasian,donation_ams,3.1
Measurement & modeling (2),race,White / Caucasian,funding_perceptions,46.0
Measurement & modeling (2),race,White / Caucasian,inst_trust_mean,60.8
Measurement & modeling (2),race,White / Caucasian,newsletter_signup,1.32
Measurement & modeling (2),race,White / Caucasian,policy_general,69.0
Measurement & modeling (2),race,White / Caucasian,policy_role_mean,65.5
Measurement & modeling (2),race,White / Caucasian,policy_specific_mean,68.85714285714286
Measurement & modeling (2),race,White / Caucasian,trust_multidimensional,71.16666666666667
Measurement & modeling (2),race,White / Caucasian,trust_post,74.0
Model accuracy,age_band,18-29,behavior_mean,59.666666666666664
Model accuracy,age_band,18-29,belief_post,93.0
Model accuracy,age_band,18-29,concern_mean,85.66666666666667
Model accuracy,age_band,18-29,distrust_post,14.0
Model accuracy,age_band,18-29,donation_ams,3.2
Model accuracy,age_band,18-29,funding_perceptions,78.0
Model accuracy,age_band,18-29,inst_trust_mean,75.0
Model accuracy,age_band,18-29,newsletter_signup,1.28
Model accuracy,age_band,18-29,policy_general,84.0
Model accuracy,age_band,18-29,policy_role_mean,79.0
Model accuracy,age_band,18-29,policy_specific_mean,76.85714285714286
Model accuracy,age_band,18-29,trust_multidimensional,79.91666666666667
Model accuracy,age_band,18-29,trust_post,87.0
Model accuracy,age_band,30-44,behavior_mean,44.333333333333336
Model accuracy,age_band,30-44,belief_post,82.0
Model accuracy,age_band,30-44,concern_mean,74.33333333333333
Model accuracy,age_band,30-44,distrust_post,24.0
Model accuracy,age_band,30-44,donation_ams,3.2
Model accuracy,age_band,30-44,funding_perceptions,55.0
Model accuracy,age_band,30-44,inst_trust_mean,65.0
Model accuracy,age_band,30-44,newsletter_signup,1.6
Model accuracy,age_band,30-44,policy_general,65.0
Model accuracy,age_band,30-44,policy_role_mean,66.0
Model accuracy,age_band,30-44,policy_specific_mean,67.85714285714286
Model accuracy,age_band,30-44,trust_multidimensional,71.0
Model accuracy,age_band,30-44,trust_post,74.0
Model accuracy,age_band,45-59,behavior_mean,43.31666666666666
Model accuracy,age_band,45-59,belief_post,80.4
Model accuracy,age_band,45-59,concern_mean,69.66666666666667
Model accuracy,age_band,45-59,distrust_post,26.3
Model accuracy,age_band,45-59,donation_ams,2.8
Model accuracy,age_band,45-59,funding_perceptions,61.5
Model accuracy,age_band,45-59,inst_trust_mean,67.8
Model accuracy,age_band,45-59,newsletter_signup,1.35
Model accuracy,age_band,45-59,policy_general,63.7
Model accuracy,age_band,45-59,policy_role_mean,64.025
Model accuracy,age_band,45-59,policy_specific_mean,68.77142857142857
Model accuracy,age_band,45-59,trust_multidimensional,73.55833333333334
Model accuracy,age_band,45-59,trust_post,75.1
Model accuracy,age_band,60+,behavior_mean,31.950000000000003
Model accuracy,age_band,60+,belief_post,62.0
Model accuracy,age_band,60+,concern_mean,52.13333333333333
Model accuracy,age_band,60+,distrust_post,32.8
Model accuracy,age_band,60+,donation_ams,1.75
Model accuracy,age_band,60+,funding_perceptions,41.7
Model accuracy,age_band,60+,inst_trust_mean,60.06
Model accuracy,age_band,60+,newsletter_signup,1.35
Model accuracy,age_band,60+,policy_general,54.2
Model accuracy,age_band,60+,policy_role_mean,62.75
Model accuracy,age_band,60+,policy_specific_mean,57.67142857142857
Model accuracy,age_band,60+,trust_multidimensional,63.78333333333333
Model accuracy,age_band,60+,trust_post,67.5
Model accuracy,education,Bachelor's degree,behavior_mean,53.86666666666667
Model accuracy,education,Bachelor's degree,belief_post,93.4
Model accuracy,education,Bachelor's degree,concern_mean,81.46666666666667
Model accuracy,education,Bachelor's degree,distrust_post,15.8
Model accuracy,education,Bachelor's degree,donation_ams,1.85
Model accuracy,education,Bachelor's degree,funding_perceptions,76.5
Model accuracy,education,Bachelor's degree,inst_trust_mean,72.96000000000001
Model accuracy,education,Bachelor's degree,newsletter_signup,1.87
Model accuracy,education,Bachelor's degree,policy_general,87.2
Model accuracy,education,Bachelor's degree,policy_role_mean,80.55
Model accuracy,education,Bachelor's degree,policy_specific_mean,80.62857142857142
Model accuracy,education,Bachelor's degree,trust_multidimensional,78.35833333333333
Model accuracy,education,Bachelor's degree,trust_post,84.6
Model accuracy,education,Doctorate degree / Ph.D.,behavior_mean,57.23333333333333
Model accuracy,education,Doctorate degree / Ph.D.,belief_post,94.2
Model accuracy,education,Doctorate degree / Ph.D.,concern_mean,82.2
Model accuracy,education,Doctorate degree / Ph.D.,distrust_post,11.8
Model accuracy,education,Doctorate degree / Ph.D.,donation_ams,4.6
Model accuracy,education,Doctorate degree / Ph.D.,funding_perceptions,61.5
Model accuracy,education,Doctorate degree / Ph.D.,inst_trust_mean,72.94
Model accuracy,education,Doctorate degree / Ph.D.,newsletter_signup,1.32
Model accuracy,education,Doctorate degree / Ph.D.,policy_general,81.7
Model accuracy,education,Doctorate degree / Ph.D.,policy_role_mean,76.425
Model accuracy,education,Doctorate degree / Ph.D.,policy_specific_mean,76.67142857142858
Model accuracy,education,Doctorate degree / Ph.D.,trust_multidimensional,79.41666666666667
Model accuracy,education,Doctorate degree / Ph.D.,trust_post,84.6
Model accuracy,education,High school diploma / GED,behavior_mean,26.75
Model accuracy,education,High school diploma / GED,belief_post,59.3
Model accuracy,education,High school diploma / GED,concern_mean,52.73333333333333
Model accuracy,education,High school diploma / GED,distrust_post,34.2
Model accuracy,education,High school diploma / GED,donation_ams,1.72
Model accuracy,education,High school diploma / GED,funding_perceptions,49.9
Model accuracy,education,High school diploma / GED,inst_trust_mean,54.779999999999994
Model accuracy,education,High school diploma / GED,newsletter_signup,1.28
Model accuracy,education,High school diploma / GED,policy_general,51.6
Model accuracy,education,High school diploma / GED,policy_role_mean,58.45
Model accuracy,education,High school diploma / GED,policy_specific_mean,54.82857142857143
Model accuracy,education,High school diploma / GED,trust_multidimensional,52.85
Model accuracy,education,High school diploma / GED,trust_post,55.7
Model accuracy,education,Less than high school,behavior_mean,28.21666666666667
Model accuracy,education,Less than high school,belief_post,73.6
Model accuracy,education,Less than high school,concern_mean,61.833333333333336
Model accuracy,education,Less than high school,distrust_post,36.2
Model accuracy,education,Less than high school,donation_ams,2.1
Model accuracy,education,Less than high school,funding_perceptions,48.7
Model accuracy,education,Less than high school,inst_trust_mean,50.3
Model accuracy,education,Less than high school,newsletter_signup,1.4
Model accuracy,education,Less than high school,policy_general,58.9
Model accuracy,education,Less than high school,policy_role_mean,59.225
Model accuracy,education,Less than high school,policy_specific_mean,61.1
Model accuracy,education,Less than high school,trust_multidimensional,57.791666666666664
Model accuracy,education,Less than high school,trust_post,55.4
Model accuracy,education,Master's degree / Professional degree,behavior_mean,45.5
Model accuracy,education,Master's degree / Professional degree,belief_post,94.0
Model accuracy,education,Master's degree / Professional degree,concern_mean,81.33333333333333
Model accuracy,education,Master's degree / Professional degree,distrust_post,18.0
Model accuracy,education,Master's degree / Professional degree,donation_ams,3.2
Model accuracy,education,Master's degree / Professional degree,funding_perceptions,75.0
Model accuracy,education,Master's degree / Professional degree,inst_trust_mean,73.6
Model accuracy,education,Master's degree / Professional degree,newsletter_signup,1.25
Model accuracy,education,Master's degree / Professional degree,policy_general,84.0
Model accuracy,education,Master's degree / Professional degree,policy_role_mean,78.25
Model accuracy,education,Master's degree / Professional degree,policy_specific_mean,79.14285714285714
Model accuracy,education,Master's degree / Professional degree,trust_multidimensional,76.0
Model accuracy,education,Master's degree / Professional degree,trust_post,82.0
Model accuracy,education,Some college or Associate's degree,behavior_mean,42.1
Model accuracy,education,Some college or Associate's degree,belief_post,73.2
Model accuracy,education,Some college or Associate's degree,concern_mean,55.800000000000004
Model accuracy,education,Some college or Associate's degree,distrust_post,27.8
Model accuracy,education,Some college or Associate's degree,donation_ams,3.4
Model accuracy,education,Some college or Associate's degree,funding_perceptions,51.5
Model accuracy,education,Some college or Associate's degree,inst_trust_mean,60.17999999999999
Model accuracy,education,Some college or Associate's degree,newsletter_signup,1.65
Model accuracy,education,Some college or Associate's degree,policy_general,56.4
Model accuracy,education,Some college or Associate's degree,policy_role_mean,59.175
Model accuracy,education,Some college or Associate's degree,policy_specific_mean,61.82857142857143
Model accuracy,education,Some college or Associate's degree,trust_multidimensional,71.63333333333334
Model accuracy,education,Some college or Associate's degree,trust_post,72.5
Model accuracy,gender,Female,behavior_mean,51.36666666666667
Model accuracy,gender,Female,belief_post,86.8
Model accuracy,gender,Female,concern_mean,77.63333333333334
Model accuracy,gender,Female,distrust_post,13.7
Model accuracy,gender,Female,donation_ams,2.35
Model accuracy,gender,Female,funding_perceptions,60.8
Model accuracy,gender,Female,inst_trust_mean,67.64
Model accuracy,gender,Female,newsletter_signup,1.28
Model accuracy,gender,Female,policy_general,77.6
Model accuracy,gender,Female,policy_role_mean,75.85
Model accuracy,gender,Female,policy_specific_mean,76.48571428571428
Model accuracy,gender,Female,trust_multidimensional,76.10833333333333
Model accuracy,gender,Female,trust_post,80.5
Model accuracy,gender,Male,behavior_mean,35.03333333333333
Model accuracy,gender,Male,belief_post,82.1
Model accuracy,gender,Male,concern_mean,57.96666666666667
Model accuracy,gender,Male,distrust_post,22.6
Model accuracy,gender,Male,donation_ams,3.1
Model accuracy,gender,Male,funding_perceptions,56.8
Model accuracy,gender,Male,inst_trust_mean,64.58
Model accuracy,gender,Male,newsletter_signup,1.16
Model accuracy,gender,Male,policy_general,56.8
Model accuracy,gender,Male,policy_role_mean,64.925
Model accuracy,gender,Male,policy_specific_mean,61.285714285714285
Model accuracy,gender,Male,trust_multidimensional,75.5
Model accuracy,gender,Male,trust_post,77.4
Model accuracy,gender,Other,behavior_mean,64.11666666666666
Model accuracy,gender,Other,belief_post,91.7
Model accuracy,gender,Other,concern_mean,86.5
Model accuracy,gender,Other,distrust_post,19.2
Model accuracy,gender,Other,donation_ams,5.6
Model accuracy,gender,Other,funding_perceptions,61.6
Model accuracy,gender,Other,inst_trust_mean,72.28
Model accuracy,gender,Other,newsletter_signup,1.32
Model accuracy,gender,Other,policy_general,83.9
Model accuracy,gender,Other,policy_role_mean,77.675
Model accuracy,gender,Other,policy_specific_mean,83.41428571428571
Model accuracy,gender,Other,trust_multidimensional,78.61666666666666
Model accuracy,gender,Other,trust_post,78.5
Model accuracy,income,"$100,000 to $167,999",behavior_mean,38.333333333333336
Model accuracy,income,"$100,000 to $167,999",belief_post,84.0
Model accuracy,income,"$100,000 to $167,999",concern_mean,67.33333333333333
Model accuracy,income,"$100,000 to $167,999",distrust_post,25.0
Model accuracy,income,"$100,000 to $167,999",donation_ams,3.8
Model accuracy,income,"$100,000 to $167,999",funding_perceptions,55.0
Model accuracy,income,"$100,000 to $167,999",inst_trust_mean,65.2
Model accuracy,income,"$100,000 to $167,999",newsletter_signup,1.62
Model accuracy,income,"$100,000 to $167,999",policy_general,69.0
Model accuracy,income,"$100,000 to $167,999",policy_role_mean,65.25
Model accuracy,income,"$100,000 to $167,999",policy_specific_mean,64.28571428571429
Model accuracy,income,"$100,000 to $167,999",trust_multidimensional,66.41666666666667
Model accuracy,income,"$100,000 to $167,999",trust_post,73.0
Model accuracy,income,"$168,000 or more",behavior_mean,59.93333333333334
Model accuracy,income,"$168,000 or more",belief_post,92.7
Model accuracy,income,"$168,000 or more",concern_mean,82.86666666666666
Model accuracy,income,"$168,000 or more",distrust_post,15.8
Model accuracy,income,"$168,000 or more",donation_ams,6.2
Model accuracy,income,"$168,000 or more",funding_perceptions,75.5
Model accuracy,income,"$168,000 or more",inst_trust_mean,81.16
Model accuracy,income,"$168,000 or more",newsletter_signup,1.18
Model accuracy,income,"$168,000 or more",policy_general,86.3
Model accuracy,income,"$168,000 or more",policy_role_mean,79.0
Model accuracy,income,"$168,000 or more",policy_specific_mean,80.85714285714286
Model accuracy,income,"$168,000 or more",trust_multidimensional,80.875
Model accuracy,income,"$168,000 or more",trust_post,84.2
Model accuracy,income,"$30,000 to $55,999",behavior_mean,33.050000000000004
Model accuracy,income,"$30,000 to $55,999",belief_post,78.5
Model accuracy,income,"$30,000 to $55,999",concern_mean,67.0
Model accuracy,income,"$30,000 to $55,999",distrust_post,23.7
Model accuracy,income,"$30,000 to $55,999",donation_ams,4.1
Model accuracy,income,"$30,000 to $55,999",funding_perceptions,47.6
Model accuracy,income,"$30,000 to $55,999",inst_trust_mean,57.67999999999999
Model accuracy,income,"$30,000 to $55,999",newsletter_signup,1.34
Model accuracy,income,"$30,000 to $55,999",policy_general,63.2
Model accuracy,income,"$30,000 to $55,999",policy_role_mean,62.675000000000004
Model accuracy,income,"$30,000 to $55,999",policy_specific_mean,64.24285714285715
Model accuracy,income,"$30,000 to $55,999",trust_multidimensional,66.38333333333334
Model accuracy,income,"$30,000 to $55,999",trust_post,65.9
Model accuracy,income,"$56,000 to $99,999",behavior_mean,46.583333333333336
Model accuracy,income,"$56,000 to $99,999",belief_post,81.4
Model accuracy,income,"$56,000 to $99,999",concern_mean,66.5
Model accuracy,income,"$56,000 to $99,999",distrust_post,23.8
Model accuracy,income,"$56,000 to $99,999",donation_ams,2.45
Model accuracy,income,"$56,000 to $99,999",funding_perceptions,52.4
Model accuracy,income,"$56,000 to $99,999",inst_trust_mean,56.48
Model accuracy,income,"$56,000 to $99,999",newsletter_signup,1.65
Model accuracy,income,"$56,000 to $99,999",policy_general,67.2
Model accuracy,income,"$56,000 to $99,999",policy_role_mean,64.0
Model accuracy,income,"$56,000 to $99,999",policy_specific_mean,61.957142857142856
Model accuracy,income,"$56,000 to $99,999",trust_multidimensional,74.02499999999999
Model accuracy,income,"$56,000 to $99,999",trust_post,76.5
Model accuracy,income,"Less than $30,000",behavior_mean,41.483333333333334
Model accuracy,income,"Less than $30,000",belief_post,84.5
Model accuracy,income,"Less than $30,000",concern_mean,68.93333333333332
Model accuracy,income,"Less than $30,000",distrust_post,22.6
Model accuracy,income,"Less than $30,000",donation_ams,2.8
Model accuracy,income,"Less than $30,000",funding_perceptions,65.8
Model accuracy,income,"Less than $30,000",inst_trust_mean,62.58
Model accuracy,income,"Less than $30,000",newsletter_signup,1.65
Model accuracy,income,"Less than $30,000",policy_general,79.3
Model accuracy,income,"Less than $30,000",policy_role_mean,71.2
Model accuracy,income,"Less than $30,000",policy_specific_mean,66.82857142857144
Model accuracy,income,"Less than $30,000",trust_multidimensional,71.69166666666666
Model accuracy,income,"Less than $30,000",trust_post,77.4
Model accuracy,party,Democrat,behavior_mean,48.166666666666664
Model accuracy,party,Democrat,belief_post,94.0
Model accuracy,party,Democrat,concern_mean,85.66666666666667
Model accuracy,party,Democrat,distrust_post,14.0
Model accuracy,party,Democrat,donation_ams,4.2
Model accuracy,party,Democrat,funding_perceptions,82.0
Model accuracy,party,Democrat,inst_trust_mean,79.0
Model accuracy,party,Democrat,newsletter_signup,1.15
Model accuracy,party,Democrat,policy_general,89.0
Model accuracy,party,Democrat,policy_role_mean,77.5
Model accuracy,party,Democrat,policy_specific_mean,83.14285714285714
Model accuracy,party,Democrat,trust_multidimensional,79.5
Model accuracy,party,Democrat,trust_post,86.0
Model accuracy,party,Independent,behavior_mean,41.333333333333336
Model accuracy,party,Independent,belief_post,79.0
Model accuracy,party,Independent,concern_mean,65.33333333333333
Model accuracy,party,Independent,distrust_post,23.0
Model accuracy,party,Independent,donation_ams,1.6
Model accuracy,party,Independent,funding_perceptions,53.0
Model accuracy,party,Independent,inst_trust_mean,60.6
Model accuracy,party,Independent,newsletter_signup,1.32
Model accuracy,party,Independent,policy_general,63.0
Model accuracy,party,Independent,policy_role_mean,67.0
Model accuracy,party,Independent,policy_specific_mean,70.14285714285714
Model accuracy,party,Independent,trust_multidimensional,71.83333333333333
Model accuracy,party,Independent,trust_post,77.0
Model accuracy,party,Other,behavior_mean,50.63333333333333
Model accuracy,party,Other,belief_post,84.2
Model accuracy,party,Other,concern_mean,70.83333333333333
Model accuracy,party,Other,distrust_post,27.8
Model accuracy,party,Other,donation_ams,3.6
Model accuracy,party,Other,funding_perceptions,53.5
Model accuracy,party,Other,inst_trust_mean,65.64
Model accuracy,party,Other,newsletter_signup,1.68
Model accuracy,party,Other,policy_general,67.8
Model accuracy,party,Other,policy_role_mean,68.25
Model accuracy,party,Other,policy_specific_mean,67.45714285714286
Model accuracy,party,Other,trust_multidimensional,73.00833333333334
Model accuracy,party,Other,trust_post,72.4
Model accuracy,party,Republican,behavior_mean,28.333333333333332
Model accuracy,party,Republican,belief_post,43.5
Model accuracy,party,Republican,concern_mean,35.0
Model accuracy,party,Republican,distrust_post,46.5
Model accuracy,party,Republican,donation_ams,2.1
Model accuracy,party,Republican,funding_perceptions,43.5
Model accuracy,party,Republican,inst_trust_mean,44.3
Model accuracy,party,Republican,newsletter_signup,1.62
Model accuracy,party,Republican,policy_general,28.5
Model accuracy,party,Republican,policy_role_mean,44.2
Model accuracy,party,Republican,policy_specific_mean,44.642857142857146
Model accuracy,party,Republican,trust_multidimensional,58.30833333333334
Model accuracy,party,Republican,trust_post,44.0
Model accuracy,race,Asian / Asian American,behavior_mean,41.35
Model accuracy,race,Asian / Asian American,belief_post,81.7
Model accuracy,race,Asian / Asian American,concern_mean,67.83333333333333
Model accuracy,race,Asian / Asian American,distrust_post,24.2
Model accuracy,race,Asian / Asian American,donation_ams,3.4
Model accuracy,race,Asian / Asian American,funding_perceptions,56.5
Model accuracy,race,Asian / Asian American,inst_trust_mean,70.03999999999999
Model accuracy,race,Asian / Asian American,newsletter_signup,1.32
Model accuracy,race,Asian / Asian American,policy_general,71.3
Model accuracy,race,Asian / Asian American,policy_role_mean,66.475
Model accuracy,race,Asian / Asian American,policy_specific_mean,74.65714285714286
Model accuracy,race,Asian / Asian American,trust_multidimensional,77.15833333333333
Model accuracy,race,Asian / Asian American,trust_post,76.4
Model accuracy,race,Black / African American,behavior_mean,48.65
Model accuracy,race,Black / African American,belief_post,86.7
Model accuracy,race,Black / African American,concern_mean,81.39999999999999
Model accuracy,race,Black / African American,distrust_post,14.2
Model accuracy,race,Black / African American,donation_ams,2.55
Model accuracy,race,Black / African American,funding_perceptions,76.9
Model accuracy,race,Black / African American,inst_trust_mean,68.8
Model accuracy,race,Black / African American,newsletter_signup,1.22
Model accuracy,race,Black / African American,policy_general,83.5
Model accuracy,race,Black / African American,policy_role_mean,73.9
Model accuracy,race,Black / African American,policy_specific_mean,77.51428571428572
Model accuracy,race,Black / African American,trust_multidimensional,73.14999999999999
Model accuracy,race,Black / African American,trust_post,79.4
Model accuracy,race,Hispanic / Latino,behavior_mean,43.5
Model accuracy,race,Hispanic / Latino,belief_post,82.0
Model accuracy,race,Hispanic / Latino,concern_mean,68.0
Model accuracy,race,Hispanic / Latino,distrust_post,25.0
Model accuracy,race,Hispanic / Latino,donation_ams,2.2
Model accuracy,race,Hispanic / Latino,funding_perceptions,70.0
Model accuracy,race,Hispanic / Latino,inst_trust_mean,66.4
Model accuracy,race,Hispanic / Latino,newsletter_signup,1.15
Model accuracy,race,Hispanic / Latino,policy_general,76.0
Model accuracy,race,Hispanic / Latino,policy_role_mean,67.5
Model accuracy,race,Hispanic / Latino,policy_specific_mean,69.14285714285714
Model accuracy,race,Hispanic / Latino,trust_multidimensional,69.58333333333333
Model accuracy,race,Hispanic / Latino,trust_post,75.0
Model accuracy,race,Other,behavior_mean,48.56666666666666
Model accuracy,race,Other,belief_post,83.6
Model accuracy,race,Other,concern_mean,67.13333333333334
Model accuracy,race,Other,distrust_post,29.1
Model accuracy,race,Other,donation_ams,3.4
Model accuracy,race,Other,funding_perceptions,56.5
Model accuracy,race,Other,inst_trust_mean,63.56
Model accuracy,race,Other,newsletter_signup,1.32
Model accuracy,race,Other,policy_general,66.8
Model accuracy,race,Other,policy_role_mean,65.15
Model accuracy,race,Other,policy_specific_mean,66.97142857142858
Model accuracy,race,Other,trust_multidimensional,73.16666666666667
Model accuracy,race,Other,trust_post,69.7
Model accuracy,race,White / Caucasian,behavior_mean,42.166666666666664
Model accuracy,race,White / Caucasian,belief_post,86.3
Model accuracy,race,White / Caucasian,concern_mean,64.7
Model accuracy,race,White / Caucasian,distrust_post,18.7
Model accuracy,race,White / Caucasian,donation_ams,2.4
Model accuracy,race,White / Caucasian,funding_perceptions,61.6
Model accuracy,race,White / Caucasian,inst_trust_mean,60.2
Model accuracy,race,White / Caucasian,newsletter_signup,1.26
Model accuracy,race,White / Caucasian,policy_general,69.2
Model accuracy,race,White / Caucasian,policy_role_mean,71.7
Model accuracy,race,White / Caucasian,policy_specific_mean,67.48571428571428
Model accuracy,race,White / Caucasian,trust_multidimensional,74.19166666666666
Model accuracy,race,White / Caucasian,trust_post,79.5
Oil industry misinformation,age_band,18-29,behavior_mean,47.06666666666666
Oil industry misinformation,age_band,18-29,belief_post,94.1
Oil industry misinformation,age_band,18-29,concern_mean,88.10000000000001
Oil industry misinformation,age_band,18-29,distrust_post,14.2
Oil industry misinformation,age_band,18-29,donation_ams,3.6
Oil industry misinformation,age_band,18-29,funding_perceptions,86.2
Oil industry misinformation,age_band,18-29,inst_trust_mean,72.76
Oil industry misinformation,age_band,18-29,newsletter_signup,1.24
Oil industry misinformation,age_band,18-29,policy_general,88.6
Oil industry misinformation,age_band,18-29,policy_role_mean,85.575
Oil industry misinformation,age_band,18-29,policy_specific_mean,77.74285714285715
Oil industry misinformation,age_band,18-29,trust_multidimensional,85.35000000000001
Oil industry misinformation,age_band,18-29,trust_post,87.5
Oil industry misinformation,age_band,30-44,behavior_mean,50.4
Oil industry misinformation,age_band,30-44,belief_post,94.8
Oil industry misinformation,age_band,30-44,concern_mean,81.76666666666667
Oil industry misinformation,age_band,30-44,distrust_post,14.2
Oil industry misinformation,age_band,30-44,donation_ams,5.4
Oil industry misinformation,age_band,30-44,funding_perceptions,77.5
Oil industry misinformation,age_band,30-44,inst_trust_mean,74.74
Oil industry misinformation,age_band,30-44,newsletter_signup,1.35
Oil industry misinformation,age_band,30-44,policy_general,83.7
Oil industry misinformation,age_band,30-44,policy_role_mean,70.925
Oil industry misinformation,age_band,30-44,policy_specific_mean,76.45714285714287
Oil industry misinformation,age_band,30-44,trust_multidimensional,83.10833333333333
Oil industry misinformation,age_band,30-44,trust_post,85.5
Oil industry misinformation,age_band,45-59,behavior_mean,49.96666666666667
Oil industry misinformation,age_band,45-59,belief_post,84.2
Oil industry misinformation,age_band,45-59,concern_mean,77.16666666666667
Oil industry misinformation,age_band,45-59,distrust_post,21.3
Oil industry misinformation,age_band,45-59,donation_ams,3.9
Oil industry misinformation,age_band,45-59,funding_perceptions,76.2
Oil industry misinformation,age_band,45-59,inst_trust_mean,64.62
Oil industry misinformation,age_band,45-59,newsletter_signup,1.3
Oil industry misinformation,age_band,45-59,policy_general,77.6
Oil industry misinformation,age_band,45-59,policy_role_mean,79.875
Oil industry misinformation,age_band,45-59,policy_specific_mean,72.92857142857143
Oil industry misinformation,age_band,45-59,trust_multidimensional,79.27499999999999
Oil industry misinformation,age_band,45-59,trust_post,79.5
Oil industry misinformation,age_band,60+,behavior_mean,52.1
Oil industry misinformation,age_band,60+,belief_post,87.9
Oil industry misinformation,age_band,60+,concern_mean,78.60000000000001
Oil industry misinformation,age_band,60+,distrust_post,22.8
Oil industry misinformation,age_band,60+,donation_ams,4.6
Oil industry misinformation,age_band,60+,funding_perceptions,63.5
Oil industry misinformation,age_band,60+,inst_trust_mean,66.06
Oil industry misinformation,age_band,60+,newsletter_signup,1.34
Oil industry misinformation,age_band,60+,policy_general,76.3
Oil industry misinformation,age_band,60+,policy_role_mean,72.25
Oil industry misinformation,age_band,60+,policy_specific_mean,71.31428571428572
Oil industry misinformation,age_band,60+,trust_multidimensional,79.425
Oil industry misinformation,age_band,60+,trust_post,81.6
Oil industry misinformation,education,Bachelor's degree,behavior_mean,52.93333333333334
Oil industry misinformation,education,Bachelor's degree,belief_post,94.2
Oil industry misinformation,education,Bachelor's degree,concern_mean,82.26666666666667
Oil industry misinformation,education,Bachelor's degree,distrust_post,12.4
Oil industry misinformation,education,Bachelor's degree,donation_ams,4.2
Oil industry misinformation,education,Bachelor's degree,funding_perceptions,76.5
Oil industry misinformation,education,Bachelor's degree,inst_trust_mean,72.67999999999999
Oil industry misinformation,education,Bachelor's degree,newsletter_signup,1.18
Oil industry misinformation,education,Bachelor's degree,policy_general,88.1
Oil industry misinformation,education,Bachelor's degree,policy_role_mean,82.675
Oil industry misinformation,education,Bachelor's degree,policy_specific_mean,84.71428571428571
Oil industry misinformation,education,Bachelor's degree,trust_multidimensional,85.13333333333334
Oil industry misinformation,education,Bachelor's degree,trust_post,87.6
Oil industry misinformation,education,Doctorate degree / Ph.D.,behavior_mean,54.833333333333336
Oil industry misinformation,education,Doctorate degree / Ph.D.,belief_post,96.0
Oil industry misinformation,education,Doctorate degree / Ph.D.,concern_mean,82.0
Oil industry misinformation,education,Doctorate degree / Ph.D.,distrust_post,8.0
Oil industry misinformation,education,Doctorate degree / Ph.D.,donation_ams,3.2
Oil industry misinformation,education,Doctorate degree / Ph.D.,funding_perceptions,84.0
Oil industry misinformation,education,Doctorate degree / Ph.D.,inst_trust_mean,77.0
Oil industry misinformation,education,Doctorate degree / Ph.D.,newsletter_signup,1.3
Oil industry misinformation,education,Doctorate degree / Ph.D.,policy_general,87.0
Oil industry misinformation,education,Doctorate degree / Ph.D.,policy_role_mean,80.25
Oil industry misinformation,education,Doctorate degree / Ph.D.,policy_specific_mean,83.71428571428571
Oil industry misinformation,education,Doctorate degree / Ph.D.,trust_multidimensional,84.41666666666667
Oil industry misinformation,education,Doctorate degree / Ph.D.,trust_post,91.0
Oil industry misinformation,education,High school diploma / GED,behavior_mean,45.666666666666664
Oil industry misinformation,education,High school diploma / GED,belief_post,85.0
Oil industry misinformation,education,High school diploma / GED,concern_mean,73.66666666666667
Oil industry misinformation,education,High school diploma / GED,distrust_post,23.0
Oil industry misinformation,education,High school diploma / GED,donation_ams,4.4
Oil industry misinformation,education,High school diploma / GED,funding_perceptions,56.0
Oil industry misinformation,education,High school diploma / GED,inst_trust_mean,62.0
Oil industry misinformation,education,High school diploma / GED,newsletter_signup,1.25
Oil industry misinformation,education,High school diploma / GED,policy_general,72.0
Oil industry misinformation,education,High school diploma / GED,policy_role_mean,70.0
Oil industry misinformation,education,High school diploma / GED,policy_specific_mean,65.28571428571429
Oil industry misinformation,education,High school diploma / GED,trust_multidimensional,73.25
Oil industry misinformation,education,High school diploma / GED,trust_post,77.0
Oil industry misinformation,education,Less than high school,behavior_mean,29.549999999999997
Oil industry misinformation,education,Less than high school,belief_post,62.3
Oil industry misinformation,education,Less than high school,concern_mean,51.6
Oil industry misinformation,education,Less than high school,distrust_post,29.8
Oil industry misinformation,education,Less than high school,donation_ams,2.6
Oil industry misinformation,education,Less than high school,funding_perceptions,52.5
Oil industry misinformation,education,Less than high school,inst_trust_mean,55.94
Oil industry misinformation,education,Less than high school,newsletter_signup,1.35
Oil industry misinformation,education,Less than high school,policy_general,54.8
Oil industry misinformation,education,Less than high school,policy_role_mean,52.95
Oil industry misinformation,education,Less than high school,policy_specific_mean,51.1
Oil industry misinformation,education,Less than high school,trust_multidimensional,67.3
Oil industry misinformation,education,Less than high school,trust_post,70.5
Oil industry misinformation,education,Master's degree / Professional degree,behavior_mean,58.26666666666667
Oil industry misinformation,education,Master's degree / Professional degree,belief_post,93.5
Oil industry misinformation,education,Master's degree / Professional degree,concern_mean,80.36666666666666
Oil industry misinformation,education,Master's degree / Professional degree,distrust_post,12.1
Oil industry misinformation,education,Master's degree / Professional degree,donation_ams,4.8
Oil industry misinformation,education,Master's degree / Professional degree,funding_perceptions,72.2
Oil industry misinformation,education,Master's degree / Professional degree,inst_trust_mean,75.36
Oil industry misinformation,education,Master's degree / Professional degree,newsletter_signup,1.35
Oil industry misinformation,education,Master's degree / Professional degree,policy_general,84.2
Oil industry misinformation,education,Master's degree / Professional degree,policy_role_mean,78.9
Oil industry misinformation,education,Master's degree / Professional degree,policy_specific_mean,79.68571428571428
Oil industry misinformation,education,Master's degree / Professional degree,trust_multidimensional,80.89999999999999
Oil industry misinformation,education,Master's degree / Professional degree,trust_post,86.3
Oil industry misinformation,education,Some college or Associate's degree,behavior_mean,41.36666666666667
Oil industry misinformation,education,Some college or Associate's degree,belief_post,87.2
Oil industry misinformation,education,Some college or Associate's degree,concern_mean,72.5
Oil industry misinformation,education,Some college or Associate's degree,distrust_post,22.1
Oil industry misinformation,education,Some college or Associate's degree,donation_ams,4.2
Oil industry misinformation,education,Some college or Associate's degree,funding_perceptions,65.5
Oil industry misinformation,education,Some college or Associate's degree,inst_trust_mean,61.46
Oil industry misinformation,education,Some college or Associate's degree,newsletter_signup,1.38
Oil industry misinformation,education,Some college or Associate's degree,policy_general,78.6
Oil industry misinformation,education,Some college or Associate's degree,policy_role_mean,73.4
Oil industry misinformation,education,Some college or Associate's degree,policy_specific_mean,75.04285714285713
Oil industry misinformation,education,Some college or Associate's degree,trust_multidimensional,78.09166666666667
Oil industry misinformation,education,Some college or Associate's degree,trust_post,79.5
Oil industry misinformation,gender,Female,behavior_mean,55.81666666666666
Oil industry misinformation,gender,Female,belief_post,94.7
Oil industry misinformation,gender,Female,concern_mean,85.2
Oil industry misinformation,gender,Female,distrust_post,14.2
Oil industry misinformation,gender,Female,donation_ams,5.8
Oil industry misinformation,gender,Female,funding_perceptions,76.5
Oil industry misinformation,gender,Female,inst_trust_mean,69.88
Oil industry misinformation,gender,Female,newsletter_signup,1.32
Oil industry misinformation,gender,Female,policy_general,83.4
Oil industry misinformation,gender,Female,policy_role_mean,82.5
Oil industry misinformation,gender,Female,policy_specific_mean,81.77142857142857
Oil industry misinformation,gender,Female,trust_multidimensional,83.29166666666667
Oil industry misinformation,gender,Female,trust_post,88.6
Oil industry misinformation,gender,Male,behavior_mean,47.666666666666664
Oil industry misinformation,gender,Male,belief_post,84.6
Oil industry misinformation,gender,Male,concern_mean,77.36666666666667
Oil industry misinformation,gender,Male,distrust_post,22.4
Oil industry misinformation,gender,Male,donation_ams,4.7
Oil industry misinformation,gender,Male,funding_perceptions,50.7
Oil industry misinformation,gender,Male,inst_trust_mean,63.96
Oil industry misinformation,gender,Male,newsletter_signup,1.31
Oil industry misinformation,gender,Male,policy_general,71.2
Oil industry misinformation,gender,Male,policy_role_mean,70.275
Oil industry misinformation,gender,Male,policy_specific_mean,67.9
Oil industry misinformation,gender,Male,trust_multidimensional,72.66666666666667
Oil industry misinformation,gender,Male,trust_post,76.8
Oil industry misinformation,gender,Other,behavior_mean,78.5
Oil industry misinformation,gender,Other,belief_post,96.0
Oil industry misinformation,gender,Other,concern_mean,92.33333333333333
Oil industry misinformation,gender,Other,distrust_post,14.0
Oil industry misinformation,gender,Other,donation_ams,7.2
Oil industry misinformation,gender,Other,funding_perceptions,78.0
Oil industry misinformation,gender,Other,inst_trust_mean,78.6
Oil industry misinformation,gender,Other,newsletter_signup,1.68
Oil industry misinformation,gender,Other,policy_general,91.0
Oil industry misinformation,gender,Other,policy_role_mean,84.0
Oil industry misinformation,gender,Other,policy_specific_mean,87.0
Oil industry misinformation,gender,Other,trust_multidimensional,84.58333333333333
Oil industry misinformation,gender,Other,trust_post,89.0
Oil industry misinformation,income,"$100,000 to $167,999",behavior_mean,58.25
Oil industry misinformation,income,"$100,000 to $167,999",belief_post,92.5
Oil industry misinformation,income,"$100,000 to $167,999",concern_mean,80.66666666666667
Oil industry misinformation,income,"$100,000 to $167,999",distrust_post,19.5
Oil industry misinformation,income,"$100,000 to $167,999",donation_ams,4.3
Oil industry misinformation,income,"$100,000 to $167,999",funding_perceptions,73.0
Oil industry misinformation,income,"$100,000 to $167,999",inst_trust_mean,74.1
Oil industry misinformation,income,"$100,000 to $167,999",newsletter_signup,1.42
Oil industry misinformation,income,"$100,000 to $167,999",policy_general,79.0
Oil industry misinformation,income,"$100,000 to $167,999",policy_role_mean,81.375
Oil industry misinformation,income,"$100,000 to $167,999",policy_specific_mean,75.85714285714286
Oil industry misinformation,income,"$100,000 to $167,999",trust_multidimensional,82.25
Oil industry misinformation,income,"$100,000 to $167,999",trust_post,81.0
Oil industry misinformation,income,"$168,000 or more",behavior_mean,56.38333333333333
Oil industry misinformation,income,"$168,000 or more",belief_post,91.5
Oil industry misinformation,income,"$168,000 or more",concern_mean,79.83333333333333
Oil industry misinformation,income,"$168,000 or more",distrust_post,16.2
Oil industry misinformation,income,"$168,000 or more",donation_ams,3.9
Oil industry misinformation,income,"$168,000 or more",funding_perceptions,75.9
Oil industry misinformation,income,"$168,000 or more",inst_trust_mean,78.1
Oil industry misinformation,income,"$168,000 or more",newsletter_signup,1.38
Oil industry misinformation,income,"$168,000 or more",policy_general,79.4
Oil industry misinformation,income,"$168,000 or more",policy_role_mean,76.0
Oil industry misinformation,income,"$168,000 or more",policy_specific_mean,80.77142857142857
Oil industry misinformation,income,"$168,000 or more",trust_multidimensional,79.56666666666666
Oil industry misinformation,income,"$168,000 or more",trust_post,83.7
Oil industry misinformation,income,"$30,000 to $55,999",behavior_mean,46.666666666666664
Oil industry misinformation,income,"$30,000 to $55,999",belief_post,94.0
Oil industry misinformation,income,"$30,000 to $55,999",concern_mean,75.33333333333333
Oil industry misinformation,income,"$30,000 to $55,999",distrust_post,12.0
Oil industry misinformation,income,"$30,000 to $55,999",donation_ams,2.1
Oil industry misinformation,income,"$30,000 to $55,999",funding_perceptions,72.0
Oil industry misinformation,income,"$30,000 to $55,999",inst_trust_mean,65.2
Oil industry misinformation,income,"$30,000 to $55,999",newsletter_signup,1.35
Oil industry misinformation,income,"$30,000 to $55,999",policy_general,82.0
Oil industry misinformation,income,"$30,000 to $55,999",policy_role_mean,74.75
Oil industry misinformation,income,"$30,000 to $55,999",policy_specific_mean,72.57142857142857
Oil industry misinformation,income,"$30,000 to $55,999",trust_multidimensional,79.75
Oil industry misinformation,income,"$30,000 to $55,999",trust_post,86.0
Oil industry misinformation,income,"$56,000 to $99,999",behavior_mean,59.46666666666667
Oil industry misinformation,income,"$56,000 to $99,999",belief_post,87.4
Oil industry misinformation,income,"$56,000 to $99,999",concern_mean,82.10000000000001
Oil industry misinformation,income,"$56,000 to $99,999",distrust_post,21.3
Oil industry misinformation,income,"$56,000 to $99,999",donation_ams,4.1
Oil industry misinformation,income,"$56,000 to $99,999",funding_perceptions,73.3
Oil industry misinformation,income,"$56,000 to $99,999",inst_trust_mean,68.22
Oil industry misinformation,income,"$56,000 to $99,999",newsletter_signup,1.32
Oil industry misinformation,income,"$56,000 to $99,999",policy_general,77.8
Oil industry misinformation,income,"$56,000 to $99,999",policy_role_mean,76.425
Oil industry misinformation,income,"$56,000 to $99,999",policy_specific_mean,76.68571428571428
Oil industry misinformation,income,"$56,000 to $99,999",trust_multidimensional,79.03333333333333
Oil industry misinformation,income,"$56,000 to $99,999",trust_post,80.5
Oil industry misinformation,income,"Less than $30,000",behavior_mean,54.68333333333334
Oil industry misinformation,income,"Less than $30,000",belief_post,91.7
Oil industry misinformation,income,"Less than $30,000",concern_mean,79.16666666666667
Oil industry misinformation,income,"Less than $30,000",distrust_post,16.8
Oil industry misinformation,income,"Less than $30,000",donation_ams,2.8
Oil industry misinformation,income,"Less than $30,000",funding_perceptions,71.6
Oil industry misinformation,income,"Less than $30,000",inst_trust_mean,71.84
Oil industry misinformation,income,"Less than $30,000",newsletter_signup,1.35
Oil industry misinformation,income,"Less than $30,000",policy_general,87.3
Oil industry misinformation,income,"Less than $30,000",policy_role_mean,80.375
Oil industry misinformation,income,"Less than $30,000",policy_specific_mean,83.14285714285714
Oil industry misinformation,income,"Less than $30,000",trust_multidimensional,79.99166666666666
Oil industry misinformation,income,"Less than $30,000",trust_post,83.5
Oil industry misinformation,party,Democrat,behavior_mean,69.18333333333334
Oil industry misinformation,party,Democrat,belief_post,95.8
Oil industry misinformation,party,Democrat,concern_mean,89.86666666666667
Oil industry misinformation,party,Democrat,distrust_post,9.1
Oil industry misinformation,party,Democrat,donation_ams,5.4
Oil industry misinformation,party,Democrat,funding_perceptions,83.7
Oil industry misinformation,party,Democrat,inst_trust_mean,77.88
Oil industry misinformation,party,Democrat,newsletter_signup,1.32
Oil industry misinformation,party,Democrat,policy_general,89.2
Oil industry misinformation,party,Democrat,policy_role_mean,85.075
Oil industry misinformation,party,Democrat,policy_specific_mean,84.28571428571429
Oil industry misinformation,party,Democrat,trust_multidimensional,88.86666666666667
Oil industry misinformation,party,Democrat,trust_post,91.5
Oil industry misinformation,party,Independent,behavior_mean,43.75
Oil industry misinformation,party,Independent,belief_post,82.4
Oil industry misinformation,party,Independent,concern_mean,74.76666666666667
Oil industry misinformation,party,Independent,distrust_post,23.8
Oil industry misinformation,party,Independent,donation_ams,4.3
Oil industry misinformation,party,Independent,funding_perceptions,63.8
Oil industry misinformation,party,Independent,inst_trust_mean,65.3
Oil industry misinformation,party,Independent,newsletter_signup,1.55
Oil industry misinformation,party,Independent,policy_general,67.8
Oil industry misinformation,party,Independent,policy_role_mean,69.22500000000001
Oil industry misinformation,party,Independent,policy_specific_mean,66.67142857142856
Oil industry misinformation,party,Independent,trust_multidimensional,75.61666666666666
Oil industry misinformation,party,Independent,trust_post,76.5
Oil industry misinformation,party,Other,behavior_mean,49.583333333333336
Oil industry misinformation,party,Other,belief_post,89.2
Oil industry misinformation,party,Other,concern_mean,77.56666666666666
Oil industry misinformation,party,Other,distrust_post,15.8
Oil industry misinformation,party,Other,donation_ams,4.15
Oil industry misinformation,party,Other,funding_perceptions,68.5
Oil industry misinformation,party,Other,inst_trust_mean,65.42
Oil industry misinformation,party,Other,newsletter_signup,1.24
Oil industry misinformation,party,Other,policy_general,81.0
Oil industry misinformation,party,Other,policy_role_mean,71.525
Oil industry misinformation,party,Other,policy_specific_mean,78.77142857142857
Oil industry misinformation,party,Other,trust_multidimensional,74.575
Oil industry misinformation,party,Other,trust_post,83.4
Oil industry misinformation,party,Republican,behavior_mean,26.666666666666668
Oil industry misinformation,party,Republican,belief_post,55.0
Oil industry misinformation,party,Republican,concern_mean,39.5
Oil industry misinformation,party,Republican,distrust_post,52.5
Oil industry misinformation,party,Republican,donation_ams,3.2
Oil industry misinformation,party,Republican,funding_perceptions,32.0
Oil industry misinformation,party,Republican,inst_trust_mean,48.3
Oil industry misinformation,party,Republican,newsletter_signup,1.8
Oil industry misinformation,party,Republican,policy_general,38.5
Oil industry misinformation,party,Republican,policy_role_mean,42.625
Oil industry misinformation,party,Republican,policy_specific_mean,46.785714285714285
Oil industry misinformation,party,Republican,trust_multidimensional,55.11666666666667
Oil industry misinformation,party,Republican,trust_post,48.0
Oil industry misinformation,race,Asian / Asian American,behavior_mean,57.88333333333333
Oil industry misinformation,race,Asian / Asian American,belief_post,93.1
Oil industry misinformation,race,Asian / Asian American,concern_mean,83.39999999999999
Oil industry misinformation,race,Asian / Asian American,distrust_post,11.8
Oil industry misinformation,race,Asian / Asian American,donation_ams,6.8
Oil industry misinformation,race,Asian / Asian American,funding_perceptions,67.5
Oil industry misinformation,race,Asian / Asian American,inst_trust_mean,74.94
Oil industry misinformation,race,Asian / Asian American,newsletter_signup,1.35
Oil industry misinformation,race,Asian / Asian American,policy_general,86.7
Oil industry misinformation,race,Asian / Asian American,policy_role_mean,80.325
Oil industry misinformation,race,Asian / Asian American,policy_specific_mean,81.5
Oil industry misinformation,race,Asian / Asian American,trust_multidimensional,80.99166666666666
Oil industry misinformation,race,Asian / Asian American,trust_post,89.2
Oil industry misinformation,race,Black / African American,behavior_mean,59.43333333333334
Oil industry misinformation,race,Black / African American,belief_post,88.6
Oil industry misinformation,race,Black / African American,concern_mean,85.43333333333334
Oil industry misinformation,race,Black / African American,distrust_post,14.3
Oil industry misinformation,race,Black / African American,donation_ams,3.6
Oil industry misinformation,race,Black / African American,funding_perceptions,76.3
Oil industry misinformation,race,Black / African American,inst_trust_mean,74.96000000000001
Oil industry misinformation,race,Black / African American,newsletter_signup,1.32
Oil industry misinformation,race,Black / African American,policy_general,85.4
Oil industry misinformation,race,Black / African American,policy_role_mean,81.225
Oil industry misinformation,race,Black / African American,policy_specific_mean,84.02857142857144
Oil industry misinformation,race,Black / African American,trust_multidimensional,78.66666666666667
Oil industry misinformation,race,Black / African American,trust_post,84.1
Oil industry misinformation,race,Hispanic / Latino,behavior_mean,53.833333333333336
Oil industry misinformation,race,Hispanic / Latino,belief_post,86.0
Oil industry misinformation,race,Hispanic / Latino,concern_mean,79.66666666666667
Oil industry misinformation,race,Hispanic / Latino,distrust_post,19.0
Oil industry misinformation,race,Hispanic / Latino,donation_ams,2.6
Oil industry misinformation,race,Hispanic / Latino,funding_perceptions,68.0
Oil industry misinformation,race,Hispanic / Latino,inst_trust_mean,63.6
Oil industry misinformation,race,Hispanic / Latino,newsletter_signup,1.28
Oil industry misinformation,race,Hispanic / Latino,policy_general,76.0
Oil industry misinformation,race,Hispanic / Latino,policy_role_mean,75.25
Oil industry misinformation,race,Hispanic / Latino,policy_specific_mean,72.28571428571429
Oil industry misinformation,race,Hispanic / Latino,trust_multidimensional,77.75
Oil industry misinformation,race,Hispanic / Latino,trust_post,79.0
Oil industry misinformation,race,Other,behavior_mean,49.583333333333336
Oil industry misinformation,race,Other,belief_post,88.2
Oil industry misinformation,race,Other,concern_mean,82.33333333333333
Oil industry misinformation,race,Other,distrust_post,16.3
Oil industry misinformation,race,Other,donation_ams,4.8
Oil industry misinformation,race,Other,funding_perceptions,86.3
Oil industry misinformation,race,Other,inst_trust_mean,65.56
Oil industry misinformation,race,Other,newsletter_signup,1.36
Oil industry misinformation,race,Other,policy_general,80.6
Oil industry misinformation,race,Other,policy_role_mean,75.375
Oil industry misinformation,race,Other,policy_specific_mean,79.91428571428571
Oil industry misinformation,race,Other,trust_multidimensional,75.74166666666666
Oil industry misinformation,race,Other,trust_post,79.5
Oil industry misinformation,race,White / Caucasian,behavior_mean,41.333333333333336
Oil industry misinformation,race,White / Caucasian,belief_post,84.0
Oil industry misinformation,race,White / Caucasian,concern_mean,72.66666666666667
Oil industry misinformation,race,White / Caucasian,distrust_post,22.0
Oil industry misinformation,race,White / Caucasian,donation_ams,4.1
Oil industry misinformation,race,White / Caucasian,funding_perceptions,58.0
Oil industry misinformation,race,White / Caucasian,inst_trust_mean,66.6
Oil industry misinformation,race,White / Caucasian,newsletter_signup,1.52
Oil industry misinformation,race,White / Caucasian,policy_general,74.0
Oil industry misinformation,race,White / Caucasian,policy_role_mean,71.0
Oil industry misinformation,race,White / Caucasian,policy_specific_mean,69.71428571428571
Oil industry misinformation,race,White / Caucasian,trust_multidimensional,76.91666666666667
Oil industry misinformation,race,White / Caucasian,trust_post,80.0
Peer-review,age_band,18-29,behavior_mean,66.3
Peer-review,age_band,18-29,belief_post,94.3
Peer-review,age_band,18-29,concern_mean,85.03333333333335
Peer-review,age_band,18-29,distrust_post,17.5
Peer-review,age_band,18-29,donation_ams,3.62
Peer-review,age_band,18-29,funding_perceptions,81.1
Peer-review,age_band,18-29,inst_trust_mean,73.74
Peer-review,age_band,18-29,newsletter_signup,1.67
Peer-review,age_band,18-29,policy_general,87.6
Peer-review,age_band,18-29,policy_role_mean,73.95
Peer-review,age_band,18-29,policy_specific_mean,77.54285714285713
Peer-review,age_band,18-29,trust_multidimensional,80.21666666666667
Peer-review,age_band,18-29,trust_post,83.2
Peer-review,age_band,30-44,behavior_mean,48.81666666666666
Peer-review,age_band,30-44,belief_post,86.7
Peer-review,age_band,30-44,concern_mean,78.10000000000001
Peer-review,age_band,30-44,distrust_post,18.6
Peer-review,age_band,30-44,donation_ams,3.42
Peer-review,age_band,30-44,funding_perceptions,70.7
Peer-review,age_band,30-44,inst_trust_mean,70.46000000000001
Peer-review,age_band,30-44,newsletter_signup,1.33
Peer-review,age_band,30-44,policy_general,78.5
Peer-review,age_band,30-44,policy_role_mean,77.2
Peer-review,age_band,30-44,policy_specific_mean,74.10000000000001
Peer-review,age_band,30-44,trust_multidimensional,78.0
Peer-review,age_band,30-44,trust_post,82.4
Peer-review,age_band,45-59,behavior_mean,39.5
Peer-review,age_band,45-59,belief_post,82.3
Peer-review,age_band,45-59,concern_mean,69.03333333333335
Peer-review,age_band,45-59,distrust_post,28.5
Peer-review,age_band,45-59,donation_ams,4.2
Peer-review,age_band,45-59,funding_perceptions,63.2
Peer-review,age_band,45-59,inst_trust_mean,70.82000000000001
Peer-review,age_band,45-59,newsletter_signup,1.24
Peer-review,age_band,45-59,policy_general,71.6
Peer-review,age_band,45-59,policy_role_mean,68.125
Peer-review,age_band,45-59,policy_specific_mean,68.05714285714285
Peer-review,age_band,45-59,trust_multidimensional,74.84166666666667
Peer-review,age_band,45-59,trust_post,76.4
Peer-review,age_band,60+,behavior_mean,34.5
Peer-review,age_band,60+,belief_post,78.0
Peer-review,age_band,60+,concern_mean,57.333333333333336
Peer-review,age_band,60+,distrust_post,24.0
Peer-review,age_band,60+,donation_ams,2.3
Peer-review,age_band,60+,funding_perceptions,34.0
Peer-review,age_band,60+,inst_trust_mean,61.2
Peer-review,age_band,60+,newsletter_signup,1.28
Peer-review,age_band,60+,policy_general,57.0
Peer-review,age_band,60+,policy_role_mean,53.75
Peer-review,age_band,60+,policy_specific_mean,53.57142857142857
Peer-review,age_band,60+,trust_multidimensional,68.66666666666667
Peer-review,age_band,60+,trust_post,73.0
Peer-review,education,Bachelor's degree,behavior_mean,46.71333333333334
Peer-review,education,Bachelor's degree,belief_post,81.32000000000001
Peer-review,education,Bachelor's degree,concern_mean,73.21333333333334
Peer-review,education,Bachelor's degree,distrust_post,23.979999999999997
Peer-review,education,Bachelor's degree,donation_ams,3.53
Peer-review,education,Bachelor's degree,funding_perceptions,65.46000000000001
Peer-review,education,Bachelor's degree,inst_trust_mean,65.808
Peer-review,education,Bachelor's degree,newsletter_signup,1.372
Peer-review,education,Bachelor's degree,policy_general,72.9
Peer-review,education,Bachelor's degree,policy_role_mean,67.465
Peer-review,education,Bachelor's degree,policy_specific_mean,72.52
Peer-review,education,Bachelor's degree,trust_multidimensional,70.66333333333333
Peer-review,education,Bachelor's degree,trust_post,74.52000000000001
Peer-review,education,Doctorate degree / Ph.D.,behavior_mean,52.666666666666664
Peer-review,education,Doctorate degree / Ph.D.,belief_post,93.0
Peer-review,education,Doctorate degree / Ph.D.,concern_mean,83.66666666666667
Peer-review,education,Doctorate degree / Ph.D.,distrust_post,14.0
Peer-review,education,Doctorate degree / Ph.D.,donation_ams,5.0
Peer-review,education,Doctorate degree / Ph.D.,funding_perceptions,88.0
Peer-review,education,Doctorate degree / Ph.D.,inst_trust_mean,77.4
Peer-review,education,Doctorate degree / Ph.D.,newsletter_signup,1.0
Peer-review,education,Doctorate degree / Ph.D.,policy_general,87.0
Peer-review,education,Doctorate degree / Ph.D.,policy_role_mean,72.75
Peer-review,education,Doctorate degree / Ph.D.,policy_specific_mean,82.71428571428571
Peer-review,education,Doctorate degree / Ph.D.,trust_multidimensional,80.91666666666667
Peer-review,education,Doctorate degree / Ph.D.,trust_post,86.0
Peer-review,education,High school diploma / GED,behavior_mean,42.88333333333333
Peer-review,education,High school diploma / GED,belief_post,71.6
Peer-review,education,High school diploma / GED,concern_mean,70.5
Peer-review,education,High school diploma / GED,distrust_post,26.8
Peer-review,education,High school diploma / GED,donation_ams,2.35
Peer-review,education,High school diploma / GED,funding_perceptions,50.8
Peer-review,education,High school diploma / GED,inst_trust_mean,64.5
Peer-review,education,High school diploma / GED,newsletter_signup,1.72
Peer-review,education,High school diploma / GED,policy_general,67.4
Peer-review,education,High school diploma / GED,policy_role_mean,69.75
Peer-review,education,High school diploma / GED,policy_specific_mean,70.51428571428572
Peer-review,education,High school diploma / GED,trust_multidimensional,67.625
Peer-review,education,High school diploma / GED,trust_post,73.5
Peer-review,education,Less than high school,behavior_mean,38.0
Peer-review,education,Less than high school,belief_post,61.0
Peer-review,education,Less than high school,concern_mean,54.333333333333336
Peer-review,education,Less than high school,distrust_post,43.0
Peer-review,education,Less than high school,donation_ams,1.5
Peer-review,education,Less than high school,funding_perceptions,37.0
Peer-review,education,Less than high school,inst_trust_mean,45.6
Peer-review,education,Less than high school,newsletter_signup,1.28
Peer-review,education,Less than high school,policy_general,49.0
Peer-review,education,Less than high school,policy_role_mean,51.75
Peer-review,education,Less than high school,policy_specific_mean,58.142857142857146
Peer-review,education,Less than high school,trust_multidimensional,54.416666666666664
Peer-review,education,Less than high school,trust_post,57.0
Peer-review,education,Master's degree / Professional degree,behavior_mean,60.050000000000004
Peer-review,education,Master's degree / Professional degree,belief_post,93.5
Peer-review,education,Master's degree / Professional degree,concern_mean,82.33333333333333
Peer-review,education,Master's degree / Professional degree,distrust_post,11.3
Peer-review,education,Master's degree / Professional degree,donation_ams,4.7
Peer-review,education,Master's degree / Professional degree,funding_perceptions,85.2
Peer-review,education,Master's degree / Professional degree,inst_trust_mean,76.72
Peer-review,education,Master's degree / Professional degree,newsletter_signup,1.28
Peer-review,education,Master's degree / Professional degree,policy_general,86.9
Peer-review,education,Master's degree / Professional degree,policy_role_mean,78.2
Peer-review,education,Master's degree / Professional degree,policy_specific_mean,80.52857142857144
Peer-review,education,Master's degree / Professional degree,trust_multidimensional,78.94166666666666
Peer-review,education,Master's degree / Professional degree,trust_post,84.7
Peer-review,education,Some college or Associate's degree,behavior_mean,39.96666666666667
Peer-review,education,Some college or Associate's degree,belief_post,87.5
Peer-review,education,Some college or Associate's degree,concern_mean,75.23333333333333
Peer-review,education,Some college or Associate's degree,distrust_post,24.8
Peer-review,education,Some college or Associate's degree,donation_ams,4.1
Peer-review,education,Some college or Associate's degree,funding_perceptions,66.3
Peer-review,education,Some college or Associate's degree,inst_trust_mean,64.82000000000001
Peer-review,education,Some college or Associate's degree,newsletter_signup,1.58
Peer-review,education,Some college or Associate's degree,policy_general,74.2
Peer-review,education,Some college or Associate's degree,policy_role_mean,64.875
Peer-review,education,Some college or Associate's degree,policy_specific_mean,70.7
Peer-review,education,Some college or Associate's degree,trust_multidimensional,71.41666666666667
Peer-review,education,Some college or Associate's degree,trust_post,71.4
Peer-review,gender,Female,behavior_mean,63.06666666666666
Peer-review,gender,Female,belief_post,87.2
Peer-review,gender,Female,concern_mean,82.63333333333333
Peer-review,gender,Female,distrust_post,17.8
Peer-review,gender,Female,donation_ams,4.3
Peer-review,gender,Female,funding_perceptions,86.5
Peer-review,gender,Female,inst_trust_mean,67.02000000000001
Peer-review,gender,Female,newsletter_signup,1.28
Peer-review,gender,Female,policy_general,84.1
Peer-review,gender,Female,policy_role_mean,76.725
Peer-review,gender,Female,policy_specific_mean,82.89999999999999
Peer-review,gender,Female,trust_multidimensional,79.7
Peer-review,gender,Female,trust_post,82.6
Peer-review,gender,Male,behavior_mean,36.0
Peer-review,gender,Male,belief_post,74.0
Peer-review,gender,Male,concern_mean,54.0
Peer-review,gender,Male,distrust_post,20.0
Peer-review,gender,Male,donation_ams,3.5
Peer-review,gender,Male,funding_perceptions,50.0
Peer-review,gender,Male,inst_trust_mean,61.8
Peer-review,gender,Male,newsletter_signup,1.2
Peer-review,gender,Male,policy_general,58.0
Peer-review,gender,Male,policy_role_mean,64.25
Peer-review,gender,Male,policy_specific_mean,62.0
Peer-review,gender,Male,trust_multidimensional,72.0
Peer-review,gender,Male,trust_post,76.0
Peer-review,gender,Other,behavior_mean,58.5
Peer-review,gender,Other,belief_post,91.0
Peer-review,gender,Other,concern_mean,84.33333333333333
Peer-review,gender,Other,distrust_post,17.0
Peer-review,gender,Other,donation_ams,7.4
Peer-review,gender,Other,funding_perceptions,72.0
Peer-review,gender,Other,inst_trust_mean,73.6
Peer-review,gender,Other,newsletter_signup,1.42
Peer-review,gender,Other,policy_general,83.0
Peer-review,gender,Other,policy_role_mean,73.5
Peer-review,gender,Other,policy_specific_mean,81.28571428571429
Peer-review,gender,Other,trust_multidimensional,79.0
Peer-review,gender,Other,trust_post,81.0
Peer-review,income,"$100,000 to $167,999",behavior_mean,50.5
Peer-review,income,"$100,000 to $167,999",belief_post,86.0
Peer-review,income,"$100,000 to $167,999",concern_mean,72.0
Peer-review,income,"$100,000 to $167,999",distrust_post,22.0
Peer-review,income,"$100,000 to $167,999",donation_ams,3.8
Peer-review,income,"$100,000 to $167,999",funding_perceptions,62.0
Peer-review,income,"$100,000 to $167,999",inst_trust_mean,71.0
Peer-review,income,"$100,000 to $167,999",newsletter_signup,1.65
Peer-review,income,"$100,000 to $167,999",policy_general,76.0
Peer-review,income,"$100,000 to $167,999",policy_role_mean,69.75
Peer-review,income,"$100,000 to $167,999",policy_specific_mean,76.71428571428571
Peer-review,income,"$100,000 to $167,999",trust_multidimensional,77.33333333333333
Peer-review,income,"$100,000 to $167,999",trust_post,81.0
Peer-review,income,"$168,000 or more",behavior_mean,54.166666666666664
Peer-review,income,"$168,000 or more",belief_post,92.1
Peer-review,income,"$168,000 or more",concern_mean,81.43333333333334
Peer-review,income,"$168,000 or more",distrust_post,17.3
Peer-review,income,"$168,000 or more",donation_ams,4.7
Peer-review,income,"$168,000 or more",funding_perceptions,66.5
Peer-review,income,"$168,000 or more",inst_trust_mean,74.72
Peer-review,income,"$168,000 or more",newsletter_signup,1.34
Peer-review,income,"$168,000 or more",policy_general,79.8
Peer-review,income,"$168,000 or more",policy_role_mean,75.1
Peer-review,income,"$168,000 or more",policy_specific_mean,71.05714285714285
Peer-review,income,"$168,000 or more",trust_multidimensional,81.46666666666667
Peer-review,income,"$168,000 or more",trust_post,86.2
Peer-review,income,"$30,000 to $55,999",behavior_mean,40.766666666666666
Peer-review,income,"$30,000 to $55,999",belief_post,87.4
Peer-review,income,"$30,000 to $55,999",concern_mean,73.46666666666665
Peer-review,income,"$30,000 to $55,999",distrust_post,21.3
Peer-review,income,"$30,000 to $55,999",donation_ams,1.9
Peer-review,income,"$30,000 to $55,999",funding_perceptions,56.3
Peer-review,income,"$30,000 to $55,999",inst_trust_mean,66.72
Peer-review,income,"$30,000 to $55,999",newsletter_signup,1.34
Peer-review,income,"$30,000 to $55,999",policy_general,72.8
Peer-review,income,"$30,000 to $55,999",policy_role_mean,69.45
Peer-review,income,"$30,000 to $55,999",policy_specific_mean,67.0
Peer-review,income,"$30,000 to $55,999",trust_multidimensional,70.89999999999999
Peer-review,income,"$30,000 to $55,999",trust_post,78.6
Peer-review,income,"$56,000 to $99,999",behavior_mean,42.76666666666667
Peer-review,income,"$56,000 to $99,999",belief_post,83.7
Peer-review,income,"$56,000 to $99,999",concern_mean,68.53333333333333
Peer-review,income,"$56,000 to $99,999",distrust_post,24.1
Peer-review,income,"$56,000 to $99,999",donation_ams,3.2
Peer-review,income,"$56,000 to $99,999",funding_perceptions,55.5
Peer-review,income,"$56,000 to $99,999",inst_trust_mean,64.72
Peer-review,income,"$56,000 to $99,999",newsletter_signup,1.75
Peer-review,income,"$56,000 to $99,999",policy_general,71.4
Peer-review,income,"$56,000 to $99,999",policy_role_mean,69.775
Peer-review,income,"$56,000 to $99,999",policy_specific_mean,74.14285714285714
Peer-review,income,"$56,000 to $99,999",trust_multidimensional,72.28333333333333
Peer-review,income,"$56,000 to $99,999",trust_post,74.6
Peer-review,income,"Less than $30,000",behavior_mean,48.166666666666664
Peer-review,income,"Less than $30,000",belief_post,83.0
Peer-review,income,"Less than $30,000",concern_mean,81.0
Peer-review,income,"Less than $30,000",distrust_post,22.0
Peer-review,income,"Less than $30,000",donation_ams,2.3
Peer-review,income,"Less than $30,000",funding_perceptions,72.0
Peer-review,income,"Less than $30,000",inst_trust_mean,68.0
Peer-review,income,"Less than $30,000",newsletter_signup,1.35
Peer-review,income,"Less than $30,000",policy_general,79.0
Peer-review,income,"Less than $30,000",policy_role_mean,72.0
Peer-review,income,"Less than $30,000",policy_specific_mean,74.42857142857143
Peer-review,income,"Less than $30,000",trust_multidimensional,75.16666666666667
Peer-review,income,"Less than $30,000",trust_post,77.0
Peer-review,party,Democrat,behavior_mean,56.0
Peer-review,party,Democrat,belief_post,91.0
Peer-review,party,Democrat,concern_mean,85.66666666666667
Peer-review,party,Democrat,distrust_post,19.0
Peer-review,party,Democrat,donation_ams,3.8
Peer-review,party,Democrat,funding_perceptions,78.0
Peer-review,party,Democrat,inst_trust_mean,78.8
Peer-review,party,Democrat,newsletter_signup,1.65
Peer-review,party,Democrat,policy_general,87.0
Peer-review,party,Democrat,policy_role_mean,77.75
Peer-review,party,Democrat,policy_specific_mean,81.57142857142857
Peer-review,party,Democrat,trust_multidimensional,82.83333333333333
Peer-review,party,Democrat,trust_post,83.0
Peer-review,party,Independent,behavior_mean,58.833333333333336
Peer-review,party,Independent,belief_post,82.0
Peer-review,party,Independent,concern_mean,63.0
Peer-review,party,Independent,distrust_post,28.0
Peer-review,party,Independent,donation_ams,3.5
Peer-review,party,Independent,funding_perceptions,52.0
Peer-review,party,Independent,inst_trust_mean,64.0
Peer-review,party,Independent,newsletter_signup,1.2
Peer-review,party,Independent,policy_general,73.0
Peer-review,party,Independent,policy_role_mean,72.75
Peer-review,party,Independent,policy_specific_mean,68.57142857142857
Peer-review,party,Independent,trust_multidimensional,74.66666666666667
Peer-review,party,Independent,trust_post,78.0
Peer-review,party,Other,behavior_mean,49.050000000000004
Peer-review,party,Other,belief_post,83.4
Peer-review,party,Other,concern_mean,71.3
Peer-review,party,Other,distrust_post,22.1
Peer-review,party,Other,donation_ams,3.9
Peer-review,party,Other,funding_perceptions,58.2
Peer-review,party,Other,inst_trust_mean,71.16
Peer-review,party,Other,newsletter_signup,1.38
Peer-review,party,Other,policy_general,66.2
Peer-review,party,Other,policy_role_mean,63.6
Peer-review,party,Other,policy_specific_mean,64.54285714285714
Peer-review,party,Other,trust_multidimensional,76.85000000000001
Peer-review,party,Other,trust_post,77.3
Peer-review,party,Republican,behavior_mean,28.333333333333332
Peer-review,party,Republican,belief_post,48.0
Peer-review,party,Republican,concern_mean,35.333333333333336
Peer-review,party,Republican,distrust_post,53.0
Peer-review,party,Republican,donation_ams,1.6
Peer-review,party,Republican,funding_perceptions,31.0
Peer-review,party,Republican,inst_trust_mean,40.4
Peer-review,party,Republican,newsletter_signup,1.18
Peer-review,party,Republican,policy_general,34.0
Peer-review,party,Republican,policy_role_mean,45.25
Peer-review,party,Republican,policy_specific_mean,46.0
Peer-review,party,Republican,trust_multidimensional,60.25
Peer-review,party,Republican,trust_post,47.0
Peer-review,race,Asian / Asian American,behavior_mean,59.26666666666667
Peer-review,race,Asian / Asian American,belief_post,88.3
Peer-review,race,Asian / Asian American,concern_mean,81.16666666666667
Peer-review,race,Asian / Asian American,distrust_post,11.8
Peer-review,race,Asian / Asian American,donation_ams,3.1
Peer-review,race,Asian / Asian American,funding_perceptions,81.5
Peer-review,race,Asian / Asian American,inst_trust_mean,73.36
Peer-review,race,Asian / Asian American,newsletter_signup,1.22
Peer-review,race,Asian / Asian American,policy_general,83.7
Peer-review,race,Asian / Asian American,policy_role_mean,70.625
Peer-review,race,Asian / Asian American,policy_specific_mean,73.54285714285713
Peer-review,race,Asian / Asian American,trust_multidimensional,80.25
Peer-review,race,Asian / Asian American,trust_post,86.4
Peer-review,race,Black / African American,behavior_mean,36.0
Peer-review,race,Black / African American,belief_post,88.0
Peer-review,race,Black / African American,concern_mean,78.0
Peer-review,race,Black / African American,distrust_post,19.0
Peer-review,race,Black / African American,donation_ams,2.1
Peer-review,race,Black / African American,funding_perceptions,82.0
Peer-review,race,Black / African American,inst_trust_mean,68.4
Peer-review,race,Black / African American,newsletter_signup,1.28
Peer-review,race,Black / African American,policy_general,78.0
Peer-review,race,Black / African American,policy_role_mean,67.0
Peer-review,race,Black / African American,policy_specific_mean,71.0
Peer-review,race,Black / African American,trust_multidimensional,76.5
Peer-review,race,Black / African American,trust_post,81.0
Peer-review,race,Hispanic / Latino,behavior_mean,45.666666666666664
Peer-review,race,Hispanic / Latino,belief_post,82.0
Peer-review,race,Hispanic / Latino,concern_mean,66.0
Peer-review,race,Hispanic / Latino,distrust_post,32.0
Peer-review,race,Hispanic / Latino,donation_ams,3.0
Peer-review,race,Hispanic / Latino,funding_perceptions,72.0
Peer-review,race,Hispanic / Latino,inst_trust_mean,65.6
Peer-review,race,Hispanic / Latino,newsletter_signup,1.6
Peer-review,race,Hispanic / Latino,policy_general,78.0
Peer-review,race,Hispanic / Latino,policy_role_mean,70.5
Peer-review,race,Hispanic / Latino,policy_specific_mean,67.42857142857143
Peer-review,race,Hispanic / Latino,trust_multidimensional,69.83333333333333
Peer-review,race,Hispanic / Latino,trust_post,68.0
Peer-review,race,Other,behavior_mean,54.800000000000004
Peer-review,race,Other,belief_post,83.2
Peer-review,race,Other,concern_mean,76.26666666666667
Peer-review,race,Other,distrust_post,22.1
Peer-review,race,Other,donation_ams,2.8
Peer-review,race,Other,funding_perceptions,72.5
Peer-review,race,Other,inst_trust_mean,69.38
Peer-review,race,Other,newsletter_signup,1.45
Peer-review,race,Other,policy_general,79.4
Peer-review,race,Other,policy_role_mean,74.75
Peer-review,race,Other,policy_specific_mean,76.55714285714285
Peer-review,race,Other,trust_multidimensional,72.19166666666666
Peer-review,race,Other,trust_post,75.3
Peer-review,race,White / Caucasian,behavior_mean,34.333333333333336
Peer-review,race,White / Caucasian,belief_post,81.0
Peer-review,race,White / Caucasian,concern_mean,69.33333333333333
Peer-review,race,White / Caucasian,distrust_post,22.0
Peer-review,race,White / Caucasian,donation_ams,2.8
Peer-review,race,White / Caucasian,funding_perceptions,52.0
Peer-review,race,White / Caucasian,inst_trust_mean,72.8
Peer-review,race,White / Caucasian,newsletter_signup,1.75
Peer-review,race,White / Caucasian,policy_general,71.0
Peer-review,race,White / Caucasian,policy_role_mean,69.25
Peer-review,race,White / Caucasian,policy_specific_mean,66.0
Peer-review,race,White / Caucasian,trust_multidimensional,75.25
Peer-review,race,White / Caucasian,trust_post,74.0
Portrait Prof. Cherry,age_band,18-29,behavior_mean,59.050000000000004
Portrait Prof. Cherry,age_band,18-29,belief_post,93.2
Portrait Prof. Cherry,age_band,18-29,concern_mean,84.7
Portrait Prof. Cherry,age_band,18-29,distrust_post,16.8
Portrait Prof. Cherry,age_band,18-29,donation_ams,2.1
Portrait Prof. Cherry,age_band,18-29,funding_perceptions,87.5
Portrait Prof. Cherry,age_band,18-29,inst_trust_mean,69.28
Portrait Prof. Cherry,age_band,18-29,newsletter_signup,1.75
Portrait Prof. Cherry,age_band,18-29,policy_general,89.1
Portrait Prof. Cherry,age_band,18-29,policy_role_mean,72.725
Portrait Prof. Cherry,age_band,18-29,policy_specific_mean,82.22857142857143
Portrait Prof. Cherry,age_band,18-29,trust_multidimensional,78.675
Portrait Prof. Cherry,age_band,18-29,trust_post,83.5
Portrait Prof. Cherry,age_band,30-44,behavior_mean,49.333333333333336
Portrait Prof. Cherry,age_band,30-44,belief_post,86.0
Portrait Prof. Cherry,age_band,30-44,concern_mean,79.0
Portrait Prof. Cherry,age_band,30-44,distrust_post,24.0
Portrait Prof. Cherry,age_band,30-44,donation_ams,2.3
Portrait Prof. Cherry,age_band,30-44,funding_perceptions,68.0
Portrait Prof. Cherry,age_band,30-44,inst_trust_mean,63.0
Portrait Prof. Cherry,age_band,30-44,newsletter_signup,1.85
Portrait Prof. Cherry,age_band,30-44,policy_general,78.0
Portrait Prof. Cherry,age_band,30-44,policy_role_mean,76.5
Portrait Prof. Cherry,age_band,30-44,policy_specific_mean,71.71428571428571
Portrait Prof. Cherry,age_band,30-44,trust_multidimensional,76.0
Portrait Prof. Cherry,age_band,30-44,trust_post,76.0
Portrait Prof. Cherry,age_band,45-59,behavior_mean,47.166666666666664
Portrait Prof. Cherry,age_band,45-59,belief_post,83.0
Portrait Prof. Cherry,age_band,45-59,concern_mean,69.0
Portrait Prof. Cherry,age_band,45-59,distrust_post,24.0
Portrait Prof. Cherry,age_band,45-59,donation_ams,4.1
Portrait Prof. Cherry,age_band,45-59,funding_perceptions,54.0
Portrait Prof. Cherry,age_band,45-59,inst_trust_mean,64.6
Portrait Prof. Cherry,age_band,45-59,newsletter_signup,1.38
Portrait Prof. Cherry,age_band,45-59,policy_general,67.0
Portrait Prof. Cherry,age_band,45-59,policy_role_mean,68.75
Portrait Prof. Cherry,age_band,45-59,policy_specific_mean,67.0
Portrait Prof. Cherry,age_band,45-59,trust_multidimensional,75.75
Portrait Prof. Cherry,age_band,45-59,trust_post,76.0
Portrait Prof. Cherry,age_band,60+,behavior_mean,41.266666666666666
Portrait Prof. Cherry,age_band,60+,belief_post,69.2
Portrait Prof. Cherry,age_band,60+,concern_mean,60.86666666666667
Portrait Prof. Cherry,age_band,60+,distrust_post,23.4
Portrait Prof. Cherry,age_band,60+,donation_ams,3.4
Portrait Prof. Cherry,age_band,60+,funding_perceptions,46.3
Portrait Prof. Cherry,age_band,60+,inst_trust_mean,65.8
Portrait Prof. Cherry,age_band,60+,newsletter_signup,1.88
Portrait Prof. Cherry,age_band,60+,policy_general,60.5
Portrait Prof. Cherry,age_band,60+,policy_role_mean,66.675
Portrait Prof. Cherry,age_band,60+,policy_specific_mean,63.75714285714286
Portrait Prof. Cherry,age_band,60+,trust_multidimensional,74.84166666666667
Portrait Prof. Cherry,age_band,60+,trust_post,75.6
Portrait Prof. Cherry,education,Bachelor's degree,behavior_mean,56.333333333333336
Portrait Prof. Cherry,education,Bachelor's degree,belief_post,88.0
Portrait Prof. Cherry,education,Bachelor's degree,concern_mean,75.33333333333333
Portrait Prof. Cherry,education,Bachelor's degree,distrust_post,21.0
Portrait Prof. Cherry,education,Bachelor's degree,donation_ams,3.4
Portrait Prof. Cherry,education,Bachelor's degree,funding_perceptions,62.0
Portrait Prof. Cherry,education,Bachelor's degree,inst_trust_mean,72.0
Portrait Prof. Cherry,education,Bachelor's degree,newsletter_signup,1.28
Portrait Prof. Cherry,education,Bachelor's degree,policy_general,78.0
Portrait Prof. Cherry,education,Bachelor's degree,policy_role_mean,77.5
Portrait Prof. Cherry,education,Bachelor's degree,policy_specific_mean,76.42857142857143
Portrait Prof. Cherry,education,Bachelor's degree,trust_multidimensional,77.33333333333333
Portrait Prof. Cherry,education,Bachelor's degree,trust_post,79.0
Portrait Prof. Cherry,education,Doctorate degree / Ph.D.,behavior_mean,55.699999999999996
Portrait Prof. Cherry,education,Doctorate degree / Ph.D.,belief_post,93.5
Portrait Prof. Cherry,education,Doctorate degree / Ph.D.,concern_mean,78.26666666666667
Portrait Prof. Cherry,education,Doctorate degree / Ph.D.,distrust_post,11.6
Portrait Prof. Cherry,education,Doctorate degree / Ph.D.,donation_ams,5.7
Portrait Prof. Cherry,education,Doctorate degree / Ph.D.,funding_perceptions,58.2
Portrait Prof. Cherry,education,Doctorate degree / Ph.D.,inst_trust_mean,76.66
Portrait Prof. Cherry,education,Doctorate degree / Ph.D.,newsletter_signup,1.35
Portrait Prof. Cherry,education,Doctorate degree / Ph.D.,policy_general,83.2
Portrait Prof. Cherry,education,Doctorate degree / Ph.D.,policy_role_mean,78.375
Portrait Prof. Cherry,education,Doctorate degree / Ph.D.,policy_specific_mean,80.28571428571429
Portrait Prof. Cherry,education,Doctorate degree / Ph.D.,trust_multidimensional,81.73333333333333
Portrait Prof. Cherry,education,Doctorate degree / Ph.D.,trust_post,82.4
Portrait Prof. Cherry,education,High school diploma / GED,behavior_mean,37.833333333333336
Portrait Prof. Cherry,education,High school diploma / GED,belief_post,71.0
Portrait Prof. Cherry,education,High school diploma / GED,concern_mean,58.0
Portrait Prof. Cherry,education,High school diploma / GED,distrust_post,31.0
Portrait Prof. Cherry,education,High school diploma / GED,donation_ams,2.3
Portrait Prof. Cherry,education,High school diploma / GED,funding_perceptions,52.0
Portrait Prof. Cherry,education,High school diploma / GED,inst_trust_mean,56.6
Portrait Prof. Cherry,education,High school diploma / GED,newsletter_signup,1.4
Portrait Prof. Cherry,education,High school diploma / GED,policy_general,59.0
Portrait Prof. Cherry,education,High school diploma / GED,policy_role_mean,61.25
Portrait Prof. Cherry,education,High school diploma / GED,policy_specific_mean,59.857142857142854
Portrait Prof. Cherry,education,High school diploma / GED,trust_multidimensional,69.66666666666667
Portrait Prof. Cherry,education,High school diploma / GED,trust_post,68.0
Portrait Prof. Cherry,education,Less than high school,behavior_mean,22.666666666666668
Portrait Prof. Cherry,education,Less than high school,belief_post,32.0
Portrait Prof. Cherry,education,Less than high school,concern_mean,32.666666666666664
Portrait Prof. Cherry,education,Less than high school,distrust_post,58.0
Portrait Prof. Cherry,education,Less than high school,donation_ams,1.8
Portrait Prof. Cherry,education,Less than high school,funding_perceptions,32.0
Portrait Prof. Cherry,education,Less than high school,inst_trust_mean,33.2
Portrait Prof. Cherry,education,Less than high school,newsletter_signup,1.75
Portrait Prof. Cherry,education,Less than high school,policy_general,38.0
Portrait Prof. Cherry,education,Less than high school,policy_role_mean,45.0
Portrait Prof. Cherry,education,Less than high school,policy_specific_mean,45.42857142857143
Portrait Prof. Cherry,education,Less than high school,trust_multidimensional,41.416666666666664
Portrait Prof. Cherry,education,Less than high school,trust_post,39.0
Portrait Prof. Cherry,education,Master's degree / Professional degree,behavior_mean,54.800000000000004
Portrait Prof. Cherry,education,Master's degree / Professional degree,belief_post,93.4
Portrait Prof. Cherry,education,Master's degree / Professional degree,concern_mean,76.53333333333335
Portrait Prof. Cherry,education,Master's degree / Professional degree,distrust_post,21.3
Portrait Prof. Cherry,education,Master's degree / Professional degree,donation_ams,3.6
Portrait Prof. Cherry,education,Master's degree / Professional degree,funding_perceptions,73.5
Portrait Prof. Cherry,education,Master's degree / Professional degree,inst_trust_mean,74.26
Portrait Prof. Cherry,education,Master's degree / Professional degree,newsletter_signup,1.62
Portrait Prof. Cherry,education,Master's degree / Professional degree,policy_general,85.7
Portrait Prof. Cherry,education,Master's degree / Professional degree,policy_role_mean,72.125
Portrait Prof. Cherry,education,Master's degree / Professional degree,policy_specific_mean,74.87142857142858
Portrait Prof. Cherry,education,Master's degree / Professional degree,trust_multidimensional,78.64999999999999
Portrait Prof. Cherry,education,Master's degree / Professional degree,trust_post,78.6
Portrait Prof. Cherry,education,Some college or Associate's degree,behavior_mean,58.88333333333333
Portrait Prof. Cherry,education,Some college or Associate's degree,belief_post,91.4
Portrait Prof. Cherry,education,Some college or Associate's degree,concern_mean,82.76666666666667
Portrait Prof. Cherry,education,Some college or Associate's degree,distrust_post,11.5
Portrait Prof. Cherry,education,Some college or Associate's degree,donation_ams,3.45
Portrait Prof. Cherry,education,Some college or Associate's degree,funding_perceptions,72.7
Portrait Prof. Cherry,education,Some college or Associate's degree,inst_trust_mean,68.0
Portrait Prof. Cherry,education,Some college or Associate's degree,newsletter_signup,1.24
Portrait Prof. Cherry,education,Some college or Associate's degree,policy_general,83.5
Portrait Prof. Cherry,education,Some college or Associate's degree,policy_role_mean,68.35
Portrait Prof. Cherry,education,Some college or Associate's degree,policy_specific_mean,73.04285714285714
Portrait Prof. Cherry,education,Some college or Associate's degree,trust_multidimensional,74.58333333333333
Portrait Prof. Cherry,education,Some college or Associate's degree,trust_post,77.8
Portrait Prof. Cherry,gender,Female,behavior_mean,51.0
Portrait Prof. Cherry,gender,Female,belief_post,89.0
Portrait Prof. Cherry,gender,Female,concern_mean,78.66666666666667
Portrait Prof. Cherry,gender,Female,distrust_post,23.0
Portrait Prof. Cherry,gender,Female,donation_ams,4.5
Portrait Prof. Cherry,gender,Female,funding_perceptions,60.0
Portrait Prof. Cherry,gender,Female,inst_trust_mean,65.2
Portrait Prof. Cherry,gender,Female,newsletter_signup,1.4
Portrait Prof. Cherry,gender,Female,policy_general,82.0
Portrait Prof. Cherry,gender,Female,policy_role_mean,68.5
Portrait Prof. Cherry,gender,Female,policy_specific_mean,74.57142857142857
Portrait Prof. Cherry,gender,Female,trust_multidimensional,78.08333333333333
Portrait Prof. Cherry,gender,Female,trust_post,78.0
Portrait Prof. Cherry,gender,Male,behavior_mean,38.36666666666667
Portrait Prof. Cherry,gender,Male,belief_post,84.2
Portrait Prof. Cherry,gender,Male,concern_mean,70.86666666666667
Portrait Prof. Cherry,gender,Male,distrust_post,25.8
Portrait Prof. Cherry,gender,Male,donation_ams,3.6
Portrait Prof. Cherry,gender,Male,funding_perceptions,57.7
Portrait Prof. Cherry,gender,Male,inst_trust_mean,68.38
Portrait Prof. Cherry,gender,Male,newsletter_signup,1.72
Portrait Prof. Cherry,gender,Male,policy_general,66.4
Portrait Prof. Cherry,gender,Male,policy_role_mean,70.25
Portrait Prof. Cherry,gender,Male,policy_specific_mean,64.47142857142858
Portrait Prof. Cherry,gender,Male,trust_multidimensional,73.14999999999999
Portrait Prof. Cherry,gender,Male,trust_post,74.5
Portrait Prof. Cherry,gender,Other,behavior_mean,65.06666666666666
Portrait Prof. Cherry,gender,Other,belief_post,92.8
Portrait Prof. Cherry,gender,Other,concern_mean,84.63333333333334
Portrait Prof. Cherry,gender,Other,distrust_post,18.2
Portrait Prof. Cherry,gender,Other,donation_ams,4.9
Portrait Prof. Cherry,gender,Other,funding_perceptions,75.7
Portrait Prof. Cherry,gender,Other,inst_trust_mean,74.82000000000001
Portrait Prof. Cherry,gender,Other,newsletter_signup,1.34
Portrait Prof. Cherry,gender,Other,policy_general,88.5
Portrait Prof. Cherry,gender,Other,policy_role_mean,81.225
Portrait Prof. Cherry,gender,Other,policy_specific_mean,81.85714285714286
Portrait Prof. Cherry,gender,Other,trust_multidimensional,82.125
Portrait Prof. Cherry,gender,Other,trust_post,82.5
Portrait Prof. Cherry,income,"$100,000 to $167,999",behavior_mean,50.833333333333336
Portrait Prof. Cherry,income,"$100,000 to $167,999",belief_post,86.0
Portrait Prof. Cherry,income,"$100,000 to $167,999",concern_mean,72.33333333333333
Portrait Prof. Cherry,income,"$100,000 to $167,999",distrust_post,22.0
Portrait Prof. Cherry,income,"$100,000 to $167,999",donation_ams,2.7
Portrait Prof. Cherry,income,"$100,000 to $167,999",funding_perceptions,80.0
Portrait Prof. Cherry,income,"$100,000 to $167,999",inst_trust_mean,67.4
Portrait Prof. Cherry,income,"$100,000 to $167,999",newsletter_signup,1.18
Portrait Prof. Cherry,income,"$100,000 to $167,999",policy_general,80.0
Portrait Prof. Cherry,income,"$100,000 to $167,999",policy_role_mean,76.75
Portrait Prof. Cherry,income,"$100,000 to $167,999",policy_specific_mean,72.0
Portrait Prof. Cherry,income,"$100,000 to $167,999",trust_multidimensional,78.0
Portrait Prof. Cherry,income,"$100,000 to $167,999",trust_post,78.0
Portrait Prof. Cherry,income,"$168,000 or more",behavior_mean,50.833333333333336
Portrait Prof. Cherry,income,"$168,000 or more",belief_post,89.0
Portrait Prof. Cherry,income,"$168,000 or more",concern_mean,72.33333333333333
Portrait Prof. Cherry,income,"$168,000 or more",distrust_post,24.0
Portrait Prof. Cherry,income,"$168,000 or more",donation_ams,4.2
Portrait Prof. Cherry,income,"$168,000 or more",funding_perceptions,49.0
Portrait Prof. Cherry,income,"$168,000 or more",inst_trust_mean,68.2
Portrait Prof. Cherry,income,"$168,000 or more",newsletter_signup,1.25
Portrait Prof. Cherry,income,"$168,000 or more",policy_general,66.0
Portrait Prof. Cherry,income,"$168,000 or more",policy_role_mean,71.0
Portrait Prof. Cherry,income,"$168,000 or more",policy_specific_mean,64.28571428571429
Portrait Prof. Cherry,income,"$168,000 or more",trust_multidimensional,71.58333333333333
Portrait Prof. Cherry,income,"$168,000 or more",trust_post,76.0
Portrait Prof. Cherry,income,"$30,000 to $55,999",behavior_mean,34.61666666666667
Portrait Prof. Cherry,income,"$30,000 to $55,999",belief_post,83.2
Portrait Prof. Cherry,income,"$30,000 to $55,999",concern_mean,68.89999999999999
Portrait Prof. Cherry,income,"$30,000 to $55,999",distrust_post,17.8
Portrait Prof. Cherry,income,"$30,000 to $55,999",donation_ams,2.3
Portrait Prof. Cherry,income,"$30,000 to $55,999",funding_perceptions,58.5
Portrait Prof. Cherry,income,"$30,000 to $55,999",inst_trust_mean,67.76
Portrait Prof. Cherry,income,"$30,000 to $55,999",newsletter_signup,1.32
Portrait Prof. Cherry,income,"$30,000 to $55,999",policy_general,73.6
Portrait Prof. Cherry,income,"$30,000 to $55,999",policy_role_mean,67.825
Portrait Prof. Cherry,income,"$30,000 to $55,999",policy_specific_mean,65.61428571428571
Portrait Prof. Cherry,income,"$30,000 to $55,999",trust_multidimensional,80.95
Portrait Prof. Cherry,income,"$30,000 to $55,999",trust_post,80.5
Portrait Prof. Cherry,income,"$56,000 to $99,999",behavior_mean,38.85
Portrait Prof. Cherry,income,"$56,000 to $99,999",belief_post,79.1
Portrait Prof. Cherry,income,"$56,000 to $99,999",concern_mean,63.46666666666667
Portrait Prof. Cherry,income,"$56,000 to $99,999",distrust_post,27.5
Portrait Prof. Cherry,income,"$56,000 to $99,999",donation_ams,2.4
Portrait Prof. Cherry,income,"$56,000 to $99,999",funding_perceptions,53.2
Portrait Prof. Cherry,income,"$56,000 to $99,999",inst_trust_mean,70.47999999999999
Portrait Prof. Cherry,income,"$56,000 to $99,999",newsletter_signup,1.68
Portrait Prof. Cherry,income,"$56,000 to $99,999",policy_general,73.4
Portrait Prof. Cherry,income,"$56,000 to $99,999",policy_role_mean,68.325
Portrait Prof. Cherry,income,"$56,000 to $99,999",policy_specific_mean,63.857142857142854
Portrait Prof. Cherry,income,"$56,000 to $99,999",trust_multidimensional,73.325
Portrait Prof. Cherry,income,"$56,000 to $99,999",trust_post,74.2
Portrait Prof. Cherry,income,"Less than $30,000",behavior_mean,39.166666666666664
Portrait Prof. Cherry,income,"Less than $30,000",belief_post,86.0
Portrait Prof. Cherry,income,"Less than $30,000",concern_mean,72.66666666666667
Portrait Prof. Cherry,income,"Less than $30,000",distrust_post,26.0
Portrait Prof. Cherry,income,"Less than $30,000",donation_ams,3.1
Portrait Prof. Cherry,income,"Less than $30,000",funding_perceptions,72.0
Portrait Prof. Cherry,income,"Less than $30,000",inst_trust_mean,64.6
Portrait Prof. Cherry,income,"Less than $30,000",newsletter_signup,1.42
Portrait Prof. Cherry,income,"Less than $30,000",policy_general,81.0
Portrait Prof. Cherry,income,"Less than $30,000",policy_role_mean,70.25
Portrait Prof. Cherry,income,"Less than $30,000",policy_specific_mean,67.42857142857143
Portrait Prof. Cherry,income,"Less than $30,000",trust_multidimensional,75.5
Portrait Prof. Cherry,income,"Less than $30,000",trust_post,75.0
Portrait Prof. Cherry,party,Democrat,behavior_mean,61.833333333333336
Portrait Prof. Cherry,party,Democrat,belief_post,96.0
Portrait Prof. Cherry,party,Democrat,concern_mean,86.33333333333333
Portrait Prof. Cherry,party,Democrat,distrust_post,14.5
Portrait Prof. Cherry,party,Democrat,donation_ams,4.5
Portrait Prof. Cherry,party,Democrat,funding_perceptions,78.0
Portrait Prof. Cherry,party,Democrat,inst_trust_mean,78.2
Portrait Prof. Cherry,party,Democrat,newsletter_signup,1.2
Portrait Prof. Cherry,party,Democrat,policy_general,91.0
Portrait Prof. Cherry,party,Democrat,policy_role_mean,83.25
Portrait Prof. Cherry,party,Democrat,policy_specific_mean,81.42857142857143
Portrait Prof. Cherry,party,Democrat,trust_multidimensional,82.25
Portrait Prof. Cherry,party,Democrat,trust_post,86.5
Portrait Prof. Cherry,party,Independent,behavior_mean,34.5
Portrait Prof. Cherry,party,Independent,belief_post,79.0
Portrait Prof. Cherry,party,Independent,concern_mean,60.0
Portrait Prof. Cherry,party,Independent,distrust_post,22.0
Portrait Prof. Cherry,party,Independent,donation_ams,2.4
Portrait Prof. Cherry,party,Independent,funding_perceptions,55.0
Portrait Prof. Cherry,party,Independent,inst_trust_mean,63.6
Portrait Prof. Cherry,party,Independent,newsletter_signup,1.35
Portrait Prof. Cherry,party,Independent,policy_general,68.0
Portrait Prof. Cherry,party,Independent,policy_role_mean,66.0
Portrait Prof. Cherry,party,Independent,policy_specific_mean,65.42857142857143
Portrait Prof. Cherry,party,Independent,trust_multidimensional,67.75
Portrait Prof. Cherry,party,Independent,trust_post,72.0
Portrait Prof. Cherry,party,Other,behavior_mean,52.666666666666664
Portrait Prof. Cherry,party,Other,belief_post,86.0
Portrait Prof. Cherry,party,Other,concern_mean,75.0
Portrait Prof. Cherry,party,Other,distrust_post,15.0
Portrait Prof. Cherry,party,Other,donation_ams,4.2
Portrait Prof. Cherry,party,Other,funding_perceptions,52.0
Portrait Prof. Cherry,party,Other,inst_trust_mean,70.0
Portrait Prof. Cherry,party,Other,newsletter_signup,1.25
Portrait Prof. Cherry,party,Other,policy_general,66.0
Portrait Prof. Cherry,party,Other,policy_role_mean,68.75
Portrait Prof. Cherry,party,Other,policy_specific_mean,61.57142857142857
Portrait Prof. Cherry,party,Other,trust_multidimensional,76.66666666666667
Portrait Prof. Cherry,party,Other,trust_post,80.0
Portrait Prof. Cherry,party,Republican,behavior_mean,21.666666666666668
Portrait Prof. Cherry,party,Republican,belief_post,28.0
Portrait Prof. Cherry,party,Republican,concern_mean,23.333333333333332
Portrait Prof. Cherry,party,Republican,distrust_post,42.0
Portrait Prof. Cherry,party,Republican,donation_ams,2.2
Portrait Prof. Cherry,party,Republican,funding_perceptions,42.0
Portrait Prof. Cherry,party,Republican,inst_trust_mean,44.6
Portrait Prof. Cherry,party,Republican,newsletter_signup,1.82
Portrait Prof. Cherry,party,Republican,policy_general,30.0
Portrait Prof. Cherry,party,Republican,policy_role_mean,50.0
Portrait Prof. Cherry,party,Republican,policy_specific_mean,43.857142857142854
Portrait Prof. Cherry,party,Republican,trust_multidimensional,43.25
Portrait Prof. Cherry,party,Republican,trust_post,44.0
Portrait Prof. Cherry,race,Asian / Asian American,behavior_mean,49.166666666666664
Portrait Prof. Cherry,race,Asian / Asian American,belief_post,89.0
Portrait Prof. Cherry,race,Asian / Asian American,concern_mean,73.33333333333333
Portrait Prof. Cherry,race,Asian / Asian American,distrust_post,21.0
Portrait Prof. Cherry,race,Asian / Asian American,donation_ams,3.5
Portrait Prof. Cherry,race,Asian / Asian American,funding_perceptions,64.0
Portrait Prof. Cherry,race,Asian / Asian American,inst_trust_mean,74.4
Portrait Prof. Cherry,race,Asian / Asian American,newsletter_signup,1.35
Portrait Prof. Cherry,race,Asian / Asian American,policy_general,76.0
Portrait Prof. Cherry,race,Asian / Asian American,policy_role_mean,69.0
Portrait Prof. Cherry,race,Asian / Asian American,policy_specific_mean,73.0
Portrait Prof. Cherry,race,Asian / Asian American,trust_multidimensional,78.58333333333333
Portrait Prof. Cherry,race,Asian / Asian American,trust_post,79.0
Portrait Prof. Cherry,race,Black / African American,behavior_mean,46.449999999999996
Portrait Prof. Cherry,race,Black / African American,belief_post,83.6
Portrait Prof. Cherry,race,Black / African American,concern_mean,77.7
Portrait Prof. Cherry,race,Black / African American,distrust_post,21.3
Portrait Prof. Cherry,race,Black / African American,donation_ams,3.7
Portrait Prof. Cherry,race,Black / African American,funding_perceptions,68.2
Portrait Prof. Cherry,race,Black / African American,inst_trust_mean,70.56
Portrait Prof. Cherry,race,Black / African American,newsletter_signup,1.58
Portrait Prof. Cherry,race,Black / African American,policy_general,75.9
Portrait Prof. Cherry,race,Black / African American,policy_role_mean,71.925
Portrait Prof. Cherry,race,Black / African American,policy_specific_mean,75.7
Portrait Prof. Cherry,race,Black / African American,trust_multidimensional,77.71666666666667
Portrait Prof. Cherry,race,Black / African American,trust_post,78.5
Portrait Prof. Cherry,race,Hispanic / Latino,behavior_mean,52.75
Portrait Prof. Cherry,race,Hispanic / Latino,belief_post,78.6
Portrait Prof. Cherry,race,Hispanic / Latino,concern_mean,70.56666666666666
Portrait Prof. Cherry,race,Hispanic / Latino,distrust_post,24.3
Portrait Prof. Cherry,race,Hispanic / Latino,donation_ams,1.7
Portrait Prof. Cherry,race,Hispanic / Latino,funding_perceptions,57.5
Portrait Prof. Cherry,race,Hispanic / Latino,inst_trust_mean,56.260000000000005
Portrait Prof. Cherry,race,Hispanic / Latino,newsletter_signup,1.32
Portrait Prof. Cherry,race,Hispanic / Latino,policy_general,74.8
Portrait Prof. Cherry,race,Hispanic / Latino,policy_role_mean,71.025
Portrait Prof. Cherry,race,Hispanic / Latino,policy_specific_mean,72.31428571428572
Portrait Prof. Cherry,race,Hispanic / Latino,trust_multidimensional,76.64999999999999
Portrait Prof. Cherry,race,Hispanic / Latino,trust_post,77.9
Portrait Prof. Cherry,race,Other,behavior_mean,48.916666666666664
Portrait Prof. Cherry,race,Other,belief_post,84.2
Portrait Prof. Cherry,race,Other,concern_mean,70.96666666666667
Portrait Prof. Cherry,race,Other,distrust_post,18.5
Portrait Prof. Cherry,race,Other,donation_ams,4.3
Portrait Prof. Cherry,race,Other,funding_perceptions,72.0
Portrait Prof. Cherry,race,Other,inst_trust_mean,66.4
Portrait Prof. Cherry,race,Other,newsletter_signup,1.35
Portrait Prof. Cherry,race,Other,policy_general,79.5
Portrait Prof. Cherry,race,Other,policy_role_mean,67.525
Portrait Prof. Cherry,race,Other,policy_specific_mean,70.3
Portrait Prof. Cherry,race,Other,trust_multidimensional,74.01666666666667
Portrait Prof. Cherry,race,Other,trust_post,77.6
Portrait Prof. Cherry,race,White / Caucasian,behavior_mean,47.5
Portrait Prof. Cherry,race,White / Caucasian,belief_post,71.0
Portrait Prof. Cherry,race,White / Caucasian,concern_mean,66.0
Portrait Prof. Cherry,race,White / Caucasian,distrust_post,19.0
Portrait Prof. Cherry,race,White / Caucasian,donation_ams,2.3
Portrait Prof. Cherry,race,White / Caucasian,funding_perceptions,51.0
Portrait Prof. Cherry,race,White / Caucasian,inst_trust_mean,58.8
Portrait Prof. Cherry,race,White / Caucasian,newsletter_signup,1.58
Portrait Prof. Cherry,race,White / Caucasian,policy_general,61.0
Portrait Prof. Cherry,race,White / Caucasian,policy_role_mean,68.0
Portrait Prof. Cherry,race,White / Caucasian,policy_specific_mean,56.857142857142854
Portrait Prof. Cherry,race,White / Caucasian,trust_multidimensional,77.08333333333333
Portrait Prof. Cherry,race,White / Caucasian,trust_post,78.0
Scientist community helpers,age_band,18-29,behavior_mean,58.5
Scientist community helpers,age_band,18-29,belief_post,92.0
Scientist community helpers,age_band,18-29,concern_mean,85.66666666666667
Scientist community helpers,age_band,18-29,distrust_post,18.0
Scientist community helpers,age_band,18-29,donation_ams,3.1
Scientist community helpers,age_band,18-29,funding_perceptions,86.0
Scientist community helpers,age_band,18-29,inst_trust_mean,66.0
Scientist community helpers,age_band,18-29,newsletter_signup,1.12
Scientist community helpers,age_band,18-29,policy_general,88.0
Scientist community helpers,age_band,18-29,policy_role_mean,80.25
Scientist community helpers,age_band,18-29,policy_specific_mean,83.57142857142857
Scientist community helpers,age_band,18-29,trust_multidimensional,81.75
Scientist community helpers,age_band,18-29,trust_post,83.0
Scientist community helpers,age_band,30-44,behavior_mean,46.13333333333333
Scientist community helpers,age_band,30-44,belief_post,88.3
Scientist community helpers,age_band,30-44,concern_mean,68.03333333333335
Scientist community helpers,age_band,30-44,distrust_post,21.4
Scientist community helpers,age_band,30-44,donation_ams,2.4
Scientist community helpers,age_band,30-44,funding_perceptions,82.2
Scientist community helpers,age_band,30-44,inst_trust_mean,63.5
Scientist community helpers,age_band,30-44,newsletter_signup,1.62
Scientist community helpers,age_band,30-44,policy_general,74.2
Scientist community helpers,age_band,30-44,policy_role_mean,67.875
Scientist community helpers,age_band,30-44,policy_specific_mean,69.1
Scientist community helpers,age_band,30-44,trust_multidimensional,78.10833333333333
Scientist community helpers,age_band,30-44,trust_post,78.6
Scientist community helpers,age_band,45-59,behavior_mean,44.333333333333336
Scientist community helpers,age_band,45-59,belief_post,80.0
Scientist community helpers,age_band,45-59,concern_mean,68.0
Scientist community helpers,age_band,45-59,distrust_post,23.0
Scientist community helpers,age_band,45-59,donation_ams,3.7
Scientist community helpers,age_band,45-59,funding_perceptions,43.0
Scientist community helpers,age_band,45-59,inst_trust_mean,68.2
Scientist community helpers,age_band,45-59,newsletter_signup,1.35
Scientist community helpers,age_band,45-59,policy_general,72.0
Scientist community helpers,age_band,45-59,policy_role_mean,71.0
Scientist community helpers,age_band,45-59,policy_specific_mean,67.0
Scientist community helpers,age_band,45-59,trust_multidimensional,74.66666666666667
Scientist community helpers,age_band,45-59,trust_post,77.0
Scientist community helpers,age_band,60+,behavior_mean,47.300000000000004
Scientist community helpers,age_band,60+,belief_post,76.8
Scientist community helpers,age_band,60+,concern_mean,64.56666666666666
Scientist community helpers,age_band,60+,distrust_post,24.3
Scientist community helpers,age_band,60+,donation_ams,4.3
Scientist community helpers,age_band,60+,funding_perceptions,45.9
Scientist community helpers,age_band,60+,inst_trust_mean,64.84
Scientist community helpers,age_band,60+,newsletter_signup,1.68
Scientist community helpers,age_band,60+,policy_general,68.4
Scientist community helpers,age_band,60+,policy_role_mean,64.725
Scientist community helpers,age_band,60+,policy_specific_mean,62.871428571428574
Scientist community helpers,age_band,60+,trust_multidimensional,70.69166666666666
Scientist community helpers,age_band,60+,trust_post,72.6
Scientist community helpers,education,Bachelor's degree,behavior_mean,55.0
Scientist community helpers,education,Bachelor's degree,belief_post,88.0
Scientist community helpers,education,Bachelor's degree,concern_mean,78.33333333333333
Scientist community helpers,education,Bachelor's degree,distrust_post,18.5
Scientist community helpers,education,Bachelor's degree,donation_ams,3.2
Scientist community helpers,education,Bachelor's degree,funding_perceptions,72.5
Scientist community helpers,education,Bachelor's degree,inst_trust_mean,66.7
Scientist community helpers,education,Bachelor's degree,newsletter_signup,1.35
Scientist community helpers,education,Bachelor's degree,policy_general,76.5
Scientist community helpers,education,Bachelor's degree,policy_role_mean,75.75
Scientist community helpers,education,Bachelor's degree,policy_specific_mean,71.92857142857143
Scientist community helpers,education,Bachelor's degree,trust_multidimensional,78.29166666666667
Scientist community helpers,education,Bachelor's degree,trust_post,81.5
Scientist community helpers,education,Doctorate degree / Ph.D.,behavior_mean,65.33333333333333
Scientist community helpers,education,Doctorate degree / Ph.D.,belief_post,94.0
Scientist community helpers,education,Doctorate degree / Ph.D.,concern_mean,83.0
Scientist community helpers,education,Doctorate degree / Ph.D.,distrust_post,13.0
Scientist community helpers,education,Doctorate degree / Ph.D.,donation_ams,2.5
Scientist community helpers,education,Doctorate degree / Ph.D.,funding_perceptions,73.0
Scientist community helpers,education,Doctorate degree / Ph.D.,inst_trust_mean,70.0
Scientist community helpers,education,Doctorate degree / Ph.D.,newsletter_signup,1.3
Scientist community helpers,education,Doctorate degree / Ph.D.,policy_general,83.0
Scientist community helpers,education,Doctorate degree / Ph.D.,policy_role_mean,78.75
Scientist community helpers,education,Doctorate degree / Ph.D.,policy_specific_mean,80.85714285714286
Scientist community helpers,education,Doctorate degree / Ph.D.,trust_multidimensional,80.75
Scientist community helpers,education,Doctorate degree / Ph.D.,trust_post,85.0
Scientist community helpers,education,High school diploma / GED,behavior_mean,49.4
Scientist community helpers,education,High school diploma / GED,belief_post,71.4
Scientist community helpers,education,High school diploma / GED,concern_mean,65.16666666666667
Scientist community helpers,education,High school diploma / GED,distrust_post,33.2
Scientist community helpers,education,High school diploma / GED,donation_ams,3.1
Scientist community helpers,education,High school diploma / GED,funding_perceptions,51.4
Scientist community helpers,education,High school diploma / GED,inst_trust_mean,55.339999999999996
Scientist community helpers,education,High school diploma / GED,newsletter_signup,1.22
Scientist community helpers,education,High school diploma / GED,policy_general,61.8
Scientist community helpers,education,High school diploma / GED,policy_role_mean,63.85
Scientist community helpers,education,High school diploma / GED,policy_specific_mean,65.12857142857142
Scientist community helpers,education,High school diploma / GED,trust_multidimensional,66.475
Scientist community helpers,education,High school diploma / GED,trust_post,67.5
Scientist community helpers,education,Less than high school,behavior_mean,22.21666666666667
Scientist community helpers,education,Less than high school,belief_post,47.3
Scientist community helpers,education,Less than high school,concern_mean,42.63333333333333
Scientist community helpers,education,Less than high school,distrust_post,44.8
Scientist community helpers,education,Less than high school,donation_ams,1.4
Scientist community helpers,education,Less than high school,funding_perceptions,37.3
Scientist community helpers,education,Less than high school,inst_trust_mean,45.54
Scientist community helpers,education,Less than high school,newsletter_signup,1.75
Scientist community helpers,education,Less than high school,policy_general,44.5
Scientist community helpers,education,Less than high school,policy_role_mean,53.025000000000006
Scientist community helpers,education,Less than high school,policy_specific_mean,48.44285714285714
Scientist community helpers,education,Less than high school,trust_multidimensional,56.725
Scientist community helpers,education,Less than high school,trust_post,52.4
Scientist community helpers,education,Master's degree / Professional degree,behavior_mean,60.73333333333333
Scientist community helpers,education,Master's degree / Professional degree,belief_post,93.6
Scientist community helpers,education,Master's degree / Professional degree,concern_mean,76.83333333333333
Scientist community helpers,education,Master's degree / Professional degree,distrust_post,13.8
Scientist community helpers,education,Master's degree / Professional degree,donation_ams,7.4
Scientist community helpers,education,Master's degree / Professional degree,funding_perceptions,78.5
Scientist community helpers,education,Master's degree / Professional degree,inst_trust_mean,73.76
Scientist community helpers,education,Master's degree / Professional degree,newsletter_signup,1.58
Scientist community helpers,education,Master's degree / Professional degree,policy_general,83.2
Scientist community helpers,education,Master's degree / Professional degree,policy_role_mean,76.075
Scientist community helpers,education,Master's degree / Professional degree,policy_specific_mean,75.72857142857143
Scientist community helpers,education,Master's degree / Professional degree,trust_multidimensional,82.675
Scientist community helpers,education,Master's degree / Professional degree,trust_post,86.3
Scientist community helpers,education,Some college or Associate's degree,behavior_mean,41.516666666666666
Scientist community helpers,education,Some college or Associate's degree,belief_post,80.5
Scientist community helpers,education,Some college or Associate's degree,concern_mean,71.5
Scientist community helpers,education,Some college or Associate's degree,distrust_post,24.6
Scientist community helpers,education,Some college or Associate's degree,donation_ams,3.6
Scientist community helpers,education,Some college or Associate's degree,funding_perceptions,56.8
Scientist community helpers,education,Some college or Associate's degree,inst_trust_mean,66.4
Scientist community helpers,education,Some college or Associate's degree,newsletter_signup,1.68
Scientist community helpers,education,Some college or Associate's degree,policy_general,67.4
Scientist community helpers,education,Some college or Associate's degree,policy_role_mean,62.075
Scientist community helpers,education,Some college or Associate's degree,policy_specific_mean,69.62857142857142
Scientist community helpers,education,Some college or Associate's degree,trust_multidimensional,74.29166666666667
Scientist community helpers,education,Some college or Associate's degree,trust_post,75.8
Scientist community helpers,gender,Female,behavior_mean,47.96666666666667
Scientist community helpers,gender,Female,belief_post,84.6
Scientist community helpers,gender,Female,concern_mean,77.16666666666667
Scientist community helpers,gender,Female,distrust_post,12.8
Scientist community helpers,gender,Female,donation_ams,3.2
Scientist community helpers,gender,Female,funding_perceptions,62.5
Scientist community helpers,gender,Female,inst_trust_mean,68.62
Scientist community helpers,gender,Female,newsletter_signup,1.55
Scientist community helpers,gender,Female,policy_general,78.9
Scientist community helpers,gender,Female,policy_role_mean,71.8
Scientist community helpers,gender,Female,policy_specific_mean,73.71428571428571
Scientist community helpers,gender,Female,trust_multidimensional,79.77499999999999
Scientist community helpers,gender,Female,trust_post,82.1
Scientist community helpers,gender,Male,behavior_mean,33.333333333333336
Scientist community helpers,gender,Male,belief_post,81.3
Scientist community helpers,gender,Male,concern_mean,66.26666666666667
Scientist community helpers,gender,Male,distrust_post,22.5
Scientist community helpers,gender,Male,donation_ams,3.2
Scientist community helpers,gender,Male,funding_perceptions,52.2
Scientist community helpers,gender,Male,inst_trust_mean,66.17999999999999
Scientist community helpers,gender,Male,newsletter_signup,1.35
Scientist community helpers,gender,Male,policy_general,68.4
Scientist community helpers,gender,Male,policy_role_mean,70.65
Scientist community helpers,gender,Male,policy_specific_mean,67.34285714285714
Scientist community helpers,gender,Male,trust_multidimensional,76.60833333333333
Scientist community helpers,gender,Male,trust_post,76.2
Scientist community helpers,gender,Other,behavior_mean,68.01666666666667
Scientist community helpers,gender,Other,belief_post,93.2
Scientist community helpers,gender,Other,concern_mean,89.33333333333333
Scientist community helpers,gender,Other,distrust_post,13.7
Scientist community helpers,gender,Other,donation_ams,4.7
Scientist community helpers,gender,Other,funding_perceptions,68.6
Scientist community helpers,gender,Other,inst_trust_mean,67.67999999999999
Scientist community helpers,gender,Other,newsletter_signup,1.38
Scientist community helpers,gender,Other,policy_general,88.6
Scientist community helpers,gender,Other,policy_role_mean,81.2
Scientist community helpers,gender,Other,policy_specific_mean,89.21428571428571
Scientist community helpers,gender,Other,trust_multidimensional,84.75
Scientist community helpers,gender,Other,trust_post,86.9
Scientist community helpers,income,"$100,000 to $167,999",behavior_mean,70.38333333333334
Scientist community helpers,income,"$100,000 to $167,999",belief_post,91.4
Scientist community helpers,income,"$100,000 to $167,999",concern_mean,83.23333333333333
Scientist community helpers,income,"$100,000 to $167,999",distrust_post,14.6
Scientist community helpers,income,"$100,000 to $167,999",donation_ams,7.4
Scientist community helpers,income,"$100,000 to $167,999",funding_perceptions,54.2
Scientist community helpers,income,"$100,000 to $167,999",inst_trust_mean,74.58
Scientist community helpers,income,"$100,000 to $167,999",newsletter_signup,1.31
Scientist community helpers,income,"$100,000 to $167,999",policy_general,81.9
Scientist community helpers,income,"$100,000 to $167,999",policy_role_mean,70.925
Scientist community helpers,income,"$100,000 to $167,999",policy_specific_mean,75.12857142857142
Scientist community helpers,income,"$100,000 to $167,999",trust_multidimensional,84.925
Scientist community helpers,income,"$100,000 to $167,999",trust_post,85.8
Scientist community helpers,income,"$168,000 or more",behavior_mean,64.55
Scientist community helpers,income,"$168,000 or more",belief_post,89.3
Scientist community helpers,income,"$168,000 or more",concern_mean,77.83333333333333
Scientist community helpers,income,"$168,000 or more",distrust_post,21.8
Scientist community helpers,income,"$168,000 or more",donation_ams,5.6
Scientist community helpers,income,"$168,000 or more",funding_perceptions,62.5
Scientist community helpers,income,"$168,000 or more",inst_trust_mean,72.24
Scientist community helpers,income,"$168,000 or more",newsletter_signup,1.63
Scientist community helpers,income,"$168,000 or more",policy_general,80.1
Scientist community helpers,income,"$168,000 or more",policy_role_mean,71.125
Scientist community helpers,income,"$168,000 or more",policy_specific_mean,77.24285714285715
Scientist community helpers,income,"$168,000 or more",trust_multidimensional,76.90833333333333
Scientist community helpers,income,"$168,000 or more",trust_post,78.6
Scientist community helpers,income,"$30,000 to $55,999",behavior_mean,47.166666666666664
Scientist community helpers,income,"$30,000 to $55,999",belief_post,81.0
Scientist community helpers,income,"$30,000 to $55,999",concern_mean,67.66666666666667
Scientist community helpers,income,"$30,000 to $55,999",distrust_post,22.0
Scientist community helpers,income,"$30,000 to $55,999",donation_ams,4.1
Scientist community helpers,income,"$30,000 to $55,999",funding_perceptions,53.0
Scientist community helpers,income,"$30,000 to $55,999",inst_trust_mean,68.4
Scientist community helpers,income,"$30,000 to $55,999",newsletter_signup,1.28
Scientist community helpers,income,"$30,000 to $55,999",policy_general,76.0
Scientist community helpers,income,"$30,000 to $55,999",policy_role_mean,72.0
Scientist community helpers,income,"$30,000 to $55,999",policy_specific_mean,69.28571428571429
Scientist community helpers,income,"$30,000 to $55,999",trust_multidimensional,75.83333333333333
Scientist community helpers,income,"$30,000 to $55,999",trust_post,75.0
Scientist community helpers,income,"$56,000 to $99,999",behavior_mean,51.38333333333333
Scientist community helpers,income,"$56,000 to $99,999",belief_post,83.5
Scientist community helpers,income,"$56,000 to $99,999",concern_mean,75.03333333333335
Scientist community helpers,income,"$56,000 to $99,999",distrust_post,21.5
Scientist community helpers,income,"$56,000 to $99,999",donation_ams,3.15
Scientist community helpers,income,"$56,000 to $99,999",funding_perceptions,73.7
Scientist community helpers,income,"$56,000 to $99,999",inst_trust_mean,65.03999999999999
Scientist community helpers,income,"$56,000 to $99,999",newsletter_signup,1.48
Scientist community helpers,income,"$56,000 to $99,999",policy_general,73.2
Scientist community helpers,income,"$56,000 to $99,999",policy_role_mean,66.2
Scientist community helpers,income,"$56,000 to $99,999",policy_specific_mean,67.15714285714286
Scientist community helpers,income,"$56,000 to $99,999",trust_multidimensional,73.98333333333333
Scientist community helpers,income,"$56,000 to $99,999",trust_post,75.8
Scientist community helpers,income,"Less than $30,000",behavior_mean,46.46666666666667
Scientist community helpers,income,"Less than $30,000",belief_post,75.9
Scientist community helpers,income,"Less than $30,000",concern_mean,65.06666666666666
Scientist community helpers,income,"Less than $30,000",distrust_post,27.8
Scientist community helpers,income,"Less than $30,000",donation_ams,1.9
Scientist community helpers,income,"Less than $30,000",funding_perceptions,66.5
Scientist community helpers,income,"Less than $30,000",inst_trust_mean,60.9
Scientist community helpers,income,"Less than $30,000",newsletter_signup,1.6
Scientist community helpers,income,"Less than $30,000",policy_general,67.4
Scientist community helpers,income,"Less than $30,000",policy_role_mean,68.225
Scientist community helpers,income,"Less than $30,000",policy_specific_mean,64.0
Scientist community helpers,income,"Less than $30,000",trust_multidimensional,71.35000000000001
Scientist community helpers,income,"Less than $30,000",trust_post,73.6
Scientist community helpers,party,Democrat,behavior_mean,61.083333333333336
Scientist community helpers,party,Democrat,belief_post,92.4
Scientist community helpers,party,Democrat,concern_mean,86.36666666666667
Scientist community helpers,party,Democrat,distrust_post,13.2
Scientist community helpers,party,Democrat,donation_ams,4.3
Scientist community helpers,party,Democrat,funding_perceptions,24.200000000000003
Scientist community helpers,party,Democrat,inst_trust_mean,75.8
Scientist community helpers,party,Democrat,newsletter_signup,1.42
Scientist community helpers,party,Democrat,policy_general,87.9
Scientist community helpers,party,Democrat,policy_role_mean,84.425
Scientist community helpers,party,Democrat,policy_specific_mean,81.47142857142856
Scientist community helpers,party,Democrat,trust_multidimensional,84.54166666666667
Scientist community helpers,party,Democrat,trust_post,86.5
Scientist community helpers,party,Independent,behavior_mean,49.86666666666667
Scientist community helpers,party,Independent,belief_post,68.4
Scientist community helpers,party,Independent,concern_mean,62.23333333333333
Scientist community helpers,party,Independent,distrust_post,26.5
Scientist community helpers,party,Independent,donation_ams,3.4
Scientist community helpers,party,Independent,funding_perceptions,78.7
Scientist community helpers,party,Independent,inst_trust_mean,65.0
Scientist community helpers,party,Independent,newsletter_signup,1.42
Scientist community helpers,party,Independent,policy_general,64.7
Scientist community helpers,party,Independent,policy_role_mean,69.475
Scientist community helpers,party,Independent,policy_specific_mean,66.12857142857142
Scientist community helpers,party,Independent,trust_multidimensional,75.575
Scientist community helpers,party,Independent,trust_post,72.8
Scientist community helpers,party,Other,behavior_mean,45.5
Scientist community helpers,party,Other,belief_post,71.0
Scientist community helpers,party,Other,concern_mean,62.666666666666664
Scientist community helpers,party,Other,distrust_post,35.0
Scientist community helpers,party,Other,donation_ams,2.3
Scientist community helpers,party,Other,funding_perceptions,53.0
Scientist community helpers,party,Other,inst_trust_mean,60.4
Scientist community helpers,party,Other,newsletter_signup,1.34
Scientist community helpers,party,Other,policy_general,67.0
Scientist community helpers,party,Other,policy_role_mean,54.5
Scientist community helpers,party,Other,policy_specific_mean,62.42857142857143
Scientist community helpers,party,Other,trust_multidimensional,65.25
Scientist community helpers,party,Other,trust_post,65.0
Scientist community helpers,party,Republican,behavior_mean,30.833333333333332
Scientist community helpers,party,Republican,belief_post,52.0
Scientist community helpers,party,Republican,concern_mean,48.0
Scientist community helpers,party,Republican,distrust_post,48.0
Scientist community helpers,party,Republican,donation_ams,1.8
Scientist community helpers,party,Republican,funding_perceptions,40.0
Scientist community helpers,party,Republican,inst_trust_mean,42.0
Scientist community helpers,party,Republican,newsletter_signup,1.6
Scientist community helpers,party,Republican,policy_general,50.0
Scientist community helpers,party,Republican,policy_role_mean,51.25
Scientist community helpers,party,Republican,policy_specific_mean,52.142857142857146
Scientist community helpers,party,Republican,trust_multidimensional,56.083333333333336
Scientist community helpers,party,Republican,trust_post,52.0
Scientist community helpers,race,Asian / Asian American,behavior_mean,53.68333333333334
Scientist community helpers,race,Asian / Asian American,belief_post,83.5
Scientist community helpers,race,Asian / Asian American,concern_mean,78.13333333333333
Scientist community helpers,race,Asian / Asian American,distrust_post,22.4
Scientist community helpers,race,Asian / Asian American,donation_ams,3.75
Scientist community helpers,race,Asian / Asian American,funding_perceptions,52.4
Scientist community helpers,race,Asian / Asian American,inst_trust_mean,73.88
Scientist community helpers,race,Asian / Asian American,newsletter_signup,1.32
Scientist community helpers,race,Asian / Asian American,policy_general,79.3
Scientist community helpers,race,Asian / Asian American,policy_role_mean,75.0
Scientist community helpers,race,Asian / Asian American,policy_specific_mean,75.82857142857142
Scientist community helpers,race,Asian / Asian American,trust_multidimensional,75.84166666666667
Scientist community helpers,race,Asian / Asian American,trust_post,78.1
Scientist community helpers,race,Black / African American,behavior_mean,46.4
Scientist community helpers,race,Black / African American,belief_post,87.2
Scientist community helpers,race,Black / African American,concern_mean,80.33333333333333
Scientist community helpers,race,Black / African American,distrust_post,21.4
Scientist community helpers,race,Black / African American,donation_ams,1.3
Scientist community helpers,race,Black / African American,funding_perceptions,72.5
Scientist community helpers,race,Black / African American,inst_trust_mean,69.64
Scientist community helpers,race,Black / African American,newsletter_signup,1.2
Scientist community helpers,race,Black / African American,policy_general,81.6
Scientist community helpers,race,Black / African American,policy_role_mean,70.4
Scientist community helpers,race,Black / African American,policy_specific_mean,70.4
Scientist community helpers,race,Black / African American,trust_multidimensional,79.39999999999999
Scientist community helpers,race,Black / African American,trust_post,79.3
Scientist community helpers,race,Hispanic / Latino,behavior_mean,39.13333333333333
Scientist community helpers,race,Hispanic / Latino,belief_post,86.3
Scientist community helpers,race,Hispanic / Latino,concern_mean,84.26666666666667
Scientist community helpers,race,Hispanic / Latino,distrust_post,22.4
Scientist community helpers,race,Hispanic / Latino,donation_ams,2.14
Scientist community helpers,race,Hispanic / Latino,funding_perceptions,82.2
Scientist community helpers,race,Hispanic / Latino,inst_trust_mean,63.56
Scientist community helpers,race,Hispanic / Latino,newsletter_signup,1.36
Scientist community helpers,race,Hispanic / Latino,policy_general,77.9
Scientist community helpers,race,Hispanic / Latino,policy_role_mean,72.7
Scientist community helpers,race,Hispanic / Latino,policy_specific_mean,74.17142857142858
Scientist community helpers,race,Hispanic / Latino,trust_multidimensional,76.46666666666667
Scientist community helpers,race,Hispanic / Latino,trust_post,75.6
Scientist community helpers,race,Other,behavior_mean,40.25
Scientist community helpers,race,Other,belief_post,83.5
Scientist community helpers,race,Other,concern_mean,78.16666666666667
Scientist community helpers,race,Other,distrust_post,21.4
Scientist community helpers,race,Other,donation_ams,4.3
Scientist community helpers,race,Other,funding_perceptions,56.8
Scientist community helpers,race,Other,inst_trust_mean,66.08
Scientist community helpers,race,Other,newsletter_signup,1.38
Scientist community helpers,race,Other,policy_general,76.8
Scientist community helpers,race,Other,policy_role_mean,70.85
Scientist community helpers,race,Other,policy_specific_mean,72.24285714285715
Scientist community helpers,race,Other,trust_multidimensional,75.89166666666667
Scientist community helpers,race,Other,trust_post,78.6
Scientist community helpers,race,White / Caucasian,behavior_mean,40.833333333333336
Scientist community helpers,race,White / Caucasian,belief_post,69.0
Scientist community helpers,race,White / Caucasian,concern_mean,64.33333333333333
Scientist community helpers,race,White / Caucasian,distrust_post,28.0
Scientist community helpers,race,White / Caucasian,donation_ams,3.8
Scientist community helpers,race,White / Caucasian,funding_perceptions,46.0
Scientist community helpers,race,White / Caucasian,inst_trust_mean,64.6
Scientist community helpers,race,White / Caucasian,newsletter_signup,1.35
Scientist community helpers,race,White / Caucasian,policy_general,66.0
Scientist community helpers,race,White / Caucasian,policy_role_mean,73.0
Scientist community helpers,race,White / Caucasian,policy_specific_mean,65.57142857142857
Scientist community helpers,race,White / Caucasian,trust_multidimensional,71.66666666666667
Scientist community helpers,race,White / Caucasian,trust_post,72.0
Social justice,age_band,18-29,behavior_mean,63.5
Social justice,age_band,18-29,belief_post,96.0
Social justice,age_band,18-29,concern_mean,89.33333333333333
Social justice,age_band,18-29,distrust_post,12.0
Social justice,age_band,18-29,donation_ams,2.4
Social justice,age_band,18-29,funding_perceptions,18.0
Social justice,age_band,18-29,inst_trust_mean,73.4
Social justice,age_band,18-29,newsletter_signup,1.35
Social justice,age_band,18-29,policy_general,92.0
Social justice,age_band,18-29,policy_role_mean,83.25
Social justice,age_band,18-29,policy_specific_mean,83.14285714285714
Social justice,age_band,18-29,trust_multidimensional,83.5
Social justice,age_band,18-29,trust_post,87.0
Social justice,age_band,30-44,behavior_mean,63.0
Social justice,age_band,30-44,belief_post,92.4
Social justice,age_band,30-44,concern_mean,83.36666666666666
Social justice,age_band,30-44,distrust_post,14.3
Social justice,age_band,30-44,donation_ams,3.15
Social justice,age_band,30-44,funding_perceptions,86.2
Social justice,age_band,30-44,inst_trust_mean,72.17999999999999
Social justice,age_band,30-44,newsletter_signup,1.42
Social justice,age_band,30-44,policy_general,88.2
Social justice,age_band,30-44,policy_role_mean,83.225
Social justice,age_band,30-44,policy_specific_mean,81.82857142857142
Social justice,age_band,30-44,trust_multidimensional,81.49166666666666
Social justice,age_band,30-44,trust_post,85.6
Social justice,age_band,45-59,behavior_mean,47.38333333333333
Social justice,age_band,45-59,belief_post,85.3
Social justice,age_band,45-59,concern_mean,72.73333333333333
Social justice,age_band,45-59,distrust_post,18.4
Social justice,age_band,45-59,donation_ams,3.1
Social justice,age_band,45-59,funding_perceptions,83.2
Social justice,age_band,45-59,inst_trust_mean,68.38000000000001
Social justice,age_band,45-59,newsletter_signup,1.52
Social justice,age_band,45-59,policy_general,76.2
Social justice,age_band,45-59,policy_role_mean,72.525
Social justice,age_band,45-59,policy_specific_mean,72.92857142857143
Social justice,age_band,45-59,trust_multidimensional,76.97500000000001
Social justice,age_band,45-59,trust_post,82.1
Social justice,age_band,60+,behavior_mean,48.76666666666667
Social justice,age_band,60+,belief_post,90.8
Social justice,age_band,60+,concern_mean,73.93333333333334
Social justice,age_band,60+,distrust_post,19.4
Social justice,age_band,60+,donation_ams,2.7
Social justice,age_band,60+,funding_perceptions,46.8
Social justice,age_band,60+,inst_trust_mean,71.24000000000001
Social justice,age_band,60+,newsletter_signup,1.26
Social justice,age_band,60+,policy_general,75.6
Social justice,age_band,60+,policy_role_mean,73.575
Social justice,age_band,60+,policy_specific_mean,66.78571428571429
Social justice,age_band,60+,trust_multidimensional,74.71666666666667
Social justice,age_band,60+,trust_post,80.5
Social justice,education,Bachelor's degree,behavior_mean,62.56666666666666
Social justice,education,Bachelor's degree,belief_post,93.7
Social justice,education,Bachelor's degree,concern_mean,83.13333333333333
Social justice,education,Bachelor's degree,distrust_post,16.3
Social justice,education,Bachelor's degree,donation_ams,5.6
Social justice,education,Bachelor's degree,funding_perceptions,78.2
Social justice,education,Bachelor's degree,inst_trust_mean,71.9
Social justice,education,Bachelor's degree,newsletter_signup,1.32
Social justice,education,Bachelor's degree,policy_general,85.4
Social justice,education,Bachelor's degree,policy_role_mean,85.025
Social justice,education,Bachelor's degree,policy_specific_mean,76.32857142857142
Social justice,education,Bachelor's degree,trust_multidimensional,85.18333333333334
Social justice,education,Bachelor's degree,trust_post,87.5
Social justice,education,Doctorate degree / Ph.D.,behavior_mean,67.83333333333333
Social justice,education,Doctorate degree / Ph.D.,belief_post,96.0
Social justice,education,Doctorate degree / Ph.D.,concern_mean,87.0
Social justice,education,Doctorate degree / Ph.D.,distrust_post,12.0
Social justice,education,Doctorate degree / Ph.D.,donation_ams,4.8
Social justice,education,Doctorate degree / Ph.D.,funding_perceptions,86.0
Social justice,education,Doctorate degree / Ph.D.,inst_trust_mean,78.8
Social justice,education,Doctorate degree / Ph.D.,newsletter_signup,1.35
Social justice,education,Doctorate degree / Ph.D.,policy_general,85.0
Social justice,education,Doctorate degree / Ph.D.,policy_role_mean,76.75
Social justice,education,Doctorate degree / Ph.D.,policy_specific_mean,79.57142857142857
Social justice,education,Doctorate degree / Ph.D.,trust_multidimensional,86.08333333333333
Social justice,education,Doctorate degree / Ph.D.,trust_post,88.0
Social justice,education,High school diploma / GED,behavior_mean,52.666666666666664
Social justice,education,High school diploma / GED,belief_post,87.0
Social justice,education,High school diploma / GED,concern_mean,81.33333333333333
Social justice,education,High school diploma / GED,distrust_post,22.0
Social justice,education,High school diploma / GED,donation_ams,3.5
Social justice,education,High school diploma / GED,funding_perceptions,62.0
Social justice,education,High school diploma / GED,inst_trust_mean,68.4
Social justice,education,High school diploma / GED,newsletter_signup,1.4
Social justice,education,High school diploma / GED,policy_general,78.0
Social justice,education,High school diploma / GED,policy_role_mean,82.25
Social justice,education,High school diploma / GED,policy_specific_mean,73.85714285714286
Social justice,education,High school diploma / GED,trust_multidimensional,78.66666666666667
Social justice,education,High school diploma / GED,trust_post,80.0
Social justice,education,Less than high school,behavior_mean,41.11666666666667
Social justice,education,Less than high school,belief_post,86.2
Social justice,education,Less than high school,concern_mean,68.2
Social justice,education,Less than high school,distrust_post,23.8
Social justice,education,Less than high school,donation_ams,2.8
Social justice,education,Less than high school,funding_perceptions,81.5
Social justice,education,Less than high school,inst_trust_mean,60.4
Social justice,education,Less than high school,newsletter_signup,1.35
Social justice,education,Less than high school,policy_general,81.4
Social justice,education,Less than high school,policy_role_mean,81.725
Social justice,education,Less than high school,policy_specific_mean,76.15714285714286
Social justice,education,Less than high school,trust_multidimensional,72.43333333333334
Social justice,education,Less than high school,trust_post,76.5
Social justice,education,Master's degree / Professional degree,behavior_mean,55.43666666666665
Social justice,education,Master's degree / Professional degree,belief_post,90.38
Social justice,education,Master's degree / Professional degree,concern_mean,79.53333333333333
Social justice,education,Master's degree / Professional degree,distrust_post,18.619999999999997
Social justice,education,Master's degree / Professional degree,donation_ams,4.2
Social justice,education,Master's degree / Professional degree,funding_perceptions,77.94
Social justice,education,Master's degree / Professional degree,inst_trust_mean,69.58
Social justice,education,Master's degree / Professional degree,newsletter_signup,1.3599999999999999
Social justice,education,Master's degree / Professional degree,policy_general,81.76
Social justice,education,Master's degree / Professional degree,policy_role_mean,80.95
Social justice,education,Master's degree / Professional degree,policy_specific_mean,76.41142857142856
Social justice,education,Master's degree / Professional degree,trust_multidimensional,80.57333333333334
Social justice,education,Master's degree / Professional degree,trust_post,82.6
Social justice,education,Some college or Associate's degree,behavior_mean,53.0
Social justice,education,Some college or Associate's degree,belief_post,89.0
Social justice,education,Some college or Associate's degree,concern_mean,78.0
Social justice,education,Some college or Associate's degree,distrust_post,19.0
Social justice,education,Some college or Associate's degree,donation_ams,4.3
Social justice,education,Some college or Associate's degree,funding_perceptions,82.0
Social justice,education,Some college or Associate's degree,inst_trust_mean,68.4
Social justice,education,Some college or Associate's degree,newsletter_signup,1.38
Social justice,education,Some college or Associate's degree,policy_general,79.0
Social justice,education,Some college or Associate's degree,policy_role_mean,79.0
Social justice,education,Some college or Associate's degree,policy_specific_mean,76.14285714285714
Social justice,education,Some college or Associate's degree,trust_multidimensional,80.5
Social justice,education,Some college or Associate's degree,trust_post,81.0
Social justice,gender,Female,behavior_mean,59.050000000000004
Social justice,gender,Female,belief_post,89.2
Social justice,gender,Female,concern_mean,76.66666666666667
Social justice,gender,Female,distrust_post,21.3
Social justice,gender,Female,donation_ams,4.3
Social justice,gender,Female,funding_perceptions,81.5
Social justice,gender,Female,inst_trust_mean,69.17999999999999
Social justice,gender,Female,newsletter_signup,1.22
Social justice,gender,Female,policy_general,76.8
Social justice,gender,Female,policy_role_mean,68.2
Social justice,gender,Female,policy_specific_mean,77.34285714285714
Social justice,gender,Female,trust_multidimensional,79.325
Social justice,gender,Female,trust_post,79.5
Social justice,gender,Male,behavior_mean,40.166666666666664
Social justice,gender,Male,belief_post,87.0
Social justice,gender,Male,concern_mean,63.0
Social justice,gender,Male,distrust_post,24.0
Social justice,gender,Male,donation_ams,2.1
Social justice,gender,Male,funding_perceptions,68.0
Social justice,gender,Male,inst_trust_mean,64.4
Social justice,gender,Male,newsletter_signup,1.58
Social justice,gender,Male,policy_general,68.0
Social justice,gender,Male,policy_role_mean,71.0
Social justice,gender,Male,policy_specific_mean,65.14285714285714
Social justice,gender,Male,trust_multidimensional,72.16666666666667
Social justice,gender,Male,trust_post,76.0
Social justice,gender,Other,behavior_mean,65.98333333333333
Social justice,gender,Other,belief_post,93.6
Social justice,gender,Other,concern_mean,86.93333333333334
Social justice,gender,Other,distrust_post,17.4
Social justice,gender,Other,donation_ams,4.7
Social justice,gender,Other,funding_perceptions,72.7
Social justice,gender,Other,inst_trust_mean,78.12
Social justice,gender,Other,newsletter_signup,1.38
Social justice,gender,Other,policy_general,88.2
Social justice,gender,Other,policy_role_mean,84.45
Social justice,gender,Other,policy_specific_mean,85.62857142857142
Social justice,gender,Other,trust_multidimensional,83.60833333333333
Social justice,gender,Other,trust_post,85.8
Social justice,income,"$100,000 to $167,999",behavior_mean,62.333333333333336
Social justice,income,"$100,000 to $167,999",belief_post,91.0
Social justice,income,"$100,000 to $167,999",concern_mean,81.0
Social justice,income,"$100,000 to $167,999",distrust_post,24.0
Social justice,income,"$100,000 to $167,999",donation_ams,3.1
Social justice,income,"$100,000 to $167,999",funding_perceptions,28.0
Social justice,income,"$100,000 to $167,999",inst_trust_mean,77.6
Social justice,income,"$100,000 to $167,999",newsletter_signup,1.65
Social justice,income,"$100,000 to $167,999",policy_general,83.0
Social justice,income,"$100,000 to $167,999",policy_role_mean,78.5
Social justice,income,"$100,000 to $167,999",policy_specific_mean,79.57142857142857
Social justice,income,"$100,000 to $167,999",trust_multidimensional,78.75
Social justice,income,"$100,000 to $167,999",trust_post,80.0
Social justice,income,"$168,000 or more",behavior_mean,69.5
Social justice,income,"$168,000 or more",belief_post,91.0
Social justice,income,"$168,000 or more",concern_mean,81.66666666666667
Social justice,income,"$168,000 or more",distrust_post,12.0
Social justice,income,"$168,000 or more",donation_ams,4.5
Social justice,income,"$168,000 or more",funding_perceptions,75.0
Social justice,income,"$168,000 or more",inst_trust_mean,74.2
Social justice,income,"$168,000 or more",newsletter_signup,1.3
Social justice,income,"$168,000 or more",policy_general,84.0
Social justice,income,"$168,000 or more",policy_role_mean,79.0
Social justice,income,"$168,000 or more",policy_specific_mean,79.71428571428571
Social justice,income,"$168,000 or more",trust_multidimensional,77.75
Social justice,income,"$168,000 or more",trust_post,80.0
Social justice,income,"$30,000 to $55,999",behavior_mean,52.916666666666664
Social justice,income,"$30,000 to $55,999",belief_post,83.5
Social justice,income,"$30,000 to $55,999",concern_mean,78.93333333333334
Social justice,income,"$30,000 to $55,999",distrust_post,22.4
Social justice,income,"$30,000 to $55,999",donation_ams,2.6
Social justice,income,"$30,000 to $55,999",funding_perceptions,73.2
Social justice,income,"$30,000 to $55,999",inst_trust_mean,67.42
Social justice,income,"$30,000 to $55,999",newsletter_signup,1.28
Social justice,income,"$30,000 to $55,999",policy_general,78.9
Social justice,income,"$30,000 to $55,999",policy_role_mean,73.45
Social justice,income,"$30,000 to $55,999",policy_specific_mean,72.88571428571429
Social justice,income,"$30,000 to $55,999",trust_multidimensional,75.89166666666667
Social justice,income,"$30,000 to $55,999",trust_post,77.6
Social justice,income,"$56,000 to $99,999",behavior_mean,60.4
Social justice,income,"$56,000 to $99,999",belief_post,87.4
Social justice,income,"$56,000 to $99,999",concern_mean,80.2
Social justice,income,"$56,000 to $99,999",distrust_post,18.3
Social justice,income,"$56,000 to $99,999",donation_ams,4.3
Social justice,income,"$56,000 to $99,999",funding_perceptions,71.3
Social justice,income,"$56,000 to $99,999",inst_trust_mean,65.74
Social justice,income,"$56,000 to $99,999",newsletter_signup,1.38
Social justice,income,"$56,000 to $99,999",policy_general,84.6
Social justice,income,"$56,000 to $99,999",policy_role_mean,77.625
Social justice,income,"$56,000 to $99,999",policy_specific_mean,76.87142857142858
Social justice,income,"$56,000 to $99,999",trust_multidimensional,77.97500000000001
Social justice,income,"$56,000 to $99,999",trust_post,80.5
Social justice,income,"Less than $30,000",behavior_mean,41.5
Social justice,income,"Less than $30,000",belief_post,89.0
Social justice,income,"Less than $30,000",concern_mean,82.33333333333333
Social justice,income,"Less than $30,000",distrust_post,16.0
Social justice,income,"Less than $30,000",donation_ams,2.3
Social justice,income,"Less than $30,000",funding_perceptions,72.0
Social justice,income,"Less than $30,000",inst_trust_mean,65.2
Social justice,income,"Less than $30,000",newsletter_signup,1.4
Social justice,income,"Less than $30,000",policy_general,86.0
Social justice,income,"Less than $30,000",policy_role_mean,73.75
Social justice,income,"Less than $30,000",policy_specific_mean,75.71428571428571
Social justice,income,"Less than $30,000",trust_multidimensional,78.16666666666667
Social justice,income,"Less than $30,000",trust_post,83.0
Social justice,party,Democrat,behavior_mean,64.06666666666666
Social justice,party,Democrat,belief_post,94.6
Social justice,party,Democrat,concern_mean,90.13333333333333
Social justice,party,Democrat,distrust_post,14.2
Social justice,party,Democrat,donation_ams,6.4
Social justice,party,Democrat,funding_perceptions,83.5
Social justice,party,Democrat,inst_trust_mean,80.67999999999999
Social justice,party,Democrat,newsletter_signup,1.35
Social justice,party,Democrat,policy_general,91.3
Social justice,party,Democrat,policy_role_mean,86.075
Social justice,party,Democrat,policy_specific_mean,85.64285714285714
Social justice,party,Democrat,trust_multidimensional,84.59166666666667
Social justice,party,Democrat,trust_post,88.9
Social justice,party,Independent,behavior_mean,52.916666666666664
Social justice,party,Independent,belief_post,86.5
Social justice,party,Independent,concern_mean,75.60000000000001
Social justice,party,Independent,distrust_post,19.5
Social justice,party,Independent,donation_ams,3.75
Social justice,party,Independent,funding_perceptions,69.0
Social justice,party,Independent,inst_trust_mean,70.5
Social justice,party,Independent,newsletter_signup,1.62
Social justice,party,Independent,policy_general,74.8
Social justice,party,Independent,policy_role_mean,73.625
Social justice,party,Independent,policy_specific_mean,71.44285714285715
Social justice,party,Independent,trust_multidimensional,76.10000000000001
Social justice,party,Independent,trust_post,80.5
Social justice,party,Other,behavior_mean,47.666666666666664
Social justice,party,Other,belief_post,85.0
Social justice,party,Other,concern_mean,71.33333333333333
Social justice,party,Other,distrust_post,22.0
Social justice,party,Other,donation_ams,2.3
Social justice,party,Other,funding_perceptions,79.0
Social justice,party,Other,inst_trust_mean,66.4
Social justice,party,Other,newsletter_signup,1.28
Social justice,party,Other,policy_general,76.0
Social justice,party,Other,policy_role_mean,75.5
Social justice,party,Other,policy_specific_mean,75.71428571428571
Social justice,party,Other,trust_multidimensional,74.91666666666667
Social justice,party,Other,trust_post,78.0
Social justice,party,Republican,behavior_mean,26.650000000000002
Social justice,party,Republican,belief_post,38.6
Social justice,party,Republican,concern_mean,29.266666666666666
Social justice,party,Republican,distrust_post,54.8
Social justice,party,Republican,donation_ams,2.35
Social justice,party,Republican,funding_perceptions,31.599999999999994
Social justice,party,Republican,inst_trust_mean,40.4
Social justice,party,Republican,newsletter_signup,1.18
Social justice,party,Republican,policy_general,32.7
Social justice,party,Republican,policy_role_mean,38.95
Social justice,party,Republican,policy_specific_mean,41.07142857142857
Social justice,party,Republican,trust_multidimensional,52.60833333333333
Social justice,party,Republican,trust_post,43.1
Social justice,race,Asian / Asian American,behavior_mean,52.63333333333333
Social justice,race,Asian / Asian American,belief_post,91.2
Social justice,race,Asian / Asian American,concern_mean,79.13333333333334
Social justice,race,Asian / Asian American,distrust_post,21.2
Social justice,race,Asian / Asian American,donation_ams,4.3
Social justice,race,Asian / Asian American,funding_perceptions,75.5
Social justice,race,Asian / Asian American,inst_trust_mean,68.58
Social justice,race,Asian / Asian American,newsletter_signup,1.32
Social justice,race,Asian / Asian American,policy_general,79.8
Social justice,race,Asian / Asian American,policy_role_mean,75.15
Social justice,race,Asian / Asian American,policy_specific_mean,74.28571428571429
Social justice,race,Asian / Asian American,trust_multidimensional,79.925
Social justice,race,Asian / Asian American,trust_post,83.5
Social justice,race,Black / African American,behavior_mean,52.666666666666664
Social justice,race,Black / African American,belief_post,86.7
Social justice,race,Black / African American,concern_mean,81.53333333333335
Social justice,race,Black / African American,distrust_post,17.3
Social justice,race,Black / African American,donation_ams,2.4
Social justice,race,Black / African American,funding_perceptions,80.8
Social justice,race,Black / African American,inst_trust_mean,71.96000000000001
Social justice,race,Black / African American,newsletter_signup,1.58
Social justice,race,Black / African American,policy_general,83.4
Social justice,race,Black / African American,policy_role_mean,79.19999999999999
Social justice,race,Black / African American,policy_specific_mean,75.68571428571428
Social justice,race,Black / African American,trust_multidimensional,80.84166666666667
Social justice,race,Black / African American,trust_post,80.5
Social justice,race,Hispanic / Latino,behavior_mean,46.38333333333333
Social justice,race,Hispanic / Latino,belief_post,88.6
Social justice,race,Hispanic / Latino,concern_mean,80.66666666666667
Social justice,race,Hispanic / Latino,distrust_post,22.4
Social justice,race,Hispanic / Latino,donation_ams,2.85
Social justice,race,Hispanic / Latino,funding_perceptions,62.5
Social justice,race,Hispanic / Latino,inst_trust_mean,65.97999999999999
Social justice,race,Hispanic / Latino,newsletter_signup,1.52
Social justice,race,Hispanic / Latino,policy_general,77.3
Social justice,race,Hispanic / Latino,policy_role_mean,70.375
Social justice,race,Hispanic / Latino,policy_specific_mean,75.74285714285715
Social justice,race,Hispanic / Latino,trust_multidimensional,74.64166666666667
Social justice,race,Hispanic / Latino,trust_post,75.9
Social justice,race,Other,behavior_mean,53.36666666666667
Social justice,race,Other,belief_post,88.6
Social justice,race,Other,concern_mean,83.5
Social justice,race,Other,distrust_post,21.4
Social justice,race,Other,donation_ams,3.7
Social justice,race,Other,funding_perceptions,47.7
Social justice,race,Other,inst_trust_mean,70.7
Social justice,race,Other,newsletter_signup,1.28
Social justice,race,Other,policy_general,85.4
Social justice,race,Other,policy_role_mean,79.325
Social justice,race,Other,policy_specific_mean,81.8
Social justice,race,Other,trust_multidimensional,80.49166666666666
Social justice,race,Other,trust_post,81.7
Social justice,race,White / Caucasian,behavior_mean,49.56666666666666
Social justice,race,White / Caucasian,belief_post,83.7
Social justice,race,White / Caucasian,concern_mean,73.10000000000001
Social justice,race,White / Caucasian,distrust_post,27.8
Social justice,race,White / Caucasian,donation_ams,2.85
Social justice,race,White / Caucasian,funding_perceptions,53.5
Social justice,race,White / Caucasian,inst_trust_mean,69.14
Social justice,race,White / Caucasian,newsletter_signup,1.72
Social justice,race,White / Caucasian,policy_general,71.8
Social justice,race,White / Caucasian,policy_role_mean,72.775
Social justice,race,White / Caucasian,policy_specific_mean,71.51428571428572
Social justice,race,White / Caucasian,trust_multidimensional,76.46666666666667
Social justice,race,White / Caucasian,trust_post,80.5
control,age_band,18-29,behavior_mean,57.35
control,age_band,18-29,belief_post,89.2
control,age_band,18-29,concern_mean,85.53333333333335
control,age_band,18-29,distrust_post,21.8
control,age_band,18-29,donation_ams,2.4
control,age_band,18-29,funding_perceptions,81.6
control,age_band,18-29,inst_trust_mean,68.66
control,age_band,18-29,newsletter_signup,1.28
control,age_band,18-29,policy_general,84.6
control,age_band,18-29,policy_role_mean,81.675
control,age_band,18-29,policy_specific_mean,81.31428571428572
control,age_band,18-29,trust_multidimensional,73.3
control,age_band,18-29,trust_post,78.5
control,age_band,30-44,behavior_mean,45.833333333333336
control,age_band,30-44,belief_post,86.0
control,age_band,30-44,concern_mean,74.0
control,age_band,30-44,distrust_post,18.0
control,age_band,30-44,donation_ams,3.4
control,age_band,30-44,funding_perceptions,62.0
control,age_band,30-44,inst_trust_mean,65.4
control,age_band,30-44,newsletter_signup,1.82
control,age_band,30-44,policy_general,79.0
control,age_band,30-44,policy_role_mean,65.5
control,age_band,30-44,policy_specific_mean,73.71428571428571
control,age_band,30-44,trust_multidimensional,76.25
control,age_band,30-44,trust_post,81.0
control,age_band,45-59,behavior_mean,44.0
control,age_band,45-59,belief_post,77.0
control,age_band,45-59,concern_mean,65.0
control,age_band,45-59,distrust_post,24.0
control,age_band,45-59,donation_ams,2.1
control,age_band,45-59,funding_perceptions,54.0
control,age_band,45-59,inst_trust_mean,61.8
control,age_band,45-59,newsletter_signup,1.75
control,age_band,45-59,policy_general,69.0
control,age_band,45-59,policy_role_mean,65.0
control,age_band,45-59,policy_specific_mean,67.0
control,age_band,45-59,trust_multidimensional,70.0
control,age_band,45-59,trust_post,67.0
control,age_band,60+,behavior_mean,43.31666666666666
control,age_band,60+,belief_post,71.5
control,age_band,60+,concern_mean,65.16666666666667
control,age_band,60+,distrust_post,28.3
control,age_band,60+,donation_ams,1.85
control,age_band,60+,funding_perceptions,46.8
control,age_band,60+,inst_trust_mean,67.86
control,age_band,60+,newsletter_signup,1.68
control,age_band,60+,policy_general,67.4
control,age_band,60+,policy_role_mean,67.925
control,age_band,60+,policy_specific_mean,63.07142857142857
control,age_band,60+,trust_multidimensional,65.63333333333334
control,age_band,60+,trust_post,65.7
control,education,Bachelor's degree,behavior_mean,49.0
control,education,Bachelor's degree,belief_post,88.0
control,education,Bachelor's degree,concern_mean,74.0
control,education,Bachelor's degree,distrust_post,20.0
control,education,Bachelor's degree,donation_ams,3.2
control,education,Bachelor's degree,funding_perceptions,65.0
control,education,Bachelor's degree,inst_trust_mean,69.8
control,education,Bachelor's degree,newsletter_signup,1.55
control,education,Bachelor's degree,policy_general,78.0
control,education,Bachelor's degree,policy_role_mean,67.75
control,education,Bachelor's degree,policy_specific_mean,72.0
control,education,Bachelor's degree,trust_multidimensional,75.41666666666667
control,education,Bachelor's degree,trust_post,80.0
control,education,Doctorate degree / Ph.D.,behavior_mean,68.71666666666667
control,education,Doctorate degree / Ph.D.,belief_post,93.8
control,education,Doctorate degree / Ph.D.,concern_mean,86.56666666666666
control,education,Doctorate degree / Ph.D.,distrust_post,15.5
control,education,Doctorate degree / Ph.D.,donation_ams,7.2
control,education,Doctorate degree / Ph.D.,funding_perceptions,78.5
control,education,Doctorate degree / Ph.D.,inst_trust_mean,78.8
control,education,Doctorate degree / Ph.D.,newsletter_signup,1.78
control,education,Doctorate degree / Ph.D.,policy_general,87.5
control,education,Doctorate degree / Ph.D.,policy_role_mean,77.2
control,education,Doctorate degree / Ph.D.,policy_specific_mean,82.5
control,education,Doctorate degree / Ph.D.,trust_multidimensional,81.60833333333333
control,education,Doctorate degree / Ph.D.,trust_post,84.5
control,education,High school diploma / GED,behavior_mean,34.083333333333336
control,education,High school diploma / GED,belief_post,49.8
control,education,High school diploma / GED,concern_mean,49.5
control,education,High school diploma / GED,distrust_post,37.2
control,education,High school diploma / GED,donation_ams,1.8
control,education,High school diploma / GED,funding_perceptions,36.6
control,education,High school diploma / GED,inst_trust_mean,46.260000000000005
control,education,High school diploma / GED,newsletter_signup,1.72
control,education,High school diploma / GED,policy_general,46.5
control,education,High school diploma / GED,policy_role_mean,47.65
control,education,High school diploma / GED,policy_specific_mean,53.42857142857143
control,education,High school diploma / GED,trust_multidimensional,49.13333333333333
control,education,High school diploma / GED,trust_post,47.5
control,education,Less than high school,behavior_mean,22.0
control,education,Less than high school,belief_post,37.0
control,education,Less than high school,concern_mean,31.333333333333332
control,education,Less than high school,distrust_post,56.0
control,education,Less than high school,donation_ams,2.1
control,education,Less than high school,funding_perceptions,32.0
control,education,Less than high school,inst_trust_mean,40.2
control,education,Less than high school,newsletter_signup,1.65
control,education,Less than high school,policy_general,33.0
control,education,Less than high school,policy_role_mean,44.5
control,education,Less than high school,policy_specific_mean,46.857142857142854
control,education,Less than high school,trust_multidimensional,47.083333333333336
control,education,Less than high school,trust_post,44.0
control,education,Master's degree / Professional degree,behavior_mean,63.166666666666664
control,education,Master's degree / Professional degree,belief_post,93.0
control,education,Master's degree / Professional degree,concern_mean,80.33333333333333
control,education,Master's degree / Professional degree,distrust_post,16.0
control,education,Master's degree / Professional degree,donation_ams,3.7
control,education,Master's degree / Professional degree,funding_perceptions,77.0
control,education,Master's degree / Professional degree,inst_trust_mean,75.2
control,education,Master's degree / Professional degree,newsletter_signup,1.75
control,education,Master's degree / Professional degree,policy_general,84.0
control,education,Master's degree / Professional degree,policy_role_mean,74.25
control,education,Master's degree / Professional degree,policy_specific_mean,82.28571428571429
control,education,Master's degree / Professional degree,trust_multidimensional,78.25
control,education,Master's degree / Professional degree,trust_post,84.0
control,education,Some college or Associate's degree,behavior_mean,36.5
control,education,Some college or Associate's degree,belief_post,69.0
control,education,Some college or Associate's degree,concern_mean,64.66666666666667
control,education,Some college or Associate's degree,distrust_post,24.0
control,education,Some college or Associate's degree,donation_ams,2.3
control,education,Some college or Associate's degree,funding_perceptions,72.0
control,education,Some college or Associate's degree,inst_trust_mean,62.6
control,education,Some college or Associate's degree,newsletter_signup,1.32
control,education,Some college or Associate's degree,policy_general,66.0
control,education,Some college or Associate's degree,policy_role_mean,63.75
control,education,Some college or Associate's degree,policy_specific_mean,64.0
control,education,Some college or Associate's degree,trust_multidimensional,64.66666666666667
control,education,Some college or Associate's degree,trust_post,71.0
control,gender,Female,behavior_mean,42.333333333333336
control,gender,Female,belief_post,84.0
control,gender,Female,concern_mean,72.0
control,gender,Female,distrust_post,21.0
control,gender,Female,donation_ams,2.9
control,gender,Female,funding_perceptions,68.0
control,gender,Female,inst_trust_mean,65.8
control,gender,Female,newsletter_signup,1.32
control,gender,Female,policy_general,76.0
control,gender,Female,policy_role_mean,72.5
control,gender,Female,policy_specific_mean,70.42857142857143
control,gender,Female,trust_multidimensional,76.0
control,gender,Female,trust_post,74.0
control,gender,Male,behavior_mean,28.0
control,gender,Male,belief_post,67.2
control,gender,Male,concern_mean,52.36666666666667
control,gender,Male,distrust_post,34.7
control,gender,Male,donation_ams,3.15
control,gender,Male,funding_perceptions,68.5
control,gender,Male,inst_trust_mean,58.9
control,gender,Male,newsletter_signup,1.38
control,gender,Male,policy_general,61.8
control,gender,Male,policy_role_mean,63.275
control,gender,Male,policy_specific_mean,63.25714285714286
control,gender,Male,trust_multidimensional,62.76666666666667
control,gender,Male,trust_post,65.3
control,gender,Other,behavior_mean,41.666666666666664
control,gender,Other,belief_post,89.0
control,gender,Other,concern_mean,85.0
control,gender,Other,distrust_post,23.0
control,gender,Other,donation_ams,3.4
control,gender,Other,funding_perceptions,78.0
control,gender,Other,inst_trust_mean,71.6
control,gender,Other,newsletter_signup,1.25
control,gender,Other,policy_general,83.0
control,gender,Other,policy_role_mean,76.75
control,gender,Other,policy_specific_mean,77.71428571428571
control,gender,Other,trust_multidimensional,74.83333333333333
control,gender,Other,trust_post,77.0
control,income,"$100,000 to $167,999",behavior_mean,54.03333333333333
control,income,"$100,000 to $167,999",belief_post,91.8
control,income,"$100,000 to $167,999",concern_mean,77.83333333333333
control,income,"$100,000 to $167,999",distrust_post,21.3
control,income,"$100,000 to $167,999",donation_ams,4.1
control,income,"$100,000 to $167,999",funding_perceptions,76.5
control,income,"$100,000 to $167,999",inst_trust_mean,69.7
control,income,"$100,000 to $167,999",newsletter_signup,1.28
control,income,"$100,000 to $167,999",policy_general,79.4
control,income,"$100,000 to $167,999",policy_role_mean,73.3
control,income,"$100,000 to $167,999",policy_specific_mean,76.78571428571429
control,income,"$100,000 to $167,999",trust_multidimensional,78.325
control,income,"$100,000 to $167,999",trust_post,78.6
control,income,"$168,000 or more",behavior_mean,56.43333333333334
control,income,"$168,000 or more",belief_post,89.2
control,income,"$168,000 or more",concern_mean,76.86666666666666
control,income,"$168,000 or more",distrust_post,20.5
control,income,"$168,000 or more",donation_ams,4.3
control,income,"$168,000 or more",funding_perceptions,65.2
control,income,"$168,000 or more",inst_trust_mean,74.67999999999999
control,income,"$168,000 or more",newsletter_signup,1.62
control,income,"$168,000 or more",policy_general,78.6
control,income,"$168,000 or more",policy_role_mean,80.35
control,income,"$168,000 or more",policy_specific_mean,79.71428571428571
control,income,"$168,000 or more",trust_multidimensional,74.76666666666667
control,income,"$168,000 or more",trust_post,79.5
control,income,"$30,000 to $55,999",behavior_mean,43.36666666666667
control,income,"$30,000 to $55,999",belief_post,84.3
control,income,"$30,000 to $55,999",concern_mean,68.53333333333333
control,income,"$30,000 to $55,999",distrust_post,24.6
control,income,"$30,000 to $55,999",donation_ams,2.85
control,income,"$30,000 to $55,999",funding_perceptions,45.2
control,income,"$30,000 to $55,999",inst_trust_mean,67.78
control,income,"$30,000 to $55,999",newsletter_signup,1.24
control,income,"$30,000 to $55,999",policy_general,71.5
control,income,"$30,000 to $55,999",policy_role_mean,70.325
control,income,"$30,000 to $55,999",policy_specific_mean,69.74285714285715
control,income,"$30,000 to $55,999",trust_multidimensional,75.925
control,income,"$30,000 to $55,999",trust_post,75.2
control,income,"$56,000 to $99,999",behavior_mean,34.833333333333336
control,income,"$56,000 to $99,999",belief_post,78.0
control,income,"$56,000 to $99,999",concern_mean,70.66666666666667
control,income,"$56,000 to $99,999",distrust_post,24.0
control,income,"$56,000 to $99,999",donation_ams,2.1
control,income,"$56,000 to $99,999",funding_perceptions,65.0
control,income,"$56,000 to $99,999",inst_trust_mean,67.4
control,income,"$56,000 to $99,999",newsletter_signup,1.85
control,income,"$56,000 to $99,999",policy_general,68.0
control,income,"$56,000 to $99,999",policy_role_mean,72.25
control,income,"$56,000 to $99,999",policy_specific_mean,67.57142857142857
control,income,"$56,000 to $99,999",trust_multidimensional,71.66666666666667
control,income,"$56,000 to $99,999",trust_post,75.0
control,income,"Less than $30,000",behavior_mean,59.21666666666667
control,income,"Less than $30,000",belief_post,86.5
control,income,"Less than $30,000",concern_mean,85.63333333333333
control,income,"Less than $30,000",distrust_post,18.4
control,income,"Less than $30,000",donation_ams,2.7
control,income,"Less than $30,000",funding_perceptions,23.799999999999997
control,income,"Less than $30,000",inst_trust_mean,76.53999999999999
control,income,"Less than $30,000",newsletter_signup,1.32
control,income,"Less than $30,000",policy_general,83.1
control,income,"Less than $30,000",policy_role_mean,76.0
control,income,"Less than $30,000",policy_specific_mean,77.74285714285715
control,income,"Less than $30,000",trust_multidimensional,79.08333333333333
control,income,"Less than $30,000",trust_post,81.7
control,party,Democrat,behavior_mean,59.666666666666664
control,party,Democrat,belief_post,91.0
control,party,Democrat,concern_mean,82.33333333333333
control,party,Democrat,distrust_post,22.0
control,party,Democrat,donation_ams,4.6
control,party,Democrat,funding_perceptions,76.0
control,party,Democrat,inst_trust_mean,64.8
control,party,Democrat,newsletter_signup,1.28
control,party,Democrat,policy_general,86.0
control,party,Democrat,policy_role_mean,80.25
control,party,Democrat,policy_specific_mean,82.28571428571429
control,party,Democrat,trust_multidimensional,81.0
control,party,Democrat,trust_post,81.0
control,party,Independent,behavior_mean,43.43333333333334
control,party,Independent,belief_post,61.5
control,party,Independent,concern_mean,59.5
control,party,Independent,distrust_post,37.5
control,party,Independent,donation_ams,2.45
control,party,Independent,funding_perceptions,52.2
control,party,Independent,inst_trust_mean,58.36
control,party,Independent,newsletter_signup,1.12
control,party,Independent,policy_general,59.8
control,party,Independent,policy_role_mean,63.574999999999996
control,party,Independent,policy_specific_mean,65.91428571428571
control,party,Independent,trust_multidimensional,66.00833333333334
control,party,Independent,trust_post,64.2
control,party,Other,behavior_mean,47.53333333333333
control,party,Other,belief_post,78.6
control,party,Other,concern_mean,67.93333333333334
control,party,Other,distrust_post,21.4
control,party,Other,donation_ams,3.7
control,party,Other,funding_perceptions,56.2
control,party,Other,inst_trust_mean,66.16
control,party,Other,newsletter_signup,1.38
control,party,Other,policy_general,71.5
control,party,Other,policy_role_mean,69.5
control,party,Other,policy_specific_mean,71.7
control,party,Other,trust_multidimensional,71.26666666666667
control,party,Other,trust_post,73.1
control,party,Republican,behavior_mean,24.166666666666668
control,party,Republican,belief_post,37.0
control,party,Republican,concern_mean,29.166666666666668
control,party,Republican,distrust_post,58.0
control,party,Republican,donation_ams,1.3
control,party,Republican,funding_perceptions,31.5
control,party,Republican,inst_trust_mean,38.9
control,party,Republican,newsletter_signup,1.15
control,party,Republican,policy_general,29.0
control,party,Republican,policy_role_mean,45.125
control,party,Republican,policy_specific_mean,45.214285714285715
control,party,Republican,trust_multidimensional,45.375
control,party,Republican,trust_post,34.5
control,race,Asian / Asian American,behavior_mean,53.583333333333336
control,race,Asian / Asian American,belief_post,88.5
control,race,Asian / Asian American,concern_mean,77.16666666666667
control,race,Asian / Asian American,distrust_post,21.0
control,race,Asian / Asian American,donation_ams,3.1
control,race,Asian / Asian American,funding_perceptions,73.5
control,race,Asian / Asian American,inst_trust_mean,76.8
control,race,Asian / Asian American,newsletter_signup,1.8
control,race,Asian / Asian American,policy_general,82.0
control,race,Asian / Asian American,policy_role_mean,75.5
control,race,Asian / Asian American,policy_specific_mean,76.64285714285714
control,race,Asian / Asian American,trust_multidimensional,74.69166666666666
control,race,Asian / Asian American,trust_post,80.5
control,race,Black / African American,behavior_mean,46.9
control,race,Black / African American,belief_post,86.2
control,race,Black / African American,concern_mean,78.23333333333333
control,race,Black / African American,distrust_post,19.5
control,race,Black / African American,donation_ams,2.8
control,race,Black / African American,funding_perceptions,71.7
control,race,Black / African American,inst_trust_mean,70.44
control,race,Black / African American,newsletter_signup,1.18
control,race,Black / African American,policy_general,78.5
control,race,Black / African American,policy_role_mean,71.925
control,race,Black / African American,policy_specific_mean,73.35714285714286
control,race,Black / African American,trust_multidimensional,80.20833333333333
control,race,Black / African American,trust_post,81.0
control,race,Hispanic / Latino,behavior_mean,42.583333333333336
control,race,Hispanic / Latino,belief_post,79.0
control,race,Hispanic / Latino,concern_mean,75.5
control,race,Hispanic / Latino,distrust_post,28.0
control,race,Hispanic / Latino,donation_ams,2.1
control,race,Hispanic / Latino,funding_perceptions,81.5
control,race,Hispanic / Latino,inst_trust_mean,63.8
control,race,Hispanic / Latino,newsletter_signup,1.18
control,race,Hispanic / Latino,policy_general,76.5
control,race,Hispanic / Latino,policy_role_mean,69.0
control,race,Hispanic / Latino,policy_specific_mean,68.07142857142857
control,race,Hispanic / Latino,trust_multidimensional,72.61666666666666
control,race,Hispanic / Latino,trust_post,74.5
control,race,Other,behavior_mean,45.18333333333334
control,race,Other,belief_post,83.7
control,race,Other,concern_mean,76.16666666666667
control,race,Other,distrust_post,26.5
control,race,Other,donation_ams,4.1
control,race,Other,funding_perceptions,58.7
control,race,Other,inst_trust_mean,62.56
control,race,Other,newsletter_signup,1.38
control,race,Other,policy_general,77.5
control,race,Other,policy_role_mean,63.55
control,race,Other,policy_specific_mean,72.42857142857143
control,race,Other,trust_multidimensional,71.99166666666666
control,race,Other,trust_post,74.2
control,race,White / Caucasian,behavior_mean,40.166666666666664
control,race,White / Caucasian,belief_post,68.0
control,race,White / Caucasian,concern_mean,68.66666666666667
control,race,White / Caucasian,distrust_post,38.0
control,race,White / Caucasian,donation_ams,2.9
control,race,White / Caucasian,funding_perceptions,48.0
control,race,White / Caucasian,inst_trust_mean,61.0
control,race,White / Caucasian,newsletter_signup,1.65
control,race,White / Caucasian,policy_general,74.0
control,race,White / Caucasian,policy_role_mean,74.0
control,race,White / Caucasian,policy_specific_mean,71.71428571428571
control,race,White / Caucasian,trust_multidimensional,61.416666666666664
control,race,White / Caucasian,trust_post,62.0
