condition,moderator,moderator_level,outcome,mean
Consensus,age_band,18-29,behavior_mean,38.388888888888886
Consensus,age_band,18-29,belief_post,87.0
Consensus,age_band,18-29,concern_mean,84.0
Consensus,age_band,18-29,distrust_post,22.0
Consensus,age_band,18-29,donation_ams,6.0
Consensus,age_band,18-29,funding_perceptions,75.0
Consensus,age_band,18-29,inst_trust_mean,71.4
Consensus,age_band,18-29,newsletter_signup,1.6
Consensus,age_band,18-29,policy_general,73.0
Consensus,age_band,18-29,policy_role_mean,71.0
Consensus,age_band,18-29,policy_specific_mean,73.28571428571429
Consensus,age_band,18-29,trust_multidimensional,75.41666666666667
Consensus,age_band,18-29,trust_post,82.0
Consensus,age_band,30-44,behavior_mean,43.666666666666664
Consensus,age_band,30-44,belief_post,74.5
Consensus,age_band,30-44,concern_mean,69.03333333333335
Consensus,age_band,30-44,distrust_post,28.5
Consensus,age_band,30-44,donation_ams,3.2
Consensus,age_band,30-44,funding_perceptions,41.8
Consensus,age_band,30-44,inst_trust_mean,60.3
Consensus,age_band,30-44,newsletter_signup,1.75
Consensus,age_band,30-44,policy_general,62.3
Consensus,age_band,30-44,policy_role_mean,67.45
Consensus,age_band,30-44,policy_specific_mean,55.771428571428565
Consensus,age_band,30-44,trust_multidimensional,71.93333333333334
Consensus,age_band,30-44,trust_post,67.2
Consensus,age_band,45-59,behavior_mean,24.166666666666668
Consensus,age_band,45-59,belief_post,82.0
Consensus,age_band,45-59,concern_mean,66.0
Consensus,age_band,45-59,distrust_post,35.0
Consensus,age_band,45-59,donation_ams,2.0
Consensus,age_band,45-59,funding_perceptions,55.0
Consensus,age_band,45-59,inst_trust_mean,35.6
Consensus,age_band,45-59,newsletter_signup,1.2
Consensus,age_band,45-59,policy_general,48.0
Consensus,age_band,45-59,policy_role_mean,31.25
Consensus,age_band,45-59,policy_specific_mean,39.285714285714285
Consensus,age_band,45-59,trust_multidimensional,60.916666666666664
Consensus,age_band,45-59,trust_post,52.0
Consensus,age_band,60+,behavior_mean,47.333333333333336
Consensus,age_band,60+,belief_post,82.4
Consensus,age_band,60+,concern_mean,74.56666666666666
Consensus,age_band,60+,distrust_post,35.8
Consensus,age_band,60+,donation_ams,2.4
Consensus,age_band,60+,funding_perceptions,41.5
Consensus,age_band,60+,inst_trust_mean,44.86
Consensus,age_band,60+,newsletter_signup,1.2
Consensus,age_band,60+,policy_general,42.7
Consensus,age_band,60+,policy_role_mean,44.025
Consensus,age_band,60+,policy_specific_mean,44.41428571428571
Consensus,age_band,60+,trust_multidimensional,51.43333333333334
Consensus,age_band,60+,trust_post,51.6
Consensus,education,Bachelor's degree,behavior_mean,40.5
Consensus,education,Bachelor's degree,belief_post,89.0
Consensus,education,Bachelor's degree,concern_mean,75.0
Consensus,education,Bachelor's degree,distrust_post,12.0
Consensus,education,Bachelor's degree,donation_ams,5.0
Consensus,education,Bachelor's degree,funding_perceptions,45.0
Consensus,education,Bachelor's degree,inst_trust_mean,69.0
Consensus,education,Bachelor's degree,newsletter_signup,1.35
Consensus,education,Bachelor's degree,policy_general,68.0
Consensus,education,Bachelor's degree,policy_role_mean,75.25
Consensus,education,Bachelor's degree,policy_specific_mean,69.42857142857143
Consensus,education,Bachelor's degree,trust_multidimensional,83.25
Consensus,education,Bachelor's degree,trust_post,72.0
Consensus,education,Doctorate degree / Ph.D.,behavior_mean,58.0
Consensus,education,Doctorate degree / Ph.D.,belief_post,95.0
Consensus,education,Doctorate degree / Ph.D.,concern_mean,85.0
Consensus,education,Doctorate degree / Ph.D.,distrust_post,8.0
Consensus,education,Doctorate degree / Ph.D.,donation_ams,4.5
Consensus,education,Doctorate degree / Ph.D.,funding_perceptions,45.0
Consensus,education,Doctorate degree / Ph.D.,inst_trust_mean,57.2
Consensus,education,Doctorate degree / Ph.D.,newsletter_signup,1.3
Consensus,education,Doctorate degree / Ph.D.,policy_general,82.0
Consensus,education,Doctorate degree / Ph.D.,policy_role_mean,73.75
Consensus,education,Doctorate degree / Ph.D.,policy_specific_mean,74.0
Consensus,education,Doctorate degree / Ph.D.,trust_multidimensional,88.16666666666667
Consensus,education,Doctorate degree / Ph.D.,trust_post,88.0
Consensus,education,High school diploma / GED,behavior_mean,19.5
Consensus,education,High school diploma / GED,belief_post,55.0
Consensus,education,High school diploma / GED,concern_mean,61.666666666666664
Consensus,education,High school diploma / GED,distrust_post,35.0
Consensus,education,High school diploma / GED,donation_ams,2.0
Consensus,education,High school diploma / GED,funding_perceptions,38.0
Consensus,education,High school diploma / GED,inst_trust_mean,38.2
Consensus,education,High school diploma / GED,newsletter_signup,1.5
Consensus,education,High school diploma / GED,policy_general,45.0
Consensus,education,High school diploma / GED,policy_role_mean,42.0
Consensus,education,High school diploma / GED,policy_specific_mean,37.42857142857143
Consensus,education,High school diploma / GED,trust_multidimensional,50.666666666666664
Consensus,education,High school diploma / GED,trust_post,40.0
Consensus,education,Less than high school,behavior_mean,16.666666666666668
Consensus,education,Less than high school,belief_post,45.0
Consensus,education,Less than high school,concern_mean,40.0
Consensus,education,Less than high school,distrust_post,50.0
Consensus,education,Less than high school,donation_ams,2.0
Consensus,education,Less than high school,funding_perceptions,50.0
Consensus,education,Less than high school,inst_trust_mean,26.0
Consensus,education,Less than high school,newsletter_signup,2.0
Consensus,education,Less than high school,policy_general,25.0
Consensus,education,Less than high school,policy_role_mean,20.0
Consensus,education,Less than high school,policy_specific_mean,25.0
Consensus,education,Less than high school,trust_multidimensional,42.916666666666664
Consensus,education,Less than high school,trust_post,35.0
Consensus,education,Master's degree / Professional degree,behavior_mean,64.66666666666667
Consensus,education,Master's degree / Professional degree,belief_post,94.0
Consensus,education,Master's degree / Professional degree,concern_mean,87.33333333333333
Consensus,education,Master's degree / Professional degree,distrust_post,15.0
Consensus,education,Master's degree / Professional degree,donation_ams,4.0
Consensus,education,Master's degree / Professional degree,funding_perceptions,25.0
Consensus,education,Master's degree / Professional degree,inst_trust_mean,83.8
Consensus,education,Master's degree / Professional degree,newsletter_signup,1.5
Consensus,education,Master's degree / Professional degree,policy_general,78.0
Consensus,education,Master's degree / Professional degree,policy_role_mean,83.5
Consensus,education,Master's degree / Professional degree,policy_specific_mean,82.85714285714286
Consensus,education,Master's degree / Professional degree,trust_multidimensional,87.5
Consensus,education,Master's degree / Professional degree,trust_post,88.0
Consensus,education,Some college or Associate's degree,behavior_mean,37.5
Consensus,education,Some college or Associate's degree,belief_post,86.0
Consensus,education,Some college or Associate's degree,concern_mean,70.0
Consensus,education,Some college or Associate's degree,distrust_post,28.0
Consensus,education,Some college or Associate's degree,donation_ams,3.0
Consensus,education,Some college or Associate's degree,funding_perceptions,58.0
Consensus,education,Some college or Associate's degree,inst_trust_mean,56.6
Consensus,education,Some college or Associate's degree,newsletter_signup,1.3
Consensus,education,Some college or Associate's degree,policy_general,71.0
Consensus,education,Some college or Associate's degree,policy_role_mean,72.5
Consensus,education,Some college or Associate's degree,policy_specific_mean,70.42857142857143
Consensus,education,Some college or Associate's degree,trust_multidimensional,68.25
Consensus,education,Some college or Associate's degree,trust_post,65.0
Consensus,gender,Female,behavior_mean,38.333333333333336
Consensus,gender,Female,belief_post,88.0
Consensus,gender,Female,concern_mean,77.66666666666667
Consensus,gender,Female,distrust_post,22.0
Consensus,gender,Female,donation_ams,3.5
Consensus,gender,Female,funding_perceptions,65.0
Consensus,gender,Female,inst_trust_mean,60.0
Consensus,gender,Female,newsletter_signup,1.4
Consensus,gender,Female,policy_general,72.0
Consensus,gender,Female,policy_role_mean,76.5
Consensus,gender,Female,policy_specific_mean,64.0
Consensus,gender,Female,trust_multidimensional,76.16666666666667
Consensus,gender,Female,trust_post,68.0
Consensus,gender,Male,behavior_mean,15.166666666666666
Consensus,gender,Male,belief_post,78.0
Consensus,gender,Male,concern_mean,61.666666666666664
Consensus,gender,Male,distrust_post,45.0
Consensus,gender,Male,donation_ams,6.0
Consensus,gender,Male,funding_perceptions,35.0
Consensus,gender,Male,inst_trust_mean,51.6
Consensus,gender,Male,newsletter_signup,1.8
Consensus,gender,Male,policy_general,60.0
Consensus,gender,Male,policy_role_mean,55.75
Consensus,gender,Male,policy_specific_mean,52.42857142857143
Consensus,gender,Male,trust_multidimensional,62.166666666666664
Consensus,gender,Male,trust_post,53.0
Consensus,gender,Other,behavior_mean,40.666666666666664
Consensus,gender,Other,belief_post,87.5
Consensus,gender,Other,concern_mean,77.66666666666667
Consensus,gender,Other,distrust_post,15.0
Consensus,gender,Other,donation_ams,4.5
Consensus,gender,Other,funding_perceptions,38.0
Consensus,gender,Other,inst_trust_mean,74.1
Consensus,gender,Other,newsletter_signup,1.2
Consensus,gender,Other,policy_general,72.5
Consensus,gender,Other,policy_role_mean,73.375
Consensus,gender,Other,policy_specific_mean,63.142857142857146
Consensus,gender,Other,trust_multidimensional,77.375
Consensus,gender,Other,trust_post,65.0
Consensus,income,"$100,000 to $167,999",behavior_mean,53.48333333333333
Consensus,income,"$100,000 to $167,999",belief_post,88.0
Consensus,income,"$100,000 to $167,999",concern_mean,86.33333333333333
Consensus,income,"$100,000 to $167,999",distrust_post,12.0
Consensus,income,"$100,000 to $167,999",donation_ams,2.6
Consensus,income,"$100,000 to $167,999",funding_perceptions,45.0
Consensus,income,"$100,000 to $167,999",inst_trust_mean,74.6
Consensus,income,"$100,000 to $167,999",newsletter_signup,1.4
Consensus,income,"$100,000 to $167,999",policy_general,82.0
Consensus,income,"$100,000 to $167,999",policy_role_mean,82.0
Consensus,income,"$100,000 to $167,999",policy_specific_mean,77.14285714285714
Consensus,income,"$100,000 to $167,999",trust_multidimensional,77.33333333333333
Consensus,income,"$100,000 to $167,999",trust_post,86.0
Consensus,income,"$168,000 or more",behavior_mean,60.833333333333336
Consensus,income,"$168,000 or more",belief_post,92.0
Consensus,income,"$168,000 or more",concern_mean,82.66666666666667
Consensus,income,"$168,000 or more",distrust_post,10.0
Consensus,income,"$168,000 or more",donation_ams,22.0
Consensus,income,"$168,000 or more",funding_perceptions,25.0
Consensus,income,"$168,000 or more",inst_trust_mean,81.6
Consensus,income,"$168,000 or more",newsletter_signup,1.6
Consensus,income,"$168,000 or more",policy_general,80.0
Consensus,income,"$168,000 or more",policy_role_mean,81.0
Consensus,income,"$168,000 or more",policy_specific_mean,81.71428571428571
Consensus,income,"$168,000 or more",trust_multidimensional,84.66666666666667
Consensus,income,"$168,000 or more",trust_post,84.0
Consensus,income,"$30,000 to $55,999",behavior_mean,51.6625
Consensus,income,"$30,000 to $55,999",belief_post,88.0
Consensus,income,"$30,000 to $55,999",concern_mean,80.25
Consensus,income,"$30,000 to $55,999",distrust_post,27.5
Consensus,income,"$30,000 to $55,999",donation_ams,7.65
Consensus,income,"$30,000 to $55,999",funding_perceptions,41.5
Consensus,income,"$30,000 to $55,999",inst_trust_mean,65.0
Consensus,income,"$30,000 to $55,999",newsletter_signup,6.425
Consensus,income,"$30,000 to $55,999",policy_general,72.75
Consensus,income,"$30,000 to $55,999",policy_role_mean,70.4375
Consensus,income,"$30,000 to $55,999",policy_specific_mean,67.28571428571428
Consensus,income,"$30,000 to $55,999",trust_multidimensional,73.0625
Consensus,income,"$30,000 to $55,999",trust_post,69.25
Consensus,income,"$56,000 to $99,999",behavior_mean,52.833333333333336
Consensus,income,"$56,000 to $99,999",belief_post,88.0
Consensus,income,"$56,000 to $99,999",concern_mean,75.0
Consensus,income,"$56,000 to $99,999",distrust_post,30.0
Consensus,income,"$56,000 to $99,999",donation_ams,3.0
Consensus,income,"$56,000 to $99,999",funding_perceptions,48.0
Consensus,income,"$56,000 to $99,999",inst_trust_mean,63.0
Consensus,income,"$56,000 to $99,999",newsletter_signup,1.7
Consensus,income,"$56,000 to $99,999",policy_general,70.0
Consensus,income,"$56,000 to $99,999",policy_role_mean,67.5
Consensus,income,"$56,000 to $99,999",policy_specific_mean,65.85714285714286
Consensus,income,"$56,000 to $99,999",trust_multidimensional,71.58333333333333
Consensus,income,"$56,000 to $99,999",trust_post,65.0
Consensus,income,"Less than $30,000",behavior_mean,39.5
Consensus,income,"Less than $30,000",belief_post,84.0
Consensus,income,"Less than $30,000",concern_mean,77.0
Consensus,income,"Less than $30,000",distrust_post,58.0
Consensus,income,"Less than $30,000",donation_ams,3.0
Consensus,income,"Less than $30,000",funding_perceptions,48.0
Consensus,income,"Less than $30,000",inst_trust_mean,40.8
Consensus,income,"Less than $30,000",newsletter_signup,21.0
Consensus,income,"Less than $30,000",policy_general,59.0
Consensus,income,"Less than $30,000",policy_role_mean,51.25
Consensus,income,"Less than $30,000",policy_specific_mean,44.42857142857143
Consensus,income,"Less than $30,000",trust_multidimensional,58.666666666666664
Consensus,income,"Less than $30,000",trust_post,42.0
Consensus,party,Democrat,behavior_mean,50.0
Consensus,party,Democrat,belief_post,94.0
Consensus,party,Democrat,concern_mean,79.0
Consensus,party,Democrat,distrust_post,12.0
Consensus,party,Democrat,donation_ams,8.0
Consensus,party,Democrat,funding_perceptions,45.0
Consensus,party,Democrat,inst_trust_mean,82.2
Consensus,party,Democrat,newsletter_signup,1.2
Consensus,party,Democrat,policy_general,82.0
Consensus,party,Democrat,policy_role_mean,79.5
Consensus,party,Democrat,policy_specific_mean,75.42857142857143
Consensus,party,Democrat,trust_multidimensional,84.83333333333333
Consensus,party,Democrat,trust_post,78.0
Consensus,party,Independent,behavior_mean,36.666666666666664
Consensus,party,Independent,belief_post,68.66666666666667
Consensus,party,Independent,concern_mean,64.66666666666667
Consensus,party,Independent,distrust_post,39.666666666666664
Consensus,party,Independent,donation_ams,5.333333333333333
Consensus,party,Independent,funding_perceptions,62.333333333333336
Consensus,party,Independent,inst_trust_mean,57.666666666666664
Consensus,party,Independent,newsletter_signup,1.3499999999999999
Consensus,party,Independent,policy_general,53.333333333333336
Consensus,party,Independent,policy_role_mean,51.333333333333336
Consensus,party,Independent,policy_specific_mean,54.761904761904766
Consensus,party,Independent,trust_multidimensional,59.694444444444436
Consensus,party,Independent,trust_post,55.0
Consensus,party,Other,behavior_mean,39.666666666666664
Consensus,party,Other,belief_post,74.0
Consensus,party,Other,concern_mean,72.66666666666667
Consensus,party,Other,distrust_post,35.0
Consensus,party,Other,donation_ams,4.0
Consensus,party,Other,funding_perceptions,52.0
Consensus,party,Other,inst_trust_mean,66.6
Consensus,party,Other,newsletter_signup,1.15
Consensus,party,Other,policy_general,66.0
Consensus,party,Other,policy_role_mean,62.25
Consensus,party,Other,policy_specific_mean,65.28571428571429
Consensus,party,Other,trust_multidimensional,67.5
Consensus,party,Other,trust_post,62.0
Consensus,party,Republican,behavior_mean,20.333333333333332
Consensus,party,Republican,belief_post,38.0
Consensus,party,Republican,concern_mean,42.333333333333336
Consensus,party,Republican,distrust_post,72.0
Consensus,party,Republican,donation_ams,4.0
Consensus,party,Republican,funding_perceptions,90.0
Consensus,party,Republican,inst_trust_mean,24.2
Consensus,party,Republican,newsletter_signup,1.7
Consensus,party,Republican,policy_general,12.0
Consensus,party,Republican,policy_role_mean,12.25
Consensus,party,Republican,policy_specific_mean,23.571428571428573
Consensus,party,Republican,trust_multidimensional,26.75
Consensus,party,Republican,trust_post,25.0
Consensus,race,Asian / Asian American,behavior_mean,55.833333333333336
Consensus,race,Asian / Asian American,belief_post,88.0
Consensus,race,Asian / Asian American,concern_mean,79.33333333333333
Consensus,race,Asian / Asian American,distrust_post,12.0
Consensus,race,Asian / Asian American,donation_ams,3.0
Consensus,race,Asian / Asian American,funding_perceptions,52.0
Consensus,race,Asian / Asian American,inst_trust_mean,68.8
Consensus,race,Asian / Asian American,newsletter_signup,1.35
Consensus,race,Asian / Asian American,policy_general,72.0
Consensus,race,Asian / Asian American,policy_role_mean,70.0
Consensus,race,Asian / Asian American,policy_specific_mean,69.85714285714286
Consensus,race,Asian / Asian American,trust_multidimensional,80.66666666666667
Consensus,race,Asian / Asian American,trust_post,78.0
Consensus,race,Black / African American,behavior_mean,54.166666666666664
Consensus,race,Black / African American,belief_post,91.0
Consensus,race,Black / African American,concern_mean,81.33333333333333
Consensus,race,Black / African American,distrust_post,9.0
Consensus,race,Black / African American,donation_ams,2.5
Consensus,race,Black / African American,funding_perceptions,22.0
Consensus,race,Black / African American,inst_trust_mean,72.4
Consensus,race,Black / African American,newsletter_signup,1.3
Consensus,race,Black / African American,policy_general,74.0
Consensus,race,Black / African American,policy_role_mean,78.5
Consensus,race,Black / African American,policy_specific_mean,81.42857142857143
Consensus,race,Black / African American,trust_multidimensional,80.08333333333333
Consensus,race,Black / African American,trust_post,86.0
Consensus,race,Hispanic / Latino,behavior_mean,43.833333333333336
Consensus,race,Hispanic / Latino,belief_post,84.0
Consensus,race,Hispanic / Latino,concern_mean,71.33333333333333
Consensus,race,Hispanic / Latino,distrust_post,28.0
Consensus,race,Hispanic / Latino,donation_ams,5.5
Consensus,race,Hispanic / Latino,funding_perceptions,35.0
Consensus,race,Hispanic / Latino,inst_trust_mean,70.2
Consensus,race,Hispanic / Latino,newsletter_signup,1.6
Consensus,race,Hispanic / Latino,policy_general,76.0
Consensus,race,Hispanic / Latino,policy_role_mean,72.5
Consensus,race,Hispanic / Latino,policy_specific_mean,71.0
Consensus,race,Hispanic / Latino,trust_multidimensional,79.08333333333333
Consensus,race,Hispanic / Latino,trust_post,72.0
Consensus,race,Other,behavior_mean,48.833333333333336
Consensus,race,Other,belief_post,88.0
Consensus,race,Other,concern_mean,73.66666666666667
Consensus,race,Other,distrust_post,38.0
Consensus,race,Other,donation_ams,2.0
Consensus,race,Other,funding_perceptions,55.0
Consensus,race,Other,inst_trust_mean,58.0
Consensus,race,Other,newsletter_signup,1.0
Consensus,race,Other,policy_general,55.0
Consensus,race,Other,policy_role_mean,53.25
Consensus,race,Other,policy_specific_mean,44.285714285714285
Consensus,race,Other,trust_multidimensional,58.25
Consensus,race,Other,trust_post,72.0
Consensus,race,White / Caucasian,behavior_mean,50.66666666666667
Consensus,race,White / Caucasian,belief_post,87.75
Consensus,race,White / Caucasian,concern_mean,76.41666666666667
Consensus,race,White / Caucasian,distrust_post,21.75
Consensus,race,White / Caucasian,donation_ams,3.25
Consensus,race,White / Caucasian,funding_perceptions,41.0
Consensus,race,White / Caucasian,inst_trust_mean,67.35
Consensus,race,White / Caucasian,newsletter_signup,1.3125
Consensus,race,White / Caucasian,policy_general,69.25
Consensus,race,White / Caucasian,policy_role_mean,68.5625
Consensus,race,White / Caucasian,policy_specific_mean,66.64285714285714
Consensus,race,White / Caucasian,trust_multidimensional,74.25
Consensus,race,White / Caucasian,trust_post,72.0
Corporate reliance,age_band,18-29,behavior_mean,32.333333333333336
Corporate reliance,age_band,18-29,belief_post,83.5
Corporate reliance,age_band,18-29,concern_mean,73.0
Corporate reliance,age_band,18-29,distrust_post,22.0
Corporate reliance,age_band,18-29,donation_ams,3.2
Corporate reliance,age_band,18-29,funding_perceptions,35.0
Corporate reliance,age_band,18-29,inst_trust_mean,56.4
Corporate reliance,age_band,18-29,newsletter_signup,1.3
Corporate reliance,age_band,18-29,policy_general,68.0
Corporate reliance,age_band,18-29,policy_role_mean,64.25
Corporate reliance,age_band,18-29,policy_specific_mean,65.35714285714286
Corporate reliance,age_band,18-29,trust_multidimensional,75.08333333333333
Corporate reliance,age_band,18-29,trust_post,76.0
Corporate reliance,age_band,30-44,behavior_mean,45.77777777777778
Corporate reliance,age_band,30-44,belief_post,92.0
Corporate reliance,age_band,30-44,concern_mean,67.0
Corporate reliance,age_band,30-44,distrust_post,22.0
Corporate reliance,age_band,30-44,donation_ams,5.0
Corporate reliance,age_band,30-44,funding_perceptions,45.0
Corporate reliance,age_band,30-44,inst_trust_mean,64.2
Corporate reliance,age_band,30-44,newsletter_signup,1.75
Corporate reliance,age_band,30-44,policy_general,70.0
Corporate reliance,age_band,30-44,policy_role_mean,70.0
Corporate reliance,age_band,30-44,policy_specific_mean,68.14285714285714
Corporate reliance,age_band,30-44,trust_multidimensional,78.83333333333333
Corporate reliance,age_band,30-44,trust_post,68.0
Corporate reliance,age_band,45-59,behavior_mean,60.833333333333336
Corporate reliance,age_band,45-59,belief_post,88.0
Corporate reliance,age_band,45-59,concern_mean,75.0
Corporate reliance,age_band,45-59,distrust_post,35.0
Corporate reliance,age_band,45-59,donation_ams,2.0
Corporate reliance,age_band,45-59,funding_perceptions,75.0
Corporate reliance,age_band,45-59,inst_trust_mean,61.4
Corporate reliance,age_band,45-59,newsletter_signup,1.8
Corporate reliance,age_band,45-59,policy_general,68.0
Corporate reliance,age_band,45-59,policy_role_mean,69.5
Corporate reliance,age_band,45-59,policy_specific_mean,71.14285714285714
Corporate reliance,age_band,45-59,trust_multidimensional,61.0
Corporate reliance,age_band,45-59,trust_post,62.0
Corporate reliance,age_band,60+,behavior_mean,44.166666666666664
Corporate reliance,age_band,60+,belief_post,92.0
Corporate reliance,age_band,60+,concern_mean,72.66666666666667
Corporate reliance,age_band,60+,distrust_post,20.0
Corporate reliance,age_band,60+,donation_ams,2.5
Corporate reliance,age_band,60+,funding_perceptions,45.0
Corporate reliance,age_band,60+,inst_trust_mean,67.6
Corporate reliance,age_band,60+,newsletter_signup,1.1
Corporate reliance,age_band,60+,policy_general,62.0
Corporate reliance,age_band,60+,policy_role_mean,58.75
Corporate reliance,age_band,60+,policy_specific_mean,52.57142857142857
Corporate reliance,age_band,60+,trust_multidimensional,71.5
Corporate reliance,age_band,60+,trust_post,72.0
Corporate reliance,education,Bachelor's degree,behavior_mean,54.0
Corporate reliance,education,Bachelor's degree,belief_post,85.0
Corporate reliance,education,Bachelor's degree,concern_mean,70.66666666666667
Corporate reliance,education,Bachelor's degree,distrust_post,22.0
Corporate reliance,education,Bachelor's degree,donation_ams,4.0
Corporate reliance,education,Bachelor's degree,funding_perceptions,60.0
Corporate reliance,education,Bachelor's degree,inst_trust_mean,65.2
Corporate reliance,education,Bachelor's degree,newsletter_signup,1.3
Corporate reliance,education,Bachelor's degree,policy_general,78.0
Corporate reliance,education,Bachelor's degree,policy_role_mean,68.75
Corporate reliance,education,Bachelor's degree,policy_specific_mean,63.714285714285715
Corporate reliance,education,Bachelor's degree,trust_multidimensional,66.66666666666667
Corporate reliance,education,Bachelor's degree,trust_post,70.0
Corporate reliance,education,Doctorate degree / Ph.D.,behavior_mean,49.5
Corporate reliance,education,Doctorate degree / Ph.D.,belief_post,92.0
Corporate reliance,education,Doctorate degree / Ph.D.,concern_mean,71.33333333333333
Corporate reliance,education,Doctorate degree / Ph.D.,distrust_post,15.0
Corporate reliance,education,Doctorate degree / Ph.D.,donation_ams,4.5
Corporate reliance,education,Doctorate degree / Ph.D.,funding_perceptions,45.0
Corporate reliance,education,Doctorate degree / Ph.D.,inst_trust_mean,74.1
Corporate reliance,education,Doctorate degree / Ph.D.,newsletter_signup,1.6
Corporate reliance,education,Doctorate degree / Ph.D.,policy_general,72.0
Corporate reliance,education,Doctorate degree / Ph.D.,policy_role_mean,76.0
Corporate reliance,education,Doctorate degree / Ph.D.,policy_specific_mean,67.57142857142857
Corporate reliance,education,Doctorate degree / Ph.D.,trust_multidimensional,80.54166666666667
Corporate reliance,education,Doctorate degree / Ph.D.,trust_post,78.5
Corporate reliance,education,High school diploma / GED,behavior_mean,23.166666666666668
Corporate reliance,education,High school diploma / GED,belief_post,72.0
Corporate reliance,education,High school diploma / GED,concern_mean,44.333333333333336
Corporate reliance,education,High school diploma / GED,distrust_post,48.0
Corporate reliance,education,High school diploma / GED,donation_ams,3.0
Corporate reliance,education,High school diploma / GED,funding_perceptions,62.0
Corporate reliance,education,High school diploma / GED,inst_trust_mean,48.0
Corporate reliance,education,High school diploma / GED,newsletter_signup,2.0
Corporate reliance,education,High school diploma / GED,policy_general,52.0
Corporate reliance,education,High school diploma / GED,policy_role_mean,50.0
Corporate reliance,education,High school diploma / GED,policy_specific_mean,37.42857142857143
Corporate reliance,education,High school diploma / GED,trust_multidimensional,58.833333333333336
Corporate reliance,education,High school diploma / GED,trust_post,49.0
Corporate reliance,education,Less than high school,behavior_mean,40.0
Corporate reliance,education,Less than high school,belief_post,60.0
Corporate reliance,education,Less than high school,concern_mean,63.333333333333336
Corporate reliance,education,Less than high school,distrust_post,50.0
Corporate reliance,education,Less than high school,donation_ams,3.0
Corporate reliance,education,Less than high school,funding_perceptions,70.0
Corporate reliance,education,Less than high school,inst_trust_mean,46.0
Corporate reliance,education,Less than high school,newsletter_signup,1.6
Corporate reliance,education,Less than high school,policy_general,40.0
Corporate reliance,education,Less than high school,policy_role_mean,45.0
Corporate reliance,education,Less than high school,policy_specific_mean,34.285714285714285
Corporate reliance,education,Less than high school,trust_multidimensional,51.25
Corporate reliance,education,Less than high school,trust_post,50.0
Corporate reliance,education,Master's degree / Professional degree,behavior_mean,49.166666666666664
Corporate reliance,education,Master's degree / Professional degree,belief_post,96.0
Corporate reliance,education,Master's degree / Professional degree,concern_mean,79.0
Corporate reliance,education,Master's degree / Professional degree,distrust_post,10.0
Corporate reliance,education,Master's degree / Professional degree,donation_ams,5.0
Corporate reliance,education,Master's degree / Professional degree,funding_perceptions,28.0
Corporate reliance,education,Master's degree / Professional degree,inst_trust_mean,82.0
Corporate reliance,education,Master's degree / Professional degree,newsletter_signup,1.0
Corporate reliance,education,Master's degree / Professional degree,policy_general,76.0
Corporate reliance,education,Master's degree / Professional degree,policy_role_mean,77.5
Corporate reliance,education,Master's degree / Professional degree,policy_specific_mean,72.85714285714286
Corporate reliance,education,Master's degree / Professional degree,trust_multidimensional,85.91666666666667
Corporate reliance,education,Master's degree / Professional degree,trust_post,80.0
Corporate reliance,education,Some college or Associate's degree,behavior_mean,42.5
Corporate reliance,education,Some college or Associate's degree,belief_post,93.0
Corporate reliance,education,Some college or Associate's degree,concern_mean,66.66666666666667
Corporate reliance,education,Some college or Associate's degree,distrust_post,15.0
Corporate reliance,education,Some college or Associate's degree,donation_ams,6.0
Corporate reliance,education,Some college or Associate's degree,funding_perceptions,55.0
Corporate reliance,education,Some college or Associate's degree,inst_trust_mean,60.0
Corporate reliance,education,Some college or Associate's degree,newsletter_signup,1.6
Corporate reliance,education,Some college or Associate's degree,policy_general,72.0
Corporate reliance,education,Some college or Associate's degree,policy_role_mean,68.75
Corporate reliance,education,Some college or Associate's degree,policy_specific_mean,67.0
Corporate reliance,education,Some college or Associate's degree,trust_multidimensional,80.58333333333333
Corporate reliance,education,Some college or Associate's degree,trust_post,75.0
Corporate reliance,gender,Female,behavior_mean,43.333333333333336
Corporate reliance,gender,Female,belief_post,88.0
Corporate reliance,gender,Female,concern_mean,74.0
Corporate reliance,gender,Female,distrust_post,25.0
Corporate reliance,gender,Female,donation_ams,3.5
Corporate reliance,gender,Female,funding_perceptions,48.0
Corporate reliance,gender,Female,inst_trust_mean,67.6
Corporate reliance,gender,Female,newsletter_signup,1.4
Corporate reliance,gender,Female,policy_general,69.0
Corporate reliance,gender,Female,policy_role_mean,74.0
Corporate reliance,gender,Female,policy_specific_mean,72.57142857142857
Corporate reliance,gender,Female,trust_multidimensional,77.75
Corporate reliance,gender,Female,trust_post,72.0
Corporate reliance,gender,Male,behavior_mean,17.0
Corporate reliance,gender,Male,belief_post,68.0
Corporate reliance,gender,Male,concern_mean,71.0
Corporate reliance,gender,Male,distrust_post,12.0
Corporate reliance,gender,Male,donation_ams,3.0
Corporate reliance,gender,Male,funding_perceptions,50.0
Corporate reliance,gender,Male,inst_trust_mean,55.6
Corporate reliance,gender,Male,newsletter_signup,1.7
Corporate reliance,gender,Male,policy_general,62.0
Corporate reliance,gender,Male,policy_role_mean,67.25
Corporate reliance,gender,Male,policy_specific_mean,54.285714285714285
Corporate reliance,gender,Male,trust_multidimensional,72.33333333333333
Corporate reliance,gender,Male,trust_post,76.0
Corporate reliance,gender,Other,behavior_mean,35.833333333333336
Corporate reliance,gender,Other,belief_post,85.0
Corporate reliance,gender,Other,concern_mean,81.66666666666667
Corporate reliance,gender,Other,distrust_post,25.0
Corporate reliance,gender,Other,donation_ams,25.0
Corporate reliance,gender,Other,funding_perceptions,55.0
Corporate reliance,gender,Other,inst_trust_mean,52.0
Corporate reliance,gender,Other,newsletter_signup,45.0
Corporate reliance,gender,Other,policy_general,60.0
Corporate reliance,gender,Other,policy_role_mean,66.25
Corporate reliance,gender,Other,policy_specific_mean,51.42857142857143
Corporate reliance,gender,Other,trust_multidimensional,71.25
Corporate reliance,gender,Other,trust_post,70.0
Corporate reliance,income,"$100,000 to $167,999",behavior_mean,60.833333333333336
Corporate reliance,income,"$100,000 to $167,999",belief_post,92.0
Corporate reliance,income,"$100,000 to $167,999",concern_mean,78.33333333333333
Corporate reliance,income,"$100,000 to $167,999",distrust_post,20.0
Corporate reliance,income,"$100,000 to $167,999",donation_ams,5.0
Corporate reliance,income,"$100,000 to $167,999",funding_perceptions,45.0
Corporate reliance,income,"$100,000 to $167,999",inst_trust_mean,79.0
Corporate reliance,income,"$100,000 to $167,999",newsletter_signup,1.4
Corporate reliance,income,"$100,000 to $167,999",policy_general,78.0
Corporate reliance,income,"$100,000 to $167,999",policy_role_mean,81.0
Corporate reliance,income,"$100,000 to $167,999",policy_specific_mean,73.0
Corporate reliance,income,"$100,000 to $167,999",trust_multidimensional,82.33333333333333
Corporate reliance,income,"$100,000 to $167,999",trust_post,85.0
Corporate reliance,income,"$168,000 or more",behavior_mean,48.76666666666667
Corporate reliance,income,"$168,000 or more",belief_post,86.375
Corporate reliance,income,"$168,000 or more",concern_mean,71.29166666666667
Corporate reliance,income,"$168,000 or more",distrust_post,26.125
Corporate reliance,income,"$168,000 or more",donation_ams,4.675
Corporate reliance,income,"$168,000 or more",funding_perceptions,49.8
Corporate reliance,income,"$168,000 or more",inst_trust_mean,59.53
Corporate reliance,income,"$168,000 or more",newsletter_signup,1.3
Corporate reliance,income,"$168,000 or more",policy_general,67.575
Corporate reliance,income,"$168,000 or more",policy_role_mean,65.68125
Corporate reliance,income,"$168,000 or more",policy_specific_mean,57.875
Corporate reliance,income,"$168,000 or more",trust_multidimensional,70.66458333333333
Corporate reliance,income,"$168,000 or more",trust_post,72.05
Corporate reliance,income,"$30,000 to $55,999",behavior_mean,41.666666666666664
Corporate reliance,income,"$30,000 to $55,999",belief_post,82.0
Corporate reliance,income,"$30,000 to $55,999",concern_mean,61.666666666666664
Corporate reliance,income,"$30,000 to $55,999",distrust_post,25.0
Corporate reliance,income,"$30,000 to $55,999",donation_ams,4.5
Corporate reliance,income,"$30,000 to $55,999",funding_perceptions,45.0
Corporate reliance,income,"$30,000 to $55,999",inst_trust_mean,47.6
Corporate reliance,income,"$30,000 to $55,999",newsletter_signup,0.45
Corporate reliance,income,"$30,000 to $55,999",policy_general,58.0
Corporate reliance,income,"$30,000 to $55,999",policy_role_mean,51.75
Corporate reliance,income,"$30,000 to $55,999",policy_specific_mean,49.714285714285715
Corporate reliance,income,"$30,000 to $55,999",trust_multidimensional,60.0
Corporate reliance,income,"$30,000 to $55,999",trust_post,62.0
Corporate reliance,income,"$56,000 to $99,999",behavior_mean,43.800000000000004
Corporate reliance,income,"$56,000 to $99,999",belief_post,89.5
Corporate reliance,income,"$56,000 to $99,999",concern_mean,68.16666666666667
Corporate reliance,income,"$56,000 to $99,999",distrust_post,24.5
Corporate reliance,income,"$56,000 to $99,999",donation_ams,7.2
Corporate reliance,income,"$56,000 to $99,999",funding_perceptions,57.2
Corporate reliance,income,"$56,000 to $99,999",inst_trust_mean,60.720000000000006
Corporate reliance,income,"$56,000 to $99,999",newsletter_signup,1.85
Corporate reliance,income,"$56,000 to $99,999",policy_general,64.3
Corporate reliance,income,"$56,000 to $99,999",policy_role_mean,65.475
Corporate reliance,income,"$56,000 to $99,999",policy_specific_mean,58.785714285714285
Corporate reliance,income,"$56,000 to $99,999",trust_multidimensional,72.575
Corporate reliance,income,"$56,000 to $99,999",trust_post,76.2
Corporate reliance,income,"Less than $30,000",behavior_mean,48.76666666666667
Corporate reliance,income,"Less than $30,000",belief_post,82.0
Corporate reliance,income,"Less than $30,000",concern_mean,77.0
Corporate reliance,income,"Less than $30,000",distrust_post,35.0
Corporate reliance,income,"Less than $30,000",donation_ams,2.0
Corporate reliance,income,"Less than $30,000",funding_perceptions,52.0
Corporate reliance,income,"Less than $30,000",inst_trust_mean,50.8
Corporate reliance,income,"Less than $30,000",newsletter_signup,1.5
Corporate reliance,income,"Less than $30,000",policy_general,70.0
Corporate reliance,income,"Less than $30,000",policy_role_mean,64.5
Corporate reliance,income,"Less than $30,000",policy_specific_mean,50.0
Corporate reliance,income,"Less than $30,000",trust_multidimensional,67.75
Corporate reliance,income,"Less than $30,000",trust_post,65.0
Corporate reliance,party,Democrat,behavior_mean,52.5
Corporate reliance,party,Democrat,belief_post,90.0
Corporate reliance,party,Democrat,concern_mean,74.33333333333333
Corporate reliance,party,Democrat,distrust_post,10.0
Corporate reliance,party,Democrat,donation_ams,4.0
Corporate reliance,party,Democrat,funding_perceptions,75.0
Corporate reliance,party,Democrat,inst_trust_mean,71.4
Corporate reliance,party,Democrat,newsletter_signup,1.4
Corporate reliance,party,Democrat,policy_general,75.0
Corporate reliance,party,Democrat,policy_role_mean,73.0
Corporate reliance,party,Democrat,policy_specific_mean,76.42857142857143
Corporate reliance,party,Democrat,trust_multidimensional,81.16666666666667
Corporate reliance,party,Democrat,trust_post,70.0
Corporate reliance,party,Independent,behavior_mean,36.666666666666664
Corporate reliance,party,Independent,belief_post,70.0
Corporate reliance,party,Independent,concern_mean,53.333333333333336
Corporate reliance,party,Independent,distrust_post,25.0
Corporate reliance,party,Independent,donation_ams,5.0
Corporate reliance,party,Independent,funding_perceptions,50.0
Corporate reliance,party,Independent,inst_trust_mean,48.6
Corporate reliance,party,Independent,newsletter_signup,1.3
Corporate reliance,party,Independent,policy_general,50.0
Corporate reliance,party,Independent,policy_role_mean,52.5
Corporate reliance,party,Independent,policy_specific_mean,47.857142857142854
Corporate reliance,party,Independent,trust_multidimensional,65.75
Corporate reliance,party,Independent,trust_post,50.0
Corporate reliance,party,Other,behavior_mean,47.5
Corporate reliance,party,Other,belief_post,82.0
Corporate reliance,party,Other,concern_mean,70.0
Corporate reliance,party,Other,distrust_post,25.0
Corporate reliance,party,Other,donation_ams,2.5
Corporate reliance,party,Other,funding_perceptions,45.0
Corporate reliance,party,Other,inst_trust_mean,68.1
Corporate reliance,party,Other,newsletter_signup,0.1
Corporate reliance,party,Other,policy_general,65.0
Corporate reliance,party,Other,policy_role_mean,59.5
Corporate reliance,party,Other,policy_specific_mean,56.57142857142857
Corporate reliance,party,Other,trust_multidimensional,76.55833333333334
Corporate reliance,party,Other,trust_post,62.0
Corporate reliance,party,Republican,behavior_mean,26.666666666666668
Corporate reliance,party,Republican,belief_post,40.0
Corporate reliance,party,Republican,concern_mean,28.333333333333332
Corporate reliance,party,Republican,distrust_post,65.0
Corporate reliance,party,Republican,donation_ams,4.0
Corporate reliance,party,Republican,funding_perceptions,55.0
Corporate reliance,party,Republican,inst_trust_mean,33.0
Corporate reliance,party,Republican,newsletter_signup,1.9
Corporate reliance,party,Republican,policy_general,25.0
Corporate reliance,party,Republican,policy_role_mean,17.5
Corporate reliance,party,Republican,policy_specific_mean,29.285714285714285
Corporate reliance,party,Republican,trust_multidimensional,29.166666666666668
Corporate reliance,party,Republican,trust_post,25.0
Corporate reliance,race,Asian / Asian American,behavior_mean,65.33333333333333
Corporate reliance,race,Asian / Asian American,belief_post,96.0
Corporate reliance,race,Asian / Asian American,concern_mean,80.0
Corporate reliance,race,Asian / Asian American,distrust_post,18.0
Corporate reliance,race,Asian / Asian American,donation_ams,6.5
Corporate reliance,race,Asian / Asian American,funding_perceptions,35.0
Corporate reliance,race,Asian / Asian American,inst_trust_mean,78.2
Corporate reliance,race,Asian / Asian American,newsletter_signup,0.85
Corporate reliance,race,Asian / Asian American,policy_general,74.0
Corporate reliance,race,Asian / Asian American,policy_role_mean,75.75
Corporate reliance,race,Asian / Asian American,policy_specific_mean,70.0
Corporate reliance,race,Asian / Asian American,trust_multidimensional,88.41666666666667
Corporate reliance,race,Asian / Asian American,trust_post,82.0
Corporate reliance,race,Black / African American,behavior_mean,55.166666666666664
Corporate reliance,race,Black / African American,belief_post,91.0
Corporate reliance,race,Black / African American,concern_mean,79.0
Corporate reliance,race,Black / African American,distrust_post,25.0
Corporate reliance,race,Black / African American,donation_ams,5.5
Corporate reliance,race,Black / African American,funding_perceptions,32.0
Corporate reliance,race,Black / African American,inst_trust_mean,74.4
Corporate reliance,race,Black / African American,newsletter_signup,1.3
Corporate reliance,race,Black / African American,policy_general,86.0
Corporate reliance,race,Black / African American,policy_role_mean,80.75
Corporate reliance,race,Black / African American,policy_specific_mean,76.57142857142857
Corporate reliance,race,Black / African American,trust_multidimensional,83.41666666666667
Corporate reliance,race,Black / African American,trust_post,75.0
Corporate reliance,race,Hispanic / Latino,behavior_mean,53.833333333333336
Corporate reliance,race,Hispanic / Latino,belief_post,92.0
Corporate reliance,race,Hispanic / Latino,concern_mean,86.33333333333333
Corporate reliance,race,Hispanic / Latino,distrust_post,12.0
Corporate reliance,race,Hispanic / Latino,donation_ams,4.575
Corporate reliance,race,Hispanic / Latino,funding_perceptions,75.0
Corporate reliance,race,Hispanic / Latino,inst_trust_mean,74.4
Corporate reliance,race,Hispanic / Latino,newsletter_signup,1.3
Corporate reliance,race,Hispanic / Latino,policy_general,88.0
Corporate reliance,race,Hispanic / Latino,policy_role_mean,85.25
Corporate reliance,race,Hispanic / Latino,policy_specific_mean,74.57142857142857
Corporate reliance,race,Hispanic / Latino,trust_multidimensional,83.58333333333333
Corporate reliance,race,Hispanic / Latino,trust_post,85.0
Corporate reliance,race,Other,behavior_mean,51.916666666666664
Corporate reliance,race,Other,belief_post,91.0
Corporate reliance,race,Other,concern_mean,77.66666666666667
Corporate reliance,race,Other,distrust_post,15.5
Corporate reliance,race,Other,donation_ams,2.5
Corporate reliance,race,Other,funding_perceptions,65.0
Corporate reliance,race,Other,inst_trust_mean,73.1
Corporate reliance,race,Other,newsletter_signup,1.15
Corporate reliance,race,Other,policy_general,78.5
Corporate reliance,race,Other,policy_role_mean,71.625
Corporate reliance,race,Other,policy_specific_mean,76.28571428571429
Corporate reliance,race,Other,trust_multidimensional,81.47500000000001
Corporate reliance,race,Other,trust_post,79.5
Corporate reliance,race,White / Caucasian,behavior_mean,48.23333333333333
Corporate reliance,race,White / Caucasian,belief_post,81.5
Corporate reliance,race,White / Caucasian,concern_mean,62.166666666666664
Corporate reliance,race,White / Caucasian,distrust_post,24.5
Corporate reliance,race,White / Caucasian,donation_ams,3.8
Corporate reliance,race,White / Caucasian,funding_perceptions,67.6
Corporate reliance,race,White / Caucasian,inst_trust_mean,69.6
Corporate reliance,race,White / Caucasian,newsletter_signup,1.45
Corporate reliance,race,White / Caucasian,policy_general,56.2
Corporate reliance,race,White / Caucasian,policy_role_mean,60.575
Corporate reliance,race,White / Caucasian,policy_specific_mean,54.75714285714286
Corporate reliance,race,White / Caucasian,trust_multidimensional,74.95
Corporate reliance,race,White / Caucasian,trust_post,74.6
Extreme weather predictions,age_band,18-29,behavior_mean,32.5
Extreme weather predictions,age_band,18-29,belief_post,85.0
Extreme weather predictions,age_band,18-29,concern_mean,76.66666666666667
Extreme weather predictions,age_band,18-29,distrust_post,15.0
Extreme weather predictions,age_band,18-29,donation_ams,2.0
Extreme weather predictions,age_band,18-29,funding_perceptions,35.0
Extreme weather predictions,age_band,18-29,inst_trust_mean,45.6
Extreme weather predictions,age_band,18-29,newsletter_signup,1.3
Extreme weather predictions,age_band,18-29,policy_general,68.0
Extreme weather predictions,age_band,18-29,policy_role_mean,66.25
Extreme weather predictions,age_band,18-29,policy_specific_mean,66.71428571428571
Extreme weather predictions,age_band,18-29,trust_multidimensional,64.83333333333333
Extreme weather predictions,age_band,18-29,trust_post,70.0
Extreme weather predictions,age_band,30-44,behavior_mean,55.9
Extreme weather predictions,age_band,30-44,belief_post,82.5
Extreme weather predictions,age_band,30-44,concern_mean,71.86666666666667
Extreme weather predictions,age_band,30-44,distrust_post,28.6
Extreme weather predictions,age_band,30-44,donation_ams,3.2
Extreme weather predictions,age_band,30-44,funding_perceptions,65.0
Extreme weather predictions,age_band,30-44,inst_trust_mean,62.739999999999995
Extreme weather predictions,age_band,30-44,newsletter_signup,1.35
Extreme weather predictions,age_band,30-44,policy_general,74.3
Extreme weather predictions,age_band,30-44,policy_role_mean,79.675
Extreme weather predictions,age_band,30-44,policy_specific_mean,73.72857142857143
Extreme weather predictions,age_band,30-44,trust_multidimensional,75.79166666666667
Extreme weather predictions,age_band,30-44,trust_post,72.4
Extreme weather predictions,age_band,45-59,behavior_mean,44.2
Extreme weather predictions,age_band,45-59,belief_post,83.75
Extreme weather predictions,age_band,45-59,concern_mean,74.26666666666668
Extreme weather predictions,age_band,45-59,distrust_post,21.8
Extreme weather predictions,age_band,45-59,donation_ams,2.6
Extreme weather predictions,age_band,45-59,funding_perceptions,50.0
Extreme weather predictions,age_band,45-59,inst_trust_mean,54.17
Extreme weather predictions,age_band,45-59,newsletter_signup,1.3250000000000002
Extreme weather predictions,age_band,45-59,policy_general,71.15
Extreme weather predictions,age_band,45-59,policy_role_mean,72.9625
Extreme weather predictions,age_band,45-59,policy_specific_mean,70.22142857142856
Extreme weather predictions,age_band,45-59,trust_multidimensional,70.3125
Extreme weather predictions,age_band,45-59,trust_post,71.2
Extreme weather predictions,age_band,60+,behavior_mean,44.2
Extreme weather predictions,age_band,60+,belief_post,83.75
Extreme weather predictions,age_band,60+,concern_mean,74.26666666666668
Extreme weather predictions,age_band,60+,distrust_post,21.8
Extreme weather predictions,age_band,60+,donation_ams,2.6
Extreme weather predictions,age_band,60+,funding_perceptions,50.0
Extreme weather predictions,age_band,60+,inst_trust_mean,54.17
Extreme weather predictions,age_band,60+,newsletter_signup,1.3250000000000002
Extreme weather predictions,age_band,60+,policy_general,71.15
Extreme weather predictions,age_band,60+,policy_role_mean,72.9625
Extreme weather predictions,age_band,60+,policy_specific_mean,70.22142857142856
Extreme weather predictions,age_band,60+,trust_multidimensional,70.3125
Extreme weather predictions,age_band,60+,trust_post,71.2
Extreme weather predictions,education,Bachelor's degree,behavior_mean,49.166666666666664
Extreme weather predictions,education,Bachelor's degree,belief_post,80.0
Extreme weather predictions,education,Bachelor's degree,concern_mean,72.66666666666667
Extreme weather predictions,education,Bachelor's degree,distrust_post,12.0
Extreme weather predictions,education,Bachelor's degree,donation_ams,4.0
Extreme weather predictions,education,Bachelor's degree,funding_perceptions,35.0
Extreme weather predictions,education,Bachelor's degree,inst_trust_mean,69.0
Extreme weather predictions,education,Bachelor's degree,newsletter_signup,1.45
Extreme weather predictions,education,Bachelor's degree,policy_general,72.0
Extreme weather predictions,education,Bachelor's degree,policy_role_mean,71.25
Extreme weather predictions,education,Bachelor's degree,policy_specific_mean,63.57142857142857
Extreme weather predictions,education,Bachelor's degree,trust_multidimensional,78.83333333333333
Extreme weather predictions,education,Bachelor's degree,trust_post,78.0
Extreme weather predictions,education,Doctorate degree / Ph.D.,behavior_mean,60.833333333333336
Extreme weather predictions,education,Doctorate degree / Ph.D.,belief_post,90.0
Extreme weather predictions,education,Doctorate degree / Ph.D.,concern_mean,83.33333333333333
Extreme weather predictions,education,Doctorate degree / Ph.D.,distrust_post,15.0
Extreme weather predictions,education,Doctorate degree / Ph.D.,donation_ams,7.0
Extreme weather predictions,education,Doctorate degree / Ph.D.,funding_perceptions,25.0
Extreme weather predictions,education,Doctorate degree / Ph.D.,inst_trust_mean,71.0
Extreme weather predictions,education,Doctorate degree / Ph.D.,newsletter_signup,1.1
Extreme weather predictions,education,Doctorate degree / Ph.D.,policy_general,85.0
Extreme weather predictions,education,Doctorate degree / Ph.D.,policy_role_mean,76.25
Extreme weather predictions,education,Doctorate degree / Ph.D.,policy_specific_mean,68.57142857142857
Extreme weather predictions,education,Doctorate degree / Ph.D.,trust_multidimensional,80.83333333333333
Extreme weather predictions,education,Doctorate degree / Ph.D.,trust_post,85.0
Extreme weather predictions,education,High school diploma / GED,behavior_mean,30.333333333333332
Extreme weather predictions,education,High school diploma / GED,belief_post,48.0
Extreme weather predictions,education,High school diploma / GED,concern_mean,59.0
Extreme weather predictions,education,High school diploma / GED,distrust_post,40.0
Extreme weather predictions,education,High school diploma / GED,donation_ams,3.0
Extreme weather predictions,education,High school diploma / GED,funding_perceptions,35.0
Extreme weather predictions,education,High school diploma / GED,inst_trust_mean,46.0
Extreme weather predictions,education,High school diploma / GED,newsletter_signup,1.6
Extreme weather predictions,education,High school diploma / GED,policy_general,35.0
Extreme weather predictions,education,High school diploma / GED,policy_role_mean,30.5
Extreme weather predictions,education,High school diploma / GED,policy_specific_mean,31.571428571428573
Extreme weather predictions,education,High school diploma / GED,trust_multidimensional,54.416666666666664
Extreme weather predictions,education,High school diploma / GED,trust_post,45.0
Extreme weather predictions,education,Less than high school,behavior_mean,16.333333333333332
Extreme weather predictions,education,Less than high school,belief_post,45.0
Extreme weather predictions,education,Less than high school,concern_mean,67.33333333333333
Extreme weather predictions,education,Less than high school,distrust_post,52.0
Extreme weather predictions,education,Less than high school,donation_ams,1.5
Extreme weather predictions,education,Less than high school,funding_perceptions,45.0
Extreme weather predictions,education,Less than high school,inst_trust_mean,42.0
Extreme weather predictions,education,Less than high school,newsletter_signup,2.2
Extreme weather predictions,education,Less than high school,policy_general,28.0
Extreme weather predictions,education,Less than high school,policy_role_mean,21.25
Extreme weather predictions,education,Less than high school,policy_specific_mean,28.142857142857142
Extreme weather predictions,education,Less than high school,trust_multidimensional,53.416666666666664
Extreme weather predictions,education,Less than high school,trust_post,38.0
Extreme weather predictions,education,Master's degree / Professional degree,behavior_mean,62.166666666666664
Extreme weather predictions,education,Master's degree / Professional degree,belief_post,93.0
Extreme weather predictions,education,Master's degree / Professional degree,concern_mean,83.33333333333333
Extreme weather predictions,education,Master's degree / Professional degree,distrust_post,15.0
Extreme weather predictions,education,Master's degree / Professional degree,donation_ams,5.0
Extreme weather predictions,education,Master's degree / Professional degree,funding_perceptions,38.0
Extreme weather predictions,education,Master's degree / Professional degree,inst_trust_mean,81.6
Extreme weather predictions,education,Master's degree / Professional degree,newsletter_signup,1.2
Extreme weather predictions,education,Master's degree / Professional degree,policy_general,78.0
Extreme weather predictions,education,Master's degree / Professional degree,policy_role_mean,76.25
Extreme weather predictions,education,Master's degree / Professional degree,policy_specific_mean,72.42857142857143
Extreme weather predictions,education,Master's degree / Professional degree,trust_multidimensional,84.33333333333333
Extreme weather predictions,education,Master's degree / Professional degree,trust_post,82.0
Extreme weather predictions,education,Some college or Associate's degree,behavior_mean,48.333333333333336
Extreme weather predictions,education,Some college or Associate's degree,belief_post,75.0
Extreme weather predictions,education,Some college or Associate's degree,concern_mean,57.666666666666664
Extreme weather predictions,education,Some college or Associate's degree,distrust_post,35.0
Extreme weather predictions,education,Some college or Associate's degree,donation_ams,4.5
Extreme weather predictions,education,Some college or Associate's degree,funding_perceptions,55.0
Extreme weather predictions,education,Some college or Associate's degree,inst_trust_mean,62.0
Extreme weather predictions,education,Some college or Associate's degree,newsletter_signup,1.5
Extreme weather predictions,education,Some college or Associate's degree,policy_general,55.0
Extreme weather predictions,education,Some college or Associate's degree,policy_role_mean,69.5
Extreme weather predictions,education,Some college or Associate's degree,policy_specific_mean,56.42857142857143
Extreme weather predictions,education,Some college or Associate's degree,trust_multidimensional,62.083333333333336
Extreme weather predictions,education,Some college or Associate's degree,trust_post,62.0
Extreme weather predictions,gender,Female,behavior_mean,44.0
Extreme weather predictions,gender,Female,belief_post,85.0
Extreme weather predictions,gender,Female,concern_mean,73.66666666666667
Extreme weather predictions,gender,Female,distrust_post,22.0
Extreme weather predictions,gender,Female,donation_ams,4.0
Extreme weather predictions,gender,Female,funding_perceptions,26.0
Extreme weather predictions,gender,Female,inst_trust_mean,61.6
Extreme weather predictions,gender,Female,newsletter_signup,1.2
Extreme weather predictions,gender,Female,policy_general,68.0
Extreme weather predictions,gender,Female,policy_role_mean,70.5
Extreme weather predictions,gender,Female,policy_specific_mean,70.85714285714286
Extreme weather predictions,gender,Female,trust_multidimensional,79.41666666666667
Extreme weather predictions,gender,Female,trust_post,76.0
Extreme weather predictions,gender,Male,behavior_mean,21.666666666666668
Extreme weather predictions,gender,Male,belief_post,80.0
Extreme weather predictions,gender,Male,concern_mean,68.33333333333333
Extreme weather predictions,gender,Male,distrust_post,30.0
Extreme weather predictions,gender,Male,donation_ams,5.0
Extreme weather predictions,gender,Male,funding_perceptions,50.0
Extreme weather predictions,gender,Male,inst_trust_mean,64.0
Extreme weather predictions,gender,Male,newsletter_signup,1.15
Extreme weather predictions,gender,Male,policy_general,70.0
Extreme weather predictions,gender,Male,policy_role_mean,78.75
Extreme weather predictions,gender,Male,policy_specific_mean,47.142857142857146
Extreme weather predictions,gender,Male,trust_multidimensional,71.66666666666667
Extreme weather predictions,gender,Male,trust_post,70.0
Extreme weather predictions,gender,Other,behavior_mean,37.5
Extreme weather predictions,gender,Other,belief_post,78.0
Extreme weather predictions,gender,Other,concern_mean,74.33333333333333
Extreme weather predictions,gender,Other,distrust_post,40.0
Extreme weather predictions,gender,Other,donation_ams,3.0
Extreme weather predictions,gender,Other,funding_perceptions,65.0
Extreme weather predictions,gender,Other,inst_trust_mean,56.0
Extreme weather predictions,gender,Other,newsletter_signup,1.85
Extreme weather predictions,gender,Other,policy_general,65.0
Extreme weather predictions,gender,Other,policy_role_mean,68.75
Extreme weather predictions,gender,Other,policy_specific_mean,50.0
Extreme weather predictions,gender,Other,trust_multidimensional,55.833333333333336
Extreme weather predictions,gender,Other,trust_post,52.0
Extreme weather predictions,income,"$100,000 to $167,999",behavior_mean,64.16666666666667
Extreme weather predictions,income,"$100,000 to $167,999",belief_post,92.0
Extreme weather predictions,income,"$100,000 to $167,999",concern_mean,86.0
Extreme weather predictions,income,"$100,000 to $167,999",distrust_post,25.0
Extreme weather predictions,income,"$100,000 to $167,999",donation_ams,7.5
Extreme weather predictions,income,"$100,000 to $167,999",funding_perceptions,45.0
Extreme weather predictions,income,"$100,000 to $167,999",inst_trust_mean,70.6
Extreme weather predictions,income,"$100,000 to $167,999",newsletter_signup,1.6
Extreme weather predictions,income,"$100,000 to $167,999",policy_general,72.0
Extreme weather predictions,income,"$100,000 to $167,999",policy_role_mean,76.25
Extreme weather predictions,income,"$100,000 to $167,999",policy_specific_mean,70.42857142857143
Extreme weather predictions,income,"$100,000 to $167,999",trust_multidimensional,83.70833333333333
Extreme weather predictions,income,"$100,000 to $167,999",trust_post,82.0
Extreme weather predictions,income,"$168,000 or more",behavior_mean,53.333333333333336
Extreme weather predictions,income,"$168,000 or more",belief_post,91.0
Extreme weather predictions,income,"$168,000 or more",concern_mean,80.33333333333333
Extreme weather predictions,income,"$168,000 or more",distrust_post,15.0
Extreme weather predictions,income,"$168,000 or more",donation_ams,8.2
Extreme weather predictions,income,"$168,000 or more",funding_perceptions,65.0
Extreme weather predictions,income,"$168,000 or more",inst_trust_mean,76.2
Extreme weather predictions,income,"$168,000 or more",newsletter_signup,1.4
Extreme weather predictions,income,"$168,000 or more",policy_general,75.0
Extreme weather predictions,income,"$168,000 or more",policy_role_mean,77.0
Extreme weather predictions,income,"$168,000 or more",policy_specific_mean,67.71428571428571
Extreme weather predictions,income,"$168,000 or more",trust_multidimensional,76.79166666666667
Extreme weather predictions,income,"$168,000 or more",trust_post,82.5
Extreme weather predictions,income,"$30,000 to $55,999",behavior_mean,42.5
Extreme weather predictions,income,"$30,000 to $55,999",belief_post,72.0
Extreme weather predictions,income,"$30,000 to $55,999",concern_mean,64.33333333333333
Extreme weather predictions,income,"$30,000 to $55,999",distrust_post,40.0
Extreme weather predictions,income,"$30,000 to $55,999",donation_ams,20.0
Extreme weather predictions,income,"$30,000 to $55,999",funding_perceptions,45.0
Extreme weather predictions,income,"$30,000 to $55,999",inst_trust_mean,51.6
Extreme weather predictions,income,"$30,000 to $55,999",newsletter_signup,1.2
Extreme weather predictions,income,"$30,000 to $55,999",policy_general,58.0
Extreme weather predictions,income,"$30,000 to $55,999",policy_role_mean,51.25
Extreme weather predictions,income,"$30,000 to $55,999",policy_specific_mean,52.142857142857146
Extreme weather predictions,income,"$30,000 to $55,999",trust_multidimensional,60.666666666666664
Extreme weather predictions,income,"$30,000 to $55,999",trust_post,60.0
Extreme weather predictions,income,"$56,000 to $99,999",behavior_mean,41.666666666666664
Extreme weather predictions,income,"$56,000 to $99,999",belief_post,82.0
Extreme weather predictions,income,"$56,000 to $99,999",concern_mean,65.66666666666667
Extreme weather predictions,income,"$56,000 to $99,999",distrust_post,18.0
Extreme weather predictions,income,"$56,000 to $99,999",donation_ams,3.0
Extreme weather predictions,income,"$56,000 to $99,999",funding_perceptions,52.0
Extreme weather predictions,income,"$56,000 to $99,999",inst_trust_mean,60.8
Extreme weather predictions,income,"$56,000 to $99,999",newsletter_signup,1.2
Extreme weather predictions,income,"$56,000 to $99,999",policy_general,54.0
Extreme weather predictions,income,"$56,000 to $99,999",policy_role_mean,57.5
Extreme weather predictions,income,"$56,000 to $99,999",policy_specific_mean,57.57142857142857
Extreme weather predictions,income,"$56,000 to $99,999",trust_multidimensional,67.58333333333333
Extreme weather predictions,income,"$56,000 to $99,999",trust_post,66.0
Extreme weather predictions,income,"Less than $30,000",behavior_mean,33.333333333333336
Extreme weather predictions,income,"Less than $30,000",belief_post,72.0
Extreme weather predictions,income,"Less than $30,000",concern_mean,73.66666666666667
Extreme weather predictions,income,"Less than $30,000",distrust_post,52.0
Extreme weather predictions,income,"Less than $30,000",donation_ams,2.0
Extreme weather predictions,income,"Less than $30,000",funding_perceptions,35.0
Extreme weather predictions,income,"Less than $30,000",inst_trust_mean,41.6
Extreme weather predictions,income,"Less than $30,000",newsletter_signup,1.2
Extreme weather predictions,income,"Less than $30,000",policy_general,62.0
Extreme weather predictions,income,"Less than $30,000",policy_role_mean,57.25
Extreme weather predictions,income,"Less than $30,000",policy_specific_mean,55.714285714285715
Extreme weather predictions,income,"Less than $30,000",trust_multidimensional,45.333333333333336
Extreme weather predictions,income,"Less than $30,000",trust_post,48.0
Extreme weather predictions,party,Democrat,behavior_mean,54.416666666666664
Extreme weather predictions,party,Democrat,belief_post,89.0
Extreme weather predictions,party,Democrat,concern_mean,78.66666666666667
Extreme weather predictions,party,Democrat,distrust_post,15.0
Extreme weather predictions,party,Democrat,donation_ams,4.5
Extreme weather predictions,party,Democrat,funding_perceptions,28.0
Extreme weather predictions,party,Democrat,inst_trust_mean,72.6
Extreme weather predictions,party,Democrat,newsletter_signup,1.1
Extreme weather predictions,party,Democrat,policy_general,77.5
Extreme weather predictions,party,Democrat,policy_role_mean,79.0
Extreme weather predictions,party,Democrat,policy_specific_mean,75.78571428571429
Extreme weather predictions,party,Democrat,trust_multidimensional,79.08333333333333
Extreme weather predictions,party,Democrat,trust_post,82.0
Extreme weather predictions,party,Independent,behavior_mean,37.199999999999996
Extreme weather predictions,party,Independent,belief_post,84.1
Extreme weather predictions,party,Independent,concern_mean,72.46666666666667
Extreme weather predictions,party,Independent,distrust_post,19.0
Extreme weather predictions,party,Independent,donation_ams,4.3
Extreme weather predictions,party,Independent,funding_perceptions,47.6
Extreme weather predictions,party,Independent,inst_trust_mean,67.36
Extreme weather predictions,party,Independent,newsletter_signup,1.4
Extreme weather predictions,party,Independent,policy_general,48.5
Extreme weather predictions,party,Independent,policy_role_mean,71.2
Extreme weather predictions,party,Independent,policy_specific_mean,49.471428571428575
Extreme weather predictions,party,Independent,trust_multidimensional,77.04166666666667
Extreme weather predictions,party,Independent,trust_post,81.2
Extreme weather predictions,party,Other,behavior_mean,52.166666666666664
Extreme weather predictions,party,Other,belief_post,82.0
Extreme weather predictions,party,Other,concern_mean,67.66666666666667
Extreme weather predictions,party,Other,distrust_post,28.0
Extreme weather predictions,party,Other,donation_ams,5.5
Extreme weather predictions,party,Other,funding_perceptions,50.0
Extreme weather predictions,party,Other,inst_trust_mean,59.6
Extreme weather predictions,party,Other,newsletter_signup,1.45
Extreme weather predictions,party,Other,policy_general,64.0
Extreme weather predictions,party,Other,policy_role_mean,54.75
Extreme weather predictions,party,Other,policy_specific_mean,62.285714285714285
Extreme weather predictions,party,Other,trust_multidimensional,66.54166666666667
Extreme weather predictions,party,Other,trust_post,66.0
Extreme weather predictions,party,Republican,behavior_mean,47.92777777777778
Extreme weather predictions,party,Republican,belief_post,85.03333333333333
Extreme weather predictions,party,Republican,concern_mean,72.93333333333334
Extreme weather predictions,party,Republican,distrust_post,20.666666666666668
Extreme weather predictions,party,Republican,donation_ams,4.766666666666667
Extreme weather predictions,party,Republican,funding_perceptions,41.86666666666667
Extreme weather predictions,party,Republican,inst_trust_mean,66.52
Extreme weather predictions,party,Republican,newsletter_signup,1.3166666666666667
Extreme weather predictions,party,Republican,policy_general,63.333333333333336
Extreme weather predictions,party,Republican,policy_role_mean,68.31666666666666
Extreme weather predictions,party,Republican,policy_specific_mean,62.51428571428571
Extreme weather predictions,party,Republican,trust_multidimensional,74.22222222222223
Extreme weather predictions,party,Republican,trust_post,76.39999999999999
Extreme weather predictions,race,Asian / Asian American,behavior_mean,57.71666666666667
Extreme weather predictions,race,Asian / Asian American,belief_post,88.1
Extreme weather predictions,race,Asian / Asian American,concern_mean,71.86666666666667
Extreme weather predictions,race,Asian / Asian American,distrust_post,20.5
Extreme weather predictions,race,Asian / Asian American,donation_ams,4.2
Extreme weather predictions,race,Asian / Asian American,funding_perceptions,27.700000000000003
Extreme weather predictions,race,Asian / Asian American,inst_trust_mean,71.47999999999999
Extreme weather predictions,race,Asian / Asian American,newsletter_signup,1.3
Extreme weather predictions,race,Asian / Asian American,policy_general,68.5
Extreme weather predictions,race,Asian / Asian American,policy_role_mean,69.975
Extreme weather predictions,race,Asian / Asian American,policy_specific_mean,61.957142857142856
Extreme weather predictions,race,Asian / Asian American,trust_multidimensional,81.925
Extreme weather predictions,race,Asian / Asian American,trust_post,75.5
Extreme weather predictions,race,Black / African American,behavior_mean,50.833333333333336
Extreme weather predictions,race,Black / African American,belief_post,92.0
Extreme weather predictions,race,Black / African American,concern_mean,85.0
Extreme weather predictions,race,Black / African American,distrust_post,35.0
Extreme weather predictions,race,Black / African American,donation_ams,4.5
Extreme weather predictions,race,Black / African American,funding_perceptions,28.0
Extreme weather predictions,race,Black / African American,inst_trust_mean,60.2
Extreme weather predictions,race,Black / African American,newsletter_signup,1.6
Extreme weather predictions,race,Black / African American,policy_general,68.0
Extreme weather predictions,race,Black / African American,policy_role_mean,68.75
Extreme weather predictions,race,Black / African American,policy_specific_mean,66.0
Extreme weather predictions,race,Black / African American,trust_multidimensional,79.5
Extreme weather predictions,race,Black / African American,trust_post,78.0
Extreme weather predictions,race,Hispanic / Latino,behavior_mean,45.177777777777784
Extreme weather predictions,race,Hispanic / Latino,belief_post,87.39999999999999
Extreme weather predictions,race,Hispanic / Latino,concern_mean,76.13333333333334
Extreme weather predictions,race,Hispanic / Latino,distrust_post,26.599999999999998
Extreme weather predictions,race,Hispanic / Latino,donation_ams,3.5
Extreme weather predictions,race,Hispanic / Latino,funding_perceptions,36.833333333333336
Extreme weather predictions,race,Hispanic / Latino,inst_trust_mean,63.63333333333333
Extreme weather predictions,race,Hispanic / Latino,newsletter_signup,1.4000000000000001
Extreme weather predictions,race,Hispanic / Latino,policy_general,64.96666666666667
Extreme weather predictions,race,Hispanic / Latino,policy_role_mean,65.53333333333333
Extreme weather predictions,race,Hispanic / Latino,policy_specific_mean,62.60476190476191
Extreme weather predictions,race,Hispanic / Latino,trust_multidimensional,77.19722222222224
Extreme weather predictions,race,Hispanic / Latino,trust_post,73.66666666666667
Extreme weather predictions,race,Other,behavior_mean,26.983333333333334
Extreme weather predictions,race,Other,belief_post,82.1
Extreme weather predictions,race,Other,concern_mean,71.53333333333335
Extreme weather predictions,race,Other,distrust_post,24.3
Extreme weather predictions,race,Other,donation_ams,1.8
Extreme weather predictions,race,Other,funding_perceptions,54.8
Extreme weather predictions,race,Other,inst_trust_mean,59.220000000000006
Extreme weather predictions,race,Other,newsletter_signup,1.3
Extreme weather predictions,race,Other,policy_general,58.4
Extreme weather predictions,race,Other,policy_role_mean,57.875
Extreme weather predictions,race,Other,policy_specific_mean,59.857142857142854
Extreme weather predictions,race,Other,trust_multidimensional,70.16666666666667
Extreme weather predictions,race,Other,trust_post,67.5
Extreme weather predictions,race,White / Caucasian,behavior_mean,45.177777777777784
Extreme weather predictions,race,White / Caucasian,belief_post,87.39999999999999
Extreme weather predictions,race,White / Caucasian,concern_mean,76.13333333333334
Extreme weather predictions,race,White / Caucasian,distrust_post,26.599999999999998
Extreme weather predictions,race,White / Caucasian,donation_ams,3.5
Extreme weather predictions,race,White / Caucasian,funding_perceptions,36.833333333333336
Extreme weather predictions,race,White / Caucasian,inst_trust_mean,63.63333333333333
Extreme weather predictions,race,White / Caucasian,newsletter_signup,1.4000000000000001
Extreme weather predictions,race,White / Caucasian,policy_general,64.96666666666667
Extreme weather predictions,race,White / Caucasian,policy_role_mean,65.53333333333333
Extreme weather predictions,race,White / Caucasian,policy_specific_mean,62.60476190476191
Extreme weather predictions,race,White / Caucasian,trust_multidimensional,77.19722222222224
Extreme weather predictions,race,White / Caucasian,trust_post,73.66666666666667
Former skeptics,age_band,18-29,behavior_mean,55.833333333333336
Former skeptics,age_band,18-29,belief_post,85.0
Former skeptics,age_band,18-29,concern_mean,73.5
Former skeptics,age_band,18-29,distrust_post,26.5
Former skeptics,age_band,18-29,donation_ams,6.0
Former skeptics,age_band,18-29,funding_perceptions,29.0
Former skeptics,age_band,18-29,inst_trust_mean,59.900000000000006
Former skeptics,age_band,18-29,newsletter_signup,1.525
Former skeptics,age_band,18-29,policy_general,67.5
Former skeptics,age_band,18-29,policy_role_mean,65.5
Former skeptics,age_band,18-29,policy_specific_mean,68.57142857142857
Former skeptics,age_band,18-29,trust_multidimensional,68.54166666666667
Former skeptics,age_band,18-29,trust_post,71.5
Former skeptics,age_band,30-44,behavior_mean,55.833333333333336
Former skeptics,age_band,30-44,belief_post,85.0
Former skeptics,age_band,30-44,concern_mean,73.5
Former skeptics,age_band,30-44,distrust_post,26.5
Former skeptics,age_band,30-44,donation_ams,6.0
Former skeptics,age_band,30-44,funding_perceptions,29.0
Former skeptics,age_band,30-44,inst_trust_mean,59.900000000000006
Former skeptics,age_band,30-44,newsletter_signup,1.525
Former skeptics,age_band,30-44,policy_general,67.5
Former skeptics,age_band,30-44,policy_role_mean,65.5
Former skeptics,age_band,30-44,policy_specific_mean,68.57142857142857
Former skeptics,age_band,30-44,trust_multidimensional,68.54166666666667
Former skeptics,age_band,30-44,trust_post,71.5
Former skeptics,age_band,45-59,behavior_mean,55.833333333333336
Former skeptics,age_band,45-59,belief_post,78.0
Former skeptics,age_band,45-59,concern_mean,64.33333333333333
Former skeptics,age_band,45-59,distrust_post,35.0
Former skeptics,age_band,45-59,donation_ams,8.0
Former skeptics,age_band,45-59,funding_perceptions,40.0
Former skeptics,age_band,45-59,inst_trust_mean,55.4
Former skeptics,age_band,45-59,newsletter_signup,1.45
Former skeptics,age_band,45-59,policy_general,50.0
Former skeptics,age_band,45-59,policy_role_mean,59.75
Former skeptics,age_band,45-59,policy_specific_mean,68.57142857142857
Former skeptics,age_band,45-59,trust_multidimensional,62.666666666666664
Former skeptics,age_band,45-59,trust_post,65.0
Former skeptics,age_band,60+,behavior_mean,55.833333333333336
Former skeptics,age_band,60+,belief_post,92.0
Former skeptics,age_band,60+,concern_mean,82.66666666666667
Former skeptics,age_band,60+,distrust_post,18.0
Former skeptics,age_band,60+,donation_ams,4.0
Former skeptics,age_band,60+,funding_perceptions,18.0
Former skeptics,age_band,60+,inst_trust_mean,64.4
Former skeptics,age_band,60+,newsletter_signup,1.6
Former skeptics,age_band,60+,policy_general,85.0
Former skeptics,age_band,60+,policy_role_mean,71.25
Former skeptics,age_band,60+,policy_specific_mean,68.57142857142857
Former skeptics,age_band,60+,trust_multidimensional,74.41666666666667
Former skeptics,age_band,60+,trust_post,78.0
Former skeptics,education,Bachelor's degree,behavior_mean,56.666666666666664
Former skeptics,education,Bachelor's degree,belief_post,85.0
Former skeptics,education,Bachelor's degree,concern_mean,71.66666666666667
Former skeptics,education,Bachelor's degree,distrust_post,15.0
Former skeptics,education,Bachelor's degree,donation_ams,3.5
Former skeptics,education,Bachelor's degree,funding_perceptions,18.0
Former skeptics,education,Bachelor's degree,inst_trust_mean,73.2
Former skeptics,education,Bachelor's degree,newsletter_signup,1.4
Former skeptics,education,Bachelor's degree,policy_general,70.0
Former skeptics,education,Bachelor's degree,policy_role_mean,64.5
Former skeptics,education,Bachelor's degree,policy_specific_mean,67.42857142857143
Former skeptics,education,Bachelor's degree,trust_multidimensional,72.75
Former skeptics,education,Bachelor's degree,trust_post,80.0
Former skeptics,education,Doctorate degree / Ph.D.,behavior_mean,56.666666666666664
Former skeptics,education,Doctorate degree / Ph.D.,belief_post,85.0
Former skeptics,education,Doctorate degree / Ph.D.,concern_mean,71.66666666666667
Former skeptics,education,Doctorate degree / Ph.D.,distrust_post,15.0
Former skeptics,education,Doctorate degree / Ph.D.,donation_ams,3.5
Former skeptics,education,Doctorate degree / Ph.D.,funding_perceptions,18.0
Former skeptics,education,Doctorate degree / Ph.D.,inst_trust_mean,73.2
Former skeptics,education,Doctorate degree / Ph.D.,newsletter_signup,1.4
Former skeptics,education,Doctorate degree / Ph.D.,policy_general,70.0
Former skeptics,education,Doctorate degree / Ph.D.,policy_role_mean,64.5
Former skeptics,education,Doctorate degree / Ph.D.,policy_specific_mean,67.42857142857143
Former skeptics,education,Doctorate degree / Ph.D.,trust_multidimensional,72.75
Former skeptics,education,Doctorate degree / Ph.D.,trust_post,80.0
Former skeptics,education,High school diploma / GED,behavior_mean,56.666666666666664
Former skeptics,education,High school diploma / GED,belief_post,85.0
Former skeptics,education,High school diploma / GED,concern_mean,71.66666666666667
Former skeptics,education,High school diploma / GED,distrust_post,15.0
Former skeptics,education,High school diploma / GED,donation_ams,3.5
Former skeptics,education,High school diploma / GED,funding_perceptions,18.0
Former skeptics,education,High school diploma / GED,inst_trust_mean,73.2
Former skeptics,education,High school diploma / GED,newsletter_signup,1.4
Former skeptics,education,High school diploma / GED,policy_general,70.0
Former skeptics,education,High school diploma / GED,policy_role_mean,64.5
Former skeptics,education,High school diploma / GED,policy_specific_mean,67.42857142857143
Former skeptics,education,High school diploma / GED,trust_multidimensional,72.75
Former skeptics,education,High school diploma / GED,trust_post,80.0
Former skeptics,education,Less than high school,behavior_mean,56.666666666666664
Former skeptics,education,Less than high school,belief_post,85.0
Former skeptics,education,Less than high school,concern_mean,71.66666666666667
Former skeptics,education,Less than high school,distrust_post,15.0
Former skeptics,education,Less than high school,donation_ams,3.5
Former skeptics,education,Less than high school,funding_perceptions,18.0
Former skeptics,education,Less than high school,inst_trust_mean,73.2
Former skeptics,education,Less than high school,newsletter_signup,1.4
Former skeptics,education,Less than high school,policy_general,70.0
Former skeptics,education,Less than high school,policy_role_mean,64.5
Former skeptics,education,Less than high school,policy_specific_mean,67.42857142857143
Former skeptics,education,Less than high school,trust_multidimensional,72.75
Former skeptics,education,Less than high school,trust_post,80.0
Former skeptics,education,Master's degree / Professional degree,behavior_mean,56.666666666666664
Former skeptics,education,Master's degree / Professional degree,belief_post,85.0
Former skeptics,education,Master's degree / Professional degree,concern_mean,71.66666666666667
Former skeptics,education,Master's degree / Professional degree,distrust_post,15.0
Former skeptics,education,Master's degree / Professional degree,donation_ams,3.5
Former skeptics,education,Master's degree / Professional degree,funding_perceptions,18.0
Former skeptics,education,Master's degree / Professional degree,inst_trust_mean,73.2
Former skeptics,education,Master's degree / Professional degree,newsletter_signup,1.4
Former skeptics,education,Master's degree / Professional degree,policy_general,70.0
Former skeptics,education,Master's degree / Professional degree,policy_role_mean,64.5
Former skeptics,education,Master's degree / Professional degree,policy_specific_mean,67.42857142857143
Former skeptics,education,Master's degree / Professional degree,trust_multidimensional,72.75
Former skeptics,education,Master's degree / Professional degree,trust_post,80.0
Former skeptics,education,Some college or Associate's degree,behavior_mean,56.666666666666664
Former skeptics,education,Some college or Associate's degree,belief_post,85.0
Former skeptics,education,Some college or Associate's degree,concern_mean,71.66666666666667
Former skeptics,education,Some college or Associate's degree,distrust_post,15.0
Former skeptics,education,Some college or Associate's degree,donation_ams,3.5
Former skeptics,education,Some college or Associate's degree,funding_perceptions,18.0
Former skeptics,education,Some college or Associate's degree,inst_trust_mean,73.2
Former skeptics,education,Some college or Associate's degree,newsletter_signup,1.4
Former skeptics,education,Some college or Associate's degree,policy_general,70.0
Former skeptics,education,Some college or Associate's degree,policy_role_mean,64.5
Former skeptics,education,Some college or Associate's degree,policy_specific_mean,67.42857142857143
Former skeptics,education,Some college or Associate's degree,trust_multidimensional,72.75
Former skeptics,education,Some college or Associate's degree,trust_post,80.0
Former skeptics,gender,Female,behavior_mean,69.5
Former skeptics,gender,Female,belief_post,92.0
Former skeptics,gender,Female,concern_mean,87.66666666666667
Former skeptics,gender,Female,distrust_post,12.0
Former skeptics,gender,Female,donation_ams,4.5
Former skeptics,gender,Female,funding_perceptions,32.0
Former skeptics,gender,Female,inst_trust_mean,77.0
Former skeptics,gender,Female,newsletter_signup,1.2
Former skeptics,gender,Female,policy_general,78.0
Former skeptics,gender,Female,policy_role_mean,75.75
Former skeptics,gender,Female,policy_specific_mean,73.85714285714286
Former skeptics,gender,Female,trust_multidimensional,81.5
Former skeptics,gender,Female,trust_post,85.0
Former skeptics,gender,Male,behavior_mean,32.0
Former skeptics,gender,Male,belief_post,54.3
Former skeptics,gender,Male,concern_mean,50.96666666666667
Former skeptics,gender,Male,distrust_post,35.2
Former skeptics,gender,Male,donation_ams,4.2
Former skeptics,gender,Male,funding_perceptions,57.5
Former skeptics,gender,Male,inst_trust_mean,51.56
Former skeptics,gender,Male,newsletter_signup,1.45
Former skeptics,gender,Male,policy_general,36.5
Former skeptics,gender,Male,policy_role_mean,40.9
Former skeptics,gender,Male,policy_specific_mean,37.285714285714285
Former skeptics,gender,Male,trust_multidimensional,72.95833333333333
Former skeptics,gender,Male,trust_post,58.7
Former skeptics,gender,Other,behavior_mean,43.68333333333334
Former skeptics,gender,Other,belief_post,89.5
Former skeptics,gender,Other,concern_mean,60.56666666666667
Former skeptics,gender,Other,distrust_post,15.2
Former skeptics,gender,Other,donation_ams,3.5
Former skeptics,gender,Other,funding_perceptions,37.7
Former skeptics,gender,Other,inst_trust_mean,64.53999999999999
Former skeptics,gender,Other,newsletter_signup,1.6
Former skeptics,gender,Other,policy_general,71.8
Former skeptics,gender,Other,policy_role_mean,78.4
Former skeptics,gender,Other,policy_specific_mean,62.57142857142857
Former skeptics,gender,Other,trust_multidimensional,79.175
Former skeptics,gender,Other,trust_post,68.4
Former skeptics,income,"$100,000 to $167,999",behavior_mean,68.16666666666667
Former skeptics,income,"$100,000 to $167,999",belief_post,82.0
Former skeptics,income,"$100,000 to $167,999",concern_mean,74.33333333333333
Former skeptics,income,"$100,000 to $167,999",distrust_post,12.0
Former skeptics,income,"$100,000 to $167,999",donation_ams,4.0
Former skeptics,income,"$100,000 to $167,999",funding_perceptions,55.0
Former skeptics,income,"$100,000 to $167,999",inst_trust_mean,82.6
Former skeptics,income,"$100,000 to $167,999",newsletter_signup,1.0
Former skeptics,income,"$100,000 to $167,999",policy_general,76.0
Former skeptics,income,"$100,000 to $167,999",policy_role_mean,80.75
Former skeptics,income,"$100,000 to $167,999",policy_specific_mean,76.71428571428571
Former skeptics,income,"$100,000 to $167,999",trust_multidimensional,90.75
Former skeptics,income,"$100,000 to $167,999",trust_post,84.0
Former skeptics,income,"$168,000 or more",behavior_mean,48.59444444444444
Former skeptics,income,"$168,000 or more",belief_post,78.8
Former skeptics,income,"$168,000 or more",concern_mean,72.56666666666666
Former skeptics,income,"$168,000 or more",distrust_post,27.433333333333334
Former skeptics,income,"$168,000 or more",donation_ams,3.033333333333333
Former skeptics,income,"$168,000 or more",funding_perceptions,44.833333333333336
Former skeptics,income,"$168,000 or more",inst_trust_mean,60.20000000000001
Former skeptics,income,"$168,000 or more",newsletter_signup,1.2333333333333332
Former skeptics,income,"$168,000 or more",policy_general,69.76666666666667
Former skeptics,income,"$168,000 or more",policy_role_mean,68.88333333333334
Former skeptics,income,"$168,000 or more",policy_specific_mean,60.195238095238096
Former skeptics,income,"$168,000 or more",trust_multidimensional,77.13333333333333
Former skeptics,income,"$168,000 or more",trust_post,69.53333333333333
Former skeptics,income,"$30,000 to $55,999",behavior_mean,37.78333333333333
Former skeptics,income,"$30,000 to $55,999",belief_post,72.4
Former skeptics,income,"$30,000 to $55,999",concern_mean,55.699999999999996
Former skeptics,income,"$30,000 to $55,999",distrust_post,42.3
Former skeptics,income,"$30,000 to $55,999",donation_ams,2.1
Former skeptics,income,"$30,000 to $55,999",funding_perceptions,37.5
Former skeptics,income,"$30,000 to $55,999",inst_trust_mean,49.2
Former skeptics,income,"$30,000 to $55,999",newsletter_signup,1.3
Former skeptics,income,"$30,000 to $55,999",policy_general,58.3
Former skeptics,income,"$30,000 to $55,999",policy_role_mean,62.65
Former skeptics,income,"$30,000 to $55,999",policy_specific_mean,56.300000000000004
Former skeptics,income,"$30,000 to $55,999",trust_multidimensional,63.23333333333333
Former skeptics,income,"$30,000 to $55,999",trust_post,52.6
Former skeptics,income,"$56,000 to $99,999",behavior_mean,48.59444444444444
Former skeptics,income,"$56,000 to $99,999",belief_post,78.8
Former skeptics,income,"$56,000 to $99,999",concern_mean,72.56666666666666
Former skeptics,income,"$56,000 to $99,999",distrust_post,27.433333333333334
Former skeptics,income,"$56,000 to $99,999",donation_ams,3.033333333333333
Former skeptics,income,"$56,000 to $99,999",funding_perceptions,44.833333333333336
Former skeptics,income,"$56,000 to $99,999",inst_trust_mean,60.20000000000001
Former skeptics,income,"$56,000 to $99,999",newsletter_signup,1.2333333333333332
Former skeptics,income,"$56,000 to $99,999",policy_general,69.76666666666667
Former skeptics,income,"$56,000 to $99,999",policy_role_mean,68.88333333333334
Former skeptics,income,"$56,000 to $99,999",policy_specific_mean,60.195238095238096
Former skeptics,income,"$56,000 to $99,999",trust_multidimensional,77.13333333333333
Former skeptics,income,"$56,000 to $99,999",trust_post,69.53333333333333
Former skeptics,income,"Less than $30,000",behavior_mean,39.833333333333336
Former skeptics,income,"Less than $30,000",belief_post,82.0
Former skeptics,income,"Less than $30,000",concern_mean,87.66666666666667
Former skeptics,income,"Less than $30,000",distrust_post,28.0
Former skeptics,income,"Less than $30,000",donation_ams,3.0
Former skeptics,income,"Less than $30,000",funding_perceptions,42.0
Former skeptics,income,"Less than $30,000",inst_trust_mean,48.8
Former skeptics,income,"Less than $30,000",newsletter_signup,1.4
Former skeptics,income,"Less than $30,000",policy_general,75.0
Former skeptics,income,"Less than $30,000",policy_role_mean,63.25
Former skeptics,income,"Less than $30,000",policy_specific_mean,47.57142857142857
Former skeptics,income,"Less than $30,000",trust_multidimensional,77.41666666666667
Former skeptics,income,"Less than $30,000",trust_post,72.0
Former skeptics,party,Democrat,behavior_mean,33.11111111111111
Former skeptics,party,Democrat,belief_post,60.0
Former skeptics,party,Democrat,concern_mean,55.77777777777778
Former skeptics,party,Democrat,distrust_post,32.0
Former skeptics,party,Democrat,donation_ams,2.8333333333333335
Former skeptics,party,Democrat,funding_perceptions,60.0
Former skeptics,party,Democrat,inst_trust_mean,47.93333333333334
Former skeptics,party,Democrat,newsletter_signup,1.5166666666666666
Former skeptics,party,Democrat,policy_general,52.0
Former skeptics,party,Democrat,policy_role_mean,57.833333333333336
Former skeptics,party,Democrat,policy_specific_mean,47.38095238095238
Former skeptics,party,Democrat,trust_multidimensional,62.583333333333336
Former skeptics,party,Democrat,trust_post,64.66666666666667
Former skeptics,party,Independent,behavior_mean,40.5
Former skeptics,party,Independent,belief_post,68.0
Former skeptics,party,Independent,concern_mean,72.66666666666667
Former skeptics,party,Independent,distrust_post,24.0
Former skeptics,party,Independent,donation_ams,2.5
Former skeptics,party,Independent,funding_perceptions,55.0
Former skeptics,party,Independent,inst_trust_mean,52.4
Former skeptics,party,Independent,newsletter_signup,1.6
Former skeptics,party,Independent,policy_general,58.0
Former skeptics,party,Independent,policy_role_mean,71.0
Former skeptics,party,Independent,policy_specific_mean,56.714285714285715
Former skeptics,party,Independent,trust_multidimensional,76.16666666666667
Former skeptics,party,Independent,trust_post,72.0
Former skeptics,party,Other,behavior_mean,44.166666666666664
Former skeptics,party,Other,belief_post,70.0
Former skeptics,party,Other,concern_mean,56.666666666666664
Former skeptics,party,Other,distrust_post,30.0
Former skeptics,party,Other,donation_ams,3.0
Former skeptics,party,Other,funding_perceptions,50.0
Former skeptics,party,Other,inst_trust_mean,54.0
Former skeptics,party,Other,newsletter_signup,1.2
Former skeptics,party,Other,policy_general,60.0
Former skeptics,party,Other,policy_role_mean,60.0
Former skeptics,party,Other,policy_specific_mean,54.285714285714285
Former skeptics,party,Other,trust_multidimensional,62.916666666666664
Former skeptics,party,Other,trust_post,70.0
Former skeptics,party,Republican,behavior_mean,14.666666666666666
Former skeptics,party,Republican,belief_post,42.0
Former skeptics,party,Republican,concern_mean,38.0
Former skeptics,party,Republican,distrust_post,42.0
Former skeptics,party,Republican,donation_ams,3.0
Former skeptics,party,Republican,funding_perceptions,75.0
Former skeptics,party,Republican,inst_trust_mean,37.4
Former skeptics,party,Republican,newsletter_signup,1.75
Former skeptics,party,Republican,policy_general,38.0
Former skeptics,party,Republican,policy_role_mean,42.5
Former skeptics,party,Republican,policy_specific_mean,31.142857142857142
Former skeptics,party,Republican,trust_multidimensional,48.666666666666664
Former skeptics,party,Republican,trust_post,52.0
Former skeptics,race,Asian / Asian American,behavior_mean,48.333333333333336
Former skeptics,race,Asian / Asian American,belief_post,92.0
Former skeptics,race,Asian / Asian American,concern_mean,82.33333333333333
Former skeptics,race,Asian / Asian American,distrust_post,20.0
Former skeptics,race,Asian / Asian American,donation_ams,4.0
Former skeptics,race,Asian / Asian American,funding_perceptions,30.0
Former skeptics,race,Asian / Asian American,inst_trust_mean,79.0
Former skeptics,race,Asian / Asian American,newsletter_signup,1.6
Former skeptics,race,Asian / Asian American,policy_general,80.0
Former skeptics,race,Asian / Asian American,policy_role_mean,82.5
Former skeptics,race,Asian / Asian American,policy_specific_mean,74.0
Former skeptics,race,Asian / Asian American,trust_multidimensional,87.41666666666667
Former skeptics,race,Asian / Asian American,trust_post,85.0
Former skeptics,race,Black / African American,behavior_mean,48.333333333333336
Former skeptics,race,Black / African American,belief_post,92.0
Former skeptics,race,Black / African American,concern_mean,82.33333333333333
Former skeptics,race,Black / African American,distrust_post,10.0
Former skeptics,race,Black / African American,donation_ams,4.0
Former skeptics,race,Black / African American,funding_perceptions,30.0
Former skeptics,race,Black / African American,inst_trust_mean,80.6
Former skeptics,race,Black / African American,newsletter_signup,1.5
Former skeptics,race,Black / African American,policy_general,75.0
Former skeptics,race,Black / African American,policy_role_mean,80.5
Former skeptics,race,Black / African American,policy_specific_mean,60.285714285714285
Former skeptics,race,Black / African American,trust_multidimensional,76.13611111111112
Former skeptics,race,Black / African American,trust_post,85.0
Former skeptics,race,Hispanic / Latino,behavior_mean,55.833333333333336
Former skeptics,race,Hispanic / Latino,belief_post,92.0
Former skeptics,race,Hispanic / Latino,concern_mean,74.0
Former skeptics,race,Hispanic / Latino,distrust_post,15.0
Former skeptics,race,Hispanic / Latino,donation_ams,5.0
Former skeptics,race,Hispanic / Latino,funding_perceptions,45.0
Former skeptics,race,Hispanic / Latino,inst_trust_mean,71.4
Former skeptics,race,Hispanic / Latino,newsletter_signup,1.8
Former skeptics,race,Hispanic / Latino,policy_general,75.0
Former skeptics,race,Hispanic / Latino,policy_role_mean,81.25
Former skeptics,race,Hispanic / Latino,policy_specific_mean,66.85714285714286
Former skeptics,race,Hispanic / Latino,trust_multidimensional,79.0
Former skeptics,race,Hispanic / Latino,trust_post,70.0
Former skeptics,race,Other,behavior_mean,42.325
Former skeptics,race,Other,belief_post,85.55
Former skeptics,race,Other,concern_mean,72.725
Former skeptics,race,Other,distrust_post,19.275
Former skeptics,race,Other,donation_ams,4.1
Former skeptics,race,Other,funding_perceptions,35.65
Former skeptics,race,Other,inst_trust_mean,71.415
Former skeptics,race,Other,newsletter_signup,1.6375000000000002
Former skeptics,race,Other,policy_general,69.2
Former skeptics,race,Other,policy_role_mean,75.875
Former skeptics,race,Other,policy_specific_mean,60.464285714285715
Former skeptics,race,Other,trust_multidimensional,76.13611111111112
Former skeptics,race,Other,trust_post,77.125
Former skeptics,race,White / Caucasian,behavior_mean,16.8
Former skeptics,race,White / Caucasian,belief_post,66.2
Former skeptics,race,White / Caucasian,concern_mean,52.23333333333333
Former skeptics,race,White / Caucasian,distrust_post,32.1
Former skeptics,race,White / Caucasian,donation_ams,3.4
Former skeptics,race,White / Caucasian,funding_perceptions,37.6
Former skeptics,race,White / Caucasian,inst_trust_mean,54.660000000000004
Former skeptics,race,White / Caucasian,newsletter_signup,1.65
Former skeptics,race,White / Caucasian,policy_general,46.8
Former skeptics,race,White / Caucasian,policy_role_mean,59.25
Former skeptics,race,White / Caucasian,policy_specific_mean,40.714285714285715
Former skeptics,race,White / Caucasian,trust_multidimensional,61.99166666666667
Former skeptics,race,White / Caucasian,trust_post,68.5
Funding,age_band,18-29,behavior_mean,48.666666666666664
Funding,age_band,18-29,belief_post,92.0
Funding,age_band,18-29,concern_mean,79.33333333333333
Funding,age_band,18-29,distrust_post,18.0
Funding,age_band,18-29,donation_ams,4.0
Funding,age_band,18-29,funding_perceptions,70.0
Funding,age_band,18-29,inst_trust_mean,70.0
Funding,age_band,18-29,newsletter_signup,1.3
Funding,age_band,18-29,policy_general,82.0
Funding,age_band,18-29,policy_role_mean,81.25
Funding,age_band,18-29,policy_specific_mean,75.14285714285714
Funding,age_band,18-29,trust_multidimensional,79.16666666666667
Funding,age_band,18-29,trust_post,79.0
Funding,age_band,30-44,behavior_mean,44.833333333333336
Funding,age_band,30-44,belief_post,92.0
Funding,age_band,30-44,concern_mean,59.0
Funding,age_band,30-44,distrust_post,25.0
Funding,age_band,30-44,donation_ams,3.0
Funding,age_band,30-44,funding_perceptions,65.0
Funding,age_band,30-44,inst_trust_mean,66.6
Funding,age_band,30-44,newsletter_signup,1.9
Funding,age_band,30-44,policy_general,68.0
Funding,age_band,30-44,policy_role_mean,57.5
Funding,age_band,30-44,policy_specific_mean,69.0
Funding,age_band,30-44,trust_multidimensional,73.83333333333333
Funding,age_band,30-44,trust_post,75.0
Funding,age_band,45-59,behavior_mean,45.81666666666666
Funding,age_band,45-59,belief_post,82.3
Funding,age_band,45-59,concern_mean,72.16666666666667
Funding,age_band,45-59,distrust_post,32.1
Funding,age_band,45-59,donation_ams,3.5
Funding,age_band,45-59,funding_perceptions,51.3
Funding,age_band,45-59,inst_trust_mean,58.64
Funding,age_band,45-59,newsletter_signup,1.35
Funding,age_band,45-59,policy_general,61.4
Funding,age_band,45-59,policy_role_mean,65.9
Funding,age_band,45-59,policy_specific_mean,55.628571428571426
Funding,age_band,45-59,trust_multidimensional,66.60000000000001
Funding,age_band,45-59,trust_post,65.5
Funding,age_band,60+,behavior_mean,38.333333333333336
Funding,age_band,60+,belief_post,78.0
Funding,age_band,60+,concern_mean,69.0
Funding,age_band,60+,distrust_post,55.0
Funding,age_band,60+,donation_ams,3.5
Funding,age_band,60+,funding_perceptions,48.0
Funding,age_band,60+,inst_trust_mean,55.4
Funding,age_band,60+,newsletter_signup,1.6
Funding,age_band,60+,policy_general,58.0
Funding,age_band,60+,policy_role_mean,53.0
Funding,age_band,60+,policy_specific_mean,58.714285714285715
Funding,age_band,60+,trust_multidimensional,47.916666666666664
Funding,age_band,60+,trust_post,45.0
Funding,education,Bachelor's degree,behavior_mean,52.550000000000004
Funding,education,Bachelor's degree,belief_post,89.4
Funding,education,Bachelor's degree,concern_mean,72.83333333333333
Funding,education,Bachelor's degree,distrust_post,15.2
Funding,education,Bachelor's degree,donation_ams,3.8
Funding,education,Bachelor's degree,funding_perceptions,34.5
Funding,education,Bachelor's degree,inst_trust_mean,68.28
Funding,education,Bachelor's degree,newsletter_signup,1.6
Funding,education,Bachelor's degree,policy_general,82.1
Funding,education,Bachelor's degree,policy_role_mean,82.65
Funding,education,Bachelor's degree,policy_specific_mean,75.22857142857143
Funding,education,Bachelor's degree,trust_multidimensional,77.925
Funding,education,Bachelor's degree,trust_post,78.9
Funding,education,Doctorate degree / Ph.D.,behavior_mean,39.17916666666667
Funding,education,Doctorate degree / Ph.D.,belief_post,95.0
Funding,education,Doctorate degree / Ph.D.,concern_mean,65.125
Funding,education,Doctorate degree / Ph.D.,distrust_post,8.0
Funding,education,Doctorate degree / Ph.D.,donation_ams,6.0
Funding,education,Doctorate degree / Ph.D.,funding_perceptions,55.0
Funding,education,Doctorate degree / Ph.D.,inst_trust_mean,54.995
Funding,education,Doctorate degree / Ph.D.,newsletter_signup,1.8
Funding,education,Doctorate degree / Ph.D.,policy_general,75.0
Funding,education,Doctorate degree / Ph.D.,policy_role_mean,60.4125
Funding,education,Doctorate degree / Ph.D.,policy_specific_mean,57.59285714285714
Funding,education,Doctorate degree / Ph.D.,trust_multidimensional,86.25
Funding,education,Doctorate degree / Ph.D.,trust_post,92.0
Funding,education,High school diploma / GED,behavior_mean,51.666666666666664
Funding,education,High school diploma / GED,belief_post,78.0
Funding,education,High school diploma / GED,concern_mean,71.0
Funding,education,High school diploma / GED,distrust_post,22.0
Funding,education,High school diploma / GED,donation_ams,3.5
Funding,education,High school diploma / GED,funding_perceptions,58.0
Funding,education,High school diploma / GED,inst_trust_mean,63.3
Funding,education,High school diploma / GED,newsletter_signup,1.45
Funding,education,High school diploma / GED,policy_general,76.0
Funding,education,High school diploma / GED,policy_role_mean,68.25
Funding,education,High school diploma / GED,policy_specific_mean,65.71428571428571
Funding,education,High school diploma / GED,trust_multidimensional,66.375
Funding,education,High school diploma / GED,trust_post,69.0
Funding,education,Less than high school,behavior_mean,20.0
Funding,education,Less than high school,belief_post,30.0
Funding,education,Less than high school,concern_mean,51.666666666666664
Funding,education,Less than high school,distrust_post,70.0
Funding,education,Less than high school,donation_ams,2.0
Funding,education,Less than high school,funding_perceptions,65.0
Funding,education,Less than high school,inst_trust_mean,31.0
Funding,education,Less than high school,newsletter_signup,1.8
Funding,education,Less than high school,policy_general,35.0
Funding,education,Less than high school,policy_role_mean,27.5
Funding,education,Less than high school,policy_specific_mean,28.571428571428573
Funding,education,Less than high school,trust_multidimensional,38.083333333333336
Funding,education,Less than high school,trust_post,30.0
Funding,education,Master's degree / Professional degree,behavior_mean,39.17916666666667
Funding,education,Master's degree / Professional degree,belief_post,74.88
Funding,education,Master's degree / Professional degree,concern_mean,65.125
Funding,education,Master's degree / Professional degree,distrust_post,30.04
Funding,education,Master's degree / Professional degree,donation_ams,3.66
Funding,education,Master's degree / Professional degree,funding_perceptions,52.1
Funding,education,Master's degree / Professional degree,inst_trust_mean,54.995
Funding,education,Master's degree / Professional degree,newsletter_signup,1.57
Funding,education,Master's degree / Professional degree,policy_general,69.22
Funding,education,Master's degree / Professional degree,policy_role_mean,60.4125
Funding,education,Master's degree / Professional degree,policy_specific_mean,57.59285714285714
Funding,education,Master's degree / Professional degree,trust_multidimensional,66.57666666666667
Funding,education,Master's degree / Professional degree,trust_post,66.38
Funding,education,Some college or Associate's degree,behavior_mean,32.5
Funding,education,Some college or Associate's degree,belief_post,82.0
Funding,education,Some college or Associate's degree,concern_mean,65.0
Funding,education,Some college or Associate's degree,distrust_post,35.0
Funding,education,Some college or Associate's degree,donation_ams,3.0
Funding,education,Some college or Associate's degree,funding_perceptions,48.0
Funding,education,Some college or Associate's degree,inst_trust_mean,57.4
Funding,education,Some college or Associate's degree,newsletter_signup,1.2
Funding,education,Some college or Associate's degree,policy_general,78.0
Funding,education,Some college or Associate's degree,policy_role_mean,63.25
Funding,education,Some college or Associate's degree,policy_specific_mean,60.857142857142854
Funding,education,Some college or Associate's degree,trust_multidimensional,64.25
Funding,education,Some college or Associate's degree,trust_post,62.0
Funding,gender,Female,behavior_mean,56.31666666666666
Funding,gender,Female,belief_post,88.5
Funding,gender,Female,concern_mean,73.16666666666667
Funding,gender,Female,distrust_post,38.5
Funding,gender,Female,donation_ams,3.2
Funding,gender,Female,funding_perceptions,41.1
Funding,gender,Female,inst_trust_mean,70.8
Funding,gender,Female,newsletter_signup,1.85
Funding,gender,Female,policy_general,65.2
Funding,gender,Female,policy_role_mean,68.65
Funding,gender,Female,policy_specific_mean,66.04285714285714
Funding,gender,Female,trust_multidimensional,62.975
Funding,gender,Female,trust_post,63.4
Funding,gender,Male,behavior_mean,31.433333333333334
Funding,gender,Male,belief_post,82.7
Funding,gender,Male,concern_mean,68.8
Funding,gender,Male,distrust_post,30.1
Funding,gender,Male,donation_ams,3.4
Funding,gender,Male,funding_perceptions,41.5
Funding,gender,Male,inst_trust_mean,53.86
Funding,gender,Male,newsletter_signup,1.85
Funding,gender,Male,policy_general,56.8
Funding,gender,Male,policy_role_mean,56.4
Funding,gender,Male,policy_specific_mean,43.81428571428571
Funding,gender,Male,trust_multidimensional,62.14166666666667
Funding,gender,Male,trust_post,64.3
Funding,gender,Other,behavior_mean,55.800000000000004
Funding,gender,Other,belief_post,92.3
Funding,gender,Other,concern_mean,80.2
Funding,gender,Other,distrust_post,24.8
Funding,gender,Other,donation_ams,4.2
Funding,gender,Other,funding_perceptions,37.5
Funding,gender,Other,inst_trust_mean,57.08
Funding,gender,Other,newsletter_signup,1.4
Funding,gender,Other,policy_general,73.1
Funding,gender,Other,policy_role_mean,70.0
Funding,gender,Other,policy_specific_mean,68.22857142857143
Funding,gender,Other,trust_multidimensional,70.44166666666666
Funding,gender,Other,trust_post,76.4
Funding,income,"$100,000 to $167,999",behavior_mean,51.166666666666664
Funding,income,"$100,000 to $167,999",belief_post,91.0
Funding,income,"$100,000 to $167,999",concern_mean,79.33333333333333
Funding,income,"$100,000 to $167,999",distrust_post,21.0
Funding,income,"$100,000 to $167,999",donation_ams,6.0
Funding,income,"$100,000 to $167,999",funding_perceptions,52.0
Funding,income,"$100,000 to $167,999",inst_trust_mean,59.2
Funding,income,"$100,000 to $167,999",newsletter_signup,1.5
Funding,income,"$100,000 to $167,999",policy_general,76.0
Funding,income,"$100,000 to $167,999",policy_role_mean,80.5
Funding,income,"$100,000 to $167,999",policy_specific_mean,64.71428571428571
Funding,income,"$100,000 to $167,999",trust_multidimensional,80.5
Funding,income,"$100,000 to $167,999",trust_post,78.0
Funding,income,"$168,000 or more",behavior_mean,42.791666666666664
Funding,income,"$168,000 or more",belief_post,79.75
Funding,income,"$168,000 or more",concern_mean,74.66666666666666
Funding,income,"$168,000 or more",distrust_post,30.0
Funding,income,"$168,000 or more",donation_ams,3.8
Funding,income,"$168,000 or more",funding_perceptions,54.5
Funding,income,"$168,000 or more",inst_trust_mean,55.6
Funding,income,"$168,000 or more",newsletter_signup,1.5625
Funding,income,"$168,000 or more",policy_general,67.25
Funding,income,"$168,000 or more",policy_role_mean,64.9375
Funding,income,"$168,000 or more",policy_specific_mean,58.285714285714285
Funding,income,"$168,000 or more",trust_multidimensional,57.854166666666664
Funding,income,"$168,000 or more",trust_post,60.0
Funding,income,"$30,000 to $55,999",behavior_mean,36.166666666666664
Funding,income,"$30,000 to $55,999",belief_post,84.0
Funding,income,"$30,000 to $55,999",concern_mean,77.33333333333333
Funding,income,"$30,000 to $55,999",distrust_post,42.0
Funding,income,"$30,000 to $55,999",donation_ams,3.2
Funding,income,"$30,000 to $55,999",funding_perceptions,38.0
Funding,income,"$30,000 to $55,999",inst_trust_mean,62.8
Funding,income,"$30,000 to $55,999",newsletter_signup,1.6
Funding,income,"$30,000 to $55,999",policy_general,63.0
Funding,income,"$30,000 to $55,999",policy_role_mean,55.0
Funding,income,"$30,000 to $55,999",policy_specific_mean,56.42857142857143
Funding,income,"$30,000 to $55,999",trust_multidimensional,60.916666666666664
Funding,income,"$30,000 to $55,999",trust_post,54.0
Funding,income,"$56,000 to $99,999",behavior_mean,31.666666666666668
Funding,income,"$56,000 to $99,999",belief_post,86.0
Funding,income,"$56,000 to $99,999",concern_mean,71.0
Funding,income,"$56,000 to $99,999",distrust_post,14.0
Funding,income,"$56,000 to $99,999",donation_ams,3.0
Funding,income,"$56,000 to $99,999",funding_perceptions,50.0
Funding,income,"$56,000 to $99,999",inst_trust_mean,58.0
Funding,income,"$56,000 to $99,999",newsletter_signup,1.35
Funding,income,"$56,000 to $99,999",policy_general,66.0
Funding,income,"$56,000 to $99,999",policy_role_mean,59.75
Funding,income,"$56,000 to $99,999",policy_specific_mean,48.714285714285715
Funding,income,"$56,000 to $99,999",trust_multidimensional,63.5
Funding,income,"$56,000 to $99,999",trust_post,74.0
Funding,income,"Less than $30,000",behavior_mean,52.166666666666664
Funding,income,"Less than $30,000",belief_post,58.0
Funding,income,"Less than $30,000",concern_mean,71.0
Funding,income,"Less than $30,000",distrust_post,43.0
Funding,income,"Less than $30,000",donation_ams,3.0
Funding,income,"Less than $30,000",funding_perceptions,78.0
Funding,income,"Less than $30,000",inst_trust_mean,42.4
Funding,income,"Less than $30,000",newsletter_signup,1.8
Funding,income,"Less than $30,000",policy_general,64.0
Funding,income,"Less than $30,000",policy_role_mean,64.5
Funding,income,"Less than $30,000",policy_specific_mean,63.285714285714285
Funding,income,"Less than $30,000",trust_multidimensional,26.5
Funding,income,"Less than $30,000",trust_post,34.0
Funding,party,Democrat,behavior_mean,57.833333333333336
Funding,party,Democrat,belief_post,90.0
Funding,party,Democrat,concern_mean,78.0
Funding,party,Democrat,distrust_post,20.0
Funding,party,Democrat,donation_ams,5.5
Funding,party,Democrat,funding_perceptions,65.0
Funding,party,Democrat,inst_trust_mean,78.8
Funding,party,Democrat,newsletter_signup,1.3
Funding,party,Democrat,policy_general,85.0
Funding,party,Democrat,policy_role_mean,80.75
Funding,party,Democrat,policy_specific_mean,82.42857142857143
Funding,party,Democrat,trust_multidimensional,79.66666666666667
Funding,party,Democrat,trust_post,85.0
Funding,party,Independent,behavior_mean,41.833333333333336
Funding,party,Independent,belief_post,82.0
Funding,party,Independent,concern_mean,66.66666666666667
Funding,party,Independent,distrust_post,22.0
Funding,party,Independent,donation_ams,3.0
Funding,party,Independent,funding_perceptions,50.0
Funding,party,Independent,inst_trust_mean,56.0
Funding,party,Independent,newsletter_signup,1.4
Funding,party,Independent,policy_general,65.0
Funding,party,Independent,policy_role_mean,57.5
Funding,party,Independent,policy_specific_mean,58.285714285714285
Funding,party,Independent,trust_multidimensional,81.91666666666667
Funding,party,Independent,trust_post,78.0
Funding,party,Other,behavior_mean,27.849999999999998
Funding,party,Other,belief_post,72.4
Funding,party,Other,concern_mean,70.2
Funding,party,Other,distrust_post,41.4
Funding,party,Other,donation_ams,3.8
Funding,party,Other,funding_perceptions,48.8
Funding,party,Other,inst_trust_mean,64.1
Funding,party,Other,newsletter_signup,0.18
Funding,party,Other,policy_general,52.1
Funding,party,Other,policy_role_mean,56.375
Funding,party,Other,policy_specific_mean,50.699999999999996
Funding,party,Other,trust_multidimensional,61.550000000000004
Funding,party,Other,trust_post,58.6
Funding,party,Republican,behavior_mean,32.166666666666664
Funding,party,Republican,belief_post,38.0
Funding,party,Republican,concern_mean,27.666666666666668
Funding,party,Republican,distrust_post,60.0
Funding,party,Republican,donation_ams,2.0
Funding,party,Republican,funding_perceptions,55.0
Funding,party,Republican,inst_trust_mean,42.8
Funding,party,Republican,newsletter_signup,1.8
Funding,party,Republican,policy_general,28.0
Funding,party,Republican,policy_role_mean,24.75
Funding,party,Republican,policy_specific_mean,34.714285714285715
Funding,party,Republican,trust_multidimensional,33.083333333333336
Funding,party,Republican,trust_post,30.0
Funding,race,Asian / Asian American,behavior_mean,70.0
Funding,race,Asian / Asian American,belief_post,87.0
Funding,race,Asian / Asian American,concern_mean,79.0
Funding,race,Asian / Asian American,distrust_post,12.0
Funding,race,Asian / Asian American,donation_ams,5.0
Funding,race,Asian / Asian American,funding_perceptions,65.0
Funding,race,Asian / Asian American,inst_trust_mean,64.4
Funding,race,Asian / Asian American,newsletter_signup,1.0
Funding,race,Asian / Asian American,policy_general,68.0
Funding,race,Asian / Asian American,policy_role_mean,73.25
Funding,race,Asian / Asian American,policy_specific_mean,69.28571428571429
Funding,race,Asian / Asian American,trust_multidimensional,79.0
Funding,race,Asian / Asian American,trust_post,82.0
Funding,race,Black / African American,behavior_mean,53.333333333333336
Funding,race,Black / African American,belief_post,82.0
Funding,race,Black / African American,concern_mean,77.66666666666667
Funding,race,Black / African American,distrust_post,55.0
Funding,race,Black / African American,donation_ams,4.0
Funding,race,Black / African American,funding_perceptions,62.0
Funding,race,Black / African American,inst_trust_mean,53.2
Funding,race,Black / African American,newsletter_signup,1.5
Funding,race,Black / African American,policy_general,68.0
Funding,race,Black / African American,policy_role_mean,73.75
Funding,race,Black / African American,policy_specific_mean,73.14285714285714
Funding,race,Black / African American,trust_multidimensional,70.41666666666667
Funding,race,Black / African American,trust_post,72.0
Funding,race,Hispanic / Latino,behavior_mean,33.333333333333336
Funding,race,Hispanic / Latino,belief_post,85.0
Funding,race,Hispanic / Latino,concern_mean,78.33333333333333
Funding,race,Hispanic / Latino,distrust_post,15.0
Funding,race,Hispanic / Latino,donation_ams,6.0
Funding,race,Hispanic / Latino,funding_perceptions,40.0
Funding,race,Hispanic / Latino,inst_trust_mean,66.0
Funding,race,Hispanic / Latino,newsletter_signup,1.5
Funding,race,Hispanic / Latino,policy_general,80.0
Funding,race,Hispanic / Latino,policy_role_mean,80.0
Funding,race,Hispanic / Latino,policy_specific_mean,70.71428571428571
Funding,race,Hispanic / Latino,trust_multidimensional,70.0
Funding,race,Hispanic / Latino,trust_post,70.0
Funding,race,Other,behavior_mean,56.666666666666664
Funding,race,Other,belief_post,82.0
Funding,race,Other,concern_mean,69.0
Funding,race,Other,distrust_post,25.0
Funding,race,Other,donation_ams,3.0
Funding,race,Other,funding_perceptions,65.0
Funding,race,Other,inst_trust_mean,54.4
Funding,race,Other,newsletter_signup,1.6
Funding,race,Other,policy_general,68.0
Funding,race,Other,policy_role_mean,62.75
Funding,race,Other,policy_specific_mean,59.142857142857146
Funding,race,Other,trust_multidimensional,55.0
Funding,race,Other,trust_post,55.0
Funding,race,White / Caucasian,behavior_mean,28.0
Funding,race,White / Caucasian,belief_post,75.0
Funding,race,White / Caucasian,concern_mean,52.666666666666664
Funding,race,White / Caucasian,distrust_post,40.0
Funding,race,White / Caucasian,donation_ams,4.5
Funding,race,White / Caucasian,funding_perceptions,65.0
Funding,race,White / Caucasian,inst_trust_mean,51.6
Funding,race,White / Caucasian,newsletter_signup,1.5
Funding,race,White / Caucasian,policy_general,62.0
Funding,race,White / Caucasian,policy_role_mean,51.75
Funding,race,White / Caucasian,policy_specific_mean,45.0
Funding,race,White / Caucasian,trust_multidimensional,60.541666666666664
Funding,race,White / Caucasian,trust_post,55.0
High public trust,age_band,18-29,behavior_mean,59.833333333333336
High public trust,age_band,18-29,belief_post,92.0
High public trust,age_band,18-29,concern_mean,73.0
High public trust,age_band,18-29,distrust_post,18.0
High public trust,age_band,18-29,donation_ams,3.0
High public trust,age_band,18-29,funding_perceptions,35.0
High public trust,age_band,18-29,inst_trust_mean,55.2
High public trust,age_band,18-29,newsletter_signup,1.3
High public trust,age_band,18-29,policy_general,82.0
High public trust,age_band,18-29,policy_role_mean,77.0
High public trust,age_band,18-29,policy_specific_mean,70.0
High public trust,age_band,18-29,trust_multidimensional,83.33333333333333
High public trust,age_band,18-29,trust_post,80.0
High public trust,age_band,30-44,behavior_mean,49.78333333333333
High public trust,age_band,30-44,belief_post,85.7
High public trust,age_band,30-44,concern_mean,77.53333333333335
High public trust,age_band,30-44,distrust_post,29.6
High public trust,age_band,30-44,donation_ams,3.6
High public trust,age_band,30-44,funding_perceptions,65.8
High public trust,age_band,30-44,inst_trust_mean,54.17999999999999
High public trust,age_band,30-44,newsletter_signup,1.45
High public trust,age_band,30-44,policy_general,59.3
High public trust,age_band,30-44,policy_role_mean,67.15
High public trust,age_band,30-44,policy_specific_mean,58.84285714285714
High public trust,age_band,30-44,trust_multidimensional,65.54166666666667
High public trust,age_band,30-44,trust_post,58.1
High public trust,age_band,45-59,behavior_mean,54.80833333333334
High public trust,age_band,45-59,belief_post,80.5
High public trust,age_band,45-59,concern_mean,75.26666666666668
High public trust,age_band,45-59,distrust_post,26.933333333333337
High public trust,age_band,45-59,donation_ams,4.7
High public trust,age_band,45-59,funding_perceptions,57.23333333333333
High public trust,age_band,45-59,inst_trust_mean,54.69
High public trust,age_band,45-59,newsletter_signup,1.3166666666666667
High public trust,age_band,45-59,policy_general,62.93333333333334
High public trust,age_band,45-59,policy_role_mean,72.075
High public trust,age_band,45-59,policy_specific_mean,64.42142857142858
High public trust,age_band,45-59,trust_multidimensional,69.55
High public trust,age_band,45-59,trust_post,66.2
High public trust,age_band,60+,behavior_mean,54.80833333333334
High public trust,age_band,60+,belief_post,63.8
High public trust,age_band,60+,concern_mean,75.26666666666668
High public trust,age_band,60+,distrust_post,33.2
High public trust,age_band,60+,donation_ams,7.5
High public trust,age_band,60+,funding_perceptions,70.9
High public trust,age_band,60+,inst_trust_mean,54.69
High public trust,age_band,60+,newsletter_signup,1.2
High public trust,age_band,60+,policy_general,47.5
High public trust,age_band,60+,policy_role_mean,72.075
High public trust,age_band,60+,policy_specific_mean,64.42142857142858
High public trust,age_band,60+,trust_multidimensional,59.775
High public trust,age_band,60+,trust_post,60.5
High public trust,education,Bachelor's degree,behavior_mean,65.5
High public trust,education,Bachelor's degree,belief_post,94.0
High public trust,education,Bachelor's degree,concern_mean,76.66666666666667
High public trust,education,Bachelor's degree,distrust_post,15.0
High public trust,education,Bachelor's degree,donation_ams,35.0
High public trust,education,Bachelor's degree,funding_perceptions,45.0
High public trust,education,Bachelor's degree,inst_trust_mean,80.4
High public trust,education,Bachelor's degree,newsletter_signup,65.0
High public trust,education,Bachelor's degree,policy_general,76.0
High public trust,education,Bachelor's degree,policy_role_mean,74.75
High public trust,education,Bachelor's degree,policy_specific_mean,74.57142857142857
High public trust,education,Bachelor's degree,trust_multidimensional,84.5
High public trust,education,Bachelor's degree,trust_post,88.0
High public trust,education,Doctorate degree / Ph.D.,behavior_mean,41.666666666666664
High public trust,education,Doctorate degree / Ph.D.,belief_post,90.0
High public trust,education,Doctorate degree / Ph.D.,concern_mean,69.0
High public trust,education,Doctorate degree / Ph.D.,distrust_post,12.0
High public trust,education,Doctorate degree / Ph.D.,donation_ams,6.0
High public trust,education,Doctorate degree / Ph.D.,funding_perceptions,32.0
High public trust,education,Doctorate degree / Ph.D.,inst_trust_mean,73.6
High public trust,education,Doctorate degree / Ph.D.,newsletter_signup,1.0
High public trust,education,Doctorate degree / Ph.D.,policy_general,72.0
High public trust,education,Doctorate degree / Ph.D.,policy_role_mean,73.75
High public trust,education,Doctorate degree / Ph.D.,policy_specific_mean,49.714285714285715
High public trust,education,Doctorate degree / Ph.D.,trust_multidimensional,87.91666666666667
High public trust,education,Doctorate degree / Ph.D.,trust_post,85.0
High public trust,education,High school diploma / GED,behavior_mean,21.666666666666668
High public trust,education,High school diploma / GED,belief_post,82.0
High public trust,education,High school diploma / GED,concern_mean,66.66666666666667
High public trust,education,High school diploma / GED,distrust_post,32.0
High public trust,education,High school diploma / GED,donation_ams,2.0
High public trust,education,High school diploma / GED,funding_perceptions,50.0
High public trust,education,High school diploma / GED,inst_trust_mean,41.6
High public trust,education,High school diploma / GED,newsletter_signup,1.1
High public trust,education,High school diploma / GED,policy_general,65.0
High public trust,education,High school diploma / GED,policy_role_mean,45.0
High public trust,education,High school diploma / GED,policy_specific_mean,52.142857142857146
High public trust,education,High school diploma / GED,trust_multidimensional,53.666666666666664
High public trust,education,High school diploma / GED,trust_post,58.0
High public trust,education,Less than high school,behavior_mean,41.666666666666664
High public trust,education,Less than high school,belief_post,70.0
High public trust,education,Less than high school,concern_mean,56.666666666666664
High public trust,education,Less than high school,distrust_post,55.0
High public trust,education,Less than high school,donation_ams,5.0
High public trust,education,Less than high school,funding_perceptions,50.0
High public trust,education,Less than high school,inst_trust_mean,49.0
High public trust,education,Less than high school,newsletter_signup,1.7
High public trust,education,Less than high school,policy_general,45.0
High public trust,education,Less than high school,policy_role_mean,52.5
High public trust,education,Less than high school,policy_specific_mean,47.142857142857146
High public trust,education,Less than high school,trust_multidimensional,39.166666666666664
High public trust,education,Less than high school,trust_post,50.0
High public trust,education,Master's degree / Professional degree,behavior_mean,60.5
High public trust,education,Master's degree / Professional degree,belief_post,92.0
High public trust,education,Master's degree / Professional degree,concern_mean,76.0
High public trust,education,Master's degree / Professional degree,distrust_post,14.0
High public trust,education,Master's degree / Professional degree,donation_ams,6.0
High public trust,education,Master's degree / Professional degree,funding_perceptions,72.0
High public trust,education,Master's degree / Professional degree,inst_trust_mean,79.0
High public trust,education,Master's degree / Professional degree,newsletter_signup,1.6
High public trust,education,Master's degree / Professional degree,policy_general,78.0
High public trust,education,Master's degree / Professional degree,policy_role_mean,73.0
High public trust,education,Master's degree / Professional degree,policy_specific_mean,80.71428571428571
High public trust,education,Master's degree / Professional degree,trust_multidimensional,84.91666666666667
High public trust,education,Master's degree / Professional degree,trust_post,86.0
High public trust,education,Some college or Associate's degree,behavior_mean,61.666666666666664
High public trust,education,Some college or Associate's degree,belief_post,85.0
High public trust,education,Some college or Associate's degree,concern_mean,71.66666666666667
High public trust,education,Some college or Associate's degree,distrust_post,35.0
High public trust,education,Some college or Associate's degree,donation_ams,3.0
High public trust,education,Some college or Associate's degree,funding_perceptions,28.0
High public trust,education,Some college or Associate's degree,inst_trust_mean,76.4
High public trust,education,Some college or Associate's degree,newsletter_signup,1.4
High public trust,education,Some college or Associate's degree,policy_general,70.0
High public trust,education,Some college or Associate's degree,policy_role_mean,73.75
High public trust,education,Some college or Associate's degree,policy_specific_mean,72.0
High public trust,education,Some college or Associate's degree,trust_multidimensional,75.58333333333333
High public trust,education,Some college or Associate's degree,trust_post,65.0
High public trust,gender,Female,behavior_mean,35.833333333333336
High public trust,gender,Female,belief_post,85.0
High public trust,gender,Female,concern_mean,71.66666666666667
High public trust,gender,Female,distrust_post,35.0
High public trust,gender,Female,donation_ams,4.0
High public trust,gender,Female,funding_perceptions,50.0
High public trust,gender,Female,inst_trust_mean,58.4
High public trust,gender,Female,newsletter_signup,1.3
High public trust,gender,Female,policy_general,68.0
High public trust,gender,Female,policy_role_mean,69.0
High public trust,gender,Female,policy_specific_mean,64.57142857142857
High public trust,gender,Female,trust_multidimensional,66.75
High public trust,gender,Female,trust_post,65.0
High public trust,gender,Male,behavior_mean,43.166666666666664
High public trust,gender,Male,belief_post,81.0
High public trust,gender,Male,concern_mean,58.0
High public trust,gender,Male,distrust_post,9.0
High public trust,gender,Male,donation_ams,2.5
High public trust,gender,Male,funding_perceptions,50.0
High public trust,gender,Male,inst_trust_mean,50.6
High public trust,gender,Male,newsletter_signup,1.85
High public trust,gender,Male,policy_general,55.0
High public trust,gender,Male,policy_role_mean,53.75
High public trust,gender,Male,policy_specific_mean,41.142857142857146
High public trust,gender,Male,trust_multidimensional,71.54166666666667
High public trust,gender,Male,trust_post,71.0
High public trust,gender,Other,behavior_mean,25.833333333333332
High public trust,gender,Other,belief_post,94.0
High public trust,gender,Other,concern_mean,67.33333333333333
High public trust,gender,Other,distrust_post,24.0
High public trust,gender,Other,donation_ams,1.0
High public trust,gender,Other,funding_perceptions,38.0
High public trust,gender,Other,inst_trust_mean,58.0
High public trust,gender,Other,newsletter_signup,1.0
High public trust,gender,Other,policy_general,48.0
High public trust,gender,Other,policy_role_mean,60.25
High public trust,gender,Other,policy_specific_mean,51.857142857142854
High public trust,gender,Other,trust_multidimensional,65.5
High public trust,gender,Other,trust_post,76.0
High public trust,income,"$100,000 to $167,999",behavior_mean,59.5
High public trust,income,"$100,000 to $167,999",belief_post,88.0
High public trust,income,"$100,000 to $167,999",concern_mean,74.0
High public trust,income,"$100,000 to $167,999",distrust_post,20.0
High public trust,income,"$100,000 to $167,999",donation_ams,8.0
High public trust,income,"$100,000 to $167,999",funding_perceptions,45.0
High public trust,income,"$100,000 to $167,999",inst_trust_mean,64.0
High public trust,income,"$100,000 to $167,999",newsletter_signup,1.6
High public trust,income,"$100,000 to $167,999",policy_general,70.0
High public trust,income,"$100,000 to $167,999",policy_role_mean,75.0
High public trust,income,"$100,000 to $167,999",policy_specific_mean,68.71428571428571
High public trust,income,"$100,000 to $167,999",trust_multidimensional,73.875
High public trust,income,"$100,000 to $167,999",trust_post,73.0
High public trust,income,"$168,000 or more",behavior_mean,71.63333333333334
High public trust,income,"$168,000 or more",belief_post,89.6
High public trust,income,"$168,000 or more",concern_mean,69.46666666666667
High public trust,income,"$168,000 or more",distrust_post,21.3
High public trust,income,"$168,000 or more",donation_ams,6.8
High public trust,income,"$168,000 or more",funding_perceptions,47.2
High public trust,income,"$168,000 or more",inst_trust_mean,77.32000000000001
High public trust,income,"$168,000 or more",newsletter_signup,1.42
High public trust,income,"$168,000 or more",policy_general,71.4
High public trust,income,"$168,000 or more",policy_role_mean,76.8
High public trust,income,"$168,000 or more",policy_specific_mean,67.34285714285714
High public trust,income,"$168,000 or more",trust_multidimensional,81.33333333333333
High public trust,income,"$168,000 or more",trust_post,76.5
High public trust,income,"$30,000 to $55,999",behavior_mean,56.074999999999996
High public trust,income,"$30,000 to $55,999",belief_post,87.4
High public trust,income,"$30,000 to $55,999",concern_mean,74.2
High public trust,income,"$30,000 to $55,999",distrust_post,28.825
High public trust,income,"$30,000 to $55,999",donation_ams,5.825
High public trust,income,"$30,000 to $55,999",funding_perceptions,51.8
High public trust,income,"$30,000 to $55,999",inst_trust_mean,65.03
High public trust,income,"$30,000 to $55,999",newsletter_signup,1.655
High public trust,income,"$30,000 to $55,999",policy_general,72.35
High public trust,income,"$30,000 to $55,999",policy_role_mean,74.3875
High public trust,income,"$30,000 to $55,999",policy_specific_mean,66.69285714285714
High public trust,income,"$30,000 to $55,999",trust_multidimensional,70.98958333333333
High public trust,income,"$30,000 to $55,999",trust_post,68.875
High public trust,income,"$56,000 to $99,999",behavior_mean,46.5
High public trust,income,"$56,000 to $99,999",belief_post,87.0
High public trust,income,"$56,000 to $99,999",concern_mean,71.66666666666667
High public trust,income,"$56,000 to $99,999",distrust_post,24.0
High public trust,income,"$56,000 to $99,999",donation_ams,3.5
High public trust,income,"$56,000 to $99,999",funding_perceptions,65.0
High public trust,income,"$56,000 to $99,999",inst_trust_mean,63.8
High public trust,income,"$56,000 to $99,999",newsletter_signup,1.6
High public trust,income,"$56,000 to $99,999",policy_general,68.0
High public trust,income,"$56,000 to $99,999",policy_role_mean,65.75
High public trust,income,"$56,000 to $99,999",policy_specific_mean,62.142857142857146
High public trust,income,"$56,000 to $99,999",trust_multidimensional,72.91666666666667
High public trust,income,"$56,000 to $99,999",trust_post,76.0
High public trust,income,"Less than $30,000",behavior_mean,46.666666666666664
High public trust,income,"Less than $30,000",belief_post,85.0
High public trust,income,"Less than $30,000",concern_mean,81.66666666666667
High public trust,income,"Less than $30,000",distrust_post,50.0
High public trust,income,"Less than $30,000",donation_ams,5.0
High public trust,income,"Less than $30,000",funding_perceptions,50.0
High public trust,income,"Less than $30,000",inst_trust_mean,55.0
High public trust,income,"Less than $30,000",newsletter_signup,2.0
High public trust,income,"Less than $30,000",policy_general,80.0
High public trust,income,"Less than $30,000",policy_role_mean,80.0
High public trust,income,"Less than $30,000",policy_specific_mean,68.57142857142857
High public trust,income,"Less than $30,000",trust_multidimensional,55.833333333333336
High public trust,income,"Less than $30,000",trust_post,50.0
High public trust,party,Democrat,behavior_mean,41.666666666666664
High public trust,party,Democrat,belief_post,96.0
High public trust,party,Democrat,concern_mean,74.66666666666667
High public trust,party,Democrat,distrust_post,15.0
High public trust,party,Democrat,donation_ams,3.5
High public trust,party,Democrat,funding_perceptions,35.0
High public trust,party,Democrat,inst_trust_mean,79.2
High public trust,party,Democrat,newsletter_signup,1.4
High public trust,party,Democrat,policy_general,82.0
High public trust,party,Democrat,policy_role_mean,79.25
High public trust,party,Democrat,policy_specific_mean,71.14285714285714
High public trust,party,Democrat,trust_multidimensional,86.91666666666667
High public trust,party,Democrat,trust_post,80.0
High public trust,party,Independent,behavior_mean,42.5
High public trust,party,Independent,belief_post,78.0
High public trust,party,Independent,concern_mean,68.33333333333333
High public trust,party,Independent,distrust_post,35.0
High public trust,party,Independent,donation_ams,3.0
High public trust,party,Independent,funding_perceptions,48.0
High public trust,party,Independent,inst_trust_mean,56.6
High public trust,party,Independent,newsletter_signup,1.6
High public trust,party,Independent,policy_general,60.0
High public trust,party,Independent,policy_role_mean,62.0
High public trust,party,Independent,policy_specific_mean,51.857142857142854
High public trust,party,Independent,trust_multidimensional,62.166666666666664
High public trust,party,Independent,trust_post,45.0
High public trust,party,Other,behavior_mean,41.666666666666664
High public trust,party,Other,belief_post,75.0
High public trust,party,Other,concern_mean,61.666666666666664
High public trust,party,Other,distrust_post,25.0
High public trust,party,Other,donation_ams,4.5
High public trust,party,Other,funding_perceptions,75.0
High public trust,party,Other,inst_trust_mean,61.0
High public trust,party,Other,newsletter_signup,1.5
High public trust,party,Other,policy_general,65.0
High public trust,party,Other,policy_role_mean,52.5
High public trust,party,Other,policy_specific_mean,58.57142857142857
High public trust,party,Other,trust_multidimensional,62.083333333333336
High public trust,party,Other,trust_post,55.0
High public trust,party,Republican,behavior_mean,41.944444444444436
High public trust,party,Republican,belief_post,83.0
High public trust,party,Republican,concern_mean,68.22222222222221
High public trust,party,Republican,distrust_post,25.0
High public trust,party,Republican,donation_ams,3.6666666666666665
High public trust,party,Republican,funding_perceptions,52.666666666666664
High public trust,party,Republican,inst_trust_mean,65.60000000000001
High public trust,party,Republican,newsletter_signup,1.5
High public trust,party,Republican,policy_general,69.0
High public trust,party,Republican,policy_role_mean,64.58333333333333
High public trust,party,Republican,policy_specific_mean,60.52380952380952
High public trust,party,Republican,trust_multidimensional,70.3888888888889
High public trust,party,Republican,trust_post,60.0
High public trust,race,Asian / Asian American,behavior_mean,52.0
High public trust,race,Asian / Asian American,belief_post,94.0
High public trust,race,Asian / Asian American,concern_mean,82.33333333333333
High public trust,race,Asian / Asian American,distrust_post,5.0
High public trust,race,Asian / Asian American,donation_ams,4.0
High public trust,race,Asian / Asian American,funding_perceptions,20.0
High public trust,race,Asian / Asian American,inst_trust_mean,81.6
High public trust,race,Asian / Asian American,newsletter_signup,1.6
High public trust,race,Asian / Asian American,policy_general,88.0
High public trust,race,Asian / Asian American,policy_role_mean,90.5
High public trust,race,Asian / Asian American,policy_specific_mean,93.14285714285714
High public trust,race,Asian / Asian American,trust_multidimensional,89.41666666666667
High public trust,race,Asian / Asian American,trust_post,86.0
High public trust,race,Black / African American,behavior_mean,67.06666666666666
High public trust,race,Black / African American,belief_post,91.5
High public trust,race,Black / African American,concern_mean,82.16666666666667
High public trust,race,Black / African American,distrust_post,22.5
High public trust,race,Black / African American,donation_ams,6.5
High public trust,race,Black / African American,funding_perceptions,14.799999999999997
High public trust,race,Black / African American,inst_trust_mean,68.7
High public trust,race,Black / African American,newsletter_signup,1.86
High public trust,race,Black / African American,policy_general,78.5
High public trust,race,Black / African American,policy_role_mean,79.0
High public trust,race,Black / African American,policy_specific_mean,76.57142857142857
High public trust,race,Black / African American,trust_multidimensional,76.49166666666666
High public trust,race,Black / African American,trust_post,68.5
High public trust,race,Hispanic / Latino,behavior_mean,66.83333333333333
High public trust,race,Hispanic / Latino,belief_post,94.0
High public trust,race,Hispanic / Latino,concern_mean,86.33333333333333
High public trust,race,Hispanic / Latino,distrust_post,12.0
High public trust,race,Hispanic / Latino,donation_ams,55.0
High public trust,race,Hispanic / Latino,funding_perceptions,24.0
High public trust,race,Hispanic / Latino,inst_trust_mean,76.8
High public trust,race,Hispanic / Latino,newsletter_signup,1.4
High public trust,race,Hispanic / Latino,policy_general,83.0
High public trust,race,Hispanic / Latino,policy_role_mean,73.5
High public trust,race,Hispanic / Latino,policy_specific_mean,73.28571428571429
High public trust,race,Hispanic / Latino,trust_multidimensional,80.16666666666667
High public trust,race,Hispanic / Latino,trust_post,82.0
High public trust,race,Other,behavior_mean,31.666666666666668
High public trust,race,Other,belief_post,90.0
High public trust,race,Other,concern_mean,73.33333333333333
High public trust,race,Other,distrust_post,12.0
High public trust,race,Other,donation_ams,1.5
High public trust,race,Other,funding_perceptions,82.0
High public trust,race,Other,inst_trust_mean,65.0
High public trust,race,Other,newsletter_signup,1.3
High public trust,race,Other,policy_general,70.0
High public trust,race,Other,policy_role_mean,68.75
High public trust,race,Other,policy_specific_mean,51.42857142857143
High public trust,race,Other,trust_multidimensional,81.41666666666667
High public trust,race,Other,trust_post,72.0
High public trust,race,White / Caucasian,behavior_mean,29.150000000000002
High public trust,race,White / Caucasian,belief_post,94.8
High public trust,race,White / Caucasian,concern_mean,53.199999999999996
High public trust,race,White / Caucasian,distrust_post,18.2
High public trust,race,White / Caucasian,donation_ams,1.8
High public trust,race,White / Caucasian,funding_perceptions,53.7
High public trust,race,White / Caucasian,inst_trust_mean,61.54
High public trust,race,White / Caucasian,newsletter_signup,1.74
High public trust,race,White / Caucasian,policy_general,59.2
High public trust,race,White / Caucasian,policy_role_mean,61.85
High public trust,race,White / Caucasian,policy_specific_mean,55.1
High public trust,race,White / Caucasian,trust_multidimensional,66.41666666666667
High public trust,race,White / Caucasian,trust_post,72.5
Interview Prof. Maraun,age_band,18-29,behavior_mean,70.83333333333333
Interview Prof. Maraun,age_band,18-29,belief_post,92.0
Interview Prof. Maraun,age_band,18-29,concern_mean,84.0
Interview Prof. Maraun,age_band,18-29,distrust_post,15.0
Interview Prof. Maraun,age_band,18-29,donation_ams,5.5
Interview Prof. Maraun,age_band,18-29,funding_perceptions,35.0
Interview Prof. Maraun,age_band,18-29,inst_trust_mean,77.4
Interview Prof. Maraun,age_band,18-29,newsletter_signup,1.6
Interview Prof. Maraun,age_band,18-29,policy_general,78.0
Interview Prof. Maraun,age_band,18-29,policy_role_mean,80.75
Interview Prof. Maraun,age_band,18-29,policy_specific_mean,72.85714285714286
Interview Prof. Maraun,age_band,18-29,trust_multidimensional,79.66666666666667
Interview Prof. Maraun,age_band,18-29,trust_post,82.0
Interview Prof. Maraun,age_band,30-44,behavior_mean,53.333333333333336
Interview Prof. Maraun,age_band,30-44,belief_post,88.0
Interview Prof. Maraun,age_band,30-44,concern_mean,77.66666666666667
Interview Prof. Maraun,age_band,30-44,distrust_post,15.0
Interview Prof. Maraun,age_band,30-44,donation_ams,2.0
Interview Prof. Maraun,age_band,30-44,funding_perceptions,55.0
Interview Prof. Maraun,age_band,30-44,inst_trust_mean,77.6
Interview Prof. Maraun,age_band,30-44,newsletter_signup,1.7
Interview Prof. Maraun,age_band,30-44,policy_general,62.0
Interview Prof. Maraun,age_band,30-44,policy_role_mean,69.5
Interview Prof. Maraun,age_band,30-44,policy_specific_mean,61.142857142857146
Interview Prof. Maraun,age_band,30-44,trust_multidimensional,79.66666666666667
Interview Prof. Maraun,age_band,30-44,trust_post,72.0
Interview Prof. Maraun,age_band,45-59,behavior_mean,59.633333333333326
Interview Prof. Maraun,age_band,45-59,belief_post,88.93333333333334
Interview Prof. Maraun,age_band,45-59,concern_mean,78.63333333333334
Interview Prof. Maraun,age_band,45-59,distrust_post,15.1
Interview Prof. Maraun,age_band,45-59,donation_ams,3.3000000000000003
Interview Prof. Maraun,age_band,45-59,funding_perceptions,49.300000000000004
Interview Prof. Maraun,age_band,45-59,inst_trust_mean,75.69333333333333
Interview Prof. Maraun,age_band,45-59,newsletter_signup,1.5333333333333332
Interview Prof. Maraun,age_band,45-59,policy_general,62.86666666666667
Interview Prof. Maraun,age_band,45-59,policy_role_mean,69.88333333333334
Interview Prof. Maraun,age_band,45-59,policy_specific_mean,61.05238095238095
Interview Prof. Maraun,age_band,45-59,trust_multidimensional,79.56666666666666
Interview Prof. Maraun,age_band,45-59,trust_post,75.5
Interview Prof. Maraun,age_band,60+,behavior_mean,54.73333333333333
Interview Prof. Maraun,age_band,60+,belief_post,86.8
Interview Prof. Maraun,age_band,60+,concern_mean,74.23333333333333
Interview Prof. Maraun,age_band,60+,distrust_post,15.3
Interview Prof. Maraun,age_band,60+,donation_ams,2.4
Interview Prof. Maraun,age_band,60+,funding_perceptions,57.9
Interview Prof. Maraun,age_band,60+,inst_trust_mean,72.08
Interview Prof. Maraun,age_band,60+,newsletter_signup,1.3
Interview Prof. Maraun,age_band,60+,policy_general,48.6
Interview Prof. Maraun,age_band,60+,policy_role_mean,59.4
Interview Prof. Maraun,age_band,60+,policy_specific_mean,49.15714285714286
Interview Prof. Maraun,age_band,60+,trust_multidimensional,79.36666666666666
Interview Prof. Maraun,age_band,60+,trust_post,72.5
Interview Prof. Maraun,education,Bachelor's degree,behavior_mean,53.666666666666664
Interview Prof. Maraun,education,Bachelor's degree,belief_post,92.0
Interview Prof. Maraun,education,Bachelor's degree,concern_mean,74.33333333333333
Interview Prof. Maraun,education,Bachelor's degree,distrust_post,20.0
Interview Prof. Maraun,education,Bachelor's degree,donation_ams,4.0
Interview Prof. Maraun,education,Bachelor's degree,funding_perceptions,45.0
Interview Prof. Maraun,education,Bachelor's degree,inst_trust_mean,80.2
Interview Prof. Maraun,education,Bachelor's degree,newsletter_signup,1.5
Interview Prof. Maraun,education,Bachelor's degree,policy_general,68.0
Interview Prof. Maraun,education,Bachelor's degree,policy_role_mean,84.0
Interview Prof. Maraun,education,Bachelor's degree,policy_specific_mean,72.42857142857143
Interview Prof. Maraun,education,Bachelor's degree,trust_multidimensional,86.41666666666667
Interview Prof. Maraun,education,Bachelor's degree,trust_post,78.0
Interview Prof. Maraun,education,Doctorate degree / Ph.D.,behavior_mean,69.16666666666667
Interview Prof. Maraun,education,Doctorate degree / Ph.D.,belief_post,96.0
Interview Prof. Maraun,education,Doctorate degree / Ph.D.,concern_mean,75.83333333333333
Interview Prof. Maraun,education,Doctorate degree / Ph.D.,distrust_post,6.5
Interview Prof. Maraun,education,Doctorate degree / Ph.D.,donation_ams,6.5
Interview Prof. Maraun,education,Doctorate degree / Ph.D.,funding_perceptions,45.0
Interview Prof. Maraun,education,Doctorate degree / Ph.D.,inst_trust_mean,76.7
Interview Prof. Maraun,education,Doctorate degree / Ph.D.,newsletter_signup,92.0
Interview Prof. Maraun,education,Doctorate degree / Ph.D.,policy_general,78.5
Interview Prof. Maraun,education,Doctorate degree / Ph.D.,policy_role_mean,80.625
Interview Prof. Maraun,education,Doctorate degree / Ph.D.,policy_specific_mean,74.14285714285714
Interview Prof. Maraun,education,Doctorate degree / Ph.D.,trust_multidimensional,90.20833333333333
Interview Prof. Maraun,education,Doctorate degree / Ph.D.,trust_post,88.0
Interview Prof. Maraun,education,High school diploma / GED,behavior_mean,26.166666666666668
Interview Prof. Maraun,education,High school diploma / GED,belief_post,51.0
Interview Prof. Maraun,education,High school diploma / GED,concern_mean,56.0
Interview Prof. Maraun,education,High school diploma / GED,distrust_post,35.0
Interview Prof. Maraun,education,High school diploma / GED,donation_ams,3.0
Interview Prof. Maraun,education,High school diploma / GED,funding_perceptions,70.0
Interview Prof. Maraun,education,High school diploma / GED,inst_trust_mean,59.8
Interview Prof. Maraun,education,High school diploma / GED,newsletter_signup,1.5
Interview Prof. Maraun,education,High school diploma / GED,policy_general,38.0
Interview Prof. Maraun,education,High school diploma / GED,policy_role_mean,42.0
Interview Prof. Maraun,education,High school diploma / GED,policy_specific_mean,34.57142857142857
Interview Prof. Maraun,education,High school diploma / GED,trust_multidimensional,58.916666666666664
Interview Prof. Maraun,education,High school diploma / GED,trust_post,48.0
Interview Prof. Maraun,education,Less than high school,behavior_mean,23.666666666666668
Interview Prof. Maraun,education,Less than high school,belief_post,42.0
Interview Prof. Maraun,education,Less than high school,concern_mean,41.0
Interview Prof. Maraun,education,Less than high school,distrust_post,62.0
Interview Prof. Maraun,education,Less than high school,donation_ams,2.5
Interview Prof. Maraun,education,Less than high school,funding_perceptions,75.0
Interview Prof. Maraun,education,Less than high school,inst_trust_mean,34.2
Interview Prof. Maraun,education,Less than high school,newsletter_signup,1.8
Interview Prof. Maraun,education,Less than high school,policy_general,38.0
Interview Prof. Maraun,education,Less than high school,policy_role_mean,38.5
Interview Prof. Maraun,education,Less than high school,policy_specific_mean,41.285714285714285
Interview Prof. Maraun,education,Less than high school,trust_multidimensional,45.0
Interview Prof. Maraun,education,Less than high school,trust_post,35.0
Interview Prof. Maraun,education,Master's degree / Professional degree,behavior_mean,54.333333333333336
Interview Prof. Maraun,education,Master's degree / Professional degree,belief_post,91.0
Interview Prof. Maraun,education,Master's degree / Professional degree,concern_mean,78.66666666666667
Interview Prof. Maraun,education,Master's degree / Professional degree,distrust_post,22.0
Interview Prof. Maraun,education,Master's degree / Professional degree,donation_ams,5.0
Interview Prof. Maraun,education,Master's degree / Professional degree,funding_perceptions,28.0
Interview Prof. Maraun,education,Master's degree / Professional degree,inst_trust_mean,85.2
Interview Prof. Maraun,education,Master's degree / Professional degree,newsletter_signup,1.6
Interview Prof. Maraun,education,Master's degree / Professional degree,policy_general,76.0
Interview Prof. Maraun,education,Master's degree / Professional degree,policy_role_mean,81.25
Interview Prof. Maraun,education,Master's degree / Professional degree,policy_specific_mean,74.28571428571429
Interview Prof. Maraun,education,Master's degree / Professional degree,trust_multidimensional,87.41666666666667
Interview Prof. Maraun,education,Master's degree / Professional degree,trust_post,78.0
Interview Prof. Maraun,education,Some college or Associate's degree,behavior_mean,45.4
Interview Prof. Maraun,education,Some college or Associate's degree,belief_post,74.4
Interview Prof. Maraun,education,Some college or Associate's degree,concern_mean,65.16666666666666
Interview Prof. Maraun,education,Some college or Associate's degree,distrust_post,29.1
Interview Prof. Maraun,education,Some college or Associate's degree,donation_ams,4.2
Interview Prof. Maraun,education,Some college or Associate's degree,funding_perceptions,52.6
Interview Prof. Maraun,education,Some college or Associate's degree,inst_trust_mean,67.22
Interview Prof. Maraun,education,Some college or Associate's degree,newsletter_signup,19.68
Interview Prof. Maraun,education,Some college or Associate's degree,policy_general,59.7
Interview Prof. Maraun,education,Some college or Associate's degree,policy_role_mean,65.275
Interview Prof. Maraun,education,Some college or Associate's degree,policy_specific_mean,59.342857142857135
Interview Prof. Maraun,education,Some college or Associate's degree,trust_multidimensional,73.59166666666667
Interview Prof. Maraun,education,Some college or Associate's degree,trust_post,65.4
Interview Prof. Maraun,gender,Female,behavior_mean,51.166666666666664
Interview Prof. Maraun,gender,Female,belief_post,80.0
Interview Prof. Maraun,gender,Female,concern_mean,71.66666666666667
Interview Prof. Maraun,gender,Female,distrust_post,18.0
Interview Prof. Maraun,gender,Female,donation_ams,3.0
Interview Prof. Maraun,gender,Female,funding_perceptions,58.0
Interview Prof. Maraun,gender,Female,inst_trust_mean,75.6
Interview Prof. Maraun,gender,Female,newsletter_signup,1.3
Interview Prof. Maraun,gender,Female,policy_general,68.0
Interview Prof. Maraun,gender,Female,policy_role_mean,75.25
Interview Prof. Maraun,gender,Female,policy_specific_mean,72.71428571428571
Interview Prof. Maraun,gender,Female,trust_multidimensional,77.91666666666667
Interview Prof. Maraun,gender,Female,trust_post,71.0
Interview Prof. Maraun,gender,Male,behavior_mean,48.0
Interview Prof. Maraun,gender,Male,belief_post,72.0
Interview Prof. Maraun,gender,Male,concern_mean,57.666666666666664
Interview Prof. Maraun,gender,Male,distrust_post,25.0
Interview Prof. Maraun,gender,Male,donation_ams,3.5
Interview Prof. Maraun,gender,Male,funding_perceptions,55.0
Interview Prof. Maraun,gender,Male,inst_trust_mean,51.8
Interview Prof. Maraun,gender,Male,newsletter_signup,1.8
Interview Prof. Maraun,gender,Male,policy_general,58.0
Interview Prof. Maraun,gender,Male,policy_role_mean,58.75
Interview Prof. Maraun,gender,Male,policy_specific_mean,48.857142857142854
Interview Prof. Maraun,gender,Male,trust_multidimensional,68.66666666666667
Interview Prof. Maraun,gender,Male,trust_post,65.0
Interview Prof. Maraun,gender,Other,behavior_mean,49.58333333333333
Interview Prof. Maraun,gender,Other,belief_post,76.0
Interview Prof. Maraun,gender,Other,concern_mean,64.66666666666667
Interview Prof. Maraun,gender,Other,distrust_post,21.5
Interview Prof. Maraun,gender,Other,donation_ams,3.25
Interview Prof. Maraun,gender,Other,funding_perceptions,56.5
Interview Prof. Maraun,gender,Other,inst_trust_mean,63.699999999999996
Interview Prof. Maraun,gender,Other,newsletter_signup,1.55
Interview Prof. Maraun,gender,Other,policy_general,63.0
Interview Prof. Maraun,gender,Other,policy_role_mean,67.0
Interview Prof. Maraun,gender,Other,policy_specific_mean,60.78571428571428
Interview Prof. Maraun,gender,Other,trust_multidimensional,73.29166666666667
Interview Prof. Maraun,gender,Other,trust_post,68.0
Interview Prof. Maraun,income,"$100,000 to $167,999",behavior_mean,46.666666666666664
Interview Prof. Maraun,income,"$100,000 to $167,999",belief_post,92.0
Interview Prof. Maraun,income,"$100,000 to $167,999",concern_mean,62.0
Interview Prof. Maraun,income,"$100,000 to $167,999",distrust_post,25.0
Interview Prof. Maraun,income,"$100,000 to $167,999",donation_ams,6.0
Interview Prof. Maraun,income,"$100,000 to $167,999",funding_perceptions,55.0
Interview Prof. Maraun,income,"$100,000 to $167,999",inst_trust_mean,72.0
Interview Prof. Maraun,income,"$100,000 to $167,999",newsletter_signup,1.3
Interview Prof. Maraun,income,"$100,000 to $167,999",policy_general,68.0
Interview Prof. Maraun,income,"$100,000 to $167,999",policy_role_mean,68.75
Interview Prof. Maraun,income,"$100,000 to $167,999",policy_specific_mean,67.14285714285714
Interview Prof. Maraun,income,"$100,000 to $167,999",trust_multidimensional,76.5
Interview Prof. Maraun,income,"$100,000 to $167,999",trust_post,74.0
Interview Prof. Maraun,income,"$168,000 or more",behavior_mean,65.66666666666667
Interview Prof. Maraun,income,"$168,000 or more",belief_post,94.0
Interview Prof. Maraun,income,"$168,000 or more",concern_mean,83.0
Interview Prof. Maraun,income,"$168,000 or more",distrust_post,8.0
Interview Prof. Maraun,income,"$168,000 or more",donation_ams,7.0
Interview Prof. Maraun,income,"$168,000 or more",funding_perceptions,28.0
Interview Prof. Maraun,income,"$168,000 or more",inst_trust_mean,75.6
Interview Prof. Maraun,income,"$168,000 or more",newsletter_signup,1.6
Interview Prof. Maraun,income,"$168,000 or more",policy_general,88.0
Interview Prof. Maraun,income,"$168,000 or more",policy_role_mean,86.5
Interview Prof. Maraun,income,"$168,000 or more",policy_specific_mean,79.42857142857143
Interview Prof. Maraun,income,"$168,000 or more",trust_multidimensional,82.91666666666667
Interview Prof. Maraun,income,"$168,000 or more",trust_post,92.0
Interview Prof. Maraun,income,"$30,000 to $55,999",behavior_mean,33.9
Interview Prof. Maraun,income,"$30,000 to $55,999",belief_post,85.6
Interview Prof. Maraun,income,"$30,000 to $55,999",concern_mean,65.66666666666667
Interview Prof. Maraun,income,"$30,000 to $55,999",distrust_post,28.5
Interview Prof. Maraun,income,"$30,000 to $55,999",donation_ams,4.2
Interview Prof. Maraun,income,"$30,000 to $55,999",funding_perceptions,44.6
Interview Prof. Maraun,income,"$30,000 to $55,999",inst_trust_mean,66.76
Interview Prof. Maraun,income,"$30,000 to $55,999",newsletter_signup,1.5
Interview Prof. Maraun,income,"$30,000 to $55,999",policy_general,62.8
Interview Prof. Maraun,income,"$30,000 to $55,999",policy_role_mean,64.575
Interview Prof. Maraun,income,"$30,000 to $55,999",policy_specific_mean,60.67142857142857
Interview Prof. Maraun,income,"$30,000 to $55,999",trust_multidimensional,76.20833333333333
Interview Prof. Maraun,income,"$30,000 to $55,999",trust_post,70.2
Interview Prof. Maraun,income,"$56,000 to $99,999",behavior_mean,61.5
Interview Prof. Maraun,income,"$56,000 to $99,999",belief_post,88.0
Interview Prof. Maraun,income,"$56,000 to $99,999",concern_mean,70.0
Interview Prof. Maraun,income,"$56,000 to $99,999",distrust_post,25.0
Interview Prof. Maraun,income,"$56,000 to $99,999",donation_ams,5.0
Interview Prof. Maraun,income,"$56,000 to $99,999",funding_perceptions,40.0
Interview Prof. Maraun,income,"$56,000 to $99,999",inst_trust_mean,71.2
Interview Prof. Maraun,income,"$56,000 to $99,999",newsletter_signup,1.4
Interview Prof. Maraun,income,"$56,000 to $99,999",policy_general,68.0
Interview Prof. Maraun,income,"$56,000 to $99,999",policy_role_mean,68.5
Interview Prof. Maraun,income,"$56,000 to $99,999",policy_specific_mean,65.57142857142857
Interview Prof. Maraun,income,"$56,000 to $99,999",trust_multidimensional,74.58333333333333
Interview Prof. Maraun,income,"$56,000 to $99,999",trust_post,75.0
Interview Prof. Maraun,income,"Less than $30,000",behavior_mean,35.5
Interview Prof. Maraun,income,"Less than $30,000",belief_post,79.0
Interview Prof. Maraun,income,"Less than $30,000",concern_mean,74.33333333333333
Interview Prof. Maraun,income,"Less than $30,000",distrust_post,18.0
Interview Prof. Maraun,income,"Less than $30,000",donation_ams,8.0
Interview Prof. Maraun,income,"Less than $30,000",funding_perceptions,52.0
Interview Prof. Maraun,income,"Less than $30,000",inst_trust_mean,54.0
Interview Prof. Maraun,income,"Less than $30,000",newsletter_signup,15.0
Interview Prof. Maraun,income,"Less than $30,000",policy_general,65.0
Interview Prof. Maraun,income,"Less than $30,000",policy_role_mean,60.5
Interview Prof. Maraun,income,"Less than $30,000",policy_specific_mean,58.42857142857143
Interview Prof. Maraun,income,"Less than $30,000",trust_multidimensional,71.75
Interview Prof. Maraun,income,"Less than $30,000",trust_post,62.0
Interview Prof. Maraun,party,Democrat,behavior_mean,70.83333333333333
Interview Prof. Maraun,party,Democrat,belief_post,98.0
Interview Prof. Maraun,party,Democrat,concern_mean,88.66666666666667
Interview Prof. Maraun,party,Democrat,distrust_post,8.0
Interview Prof. Maraun,party,Democrat,donation_ams,5.0
Interview Prof. Maraun,party,Democrat,funding_perceptions,75.0
Interview Prof. Maraun,party,Democrat,inst_trust_mean,88.0
Interview Prof. Maraun,party,Democrat,newsletter_signup,1.3
Interview Prof. Maraun,party,Democrat,policy_general,92.0
Interview Prof. Maraun,party,Democrat,policy_role_mean,89.5
Interview Prof. Maraun,party,Democrat,policy_specific_mean,89.57142857142857
Interview Prof. Maraun,party,Democrat,trust_multidimensional,91.5
Interview Prof. Maraun,party,Democrat,trust_post,91.0
Interview Prof. Maraun,party,Independent,behavior_mean,15.0
Interview Prof. Maraun,party,Independent,belief_post,68.0
Interview Prof. Maraun,party,Independent,concern_mean,53.333333333333336
Interview Prof. Maraun,party,Independent,distrust_post,28.0
Interview Prof. Maraun,party,Independent,donation_ams,3.0
Interview Prof. Maraun,party,Independent,funding_perceptions,65.0
Interview Prof. Maraun,party,Independent,inst_trust_mean,50.0
Interview Prof. Maraun,party,Independent,newsletter_signup,1.55
Interview Prof. Maraun,party,Independent,policy_general,48.0
Interview Prof. Maraun,party,Independent,policy_role_mean,52.5
Interview Prof. Maraun,party,Independent,policy_specific_mean,44.714285714285715
Interview Prof. Maraun,party,Independent,trust_multidimensional,64.08333333333333
Interview Prof. Maraun,party,Independent,trust_post,62.0
Interview Prof. Maraun,party,Other,behavior_mean,35.0
Interview Prof. Maraun,party,Other,belief_post,55.0
Interview Prof. Maraun,party,Other,concern_mean,50.0
Interview Prof. Maraun,party,Other,distrust_post,45.0
Interview Prof. Maraun,party,Other,donation_ams,3.0
Interview Prof. Maraun,party,Other,funding_perceptions,55.0
Interview Prof. Maraun,party,Other,inst_trust_mean,49.0
Interview Prof. Maraun,party,Other,newsletter_signup,1.7
Interview Prof. Maraun,party,Other,policy_general,40.0
Interview Prof. Maraun,party,Other,policy_role_mean,45.0
Interview Prof. Maraun,party,Other,policy_specific_mean,45.0
Interview Prof. Maraun,party,Other,trust_multidimensional,57.083333333333336
Interview Prof. Maraun,party,Other,trust_post,55.0
Interview Prof. Maraun,party,Republican,behavior_mean,34.5
Interview Prof. Maraun,party,Republican,belief_post,52.0
Interview Prof. Maraun,party,Republican,concern_mean,40.0
Interview Prof. Maraun,party,Republican,distrust_post,53.0
Interview Prof. Maraun,party,Republican,donation_ams,3.0
Interview Prof. Maraun,party,Republican,funding_perceptions,25.0
Interview Prof. Maraun,party,Republican,inst_trust_mean,51.6
Interview Prof. Maraun,party,Republican,newsletter_signup,1.7
Interview Prof. Maraun,party,Republican,policy_general,55.0
Interview Prof. Maraun,party,Republican,policy_role_mean,43.0
Interview Prof. Maraun,party,Republican,policy_specific_mean,39.285714285714285
Interview Prof. Maraun,party,Republican,trust_multidimensional,47.75
Interview Prof. Maraun,party,Republican,trust_post,45.0
Interview Prof. Maraun,race,Asian / Asian American,behavior_mean,60.0
Interview Prof. Maraun,race,Asian / Asian American,belief_post,89.0
Interview Prof. Maraun,race,Asian / Asian American,concern_mean,75.0
Interview Prof. Maraun,race,Asian / Asian American,distrust_post,15.0
Interview Prof. Maraun,race,Asian / Asian American,donation_ams,5.5
Interview Prof. Maraun,race,Asian / Asian American,funding_perceptions,29.5
Interview Prof. Maraun,race,Asian / Asian American,inst_trust_mean,73.2
Interview Prof. Maraun,race,Asian / Asian American,newsletter_signup,1.65
Interview Prof. Maraun,race,Asian / Asian American,policy_general,82.0
Interview Prof. Maraun,race,Asian / Asian American,policy_role_mean,79.125
Interview Prof. Maraun,race,Asian / Asian American,policy_specific_mean,76.42857142857143
Interview Prof. Maraun,race,Asian / Asian American,trust_multidimensional,79.0
Interview Prof. Maraun,race,Asian / Asian American,trust_post,79.0
Interview Prof. Maraun,race,Black / African American,behavior_mean,40.0
Interview Prof. Maraun,race,Black / African American,belief_post,85.0
Interview Prof. Maraun,race,Black / African American,concern_mean,78.33333333333333
Interview Prof. Maraun,race,Black / African American,distrust_post,30.0
Interview Prof. Maraun,race,Black / African American,donation_ams,3.0
Interview Prof. Maraun,race,Black / African American,funding_perceptions,55.0
Interview Prof. Maraun,race,Black / African American,inst_trust_mean,56.0
Interview Prof. Maraun,race,Black / African American,newsletter_signup,1.1
Interview Prof. Maraun,race,Black / African American,policy_general,60.0
Interview Prof. Maraun,race,Black / African American,policy_role_mean,62.5
Interview Prof. Maraun,race,Black / African American,policy_specific_mean,69.28571428571429
Interview Prof. Maraun,race,Black / African American,trust_multidimensional,72.91666666666667
Interview Prof. Maraun,race,Black / African American,trust_post,65.0
Interview Prof. Maraun,race,Hispanic / Latino,behavior_mean,41.94583333333333
Interview Prof. Maraun,race,Hispanic / Latino,belief_post,86.125
Interview Prof. Maraun,race,Hispanic / Latino,concern_mean,72.94166666666666
Interview Prof. Maraun,race,Hispanic / Latino,distrust_post,23.85
Interview Prof. Maraun,race,Hispanic / Latino,donation_ams,3.925
Interview Prof. Maraun,race,Hispanic / Latino,funding_perceptions,44.175
Interview Prof. Maraun,race,Hispanic / Latino,inst_trust_mean,63.76499999999999
Interview Prof. Maraun,race,Hispanic / Latino,newsletter_signup,45.0
Interview Prof. Maraun,race,Hispanic / Latino,policy_general,68.825
Interview Prof. Maraun,race,Hispanic / Latino,policy_role_mean,67.36875
Interview Prof. Maraun,race,Hispanic / Latino,policy_specific_mean,64.5142857142857
Interview Prof. Maraun,race,Hispanic / Latino,trust_multidimensional,77.37916666666666
Interview Prof. Maraun,race,Hispanic / Latino,trust_post,70.3
Interview Prof. Maraun,race,Other,behavior_mean,45.666666666666664
Interview Prof. Maraun,race,Other,belief_post,88.0
Interview Prof. Maraun,race,Other,concern_mean,78.66666666666667
Interview Prof. Maraun,race,Other,distrust_post,25.0
Interview Prof. Maraun,race,Other,donation_ams,3.0
Interview Prof. Maraun,race,Other,funding_perceptions,45.0
Interview Prof. Maraun,race,Other,inst_trust_mean,62.2
Interview Prof. Maraun,race,Other,newsletter_signup,1.2
Interview Prof. Maraun,race,Other,policy_general,75.0
Interview Prof. Maraun,race,Other,policy_role_mean,72.5
Interview Prof. Maraun,race,Other,policy_specific_mean,71.57142857142857
Interview Prof. Maraun,race,Other,trust_multidimensional,85.33333333333333
Interview Prof. Maraun,race,Other,trust_post,72.0
Interview Prof. Maraun,race,White / Caucasian,behavior_mean,22.116666666666664
Interview Prof. Maraun,race,White / Caucasian,belief_post,82.5
Interview Prof. Maraun,race,White / Caucasian,concern_mean,59.76666666666667
Interview Prof. Maraun,race,White / Caucasian,distrust_post,25.4
Interview Prof. Maraun,race,White / Caucasian,donation_ams,4.2
Interview Prof. Maraun,race,White / Caucasian,funding_perceptions,47.2
Interview Prof. Maraun,race,White / Caucasian,inst_trust_mean,63.660000000000004
Interview Prof. Maraun,race,White / Caucasian,newsletter_signup,1.55
Interview Prof. Maraun,race,White / Caucasian,policy_general,58.3
Interview Prof. Maraun,race,White / Caucasian,policy_role_mean,55.35
Interview Prof. Maraun,race,White / Caucasian,policy_specific_mean,40.771428571428565
Interview Prof. Maraun,race,White / Caucasian,trust_multidimensional,72.26666666666667
Interview Prof. Maraun,race,White / Caucasian,trust_post,65.2
Interview Prof. Sebille,age_band,18-29,behavior_mean,43.166666666666664
Interview Prof. Sebille,age_band,18-29,belief_post,89.0
Interview Prof. Sebille,age_band,18-29,concern_mean,86.0
Interview Prof. Sebille,age_band,18-29,distrust_post,22.0
Interview Prof. Sebille,age_band,18-29,donation_ams,3.0
Interview Prof. Sebille,age_band,18-29,funding_perceptions,19.0
Interview Prof. Sebille,age_band,18-29,inst_trust_mean,55.0
Interview Prof. Sebille,age_band,18-29,newsletter_signup,1.3
Interview Prof. Sebille,age_band,18-29,policy_general,71.0
Interview Prof. Sebille,age_band,18-29,policy_role_mean,85.25
Interview Prof. Sebille,age_band,18-29,policy_specific_mean,84.85714285714286
Interview Prof. Sebille,age_band,18-29,trust_multidimensional,79.75
Interview Prof. Sebille,age_band,18-29,trust_post,79.0
Interview Prof. Sebille,age_band,30-44,behavior_mean,46.166666666666664
Interview Prof. Sebille,age_band,30-44,belief_post,93.0
Interview Prof. Sebille,age_band,30-44,concern_mean,67.33333333333333
Interview Prof. Sebille,age_band,30-44,distrust_post,10.0
Interview Prof. Sebille,age_band,30-44,donation_ams,3.0
Interview Prof. Sebille,age_band,30-44,funding_perceptions,30.0
Interview Prof. Sebille,age_band,30-44,inst_trust_mean,57.0
Interview Prof. Sebille,age_band,30-44,newsletter_signup,1.4
Interview Prof. Sebille,age_band,30-44,policy_general,78.0
Interview Prof. Sebille,age_band,30-44,policy_role_mean,70.0
Interview Prof. Sebille,age_band,30-44,policy_specific_mean,62.142857142857146
Interview Prof. Sebille,age_band,30-44,trust_multidimensional,86.0
Interview Prof. Sebille,age_band,30-44,trust_post,85.0
Interview Prof. Sebille,age_band,45-59,behavior_mean,43.333333333333336
Interview Prof. Sebille,age_band,45-59,belief_post,85.0
Interview Prof. Sebille,age_band,45-59,concern_mean,69.0
Interview Prof. Sebille,age_band,45-59,distrust_post,15.0
Interview Prof. Sebille,age_band,45-59,donation_ams,2.0
Interview Prof. Sebille,age_band,45-59,funding_perceptions,50.0
Interview Prof. Sebille,age_band,45-59,inst_trust_mean,68.0
Interview Prof. Sebille,age_band,45-59,newsletter_signup,1.8
Interview Prof. Sebille,age_band,45-59,policy_general,52.0
Interview Prof. Sebille,age_band,45-59,policy_role_mean,66.25
Interview Prof. Sebille,age_band,45-59,policy_specific_mean,62.142857142857146
Interview Prof. Sebille,age_band,45-59,trust_multidimensional,79.66666666666667
Interview Prof. Sebille,age_band,45-59,trust_post,75.0
Interview Prof. Sebille,age_band,60+,behavior_mean,29.166666666666668
Interview Prof. Sebille,age_band,60+,belief_post,50.0
Interview Prof. Sebille,age_band,60+,concern_mean,70.0
Interview Prof. Sebille,age_band,60+,distrust_post,35.0
Interview Prof. Sebille,age_band,60+,donation_ams,12.0
Interview Prof. Sebille,age_band,60+,funding_perceptions,35.0
Interview Prof. Sebille,age_band,60+,inst_trust_mean,49.0
Interview Prof. Sebille,age_band,60+,newsletter_signup,2.0
Interview Prof. Sebille,age_band,60+,policy_general,50.0
Interview Prof. Sebille,age_band,60+,policy_role_mean,38.75
Interview Prof. Sebille,age_band,60+,policy_specific_mean,30.714285714285715
Interview Prof. Sebille,age_band,60+,trust_multidimensional,62.5
Interview Prof. Sebille,age_band,60+,trust_post,55.0
Interview Prof. Sebille,education,Bachelor's degree,behavior_mean,47.166666666666664
Interview Prof. Sebille,education,Bachelor's degree,belief_post,93.0
Interview Prof. Sebille,education,Bachelor's degree,concern_mean,85.0
Interview Prof. Sebille,education,Bachelor's degree,distrust_post,15.0
Interview Prof. Sebille,education,Bachelor's degree,donation_ams,6.5
Interview Prof. Sebille,education,Bachelor's degree,funding_perceptions,28.0
Interview Prof. Sebille,education,Bachelor's degree,inst_trust_mean,83.4
Interview Prof. Sebille,education,Bachelor's degree,newsletter_signup,1.4
Interview Prof. Sebille,education,Bachelor's degree,policy_general,82.0
Interview Prof. Sebille,education,Bachelor's degree,policy_role_mean,83.5
Interview Prof. Sebille,education,Bachelor's degree,policy_specific_mean,78.57142857142857
Interview Prof. Sebille,education,Bachelor's degree,trust_multidimensional,87.68333333333334
Interview Prof. Sebille,education,Bachelor's degree,trust_post,78.0
Interview Prof. Sebille,education,Doctorate degree / Ph.D.,behavior_mean,68.0
Interview Prof. Sebille,education,Doctorate degree / Ph.D.,belief_post,98.0
Interview Prof. Sebille,education,Doctorate degree / Ph.D.,concern_mean,86.0
Interview Prof. Sebille,education,Doctorate degree / Ph.D.,distrust_post,10.0
Interview Prof. Sebille,education,Doctorate degree / Ph.D.,donation_ams,4.0
Interview Prof. Sebille,education,Doctorate degree / Ph.D.,funding_perceptions,30.0
Interview Prof. Sebille,education,Doctorate degree / Ph.D.,inst_trust_mean,80.2
Interview Prof. Sebille,education,Doctorate degree / Ph.D.,newsletter_signup,1.0
Interview Prof. Sebille,education,Doctorate degree / Ph.D.,policy_general,88.0
Interview Prof. Sebille,education,Doctorate degree / Ph.D.,policy_role_mean,85.0
Interview Prof. Sebille,education,Doctorate degree / Ph.D.,policy_specific_mean,77.57142857142857
Interview Prof. Sebille,education,Doctorate degree / Ph.D.,trust_multidimensional,90.25
Interview Prof. Sebille,education,Doctorate degree / Ph.D.,trust_post,92.0
Interview Prof. Sebille,education,High school diploma / GED,behavior_mean,41.666666666666664
Interview Prof. Sebille,education,High school diploma / GED,belief_post,82.0
Interview Prof. Sebille,education,High school diploma / GED,concern_mean,66.0
Interview Prof. Sebille,education,High school diploma / GED,distrust_post,42.0
Interview Prof. Sebille,education,High school diploma / GED,donation_ams,4.0
Interview Prof. Sebille,education,High school diploma / GED,funding_perceptions,35.0
Interview Prof. Sebille,education,High school diploma / GED,inst_trust_mean,54.6
Interview Prof. Sebille,education,High school diploma / GED,newsletter_signup,1.6
Interview Prof. Sebille,education,High school diploma / GED,policy_general,60.0
Interview Prof. Sebille,education,High school diploma / GED,policy_role_mean,51.75
Interview Prof. Sebille,education,High school diploma / GED,policy_specific_mean,58.57142857142857
Interview Prof. Sebille,education,High school diploma / GED,trust_multidimensional,68.66666666666667
Interview Prof. Sebille,education,High school diploma / GED,trust_post,58.0
Interview Prof. Sebille,education,Less than high school,behavior_mean,51.33333333333333
Interview Prof. Sebille,education,Less than high school,belief_post,45.0
Interview Prof. Sebille,education,Less than high school,concern_mean,42.666666666666664
Interview Prof. Sebille,education,Less than high school,distrust_post,50.0
Interview Prof. Sebille,education,Less than high school,donation_ams,2.5
Interview Prof. Sebille,education,Less than high school,funding_perceptions,40.0
Interview Prof. Sebille,education,Less than high school,inst_trust_mean,37.4
Interview Prof. Sebille,education,Less than high school,newsletter_signup,1.8
Interview Prof. Sebille,education,Less than high school,policy_general,40.0
Interview Prof. Sebille,education,Less than high school,policy_role_mean,29.75
Interview Prof. Sebille,education,Less than high school,policy_specific_mean,71.02857142857142
Interview Prof. Sebille,education,Less than high school,trust_multidimensional,40.583333333333336
Interview Prof. Sebille,education,Less than high school,trust_post,45.0
Interview Prof. Sebille,education,Master's degree / Professional degree,behavior_mean,59.833333333333336
Interview Prof. Sebille,education,Master's degree / Professional degree,belief_post,88.0
Interview Prof. Sebille,education,Master's degree / Professional degree,concern_mean,79.66666666666667
Interview Prof. Sebille,education,Master's degree / Professional degree,distrust_post,23.0
Interview Prof. Sebille,education,Master's degree / Professional degree,donation_ams,5.0
Interview Prof. Sebille,education,Master's degree / Professional degree,funding_perceptions,25.0
Interview Prof. Sebille,education,Master's degree / Professional degree,inst_trust_mean,72.4
Interview Prof. Sebille,education,Master's degree / Professional degree,newsletter_signup,1.65
Interview Prof. Sebille,education,Master's degree / Professional degree,policy_general,82.0
Interview Prof. Sebille,education,Master's degree / Professional degree,policy_role_mean,83.5
Interview Prof. Sebille,education,Master's degree / Professional degree,policy_specific_mean,76.85714285714286
Interview Prof. Sebille,education,Master's degree / Professional degree,trust_multidimensional,80.5
Interview Prof. Sebille,education,Master's degree / Professional degree,trust_post,72.0
Interview Prof. Sebille,education,Some college or Associate's degree,behavior_mean,40.0
Interview Prof. Sebille,education,Some college or Associate's degree,belief_post,80.0
Interview Prof. Sebille,education,Some college or Associate's degree,concern_mean,63.333333333333336
Interview Prof. Sebille,education,Some college or Associate's degree,distrust_post,20.0
Interview Prof. Sebille,education,Some college or Associate's degree,donation_ams,3.5
Interview Prof. Sebille,education,Some college or Associate's degree,funding_perceptions,35.0
Interview Prof. Sebille,education,Some college or Associate's degree,inst_trust_mean,66.0
Interview Prof. Sebille,education,Some college or Associate's degree,newsletter_signup,1.2
Interview Prof. Sebille,education,Some college or Associate's degree,policy_general,60.0
Interview Prof. Sebille,education,Some college or Associate's degree,policy_role_mean,67.5
Interview Prof. Sebille,education,Some college or Associate's degree,policy_specific_mean,63.57142857142857
Interview Prof. Sebille,education,Some college or Associate's degree,trust_multidimensional,75.41666666666667
Interview Prof. Sebille,education,Some college or Associate's degree,trust_post,70.0
Interview Prof. Sebille,gender,Female,behavior_mean,52.0
Interview Prof. Sebille,gender,Female,belief_post,93.0
Interview Prof. Sebille,gender,Female,concern_mean,75.66666666666667
Interview Prof. Sebille,gender,Female,distrust_post,22.0
Interview Prof. Sebille,gender,Female,donation_ams,4.2
Interview Prof. Sebille,gender,Female,funding_perceptions,35.0
Interview Prof. Sebille,gender,Female,inst_trust_mean,76.4
Interview Prof. Sebille,gender,Female,newsletter_signup,1.4
Interview Prof. Sebille,gender,Female,policy_general,82.0
Interview Prof. Sebille,gender,Female,policy_role_mean,80.0
Interview Prof. Sebille,gender,Female,policy_specific_mean,67.85714285714286
Interview Prof. Sebille,gender,Female,trust_multidimensional,89.08333333333333
Interview Prof. Sebille,gender,Female,trust_post,78.0
Interview Prof. Sebille,gender,Male,behavior_mean,38.333333333333336
Interview Prof. Sebille,gender,Male,belief_post,90.0
Interview Prof. Sebille,gender,Male,concern_mean,70.0
Interview Prof. Sebille,gender,Male,distrust_post,15.0
Interview Prof. Sebille,gender,Male,donation_ams,4.1
Interview Prof. Sebille,gender,Male,funding_perceptions,55.0
Interview Prof. Sebille,gender,Male,inst_trust_mean,69.6
Interview Prof. Sebille,gender,Male,newsletter_signup,1.1
Interview Prof. Sebille,gender,Male,policy_general,60.0
Interview Prof. Sebille,gender,Male,policy_role_mean,58.75
Interview Prof. Sebille,gender,Male,policy_specific_mean,52.857142857142854
Interview Prof. Sebille,gender,Male,trust_multidimensional,79.91666666666667
Interview Prof. Sebille,gender,Male,trust_post,80.0
Interview Prof. Sebille,gender,Other,behavior_mean,49.0
Interview Prof. Sebille,gender,Other,belief_post,89.0
Interview Prof. Sebille,gender,Other,concern_mean,85.33333333333333
Interview Prof. Sebille,gender,Other,distrust_post,26.0
Interview Prof. Sebille,gender,Other,donation_ams,4.0
Interview Prof. Sebille,gender,Other,funding_perceptions,28.0
Interview Prof. Sebille,gender,Other,inst_trust_mean,64.2
Interview Prof. Sebille,gender,Other,newsletter_signup,1.35
Interview Prof. Sebille,gender,Other,policy_general,66.0
Interview Prof. Sebille,gender,Other,policy_role_mean,68.25
Interview Prof. Sebille,gender,Other,policy_specific_mean,71.0
Interview Prof. Sebille,gender,Other,trust_multidimensional,73.08333333333333
Interview Prof. Sebille,gender,Other,trust_post,64.0
Interview Prof. Sebille,income,"$100,000 to $167,999",behavior_mean,60.0
Interview Prof. Sebille,income,"$100,000 to $167,999",belief_post,89.0
Interview Prof. Sebille,income,"$100,000 to $167,999",concern_mean,76.0
Interview Prof. Sebille,income,"$100,000 to $167,999",distrust_post,14.0
Interview Prof. Sebille,income,"$100,000 to $167,999",donation_ams,4.0
Interview Prof. Sebille,income,"$100,000 to $167,999",funding_perceptions,55.0
Interview Prof. Sebille,income,"$100,000 to $167,999",inst_trust_mean,71.0
Interview Prof. Sebille,income,"$100,000 to $167,999",newsletter_signup,1.8
Interview Prof. Sebille,income,"$100,000 to $167,999",policy_general,77.0
Interview Prof. Sebille,income,"$100,000 to $167,999",policy_role_mean,73.0
Interview Prof. Sebille,income,"$100,000 to $167,999",policy_specific_mean,66.28571428571429
Interview Prof. Sebille,income,"$100,000 to $167,999",trust_multidimensional,79.75
Interview Prof. Sebille,income,"$100,000 to $167,999",trust_post,82.0
Interview Prof. Sebille,income,"$168,000 or more",behavior_mean,40.0
Interview Prof. Sebille,income,"$168,000 or more",belief_post,96.0
Interview Prof. Sebille,income,"$168,000 or more",concern_mean,79.33333333333333
Interview Prof. Sebille,income,"$168,000 or more",distrust_post,12.0
Interview Prof. Sebille,income,"$168,000 or more",donation_ams,7.0
Interview Prof. Sebille,income,"$168,000 or more",funding_perceptions,28.0
Interview Prof. Sebille,income,"$168,000 or more",inst_trust_mean,66.8
Interview Prof. Sebille,income,"$168,000 or more",newsletter_signup,1.6
Interview Prof. Sebille,income,"$168,000 or more",policy_general,66.0
Interview Prof. Sebille,income,"$168,000 or more",policy_role_mean,76.5
Interview Prof. Sebille,income,"$168,000 or more",policy_specific_mean,64.85714285714286
Interview Prof. Sebille,income,"$168,000 or more",trust_multidimensional,82.0
Interview Prof. Sebille,income,"$168,000 or more",trust_post,88.0
Interview Prof. Sebille,income,"$30,000 to $55,999",behavior_mean,48.833333333333336
Interview Prof. Sebille,income,"$30,000 to $55,999",belief_post,78.0
Interview Prof. Sebille,income,"$30,000 to $55,999",concern_mean,69.0
Interview Prof. Sebille,income,"$30,000 to $55,999",distrust_post,42.0
Interview Prof. Sebille,income,"$30,000 to $55,999",donation_ams,4.0
Interview Prof. Sebille,income,"$30,000 to $55,999",funding_perceptions,50.0
Interview Prof. Sebille,income,"$30,000 to $55,999",inst_trust_mean,57.4
Interview Prof. Sebille,income,"$30,000 to $55,999",newsletter_signup,2.0
Interview Prof. Sebille,income,"$30,000 to $55,999",policy_general,70.0
Interview Prof. Sebille,income,"$30,000 to $55,999",policy_role_mean,65.75
Interview Prof. Sebille,income,"$30,000 to $55,999",policy_specific_mean,61.857142857142854
Interview Prof. Sebille,income,"$30,000 to $55,999",trust_multidimensional,60.583333333333336
Interview Prof. Sebille,income,"$30,000 to $55,999",trust_post,58.0
Interview Prof. Sebille,income,"$56,000 to $99,999",behavior_mean,52.166666666666664
Interview Prof. Sebille,income,"$56,000 to $99,999",belief_post,88.0
Interview Prof. Sebille,income,"$56,000 to $99,999",concern_mean,79.66666666666667
Interview Prof. Sebille,income,"$56,000 to $99,999",distrust_post,15.0
Interview Prof. Sebille,income,"$56,000 to $99,999",donation_ams,5.0
Interview Prof. Sebille,income,"$56,000 to $99,999",funding_perceptions,50.0
Interview Prof. Sebille,income,"$56,000 to $99,999",inst_trust_mean,68.8
Interview Prof. Sebille,income,"$56,000 to $99,999",newsletter_signup,1.8
Interview Prof. Sebille,income,"$56,000 to $99,999",policy_general,78.0
Interview Prof. Sebille,income,"$56,000 to $99,999",policy_role_mean,72.75
Interview Prof. Sebille,income,"$56,000 to $99,999",policy_specific_mean,65.14285714285714
Interview Prof. Sebille,income,"$56,000 to $99,999",trust_multidimensional,78.33333333333333
Interview Prof. Sebille,income,"$56,000 to $99,999",trust_post,82.0
Interview Prof. Sebille,income,"Less than $30,000",behavior_mean,46.666666666666664
Interview Prof. Sebille,income,"Less than $30,000",belief_post,85.0
Interview Prof. Sebille,income,"Less than $30,000",concern_mean,80.0
Interview Prof. Sebille,income,"Less than $30,000",distrust_post,35.0
Interview Prof. Sebille,income,"Less than $30,000",donation_ams,3.0
Interview Prof. Sebille,income,"Less than $30,000",funding_perceptions,50.0
Interview Prof. Sebille,income,"Less than $30,000",inst_trust_mean,53.0
Interview Prof. Sebille,income,"Less than $30,000",newsletter_signup,70.0
Interview Prof. Sebille,income,"Less than $30,000",policy_general,60.0
Interview Prof. Sebille,income,"Less than $30,000",policy_role_mean,62.5
Interview Prof. Sebille,income,"Less than $30,000",policy_specific_mean,60.0
Interview Prof. Sebille,income,"Less than $30,000",trust_multidimensional,68.75
Interview Prof. Sebille,income,"Less than $30,000",trust_post,65.0
Interview Prof. Sebille,party,Democrat,behavior_mean,61.333333333333336
Interview Prof. Sebille,party,Democrat,belief_post,90.0
Interview Prof. Sebille,party,Democrat,concern_mean,79.0
Interview Prof. Sebille,party,Democrat,distrust_post,20.0
Interview Prof. Sebille,party,Democrat,donation_ams,5.0
Interview Prof. Sebille,party,Democrat,funding_perceptions,65.0
Interview Prof. Sebille,party,Democrat,inst_trust_mean,72.4
Interview Prof. Sebille,party,Democrat,newsletter_signup,1.0
Interview Prof. Sebille,party,Democrat,policy_general,80.0
Interview Prof. Sebille,party,Democrat,policy_role_mean,70.25
Interview Prof. Sebille,party,Democrat,policy_specific_mean,78.28571428571429
Interview Prof. Sebille,party,Democrat,trust_multidimensional,79.91666666666667
Interview Prof. Sebille,party,Democrat,trust_post,75.0
Interview Prof. Sebille,party,Independent,behavior_mean,46.449999999999996
Interview Prof. Sebille,party,Independent,belief_post,86.5
Interview Prof. Sebille,party,Independent,concern_mean,76.33333333333333
Interview Prof. Sebille,party,Independent,distrust_post,18.5
Interview Prof. Sebille,party,Independent,donation_ams,5.8
Interview Prof. Sebille,party,Independent,funding_perceptions,38.8
Interview Prof. Sebille,party,Independent,inst_trust_mean,68.5
Interview Prof. Sebille,party,Independent,newsletter_signup,1.12
Interview Prof. Sebille,party,Independent,policy_general,64.3
Interview Prof. Sebille,party,Independent,policy_role_mean,67.225
Interview Prof. Sebille,party,Independent,policy_specific_mean,59.971428571428575
Interview Prof. Sebille,party,Independent,trust_multidimensional,76.75
Interview Prof. Sebille,party,Independent,trust_post,76.8
Interview Prof. Sebille,party,Other,behavior_mean,30.333333333333332
Interview Prof. Sebille,party,Other,belief_post,72.0
Interview Prof. Sebille,party,Other,concern_mean,63.666666666666664
Interview Prof. Sebille,party,Other,distrust_post,43.0
Interview Prof. Sebille,party,Other,donation_ams,2.8
Interview Prof. Sebille,party,Other,funding_perceptions,49.0
Interview Prof. Sebille,party,Other,inst_trust_mean,57.4
Interview Prof. Sebille,party,Other,newsletter_signup,1.2
Interview Prof. Sebille,party,Other,policy_general,56.0
Interview Prof. Sebille,party,Other,policy_role_mean,52.5
Interview Prof. Sebille,party,Other,policy_specific_mean,50.714285714285715
Interview Prof. Sebille,party,Other,trust_multidimensional,63.166666666666664
Interview Prof. Sebille,party,Other,trust_post,57.0
Interview Prof. Sebille,party,Republican,behavior_mean,43.333333333333336
Interview Prof. Sebille,party,Republican,belief_post,45.0
Interview Prof. Sebille,party,Republican,concern_mean,28.333333333333332
Interview Prof. Sebille,party,Republican,distrust_post,65.0
Interview Prof. Sebille,party,Republican,donation_ams,2.0
Interview Prof. Sebille,party,Republican,funding_perceptions,75.0
Interview Prof. Sebille,party,Republican,inst_trust_mean,39.0
Interview Prof. Sebille,party,Republican,newsletter_signup,2.0
Interview Prof. Sebille,party,Republican,policy_general,30.0
Interview Prof. Sebille,party,Republican,policy_role_mean,45.25
Interview Prof. Sebille,party,Republican,policy_specific_mean,26.428571428571427
Interview Prof. Sebille,party,Republican,trust_multidimensional,53.083333333333336
Interview Prof. Sebille,party,Republican,trust_post,35.0
Interview Prof. Sebille,race,Asian / Asian American,behavior_mean,40.333333333333336
Interview Prof. Sebille,race,Asian / Asian American,belief_post,92.0
Interview Prof. Sebille,race,Asian / Asian American,concern_mean,80.0
Interview Prof. Sebille,race,Asian / Asian American,distrust_post,19.0
Interview Prof. Sebille,race,Asian / Asian American,donation_ams,2.8
Interview Prof. Sebille,race,Asian / Asian American,funding_perceptions,32.0
Interview Prof. Sebille,race,Asian / Asian American,inst_trust_mean,69.8
Interview Prof. Sebille,race,Asian / Asian American,newsletter_signup,1.65
Interview Prof. Sebille,race,Asian / Asian American,policy_general,62.0
Interview Prof. Sebille,race,Asian / Asian American,policy_role_mean,68.25
Interview Prof. Sebille,race,Asian / Asian American,policy_specific_mean,64.14285714285714
Interview Prof. Sebille,race,Asian / Asian American,trust_multidimensional,80.58333333333333
Interview Prof. Sebille,race,Asian / Asian American,trust_post,76.0
Interview Prof. Sebille,race,Black / African American,behavior_mean,53.833333333333336
Interview Prof. Sebille,race,Black / African American,belief_post,92.0
Interview Prof. Sebille,race,Black / African American,concern_mean,83.0
Interview Prof. Sebille,race,Black / African American,distrust_post,22.0
Interview Prof. Sebille,race,Black / African American,donation_ams,4.0
Interview Prof. Sebille,race,Black / African American,funding_perceptions,55.0
Interview Prof. Sebille,race,Black / African American,inst_trust_mean,77.0
Interview Prof. Sebille,race,Black / African American,newsletter_signup,1.2
Interview Prof. Sebille,race,Black / African American,policy_general,72.0
Interview Prof. Sebille,race,Black / African American,policy_role_mean,73.5
Interview Prof. Sebille,race,Black / African American,policy_specific_mean,71.28571428571429
Interview Prof. Sebille,race,Black / African American,trust_multidimensional,84.58333333333333
Interview Prof. Sebille,race,Black / African American,trust_post,78.0
Interview Prof. Sebille,race,Hispanic / Latino,behavior_mean,53.166666666666664
Interview Prof. Sebille,race,Hispanic / Latino,belief_post,91.0
Interview Prof. Sebille,race,Hispanic / Latino,concern_mean,83.66666666666667
Interview Prof. Sebille,race,Hispanic / Latino,distrust_post,22.5
Interview Prof. Sebille,race,Hispanic / Latino,donation_ams,4.5
Interview Prof. Sebille,race,Hispanic / Latino,funding_perceptions,25.0
Interview Prof. Sebille,race,Hispanic / Latino,inst_trust_mean,71.8
Interview Prof. Sebille,race,Hispanic / Latino,newsletter_signup,1.7
Interview Prof. Sebille,race,Hispanic / Latino,policy_general,82.0
Interview Prof. Sebille,race,Hispanic / Latino,policy_role_mean,83.5
Interview Prof. Sebille,race,Hispanic / Latino,policy_specific_mean,77.85714285714286
Interview Prof. Sebille,race,Hispanic / Latino,trust_multidimensional,81.5
Interview Prof. Sebille,race,Hispanic / Latino,trust_post,72.5
Interview Prof. Sebille,race,Other,behavior_mean,44.5
Interview Prof. Sebille,race,Other,belief_post,86.0
Interview Prof. Sebille,race,Other,concern_mean,79.33333333333333
Interview Prof. Sebille,race,Other,distrust_post,22.0
Interview Prof. Sebille,race,Other,donation_ams,4.2
Interview Prof. Sebille,race,Other,funding_perceptions,29.0
Interview Prof. Sebille,race,Other,inst_trust_mean,69.6
Interview Prof. Sebille,race,Other,newsletter_signup,1.3
Interview Prof. Sebille,race,Other,policy_general,62.0
Interview Prof. Sebille,race,Other,policy_role_mean,83.5
Interview Prof. Sebille,race,Other,policy_specific_mean,68.85714285714286
Interview Prof. Sebille,race,Other,trust_multidimensional,82.0
Interview Prof. Sebille,race,Other,trust_post,74.0
Interview Prof. Sebille,race,White / Caucasian,behavior_mean,54.0
Interview Prof. Sebille,race,White / Caucasian,belief_post,91.0
Interview Prof. Sebille,race,White / Caucasian,concern_mean,58.333333333333336
Interview Prof. Sebille,race,White / Caucasian,distrust_post,18.0
Interview Prof. Sebille,race,White / Caucasian,donation_ams,7.5
Interview Prof. Sebille,race,White / Caucasian,funding_perceptions,42.0
Interview Prof. Sebille,race,White / Caucasian,inst_trust_mean,60.6
Interview Prof. Sebille,race,White / Caucasian,newsletter_signup,1.85
Interview Prof. Sebille,race,White / Caucasian,policy_general,55.0
Interview Prof. Sebille,race,White / Caucasian,policy_role_mean,74.25
Interview Prof. Sebille,race,White / Caucasian,policy_specific_mean,72.14285714285714
Interview Prof. Sebille,race,White / Caucasian,trust_multidimensional,78.95833333333333
Interview Prof. Sebille,race,White / Caucasian,trust_post,72.0
Measurement & modeling (1),age_band,18-29,behavior_mean,65.5
Measurement & modeling (1),age_band,18-29,belief_post,94.0
Measurement & modeling (1),age_band,18-29,concern_mean,84.0
Measurement & modeling (1),age_band,18-29,distrust_post,12.0
Measurement & modeling (1),age_band,18-29,donation_ams,6.5
Measurement & modeling (1),age_band,18-29,funding_perceptions,58.0
Measurement & modeling (1),age_band,18-29,inst_trust_mean,68.4
Measurement & modeling (1),age_band,18-29,newsletter_signup,1.6
Measurement & modeling (1),age_band,18-29,policy_general,88.0
Measurement & modeling (1),age_band,18-29,policy_role_mean,76.25
Measurement & modeling (1),age_band,18-29,policy_specific_mean,76.57142857142857
Measurement & modeling (1),age_band,18-29,trust_multidimensional,77.91666666666667
Measurement & modeling (1),age_band,18-29,trust_post,82.0
Measurement & modeling (1),age_band,30-44,behavior_mean,43.5
Measurement & modeling (1),age_band,30-44,belief_post,94.0
Measurement & modeling (1),age_band,30-44,concern_mean,73.0
Measurement & modeling (1),age_band,30-44,distrust_post,12.0
Measurement & modeling (1),age_band,30-44,donation_ams,3.0
Measurement & modeling (1),age_band,30-44,funding_perceptions,68.0
Measurement & modeling (1),age_band,30-44,inst_trust_mean,70.0
Measurement & modeling (1),age_band,30-44,newsletter_signup,1.1
Measurement & modeling (1),age_band,30-44,policy_general,72.0
Measurement & modeling (1),age_band,30-44,policy_role_mean,73.0
Measurement & modeling (1),age_band,30-44,policy_specific_mean,62.42857142857143
Measurement & modeling (1),age_band,30-44,trust_multidimensional,82.16666666666667
Measurement & modeling (1),age_band,30-44,trust_post,78.0
Measurement & modeling (1),age_band,45-59,behavior_mean,47.53333333333333
Measurement & modeling (1),age_band,45-59,belief_post,82.5
Measurement & modeling (1),age_band,45-59,concern_mean,67.7
Measurement & modeling (1),age_band,45-59,distrust_post,32.1
Measurement & modeling (1),age_band,45-59,donation_ams,3.2
Measurement & modeling (1),age_band,45-59,funding_perceptions,45.8
Measurement & modeling (1),age_band,45-59,inst_trust_mean,61.2
Measurement & modeling (1),age_band,45-59,newsletter_signup,1.15
Measurement & modeling (1),age_band,45-59,policy_general,65.7
Measurement & modeling (1),age_band,45-59,policy_role_mean,69.85
Measurement & modeling (1),age_band,45-59,policy_specific_mean,60.68571428571429
Measurement & modeling (1),age_band,45-59,trust_multidimensional,70.05
Measurement & modeling (1),age_band,45-59,trust_post,58.3
Measurement & modeling (1),age_band,60+,behavior_mean,51.666666666666664
Measurement & modeling (1),age_band,60+,belief_post,85.0
Measurement & modeling (1),age_band,60+,concern_mean,80.0
Measurement & modeling (1),age_band,60+,distrust_post,25.0
Measurement & modeling (1),age_band,60+,donation_ams,4.0
Measurement & modeling (1),age_band,60+,funding_perceptions,25.0
Measurement & modeling (1),age_band,60+,inst_trust_mean,69.0
Measurement & modeling (1),age_band,60+,newsletter_signup,1.4
Measurement & modeling (1),age_band,60+,policy_general,75.0
Measurement & modeling (1),age_band,60+,policy_role_mean,73.0
Measurement & modeling (1),age_band,60+,policy_specific_mean,68.14285714285714
Measurement & modeling (1),age_band,60+,trust_multidimensional,68.75
Measurement & modeling (1),age_band,60+,trust_post,75.0
Measurement & modeling (1),education,Bachelor's degree,behavior_mean,41.5
Measurement & modeling (1),education,Bachelor's degree,belief_post,91.0
Measurement & modeling (1),education,Bachelor's degree,concern_mean,76.66666666666667
Measurement & modeling (1),education,Bachelor's degree,distrust_post,18.0
Measurement & modeling (1),education,Bachelor's degree,donation_ams,7.0
Measurement & modeling (1),education,Bachelor's degree,funding_perceptions,65.0
Measurement & modeling (1),education,Bachelor's degree,inst_trust_mean,66.8
Measurement & modeling (1),education,Bachelor's degree,newsletter_signup,1.72
Measurement & modeling (1),education,Bachelor's degree,policy_general,76.0
Measurement & modeling (1),education,Bachelor's degree,policy_role_mean,76.5
Measurement & modeling (1),education,Bachelor's degree,policy_specific_mean,59.42857142857143
Measurement & modeling (1),education,Bachelor's degree,trust_multidimensional,75.75
Measurement & modeling (1),education,Bachelor's degree,trust_post,85.0
Measurement & modeling (1),education,Doctorate degree / Ph.D.,behavior_mean,32.83333333333333
Measurement & modeling (1),education,Doctorate degree / Ph.D.,belief_post,68.25
Measurement & modeling (1),education,Doctorate degree / Ph.D.,concern_mean,58.75
Measurement & modeling (1),education,Doctorate degree / Ph.D.,distrust_post,38.0
Measurement & modeling (1),education,Doctorate degree / Ph.D.,donation_ams,3.75
Measurement & modeling (1),education,Doctorate degree / Ph.D.,funding_perceptions,75.0
Measurement & modeling (1),education,Doctorate degree / Ph.D.,inst_trust_mean,54.849999999999994
Measurement & modeling (1),education,Doctorate degree / Ph.D.,newsletter_signup,1.6675
Measurement & modeling (1),education,Doctorate degree / Ph.D.,policy_general,50.25
Measurement & modeling (1),education,Doctorate degree / Ph.D.,policy_role_mean,48.875
Measurement & modeling (1),education,Doctorate degree / Ph.D.,policy_specific_mean,42.92857142857143
Measurement & modeling (1),education,Doctorate degree / Ph.D.,trust_multidimensional,58.75
Measurement & modeling (1),education,Doctorate degree / Ph.D.,trust_post,56.5
Measurement & modeling (1),education,High school diploma / GED,behavior_mean,36.0
Measurement & modeling (1),education,High school diploma / GED,belief_post,55.0
Measurement & modeling (1),education,High school diploma / GED,concern_mean,61.666666666666664
Measurement & modeling (1),education,High school diploma / GED,distrust_post,40.0
Measurement & modeling (1),education,High school diploma / GED,donation_ams,4.0
Measurement & modeling (1),education,High school diploma / GED,funding_perceptions,78.0
Measurement & modeling (1),education,High school diploma / GED,inst_trust_mean,48.4
Measurement & modeling (1),education,High school diploma / GED,newsletter_signup,1.45
Measurement & modeling (1),education,High school diploma / GED,policy_general,35.0
Measurement & modeling (1),education,High school diploma / GED,policy_role_mean,36.75
Measurement & modeling (1),education,High school diploma / GED,policy_specific_mean,41.42857142857143
Measurement & modeling (1),education,High school diploma / GED,trust_multidimensional,57.166666666666664
Measurement & modeling (1),education,High school diploma / GED,trust_post,45.0
Measurement & modeling (1),education,Less than high school,behavior_mean,10.833333333333334
Measurement & modeling (1),education,Less than high school,belief_post,38.0
Measurement & modeling (1),education,Less than high school,concern_mean,31.666666666666668
Measurement & modeling (1),education,Less than high school,distrust_post,70.0
Measurement & modeling (1),education,Less than high school,donation_ams,2.0
Measurement & modeling (1),education,Less than high school,funding_perceptions,75.0
Measurement & modeling (1),education,Less than high school,inst_trust_mean,39.6
Measurement & modeling (1),education,Less than high school,newsletter_signup,1.8
Measurement & modeling (1),education,Less than high school,policy_general,22.0
Measurement & modeling (1),education,Less than high school,policy_role_mean,16.75
Measurement & modeling (1),education,Less than high school,policy_specific_mean,10.0
Measurement & modeling (1),education,Less than high school,trust_multidimensional,28.833333333333332
Measurement & modeling (1),education,Less than high school,trust_post,30.0
Measurement & modeling (1),education,Master's degree / Professional degree,behavior_mean,32.83333333333333
Measurement & modeling (1),education,Master's degree / Professional degree,belief_post,68.25
Measurement & modeling (1),education,Master's degree / Professional degree,concern_mean,58.75
Measurement & modeling (1),education,Master's degree / Professional degree,distrust_post,38.0
Measurement & modeling (1),education,Master's degree / Professional degree,donation_ams,3.75
Measurement & modeling (1),education,Master's degree / Professional degree,funding_perceptions,75.0
Measurement & modeling (1),education,Master's degree / Professional degree,inst_trust_mean,54.849999999999994
Measurement & modeling (1),education,Master's degree / Professional degree,newsletter_signup,1.6675
Measurement & modeling (1),education,Master's degree / Professional degree,policy_general,50.25
Measurement & modeling (1),education,Master's degree / Professional degree,policy_role_mean,48.875
Measurement & modeling (1),education,Master's degree / Professional degree,policy_specific_mean,42.92857142857143
Measurement & modeling (1),education,Master's degree / Professional degree,trust_multidimensional,58.75
Measurement & modeling (1),education,Master's degree / Professional degree,trust_post,56.5
Measurement & modeling (1),education,Some college or Associate's degree,behavior_mean,43.0
Measurement & modeling (1),education,Some college or Associate's degree,belief_post,89.0
Measurement & modeling (1),education,Some college or Associate's degree,concern_mean,65.0
Measurement & modeling (1),education,Some college or Associate's degree,distrust_post,24.0
Measurement & modeling (1),education,Some college or Associate's degree,donation_ams,2.0
Measurement & modeling (1),education,Some college or Associate's degree,funding_perceptions,82.0
Measurement & modeling (1),education,Some college or Associate's degree,inst_trust_mean,64.6
Measurement & modeling (1),education,Some college or Associate's degree,newsletter_signup,1.7
Measurement & modeling (1),education,Some college or Associate's degree,policy_general,68.0
Measurement & modeling (1),education,Some college or Associate's degree,policy_role_mean,65.5
Measurement & modeling (1),education,Some college or Associate's degree,policy_specific_mean,60.857142857142854
Measurement & modeling (1),education,Some college or Associate's degree,trust_multidimensional,73.25
Measurement & modeling (1),education,Some college or Associate's degree,trust_post,66.0
Measurement & modeling (1),gender,Female,behavior_mean,63.5
Measurement & modeling (1),gender,Female,belief_post,90.0
Measurement & modeling (1),gender,Female,concern_mean,80.33333333333333
Measurement & modeling (1),gender,Female,distrust_post,10.0
Measurement & modeling (1),gender,Female,donation_ams,5.0
Measurement & modeling (1),gender,Female,funding_perceptions,75.0
Measurement & modeling (1),gender,Female,inst_trust_mean,78.0
Measurement & modeling (1),gender,Female,newsletter_signup,1.5
Measurement & modeling (1),gender,Female,policy_general,78.0
Measurement & modeling (1),gender,Female,policy_role_mean,77.25
Measurement & modeling (1),gender,Female,policy_specific_mean,72.57142857142857
Measurement & modeling (1),gender,Female,trust_multidimensional,86.58333333333333
Measurement & modeling (1),gender,Female,trust_post,82.0
Measurement & modeling (1),gender,Male,behavior_mean,38.333333333333336
Measurement & modeling (1),gender,Male,belief_post,88.0
Measurement & modeling (1),gender,Male,concern_mean,68.33333333333333
Measurement & modeling (1),gender,Male,distrust_post,32.0
Measurement & modeling (1),gender,Male,donation_ams,5.0
Measurement & modeling (1),gender,Male,funding_perceptions,55.0
Measurement & modeling (1),gender,Male,inst_trust_mean,65.0
Measurement & modeling (1),gender,Male,newsletter_signup,1.8
Measurement & modeling (1),gender,Male,policy_general,70.0
Measurement & modeling (1),gender,Male,policy_role_mean,64.5
Measurement & modeling (1),gender,Male,policy_specific_mean,58.714285714285715
Measurement & modeling (1),gender,Male,trust_multidimensional,72.41666666666667
Measurement & modeling (1),gender,Male,trust_post,67.0
Measurement & modeling (1),gender,Other,behavior_mean,50.91666666666667
Measurement & modeling (1),gender,Other,belief_post,89.0
Measurement & modeling (1),gender,Other,concern_mean,74.33333333333333
Measurement & modeling (1),gender,Other,distrust_post,21.0
Measurement & modeling (1),gender,Other,donation_ams,5.0
Measurement & modeling (1),gender,Other,funding_perceptions,65.0
Measurement & modeling (1),gender,Other,inst_trust_mean,71.5
Measurement & modeling (1),gender,Other,newsletter_signup,1.65
Measurement & modeling (1),gender,Other,policy_general,74.0
Measurement & modeling (1),gender,Other,policy_role_mean,70.875
Measurement & modeling (1),gender,Other,policy_specific_mean,65.64285714285714
Measurement & modeling (1),gender,Other,trust_multidimensional,79.5
Measurement & modeling (1),gender,Other,trust_post,74.5
Measurement & modeling (1),income,"$100,000 to $167,999",behavior_mean,66.75
Measurement & modeling (1),income,"$100,000 to $167,999",belief_post,86.5
Measurement & modeling (1),income,"$100,000 to $167,999",concern_mean,75.33333333333333
Measurement & modeling (1),income,"$100,000 to $167,999",distrust_post,14.5
Measurement & modeling (1),income,"$100,000 to $167,999",donation_ams,5.5
Measurement & modeling (1),income,"$100,000 to $167,999",funding_perceptions,55.0
Measurement & modeling (1),income,"$100,000 to $167,999",inst_trust_mean,73.3
Measurement & modeling (1),income,"$100,000 to $167,999",newsletter_signup,1.3
Measurement & modeling (1),income,"$100,000 to $167,999",policy_general,78.0
Measurement & modeling (1),income,"$100,000 to $167,999",policy_role_mean,74.5
Measurement & modeling (1),income,"$100,000 to $167,999",policy_specific_mean,71.78571428571429
Measurement & modeling (1),income,"$100,000 to $167,999",trust_multidimensional,75.93333333333334
Measurement & modeling (1),income,"$100,000 to $167,999",trust_post,82.0
Measurement & modeling (1),income,"$168,000 or more",behavior_mean,61.5
Measurement & modeling (1),income,"$168,000 or more",belief_post,95.0
Measurement & modeling (1),income,"$168,000 or more",concern_mean,86.0
Measurement & modeling (1),income,"$168,000 or more",distrust_post,10.0
Measurement & modeling (1),income,"$168,000 or more",donation_ams,5.5
Measurement & modeling (1),income,"$168,000 or more",funding_perceptions,35.0
Measurement & modeling (1),income,"$168,000 or more",inst_trust_mean,64.0
Measurement & modeling (1),income,"$168,000 or more",newsletter_signup,1.1
Measurement & modeling (1),income,"$168,000 or more",policy_general,80.0
Measurement & modeling (1),income,"$168,000 or more",policy_role_mean,76.5
Measurement & modeling (1),income,"$168,000 or more",policy_specific_mean,72.28571428571429
Measurement & modeling (1),income,"$168,000 or more",trust_multidimensional,82.125
Measurement & modeling (1),income,"$168,000 or more",trust_post,85.0
Measurement & modeling (1),income,"$30,000 to $55,999",behavior_mean,45.833333333333336
Measurement & modeling (1),income,"$30,000 to $55,999",belief_post,85.0
Measurement & modeling (1),income,"$30,000 to $55,999",concern_mean,78.33333333333333
Measurement & modeling (1),income,"$30,000 to $55,999",distrust_post,15.0
Measurement & modeling (1),income,"$30,000 to $55,999",donation_ams,3.5
Measurement & modeling (1),income,"$30,000 to $55,999",funding_perceptions,65.0
Measurement & modeling (1),income,"$30,000 to $55,999",inst_trust_mean,65.4
Measurement & modeling (1),income,"$30,000 to $55,999",newsletter_signup,1.6
Measurement & modeling (1),income,"$30,000 to $55,999",policy_general,70.0
Measurement & modeling (1),income,"$30,000 to $55,999",policy_role_mean,67.5
Measurement & modeling (1),income,"$30,000 to $55,999",policy_specific_mean,52.857142857142854
Measurement & modeling (1),income,"$30,000 to $55,999",trust_multidimensional,73.33333333333333
Measurement & modeling (1),income,"$30,000 to $55,999",trust_post,55.0
Measurement & modeling (1),income,"$56,000 to $99,999",behavior_mean,53.35416666666667
Measurement & modeling (1),income,"$56,000 to $99,999",belief_post,83.625
Measurement & modeling (1),income,"$56,000 to $99,999",concern_mean,76.74999999999999
Measurement & modeling (1),income,"$56,000 to $99,999",distrust_post,17.875
Measurement & modeling (1),income,"$56,000 to $99,999",donation_ams,4.0
Measurement & modeling (1),income,"$56,000 to $99,999",funding_perceptions,59.25
Measurement & modeling (1),income,"$56,000 to $99,999",inst_trust_mean,66.22500000000001
Measurement & modeling (1),income,"$56,000 to $99,999",newsletter_signup,1.4125
Measurement & modeling (1),income,"$56,000 to $99,999",policy_general,72.5
Measurement & modeling (1),income,"$56,000 to $99,999",policy_role_mean,71.0625
Measurement & modeling (1),income,"$56,000 to $99,999",policy_specific_mean,62.875
Measurement & modeling (1),income,"$56,000 to $99,999",trust_multidimensional,74.16041666666666
Measurement & modeling (1),income,"$56,000 to $99,999",trust_post,70.0
Measurement & modeling (1),income,"Less than $30,000",behavior_mean,39.333333333333336
Measurement & modeling (1),income,"Less than $30,000",belief_post,68.0
Measurement & modeling (1),income,"Less than $30,000",concern_mean,67.33333333333333
Measurement & modeling (1),income,"Less than $30,000",distrust_post,32.0
Measurement & modeling (1),income,"Less than $30,000",donation_ams,1.5
Measurement & modeling (1),income,"Less than $30,000",funding_perceptions,82.0
Measurement & modeling (1),income,"Less than $30,000",inst_trust_mean,62.2
Measurement & modeling (1),income,"Less than $30,000",newsletter_signup,1.65
Measurement & modeling (1),income,"Less than $30,000",policy_general,62.0
Measurement & modeling (1),income,"Less than $30,000",policy_role_mean,65.75
Measurement & modeling (1),income,"Less than $30,000",policy_specific_mean,54.57142857142857
Measurement & modeling (1),income,"Less than $30,000",trust_multidimensional,65.25
Measurement & modeling (1),income,"Less than $30,000",trust_post,58.0
Measurement & modeling (1),party,Democrat,behavior_mean,27.166666666666664
Measurement & modeling (1),party,Democrat,belief_post,64.0
Measurement & modeling (1),party,Democrat,concern_mean,55.0
Measurement & modeling (1),party,Democrat,distrust_post,40.333333333333336
Measurement & modeling (1),party,Democrat,donation_ams,4.666666666666667
Measurement & modeling (1),party,Democrat,funding_perceptions,48.333333333333336
Measurement & modeling (1),party,Democrat,inst_trust_mean,52.26666666666667
Measurement & modeling (1),party,Democrat,newsletter_signup,1.6666666666666667
Measurement & modeling (1),party,Democrat,policy_general,56.333333333333336
Measurement & modeling (1),party,Democrat,policy_role_mean,49.375
Measurement & modeling (1),party,Democrat,policy_specific_mean,55.357142857142854
Measurement & modeling (1),party,Democrat,trust_multidimensional,59.80555555555555
Measurement & modeling (1),party,Democrat,trust_post,56.333333333333336
Measurement & modeling (1),party,Independent,behavior_mean,39.166666666666664
Measurement & modeling (1),party,Independent,belief_post,85.0
Measurement & modeling (1),party,Independent,concern_mean,76.66666666666667
Measurement & modeling (1),party,Independent,distrust_post,20.0
Measurement & modeling (1),party,Independent,donation_ams,3.0
Measurement & modeling (1),party,Independent,funding_perceptions,45.0
Measurement & modeling (1),party,Independent,inst_trust_mean,70.0
Measurement & modeling (1),party,Independent,newsletter_signup,1.5
Measurement & modeling (1),party,Independent,policy_general,80.0
Measurement & modeling (1),party,Independent,policy_role_mean,72.5
Measurement & modeling (1),party,Independent,policy_specific_mean,80.71428571428571
Measurement & modeling (1),party,Independent,trust_multidimensional,74.16666666666667
Measurement & modeling (1),party,Independent,trust_post,70.0
Measurement & modeling (1),party,Other,behavior_mean,27.166666666666664
Measurement & modeling (1),party,Other,belief_post,68.0
Measurement & modeling (1),party,Other,concern_mean,55.0
Measurement & modeling (1),party,Other,distrust_post,42.0
Measurement & modeling (1),party,Other,donation_ams,2.0
Measurement & modeling (1),party,Other,funding_perceptions,45.0
Measurement & modeling (1),party,Other,inst_trust_mean,52.0
Measurement & modeling (1),party,Other,newsletter_signup,1.9
Measurement & modeling (1),party,Other,policy_general,54.0
Measurement & modeling (1),party,Other,policy_role_mean,49.375
Measurement & modeling (1),party,Other,policy_specific_mean,55.357142857142854
Measurement & modeling (1),party,Other,trust_multidimensional,67.83333333333333
Measurement & modeling (1),party,Other,trust_post,58.0
Measurement & modeling (1),party,Republican,behavior_mean,15.166666666666666
Measurement & modeling (1),party,Republican,belief_post,39.0
Measurement & modeling (1),party,Republican,concern_mean,33.333333333333336
Measurement & modeling (1),party,Republican,distrust_post,59.0
Measurement & modeling (1),party,Republican,donation_ams,9.0
Measurement & modeling (1),party,Republican,funding_perceptions,55.0
Measurement & modeling (1),party,Republican,inst_trust_mean,34.8
Measurement & modeling (1),party,Republican,newsletter_signup,1.6
Measurement & modeling (1),party,Republican,policy_general,35.0
Measurement & modeling (1),party,Republican,policy_role_mean,26.25
Measurement & modeling (1),party,Republican,policy_specific_mean,30.0
Measurement & modeling (1),party,Republican,trust_multidimensional,37.416666666666664
Measurement & modeling (1),party,Republican,trust_post,41.0
Measurement & modeling (1),race,Asian / Asian American,behavior_mean,65.16666666666667
Measurement & modeling (1),race,Asian / Asian American,belief_post,89.0
Measurement & modeling (1),race,Asian / Asian American,concern_mean,75.0
Measurement & modeling (1),race,Asian / Asian American,distrust_post,22.0
Measurement & modeling (1),race,Asian / Asian American,donation_ams,3.5
Measurement & modeling (1),race,Asian / Asian American,funding_perceptions,45.0
Measurement & modeling (1),race,Asian / Asian American,inst_trust_mean,75.6
Measurement & modeling (1),race,Asian / Asian American,newsletter_signup,1.6
Measurement & modeling (1),race,Asian / Asian American,policy_general,68.0
Measurement & modeling (1),race,Asian / Asian American,policy_role_mean,73.0
Measurement & modeling (1),race,Asian / Asian American,policy_specific_mean,79.28571428571429
Measurement & modeling (1),race,Asian / Asian American,trust_multidimensional,80.20833333333333
Measurement & modeling (1),race,Asian / Asian American,trust_post,76.5
Measurement & modeling (1),race,Black / African American,behavior_mean,50.15833333333333
Measurement & modeling (1),race,Black / African American,belief_post,80.275
Measurement & modeling (1),race,Black / African American,concern_mean,72.09166666666667
Measurement & modeling (1),race,Black / African American,distrust_post,22.55
Measurement & modeling (1),race,Black / African American,donation_ams,3.9000000000000004
Measurement & modeling (1),race,Black / African American,funding_perceptions,45.95
Measurement & modeling (1),race,Black / African American,inst_trust_mean,71.355
Measurement & modeling (1),race,Black / African American,newsletter_signup,1.5125000000000002
Measurement & modeling (1),race,Black / African American,policy_general,70.925
Measurement & modeling (1),race,Black / African American,policy_role_mean,71.98125
Measurement & modeling (1),race,Black / African American,policy_specific_mean,70.08928571428572
Measurement & modeling (1),race,Black / African American,trust_multidimensional,79.17708333333333
Measurement & modeling (1),race,Black / African American,trust_post,71.325
Measurement & modeling (1),race,Hispanic / Latino,behavior_mean,64.11666666666666
Measurement & modeling (1),race,Hispanic / Latino,belief_post,86.8
Measurement & modeling (1),race,Hispanic / Latino,concern_mean,85.60000000000001
Measurement & modeling (1),race,Hispanic / Latino,distrust_post,14.2
Measurement & modeling (1),race,Hispanic / Latino,donation_ams,3.9000000000000004
Measurement & modeling (1),race,Hispanic / Latino,funding_perceptions,12.5
Measurement & modeling (1),race,Hispanic / Latino,inst_trust_mean,83.72
Measurement & modeling (1),race,Hispanic / Latino,newsletter_signup,1.35
Measurement & modeling (1),race,Hispanic / Latino,policy_general,83.2
Measurement & modeling (1),race,Hispanic / Latino,policy_role_mean,86.4
Measurement & modeling (1),race,Hispanic / Latino,policy_specific_mean,80.87142857142858
Measurement & modeling (1),race,Hispanic / Latino,trust_multidimensional,86.325
Measurement & modeling (1),race,Hispanic / Latino,trust_post,85.5
Measurement & modeling (1),race,Other,behavior_mean,47.46666666666667
Measurement & modeling (1),race,Other,belief_post,86.7
Measurement & modeling (1),race,Other,concern_mean,81.26666666666667
Measurement & modeling (1),race,Other,distrust_post,21.5
Measurement & modeling (1),race,Other,donation_ams,5.8
Measurement & modeling (1),race,Other,funding_perceptions,54.7
Measurement & modeling (1),race,Other,inst_trust_mean,71.55999999999999
Measurement & modeling (1),race,Other,newsletter_signup,1.2
Measurement & modeling (1),race,Other,policy_general,70.4
Measurement & modeling (1),race,Other,policy_role_mean,72.9
Measurement & modeling (1),race,Other,policy_specific_mean,70.24285714285715
Measurement & modeling (1),race,Other,trust_multidimensional,76.55
Measurement & modeling (1),race,Other,trust_post,78.1
Measurement & modeling (1),race,White / Caucasian,behavior_mean,23.883333333333336
Measurement & modeling (1),race,White / Caucasian,belief_post,58.6
Measurement & modeling (1),race,White / Caucasian,concern_mean,46.5
Measurement & modeling (1),race,White / Caucasian,distrust_post,32.5
Measurement & modeling (1),race,White / Caucasian,donation_ams,2.4
Measurement & modeling (1),race,White / Caucasian,funding_perceptions,71.6
Measurement & modeling (1),race,White / Caucasian,inst_trust_mean,54.54
Measurement & modeling (1),race,White / Caucasian,newsletter_signup,1.9
Measurement & modeling (1),race,White / Caucasian,policy_general,62.1
Measurement & modeling (1),race,White / Caucasian,policy_role_mean,55.625
Measurement & modeling (1),race,White / Caucasian,policy_specific_mean,49.957142857142856
Measurement & modeling (1),race,White / Caucasian,trust_multidimensional,73.625
Measurement & modeling (1),race,White / Caucasian,trust_post,45.2
Measurement & modeling (2),age_band,18-29,behavior_mean,50.5
Measurement & modeling (2),age_band,18-29,belief_post,95.0
Measurement & modeling (2),age_band,18-29,concern_mean,80.0
Measurement & modeling (2),age_band,18-29,distrust_post,15.0
Measurement & modeling (2),age_band,18-29,donation_ams,6.0
Measurement & modeling (2),age_band,18-29,funding_perceptions,18.0
Measurement & modeling (2),age_band,18-29,inst_trust_mean,76.0
Measurement & modeling (2),age_band,18-29,newsletter_signup,35.0
Measurement & modeling (2),age_band,18-29,policy_general,78.0
Measurement & modeling (2),age_band,18-29,policy_role_mean,80.5
Measurement & modeling (2),age_band,18-29,policy_specific_mean,69.14285714285714
Measurement & modeling (2),age_band,18-29,trust_multidimensional,79.91666666666667
Measurement & modeling (2),age_band,18-29,trust_post,75.0
Measurement & modeling (2),age_band,30-44,behavior_mean,41.666666666666664
Measurement & modeling (2),age_band,30-44,belief_post,91.0
Measurement & modeling (2),age_band,30-44,concern_mean,75.33333333333333
Measurement & modeling (2),age_band,30-44,distrust_post,18.0
Measurement & modeling (2),age_band,30-44,donation_ams,4.5
Measurement & modeling (2),age_band,30-44,funding_perceptions,58.0
Measurement & modeling (2),age_band,30-44,inst_trust_mean,64.0
Measurement & modeling (2),age_band,30-44,newsletter_signup,1.4
Measurement & modeling (2),age_band,30-44,policy_general,72.0
Measurement & modeling (2),age_band,30-44,policy_role_mean,77.25
Measurement & modeling (2),age_band,30-44,policy_specific_mean,74.57142857142857
Measurement & modeling (2),age_band,30-44,trust_multidimensional,75.66666666666667
Measurement & modeling (2),age_band,30-44,trust_post,76.0
Measurement & modeling (2),age_band,45-59,behavior_mean,52.333333333333336
Measurement & modeling (2),age_band,45-59,belief_post,78.5
Measurement & modeling (2),age_band,45-59,concern_mean,64.66666666666667
Measurement & modeling (2),age_band,45-59,distrust_post,15.5
Measurement & modeling (2),age_band,45-59,donation_ams,4.5
Measurement & modeling (2),age_band,45-59,funding_perceptions,65.0
Measurement & modeling (2),age_band,45-59,inst_trust_mean,65.2
Measurement & modeling (2),age_band,45-59,newsletter_signup,1.4
Measurement & modeling (2),age_band,45-59,policy_general,62.0
Measurement & modeling (2),age_band,45-59,policy_role_mean,65.75
Measurement & modeling (2),age_band,45-59,policy_specific_mean,55.42857142857143
Measurement & modeling (2),age_band,45-59,trust_multidimensional,73.70833333333333
Measurement & modeling (2),age_band,45-59,trust_post,76.0
Measurement & modeling (2),age_band,60+,behavior_mean,31.333333333333332
Measurement & modeling (2),age_band,60+,belief_post,82.0
Measurement & modeling (2),age_band,60+,concern_mean,72.66666666666667
Measurement & modeling (2),age_band,60+,distrust_post,35.0
Measurement & modeling (2),age_band,60+,donation_ams,12.0
Measurement & modeling (2),age_band,60+,funding_perceptions,48.0
Measurement & modeling (2),age_band,60+,inst_trust_mean,60.0
Measurement & modeling (2),age_band,60+,newsletter_signup,38.0
Measurement & modeling (2),age_band,60+,policy_general,42.0
Measurement & modeling (2),age_band,60+,policy_role_mean,47.25
Measurement & modeling (2),age_band,60+,policy_specific_mean,49.142857142857146
Measurement & modeling (2),age_band,60+,trust_multidimensional,65.41666666666667
Measurement & modeling (2),age_band,60+,trust_post,58.0
Measurement & modeling (2),education,Bachelor's degree,behavior_mean,59.166666666666664
Measurement & modeling (2),education,Bachelor's degree,belief_post,92.0
Measurement & modeling (2),education,Bachelor's degree,concern_mean,77.66666666666667
Measurement & modeling (2),education,Bachelor's degree,distrust_post,12.0
Measurement & modeling (2),education,Bachelor's degree,donation_ams,6.0
Measurement & modeling (2),education,Bachelor's degree,funding_perceptions,60.0
Measurement & modeling (2),education,Bachelor's degree,inst_trust_mean,82.0
Measurement & modeling (2),education,Bachelor's degree,newsletter_signup,1.55
Measurement & modeling (2),education,Bachelor's degree,policy_general,80.0
Measurement & modeling (2),education,Bachelor's degree,policy_role_mean,80.5
Measurement & modeling (2),education,Bachelor's degree,policy_specific_mean,76.85714285714286
Measurement & modeling (2),education,Bachelor's degree,trust_multidimensional,85.58333333333333
Measurement & modeling (2),education,Bachelor's degree,trust_post,85.0
Measurement & modeling (2),education,Doctorate degree / Ph.D.,behavior_mean,49.166666666666664
Measurement & modeling (2),education,Doctorate degree / Ph.D.,belief_post,96.0
Measurement & modeling (2),education,Doctorate degree / Ph.D.,concern_mean,90.0
Measurement & modeling (2),education,Doctorate degree / Ph.D.,distrust_post,8.0
Measurement & modeling (2),education,Doctorate degree / Ph.D.,donation_ams,3.5
Measurement & modeling (2),education,Doctorate degree / Ph.D.,funding_perceptions,48.0
Measurement & modeling (2),education,Doctorate degree / Ph.D.,inst_trust_mean,79.4
Measurement & modeling (2),education,Doctorate degree / Ph.D.,newsletter_signup,82.0
Measurement & modeling (2),education,Doctorate degree / Ph.D.,policy_general,72.0
Measurement & modeling (2),education,Doctorate degree / Ph.D.,policy_role_mean,80.25
Measurement & modeling (2),education,Doctorate degree / Ph.D.,policy_specific_mean,73.57142857142857
Measurement & modeling (2),education,Doctorate degree / Ph.D.,trust_multidimensional,85.25
Measurement & modeling (2),education,Doctorate degree / Ph.D.,trust_post,93.0
Measurement & modeling (2),education,High school diploma / GED,behavior_mean,32.15
Measurement & modeling (2),education,High school diploma / GED,belief_post,74.1
Measurement & modeling (2),education,High school diploma / GED,concern_mean,64.89999999999999
Measurement & modeling (2),education,High school diploma / GED,distrust_post,15.7
Measurement & modeling (2),education,High school diploma / GED,donation_ams,12.4
Measurement & modeling (2),education,High school diploma / GED,funding_perceptions,33.8
Measurement & modeling (2),education,High school diploma / GED,inst_trust_mean,51.9
Measurement & modeling (2),education,High school diploma / GED,newsletter_signup,7.6
Measurement & modeling (2),education,High school diploma / GED,policy_general,58.9
Measurement & modeling (2),education,High school diploma / GED,policy_role_mean,57.975
Measurement & modeling (2),education,High school diploma / GED,policy_specific_mean,50.457142857142856
Measurement & modeling (2),education,High school diploma / GED,trust_multidimensional,61.458333333333336
Measurement & modeling (2),education,High school diploma / GED,trust_post,64.5
Measurement & modeling (2),education,Less than high school,behavior_mean,13.0
Measurement & modeling (2),education,Less than high school,belief_post,35.0
Measurement & modeling (2),education,Less than high school,concern_mean,30.666666666666668
Measurement & modeling (2),education,Less than high school,distrust_post,62.0
Measurement & modeling (2),education,Less than high school,donation_ams,3.5
Measurement & modeling (2),education,Less than high school,funding_perceptions,74.0
Measurement & modeling (2),education,Less than high school,inst_trust_mean,27.2
Measurement & modeling (2),education,Less than high school,newsletter_signup,1.8
Measurement & modeling (2),education,Less than high school,policy_general,28.0
Measurement & modeling (2),education,Less than high school,policy_role_mean,23.0
Measurement & modeling (2),education,Less than high school,policy_specific_mean,22.0
Measurement & modeling (2),education,Less than high school,trust_multidimensional,29.041666666666668
Measurement & modeling (2),education,Less than high school,trust_post,32.0
Measurement & modeling (2),education,Master's degree / Professional degree,behavior_mean,58.333333333333336
Measurement & modeling (2),education,Master's degree / Professional degree,belief_post,95.0
Measurement & modeling (2),education,Master's degree / Professional degree,concern_mean,85.83333333333333
Measurement & modeling (2),education,Master's degree / Professional degree,distrust_post,12.0
Measurement & modeling (2),education,Master's degree / Professional degree,donation_ams,6.5
Measurement & modeling (2),education,Master's degree / Professional degree,funding_perceptions,75.0
Measurement & modeling (2),education,Master's degree / Professional degree,inst_trust_mean,76.3
Measurement & modeling (2),education,Master's degree / Professional degree,newsletter_signup,85.0
Measurement & modeling (2),education,Master's degree / Professional degree,policy_general,82.0
Measurement & modeling (2),education,Master's degree / Professional degree,policy_role_mean,81.625
Measurement & modeling (2),education,Master's degree / Professional degree,policy_specific_mean,77.14285714285714
Measurement & modeling (2),education,Master's degree / Professional degree,trust_multidimensional,86.41666666666667
Measurement & modeling (2),education,Master's degree / Professional degree,trust_post,90.0
Measurement & modeling (2),education,Some college or Associate's degree,behavior_mean,49.333333333333336
Measurement & modeling (2),education,Some college or Associate's degree,belief_post,86.0
Measurement & modeling (2),education,Some college or Associate's degree,concern_mean,68.66666666666667
Measurement & modeling (2),education,Some college or Associate's degree,distrust_post,26.0
Measurement & modeling (2),education,Some college or Associate's degree,donation_ams,3.5
Measurement & modeling (2),education,Some college or Associate's degree,funding_perceptions,76.0
Measurement & modeling (2),education,Some college or Associate's degree,inst_trust_mean,67.4
Measurement & modeling (2),education,Some college or Associate's degree,newsletter_signup,1.5
Measurement & modeling (2),education,Some college or Associate's degree,policy_general,68.0
Measurement & modeling (2),education,Some college or Associate's degree,policy_role_mean,65.0
Measurement & modeling (2),education,Some college or Associate's degree,policy_specific_mean,62.42857142857143
Measurement & modeling (2),education,Some college or Associate's degree,trust_multidimensional,74.75
Measurement & modeling (2),education,Some college or Associate's degree,trust_post,72.0
Measurement & modeling (2),gender,Female,behavior_mean,45.73333333333333
Measurement & modeling (2),gender,Female,belief_post,86.7
Measurement & modeling (2),gender,Female,concern_mean,72.86666666666667
Measurement & modeling (2),gender,Female,distrust_post,18.3
Measurement & modeling (2),gender,Female,donation_ams,0.9
Measurement & modeling (2),gender,Female,funding_perceptions,84.8
Measurement & modeling (2),gender,Female,inst_trust_mean,73.4
Measurement & modeling (2),gender,Female,newsletter_signup,1.15
Measurement & modeling (2),gender,Female,policy_general,74.5
Measurement & modeling (2),gender,Female,policy_role_mean,76.95
Measurement & modeling (2),gender,Female,policy_specific_mean,77.0
Measurement & modeling (2),gender,Female,trust_multidimensional,77.55
Measurement & modeling (2),gender,Female,trust_post,75.9
Measurement & modeling (2),gender,Male,behavior_mean,45.73333333333333
Measurement & modeling (2),gender,Male,belief_post,87.35
Measurement & modeling (2),gender,Male,concern_mean,72.86666666666667
Measurement & modeling (2),gender,Male,distrust_post,13.15
Measurement & modeling (2),gender,Male,donation_ams,2.2
Measurement & modeling (2),gender,Male,funding_perceptions,49.9
Measurement & modeling (2),gender,Male,inst_trust_mean,73.4
Measurement & modeling (2),gender,Male,newsletter_signup,1.325
Measurement & modeling (2),gender,Male,policy_general,69.75
Measurement & modeling (2),gender,Male,policy_role_mean,76.95
Measurement & modeling (2),gender,Male,policy_specific_mean,77.0
Measurement & modeling (2),gender,Male,trust_multidimensional,81.275
Measurement & modeling (2),gender,Male,trust_post,82.95
Measurement & modeling (2),gender,Other,behavior_mean,45.73333333333333
Measurement & modeling (2),gender,Other,belief_post,88.0
Measurement & modeling (2),gender,Other,concern_mean,72.86666666666667
Measurement & modeling (2),gender,Other,distrust_post,8.0
Measurement & modeling (2),gender,Other,donation_ams,3.5
Measurement & modeling (2),gender,Other,funding_perceptions,15.0
Measurement & modeling (2),gender,Other,inst_trust_mean,73.4
Measurement & modeling (2),gender,Other,newsletter_signup,1.5
Measurement & modeling (2),gender,Other,policy_general,65.0
Measurement & modeling (2),gender,Other,policy_role_mean,76.95
Measurement & modeling (2),gender,Other,policy_specific_mean,77.0
Measurement & modeling (2),gender,Other,trust_multidimensional,85.0
Measurement & modeling (2),gender,Other,trust_post,90.0
Measurement & modeling (2),income,"$100,000 to $167,999",behavior_mean,62.5
Measurement & modeling (2),income,"$100,000 to $167,999",belief_post,88.0
Measurement & modeling (2),income,"$100,000 to $167,999",concern_mean,74.33333333333333
Measurement & modeling (2),income,"$100,000 to $167,999",distrust_post,18.0
Measurement & modeling (2),income,"$100,000 to $167,999",donation_ams,7.0
Measurement & modeling (2),income,"$100,000 to $167,999",funding_perceptions,45.0
Measurement & modeling (2),income,"$100,000 to $167,999",inst_trust_mean,67.6
Measurement & modeling (2),income,"$100,000 to $167,999",newsletter_signup,1.4
Measurement & modeling (2),income,"$100,000 to $167,999",policy_general,72.0
Measurement & modeling (2),income,"$100,000 to $167,999",policy_role_mean,77.75
Measurement & modeling (2),income,"$100,000 to $167,999",policy_specific_mean,71.0
Measurement & modeling (2),income,"$100,000 to $167,999",trust_multidimensional,79.41666666666667
Measurement & modeling (2),income,"$100,000 to $167,999",trust_post,82.0
Measurement & modeling (2),income,"$168,000 or more",behavior_mean,75.25
Measurement & modeling (2),income,"$168,000 or more",belief_post,94.5
Measurement & modeling (2),income,"$168,000 or more",concern_mean,81.66666666666667
Measurement & modeling (2),income,"$168,000 or more",distrust_post,7.2
Measurement & modeling (2),income,"$168,000 or more",donation_ams,8.7
Measurement & modeling (2),income,"$168,000 or more",funding_perceptions,31.5
Measurement & modeling (2),income,"$168,000 or more",inst_trust_mean,84.7
Measurement & modeling (2),income,"$168,000 or more",newsletter_signup,1.15
Measurement & modeling (2),income,"$168,000 or more",policy_general,86.2
Measurement & modeling (2),income,"$168,000 or more",policy_role_mean,90.7
Measurement & modeling (2),income,"$168,000 or more",policy_specific_mean,89.0
Measurement & modeling (2),income,"$168,000 or more",trust_multidimensional,86.78333333333335
Measurement & modeling (2),income,"$168,000 or more",trust_post,88.4
Measurement & modeling (2),income,"$30,000 to $55,999",behavior_mean,30.5
Measurement & modeling (2),income,"$30,000 to $55,999",belief_post,78.0
Measurement & modeling (2),income,"$30,000 to $55,999",concern_mean,66.66666666666667
Measurement & modeling (2),income,"$30,000 to $55,999",distrust_post,25.0
Measurement & modeling (2),income,"$30,000 to $55,999",donation_ams,2.0
Measurement & modeling (2),income,"$30,000 to $55,999",funding_perceptions,52.0
Measurement & modeling (2),income,"$30,000 to $55,999",inst_trust_mean,66.4
Measurement & modeling (2),income,"$30,000 to $55,999",newsletter_signup,1.8
Measurement & modeling (2),income,"$30,000 to $55,999",policy_general,58.0
Measurement & modeling (2),income,"$30,000 to $55,999",policy_role_mean,58.75
Measurement & modeling (2),income,"$30,000 to $55,999",policy_specific_mean,55.0
Measurement & modeling (2),income,"$30,000 to $55,999",trust_multidimensional,74.5
Measurement & modeling (2),income,"$30,000 to $55,999",trust_post,65.0
Measurement & modeling (2),income,"$56,000 to $99,999",behavior_mean,32.766666666666666
Measurement & modeling (2),income,"$56,000 to $99,999",belief_post,87.6
Measurement & modeling (2),income,"$56,000 to $99,999",concern_mean,61.56666666666666
Measurement & modeling (2),income,"$56,000 to $99,999",distrust_post,12.3
Measurement & modeling (2),income,"$56,000 to $99,999",donation_ams,4.2
Measurement & modeling (2),income,"$56,000 to $99,999",funding_perceptions,51.1
Measurement & modeling (2),income,"$56,000 to $99,999",inst_trust_mean,58.48
Measurement & modeling (2),income,"$56,000 to $99,999",newsletter_signup,1.15
Measurement & modeling (2),income,"$56,000 to $99,999",policy_general,68.4
Measurement & modeling (2),income,"$56,000 to $99,999",policy_role_mean,61.3
Measurement & modeling (2),income,"$56,000 to $99,999",policy_specific_mean,59.357142857142854
Measurement & modeling (2),income,"$56,000 to $99,999",trust_multidimensional,67.98333333333333
Measurement & modeling (2),income,"$56,000 to $99,999",trust_post,72.8
Measurement & modeling (2),income,"Less than $30,000",behavior_mean,27.333333333333332
Measurement & modeling (2),income,"Less than $30,000",belief_post,68.0
Measurement & modeling (2),income,"Less than $30,000",concern_mean,71.33333333333333
Measurement & modeling (2),income,"Less than $30,000",distrust_post,28.0
Measurement & modeling (2),income,"Less than $30,000",donation_ams,2.0
Measurement & modeling (2),income,"Less than $30,000",funding_perceptions,57.0
Measurement & modeling (2),income,"Less than $30,000",inst_trust_mean,41.0
Measurement & modeling (2),income,"Less than $30,000",newsletter_signup,1.2
Measurement & modeling (2),income,"Less than $30,000",policy_general,48.0
Measurement & modeling (2),income,"Less than $30,000",policy_role_mean,43.75
Measurement & modeling (2),income,"Less than $30,000",policy_specific_mean,41.857142857142854
Measurement & modeling (2),income,"Less than $30,000",trust_multidimensional,59.583333333333336
Measurement & modeling (2),income,"Less than $30,000",trust_post,42.0
Measurement & modeling (2),party,Democrat,behavior_mean,55.166666666666664
Measurement & modeling (2),party,Democrat,belief_post,90.0
Measurement & modeling (2),party,Democrat,concern_mean,74.0
Measurement & modeling (2),party,Democrat,distrust_post,25.0
Measurement & modeling (2),party,Democrat,donation_ams,6.0
Measurement & modeling (2),party,Democrat,funding_perceptions,42.0
Measurement & modeling (2),party,Democrat,inst_trust_mean,75.4
Measurement & modeling (2),party,Democrat,newsletter_signup,1.4
Measurement & modeling (2),party,Democrat,policy_general,72.0
Measurement & modeling (2),party,Democrat,policy_role_mean,78.25
Measurement & modeling (2),party,Democrat,policy_specific_mean,68.28571428571429
Measurement & modeling (2),party,Democrat,trust_multidimensional,76.91666666666667
Measurement & modeling (2),party,Democrat,trust_post,85.0
Measurement & modeling (2),party,Independent,behavior_mean,32.333333333333336
Measurement & modeling (2),party,Independent,belief_post,79.0
Measurement & modeling (2),party,Independent,concern_mean,65.0
Measurement & modeling (2),party,Independent,distrust_post,22.0
Measurement & modeling (2),party,Independent,donation_ams,5.0
Measurement & modeling (2),party,Independent,funding_perceptions,38.0
Measurement & modeling (2),party,Independent,inst_trust_mean,59.6
Measurement & modeling (2),party,Independent,newsletter_signup,1.6
Measurement & modeling (2),party,Independent,policy_general,60.0
Measurement & modeling (2),party,Independent,policy_role_mean,63.25
Measurement & modeling (2),party,Independent,policy_specific_mean,53.857142857142854
Measurement & modeling (2),party,Independent,trust_multidimensional,76.33333333333333
Measurement & modeling (2),party,Independent,trust_post,68.0
Measurement & modeling (2),party,Other,behavior_mean,41.666666666666664
Measurement & modeling (2),party,Other,belief_post,70.0
Measurement & modeling (2),party,Other,concern_mean,63.333333333333336
Measurement & modeling (2),party,Other,distrust_post,35.0
Measurement & modeling (2),party,Other,donation_ams,25.0
Measurement & modeling (2),party,Other,funding_perceptions,50.0
Measurement & modeling (2),party,Other,inst_trust_mean,51.6
Measurement & modeling (2),party,Other,newsletter_signup,0.5
Measurement & modeling (2),party,Other,policy_general,55.0
Measurement & modeling (2),party,Other,policy_role_mean,53.75
Measurement & modeling (2),party,Other,policy_specific_mean,51.285714285714285
Measurement & modeling (2),party,Other,trust_multidimensional,58.75
Measurement & modeling (2),party,Other,trust_post,60.0
Measurement & modeling (2),party,Republican,behavior_mean,43.05555555555555
Measurement & modeling (2),party,Republican,belief_post,35.0
Measurement & modeling (2),party,Republican,concern_mean,30.0
Measurement & modeling (2),party,Republican,distrust_post,75.0
Measurement & modeling (2),party,Republican,donation_ams,3.5
Measurement & modeling (2),party,Republican,funding_perceptions,55.0
Measurement & modeling (2),party,Republican,inst_trust_mean,16.0
Measurement & modeling (2),party,Republican,newsletter_signup,1.8
Measurement & modeling (2),party,Republican,policy_general,25.0
Measurement & modeling (2),party,Republican,policy_role_mean,18.75
Measurement & modeling (2),party,Republican,policy_specific_mean,16.428571428571427
Measurement & modeling (2),party,Republican,trust_multidimensional,22.916666666666668
Measurement & modeling (2),party,Republican,trust_post,20.0
Measurement & modeling (2),race,Asian / Asian American,behavior_mean,54.5
Measurement & modeling (2),race,Asian / Asian American,belief_post,95.0
Measurement & modeling (2),race,Asian / Asian American,concern_mean,79.0
Measurement & modeling (2),race,Asian / Asian American,distrust_post,12.0
Measurement & modeling (2),race,Asian / Asian American,donation_ams,3.5
Measurement & modeling (2),race,Asian / Asian American,funding_perceptions,35.0
Measurement & modeling (2),race,Asian / Asian American,inst_trust_mean,76.6
Measurement & modeling (2),race,Asian / Asian American,newsletter_signup,1.2
Measurement & modeling (2),race,Asian / Asian American,policy_general,78.0
Measurement & modeling (2),race,Asian / Asian American,policy_role_mean,77.25
Measurement & modeling (2),race,Asian / Asian American,policy_specific_mean,76.0
Measurement & modeling (2),race,Asian / Asian American,trust_multidimensional,84.45833333333333
Measurement & modeling (2),race,Asian / Asian American,trust_post,88.0
Measurement & modeling (2),race,Black / African American,behavior_mean,83.66666666666667
Measurement & modeling (2),race,Black / African American,belief_post,94.0
Measurement & modeling (2),race,Black / African American,concern_mean,82.0
Measurement & modeling (2),race,Black / African American,distrust_post,18.0
Measurement & modeling (2),race,Black / African American,donation_ams,6.0
Measurement & modeling (2),race,Black / African American,funding_perceptions,58.0
Measurement & modeling (2),race,Black / African American,inst_trust_mean,63.4
Measurement & modeling (2),race,Black / African American,newsletter_signup,1.6
Measurement & modeling (2),race,Black / African American,policy_general,78.0
Measurement & modeling (2),race,Black / African American,policy_role_mean,73.25
Measurement & modeling (2),race,Black / African American,policy_specific_mean,79.71428571428571
Measurement & modeling (2),race,Black / African American,trust_multidimensional,77.0
Measurement & modeling (2),race,Black / African American,trust_post,82.0
Measurement & modeling (2),race,Hispanic / Latino,behavior_mean,47.333333333333336
Measurement & modeling (2),race,Hispanic / Latino,belief_post,87.0
Measurement & modeling (2),race,Hispanic / Latino,concern_mean,72.33333333333333
Measurement & modeling (2),race,Hispanic / Latino,distrust_post,22.0
Measurement & modeling (2),race,Hispanic / Latino,donation_ams,4.0
Measurement & modeling (2),race,Hispanic / Latino,funding_perceptions,55.0
Measurement & modeling (2),race,Hispanic / Latino,inst_trust_mean,59.2
Measurement & modeling (2),race,Hispanic / Latino,newsletter_signup,1.7
Measurement & modeling (2),race,Hispanic / Latino,policy_general,68.0
Measurement & modeling (2),race,Hispanic / Latino,policy_role_mean,68.5
Measurement & modeling (2),race,Hispanic / Latino,policy_specific_mean,50.42857142857143
Measurement & modeling (2),race,Hispanic / Latino,trust_multidimensional,76.25
Measurement & modeling (2),race,Hispanic / Latino,trust_post,76.0
Measurement & modeling (2),race,Other,behavior_mean,61.83333333333334
Measurement & modeling (2),race,Other,belief_post,92.0
Measurement & modeling (2),race,Other,concern_mean,77.77777777777777
Measurement & modeling (2),race,Other,distrust_post,17.333333333333332
Measurement & modeling (2),race,Other,donation_ams,4.5
Measurement & modeling (2),race,Other,funding_perceptions,49.333333333333336
Measurement & modeling (2),race,Other,inst_trust_mean,66.39999999999999
Measurement & modeling (2),race,Other,newsletter_signup,1.5
Measurement & modeling (2),race,Other,policy_general,74.66666666666667
Measurement & modeling (2),race,Other,policy_role_mean,73.0
Measurement & modeling (2),race,Other,policy_specific_mean,68.71428571428572
Measurement & modeling (2),race,Other,trust_multidimensional,81.08333333333333
Measurement & modeling (2),race,Other,trust_post,82.0
Measurement & modeling (2),race,White / Caucasian,behavior_mean,61.83333333333334
Measurement & modeling (2),race,White / Caucasian,belief_post,92.0
Measurement & modeling (2),race,White / Caucasian,concern_mean,77.77777777777777
Measurement & modeling (2),race,White / Caucasian,distrust_post,17.333333333333332
Measurement & modeling (2),race,White / Caucasian,donation_ams,4.5
Measurement & modeling (2),race,White / Caucasian,funding_perceptions,49.333333333333336
Measurement & modeling (2),race,White / Caucasian,inst_trust_mean,66.39999999999999
Measurement & modeling (2),race,White / Caucasian,newsletter_signup,1.5
Measurement & modeling (2),race,White / Caucasian,policy_general,74.66666666666667
Measurement & modeling (2),race,White / Caucasian,policy_role_mean,73.0
Measurement & modeling (2),race,White / Caucasian,policy_specific_mean,68.71428571428572
Measurement & modeling (2),race,White / Caucasian,trust_multidimensional,79.69791666666666
Measurement & modeling (2),race,White / Caucasian,trust_post,82.0
Model accuracy,age_band,18-29,behavior_mean,56.666666666666664
Model accuracy,age_band,18-29,belief_post,93.0
Model accuracy,age_band,18-29,concern_mean,83.33333333333333
Model accuracy,age_band,18-29,distrust_post,15.0
Model accuracy,age_band,18-29,donation_ams,6.5
Model accuracy,age_band,18-29,funding_perceptions,60.0
Model accuracy,age_band,18-29,inst_trust_mean,80.6
Model accuracy,age_band,18-29,newsletter_signup,1.4
Model accuracy,age_band,18-29,policy_general,81.0
Model accuracy,age_band,18-29,policy_role_mean,78.5
Model accuracy,age_band,18-29,policy_specific_mean,74.57142857142857
Model accuracy,age_band,18-29,trust_multidimensional,84.83333333333333
Model accuracy,age_band,18-29,trust_post,82.0
Model accuracy,age_band,30-44,behavior_mean,50.0
Model accuracy,age_band,30-44,belief_post,88.0
Model accuracy,age_band,30-44,concern_mean,75.0
Model accuracy,age_band,30-44,distrust_post,30.0
Model accuracy,age_band,30-44,donation_ams,3.2
Model accuracy,age_band,30-44,funding_perceptions,35.0
Model accuracy,age_band,30-44,inst_trust_mean,58.0
Model accuracy,age_band,30-44,newsletter_signup,1.4
Model accuracy,age_band,30-44,policy_general,68.0
Model accuracy,age_band,30-44,policy_role_mean,63.0
Model accuracy,age_band,30-44,policy_specific_mean,61.57142857142857
Model accuracy,age_band,30-44,trust_multidimensional,64.66666666666667
Model accuracy,age_band,30-44,trust_post,60.0
Model accuracy,age_band,45-59,behavior_mean,46.166666666666664
Model accuracy,age_band,45-59,belief_post,89.0
Model accuracy,age_band,45-59,concern_mean,66.66666666666667
Model accuracy,age_band,45-59,distrust_post,20.0
Model accuracy,age_band,45-59,donation_ams,6.0
Model accuracy,age_band,45-59,funding_perceptions,45.0
Model accuracy,age_band,45-59,inst_trust_mean,58.2
Model accuracy,age_band,45-59,newsletter_signup,1.7
Model accuracy,age_band,45-59,policy_general,66.0
Model accuracy,age_band,45-59,policy_role_mean,63.75
Model accuracy,age_band,45-59,policy_specific_mean,63.42857142857143
Model accuracy,age_band,45-59,trust_multidimensional,73.08333333333333
Model accuracy,age_band,45-59,trust_post,79.0
Model accuracy,age_band,60+,behavior_mean,44.166666666666664
Model accuracy,age_band,60+,belief_post,95.0
Model accuracy,age_band,60+,concern_mean,73.33333333333333
Model accuracy,age_band,60+,distrust_post,15.0
Model accuracy,age_band,60+,donation_ams,3.0
Model accuracy,age_band,60+,funding_perceptions,50.0
Model accuracy,age_band,60+,inst_trust_mean,71.4
Model accuracy,age_band,60+,newsletter_signup,35.0
Model accuracy,age_band,60+,policy_general,82.0
Model accuracy,age_band,60+,policy_role_mean,64.25
Model accuracy,age_band,60+,policy_specific_mean,64.0
Model accuracy,age_band,60+,trust_multidimensional,73.0
Model accuracy,age_band,60+,trust_post,80.0
Model accuracy,education,Bachelor's degree,behavior_mean,34.58333333333333
Model accuracy,education,Bachelor's degree,belief_post,84.0
Model accuracy,education,Bachelor's degree,concern_mean,68.33333333333333
Model accuracy,education,Bachelor's degree,distrust_post,18.0
Model accuracy,education,Bachelor's degree,donation_ams,4.0
Model accuracy,education,Bachelor's degree,funding_perceptions,38.0
Model accuracy,education,Bachelor's degree,inst_trust_mean,62.2
Model accuracy,education,Bachelor's degree,newsletter_signup,28.0
Model accuracy,education,Bachelor's degree,policy_general,68.0
Model accuracy,education,Bachelor's degree,policy_role_mean,69.5
Model accuracy,education,Bachelor's degree,policy_specific_mean,65.71428571428571
Model accuracy,education,Bachelor's degree,trust_multidimensional,75.83333333333333
Model accuracy,education,Bachelor's degree,trust_post,76.0
Model accuracy,education,Doctorate degree / Ph.D.,behavior_mean,34.58333333333333
Model accuracy,education,Doctorate degree / Ph.D.,belief_post,95.0
Model accuracy,education,Doctorate degree / Ph.D.,concern_mean,80.33333333333333
Model accuracy,education,Doctorate degree / Ph.D.,distrust_post,12.0
Model accuracy,education,Doctorate degree / Ph.D.,donation_ams,3.0
Model accuracy,education,Doctorate degree / Ph.D.,funding_perceptions,32.0
Model accuracy,education,Doctorate degree / Ph.D.,inst_trust_mean,77.8
Model accuracy,education,Doctorate degree / Ph.D.,newsletter_signup,1.6
Model accuracy,education,Doctorate degree / Ph.D.,policy_general,78.0
Model accuracy,education,Doctorate degree / Ph.D.,policy_role_mean,73.75
Model accuracy,education,Doctorate degree / Ph.D.,policy_specific_mean,51.05714285714286
Model accuracy,education,Doctorate degree / Ph.D.,trust_multidimensional,86.91666666666667
Model accuracy,education,Doctorate degree / Ph.D.,trust_post,89.0
Model accuracy,education,High school diploma / GED,behavior_mean,22.5
Model accuracy,education,High school diploma / GED,belief_post,50.0
Model accuracy,education,High school diploma / GED,concern_mean,35.0
Model accuracy,education,High school diploma / GED,distrust_post,55.0
Model accuracy,education,High school diploma / GED,donation_ams,4.0
Model accuracy,education,High school diploma / GED,funding_perceptions,60.0
Model accuracy,education,High school diploma / GED,inst_trust_mean,31.0
Model accuracy,education,High school diploma / GED,newsletter_signup,15.37
Model accuracy,education,High school diploma / GED,policy_general,35.0
Model accuracy,education,High school diploma / GED,policy_role_mean,36.25
Model accuracy,education,High school diploma / GED,policy_specific_mean,27.857142857142858
Model accuracy,education,High school diploma / GED,trust_multidimensional,39.166666666666664
Model accuracy,education,High school diploma / GED,trust_post,30.0
Model accuracy,education,Less than high school,behavior_mean,16.833333333333332
Model accuracy,education,Less than high school,belief_post,38.0
Model accuracy,education,Less than high school,concern_mean,26.333333333333332
Model accuracy,education,Less than high school,distrust_post,62.0
Model accuracy,education,Less than high school,donation_ams,2.0
Model accuracy,education,Less than high school,funding_perceptions,85.0
Model accuracy,education,Less than high school,inst_trust_mean,38.6
Model accuracy,education,Less than high school,newsletter_signup,1.4
Model accuracy,education,Less than high school,policy_general,32.0
Model accuracy,education,Less than high school,policy_role_mean,35.0
Model accuracy,education,Less than high school,policy_specific_mean,28.714285714285715
Model accuracy,education,Less than high school,trust_multidimensional,38.583333333333336
Model accuracy,education,Less than high school,trust_post,36.0
Model accuracy,education,Master's degree / Professional degree,behavior_mean,49.833333333333336
Model accuracy,education,Master's degree / Professional degree,belief_post,92.0
Model accuracy,education,Master's degree / Professional degree,concern_mean,66.0
Model accuracy,education,Master's degree / Professional degree,distrust_post,14.0
Model accuracy,education,Master's degree / Professional degree,donation_ams,8.0
Model accuracy,education,Master's degree / Professional degree,funding_perceptions,45.0
Model accuracy,education,Master's degree / Professional degree,inst_trust_mean,77.6
Model accuracy,education,Master's degree / Professional degree,newsletter_signup,45.0
Model accuracy,education,Master's degree / Professional degree,policy_general,70.0
Model accuracy,education,Master's degree / Professional degree,policy_role_mean,71.25
Model accuracy,education,Master's degree / Professional degree,policy_specific_mean,65.85714285714286
Model accuracy,education,Master's degree / Professional degree,trust_multidimensional,79.41666666666667
Model accuracy,education,Master's degree / Professional degree,trust_post,78.0
Model accuracy,education,Some college or Associate's degree,behavior_mean,49.166666666666664
Model accuracy,education,Some college or Associate's degree,belief_post,78.0
Model accuracy,education,Some college or Associate's degree,concern_mean,69.0
Model accuracy,education,Some college or Associate's degree,distrust_post,25.0
Model accuracy,education,Some college or Associate's degree,donation_ams,3.0
Model accuracy,education,Some college or Associate's degree,funding_perceptions,50.0
Model accuracy,education,Some college or Associate's degree,inst_trust_mean,62.0
Model accuracy,education,Some college or Associate's degree,newsletter_signup,0.85
Model accuracy,education,Some college or Associate's degree,policy_general,60.0
Model accuracy,education,Some college or Associate's degree,policy_role_mean,61.25
Model accuracy,education,Some college or Associate's degree,policy_specific_mean,67.14285714285714
Model accuracy,education,Some college or Associate's degree,trust_multidimensional,71.66666666666667
Model accuracy,education,Some college or Associate's degree,trust_post,55.0
Model accuracy,gender,Female,behavior_mean,57.0
Model accuracy,gender,Female,belief_post,88.0
Model accuracy,gender,Female,concern_mean,65.66666666666667
Model accuracy,gender,Female,distrust_post,28.0
Model accuracy,gender,Female,donation_ams,7.0
Model accuracy,gender,Female,funding_perceptions,40.0
Model accuracy,gender,Female,inst_trust_mean,60.88
Model accuracy,gender,Female,newsletter_signup,1.3
Model accuracy,gender,Female,policy_general,68.0
Model accuracy,gender,Female,policy_role_mean,73.25
Model accuracy,gender,Female,policy_specific_mean,74.28571428571429
Model accuracy,gender,Female,trust_multidimensional,80.83333333333333
Model accuracy,gender,Female,trust_post,72.0
Model accuracy,gender,Male,behavior_mean,25.0
Model accuracy,gender,Male,belief_post,80.0
Model accuracy,gender,Male,concern_mean,60.0
Model accuracy,gender,Male,distrust_post,20.0
Model accuracy,gender,Male,donation_ams,4.0
Model accuracy,gender,Male,funding_perceptions,50.0
Model accuracy,gender,Male,inst_trust_mean,61.6
Model accuracy,gender,Male,newsletter_signup,1.6
Model accuracy,gender,Male,policy_general,55.0
Model accuracy,gender,Male,policy_role_mean,49.5
Model accuracy,gender,Male,policy_specific_mean,53.57142857142857
Model accuracy,gender,Male,trust_multidimensional,72.83333333333333
Model accuracy,gender,Male,trust_post,65.0
Model accuracy,gender,Other,behavior_mean,41.0
Model accuracy,gender,Other,belief_post,92.5
Model accuracy,gender,Other,concern_mean,62.833333333333336
Model accuracy,gender,Other,distrust_post,28.3
Model accuracy,gender,Other,donation_ams,1.85
Model accuracy,gender,Other,funding_perceptions,18.799999999999997
Model accuracy,gender,Other,inst_trust_mean,60.160000000000004
Model accuracy,gender,Other,newsletter_signup,1.28
Model accuracy,gender,Other,policy_general,78.9
Model accuracy,gender,Other,policy_role_mean,61.375
Model accuracy,gender,Other,policy_specific_mean,63.92857142857143
Model accuracy,gender,Other,trust_multidimensional,78.8025
Model accuracy,gender,Other,trust_post,76.45
Model accuracy,income,"$100,000 to $167,999",behavior_mean,61.333333333333336
Model accuracy,income,"$100,000 to $167,999",belief_post,92.0
Model accuracy,income,"$100,000 to $167,999",concern_mean,80.33333333333333
Model accuracy,income,"$100,000 to $167,999",distrust_post,14.0
Model accuracy,income,"$100,000 to $167,999",donation_ams,6.0
Model accuracy,income,"$100,000 to $167,999",funding_perceptions,32.0
Model accuracy,income,"$100,000 to $167,999",inst_trust_mean,79.6
Model accuracy,income,"$100,000 to $167,999",newsletter_signup,1.0
Model accuracy,income,"$100,000 to $167,999",policy_general,78.0
Model accuracy,income,"$100,000 to $167,999",policy_role_mean,81.25
Model accuracy,income,"$100,000 to $167,999",policy_specific_mean,71.14285714285714
Model accuracy,income,"$100,000 to $167,999",trust_multidimensional,78.83333333333333
Model accuracy,income,"$100,000 to $167,999",trust_post,86.0
Model accuracy,income,"$168,000 or more",behavior_mean,55.055555555555564
Model accuracy,income,"$168,000 or more",belief_post,88.75
Model accuracy,income,"$168,000 or more",concern_mean,70.83333333333333
Model accuracy,income,"$168,000 or more",distrust_post,24.25
Model accuracy,income,"$168,000 or more",donation_ams,5.25
Model accuracy,income,"$168,000 or more",funding_perceptions,44.75
Model accuracy,income,"$168,000 or more",inst_trust_mean,69.35
Model accuracy,income,"$168,000 or more",newsletter_signup,1.45
Model accuracy,income,"$168,000 or more",policy_general,72.25
Model accuracy,income,"$168,000 or more",policy_role_mean,66.5
Model accuracy,income,"$168,000 or more",policy_specific_mean,65.42857142857143
Model accuracy,income,"$168,000 or more",trust_multidimensional,70.10416666666666
Model accuracy,income,"$168,000 or more",trust_post,71.5
Model accuracy,income,"$30,000 to $55,999",behavior_mean,48.333333333333336
Model accuracy,income,"$30,000 to $55,999",belief_post,85.0
Model accuracy,income,"$30,000 to $55,999",concern_mean,60.0
Model accuracy,income,"$30,000 to $55,999",distrust_post,25.0
Model accuracy,income,"$30,000 to $55,999",donation_ams,4.0
Model accuracy,income,"$30,000 to $55,999",funding_perceptions,62.0
Model accuracy,income,"$30,000 to $55,999",inst_trust_mean,68.6
Model accuracy,income,"$30,000 to $55,999",newsletter_signup,1.8
Model accuracy,income,"$30,000 to $55,999",policy_general,75.0
Model accuracy,income,"$30,000 to $55,999",policy_role_mean,61.25
Model accuracy,income,"$30,000 to $55,999",policy_specific_mean,63.57142857142857
Model accuracy,income,"$30,000 to $55,999",trust_multidimensional,60.25
Model accuracy,income,"$30,000 to $55,999",trust_post,70.0
Model accuracy,income,"$56,000 to $99,999",behavior_mean,55.5
Model accuracy,income,"$56,000 to $99,999",belief_post,96.0
Model accuracy,income,"$56,000 to $99,999",concern_mean,74.33333333333333
Model accuracy,income,"$56,000 to $99,999",distrust_post,14.0
Model accuracy,income,"$56,000 to $99,999",donation_ams,6.5
Model accuracy,income,"$56,000 to $99,999",funding_perceptions,50.0
Model accuracy,income,"$56,000 to $99,999",inst_trust_mean,75.2
Model accuracy,income,"$56,000 to $99,999",newsletter_signup,1.8
Model accuracy,income,"$56,000 to $99,999",policy_general,78.0
Model accuracy,income,"$56,000 to $99,999",policy_role_mean,72.5
Model accuracy,income,"$56,000 to $99,999",policy_specific_mean,61.57142857142857
Model accuracy,income,"$56,000 to $99,999",trust_multidimensional,79.0
Model accuracy,income,"$56,000 to $99,999",trust_post,74.0
Model accuracy,income,"Less than $30,000",behavior_mean,55.055555555555564
Model accuracy,income,"Less than $30,000",belief_post,82.0
Model accuracy,income,"Less than $30,000",concern_mean,68.66666666666667
Model accuracy,income,"Less than $30,000",distrust_post,44.0
Model accuracy,income,"Less than $30,000",donation_ams,4.5
Model accuracy,income,"Less than $30,000",funding_perceptions,35.0
Model accuracy,income,"Less than $30,000",inst_trust_mean,54.0
Model accuracy,income,"Less than $30,000",newsletter_signup,1.2
Model accuracy,income,"Less than $30,000",policy_general,58.0
Model accuracy,income,"Less than $30,000",policy_role_mean,51.0
Model accuracy,income,"Less than $30,000",policy_specific_mean,65.42857142857143
Model accuracy,income,"Less than $30,000",trust_multidimensional,62.333333333333336
Model accuracy,income,"Less than $30,000",trust_post,56.0
Model accuracy,party,Democrat,behavior_mean,54.166666666666664
Model accuracy,party,Democrat,belief_post,92.0
Model accuracy,party,Democrat,concern_mean,71.66666666666667
Model accuracy,party,Democrat,distrust_post,14.0
Model accuracy,party,Democrat,donation_ams,6.5
Model accuracy,party,Democrat,funding_perceptions,25.0
Model accuracy,party,Democrat,inst_trust_mean,78.2
Model accuracy,party,Democrat,newsletter_signup,1.3
Model accuracy,party,Democrat,policy_general,82.0
Model accuracy,party,Democrat,policy_role_mean,79.0
Model accuracy,party,Democrat,policy_specific_mean,74.71428571428571
Model accuracy,party,Democrat,trust_multidimensional,84.83333333333333
Model accuracy,party,Democrat,trust_post,86.0
Model accuracy,party,Independent,behavior_mean,33.11666666666667
Model accuracy,party,Independent,belief_post,79.2
Model accuracy,party,Independent,concern_mean,62.166666666666664
Model accuracy,party,Independent,distrust_post,19.8
Model accuracy,party,Independent,donation_ams,5.4
Model accuracy,party,Independent,funding_perceptions,57.7
Model accuracy,party,Independent,inst_trust_mean,54.279999999999994
Model accuracy,party,Independent,newsletter_signup,24.3
Model accuracy,party,Independent,policy_general,58.5
Model accuracy,party,Independent,policy_role_mean,57.3
Model accuracy,party,Independent,policy_specific_mean,51.92857142857143
Model accuracy,party,Independent,trust_multidimensional,61.51666666666667
Model accuracy,party,Independent,trust_post,71.5
Model accuracy,party,Other,behavior_mean,40.0
Model accuracy,party,Other,belief_post,70.0
Model accuracy,party,Other,concern_mean,50.0
Model accuracy,party,Other,distrust_post,45.0
Model accuracy,party,Other,donation_ams,5.0
Model accuracy,party,Other,funding_perceptions,50.0
Model accuracy,party,Other,inst_trust_mean,46.0
Model accuracy,party,Other,newsletter_signup,1.15
Model accuracy,party,Other,policy_general,50.0
Model accuracy,party,Other,policy_role_mean,56.25
Model accuracy,party,Other,policy_specific_mean,45.714285714285715
Model accuracy,party,Other,trust_multidimensional,51.25
Model accuracy,party,Other,trust_post,55.0
Model accuracy,party,Republican,behavior_mean,23.0
Model accuracy,party,Republican,belief_post,48.0
Model accuracy,party,Republican,concern_mean,55.333333333333336
Model accuracy,party,Republican,distrust_post,72.0
Model accuracy,party,Republican,donation_ams,3.0
Model accuracy,party,Republican,funding_perceptions,52.0
Model accuracy,party,Republican,inst_trust_mean,42.4
Model accuracy,party,Republican,newsletter_signup,1.95
Model accuracy,party,Republican,policy_general,28.0
Model accuracy,party,Republican,policy_role_mean,42.75
Model accuracy,party,Republican,policy_specific_mean,41.714285714285715
Model accuracy,party,Republican,trust_multidimensional,46.0
Model accuracy,party,Republican,trust_post,35.0
Model accuracy,race,Asian / Asian American,behavior_mean,58.85
Model accuracy,race,Asian / Asian American,belief_post,89.4
Model accuracy,race,Asian / Asian American,concern_mean,73.89999999999999
Model accuracy,race,Asian / Asian American,distrust_post,15.2
Model accuracy,race,Asian / Asian American,donation_ams,3.5
Model accuracy,race,Asian / Asian American,funding_perceptions,58.0
Model accuracy,race,Asian / Asian American,inst_trust_mean,77.97999999999999
Model accuracy,race,Asian / Asian American,newsletter_signup,42.1
Model accuracy,race,Asian / Asian American,policy_general,65.8
Model accuracy,race,Asian / Asian American,policy_role_mean,75.725
Model accuracy,race,Asian / Asian American,policy_specific_mean,63.81428571428571
Model accuracy,race,Asian / Asian American,trust_multidimensional,75.61666666666666
Model accuracy,race,Asian / Asian American,trust_post,79.5
Model accuracy,race,Black / African American,behavior_mean,34.166666666666664
Model accuracy,race,Black / African American,belief_post,85.0
Model accuracy,race,Black / African American,concern_mean,71.66666666666667
Model accuracy,race,Black / African American,distrust_post,25.0
Model accuracy,race,Black / African American,donation_ams,2.5
Model accuracy,race,Black / African American,funding_perceptions,40.0
Model accuracy,race,Black / African American,inst_trust_mean,66.0
Model accuracy,race,Black / African American,newsletter_signup,1.3
Model accuracy,race,Black / African American,policy_general,68.0
Model accuracy,race,Black / African American,policy_role_mean,73.75
Model accuracy,race,Black / African American,policy_specific_mean,66.71428571428571
Model accuracy,race,Black / African American,trust_multidimensional,73.91666666666667
Model accuracy,race,Black / African American,trust_post,65.0
Model accuracy,race,Hispanic / Latino,behavior_mean,50.833333333333336
Model accuracy,race,Hispanic / Latino,belief_post,92.0
Model accuracy,race,Hispanic / Latino,concern_mean,83.33333333333333
Model accuracy,race,Hispanic / Latino,distrust_post,15.0
Model accuracy,race,Hispanic / Latino,donation_ams,6.0
Model accuracy,race,Hispanic / Latino,funding_perceptions,60.0
Model accuracy,race,Hispanic / Latino,inst_trust_mean,74.0
Model accuracy,race,Hispanic / Latino,newsletter_signup,1.8
Model accuracy,race,Hispanic / Latino,policy_general,78.0
Model accuracy,race,Hispanic / Latino,policy_role_mean,81.0
Model accuracy,race,Hispanic / Latino,policy_specific_mean,78.14285714285714
Model accuracy,race,Hispanic / Latino,trust_multidimensional,82.58333333333333
Model accuracy,race,Hispanic / Latino,trust_post,85.0
Model accuracy,race,Other,behavior_mean,42.5
Model accuracy,race,Other,belief_post,92.0
Model accuracy,race,Other,concern_mean,80.66666666666667
Model accuracy,race,Other,distrust_post,20.0
Model accuracy,race,Other,donation_ams,6.0
Model accuracy,race,Other,funding_perceptions,15.0
Model accuracy,race,Other,inst_trust_mean,72.0
Model accuracy,race,Other,newsletter_signup,1.4
Model accuracy,race,Other,policy_general,78.0
Model accuracy,race,Other,policy_role_mean,75.5
Model accuracy,race,Other,policy_specific_mean,73.57142857142857
Model accuracy,race,Other,trust_multidimensional,81.5
Model accuracy,race,Other,trust_post,81.0
Model accuracy,race,White / Caucasian,behavior_mean,46.5875
Model accuracy,race,White / Caucasian,belief_post,78.0
Model accuracy,race,White / Caucasian,concern_mean,77.39166666666667
Model accuracy,race,White / Caucasian,distrust_post,25.0
Model accuracy,race,White / Caucasian,donation_ams,35.0
Model accuracy,race,White / Caucasian,funding_perceptions,45.0
Model accuracy,race,White / Caucasian,inst_trust_mean,58.6
Model accuracy,race,White / Caucasian,newsletter_signup,1.3
Model accuracy,race,White / Caucasian,policy_general,50.0
Model accuracy,race,White / Caucasian,policy_role_mean,53.75
Model accuracy,race,White / Caucasian,policy_specific_mean,70.56071428571428
Model accuracy,race,White / Caucasian,trust_multidimensional,64.91666666666667
Model accuracy,race,White / Caucasian,trust_post,65.0
Oil industry misinformation,age_band,18-29,behavior_mean,56.0
Oil industry misinformation,age_band,18-29,belief_post,90.0
Oil industry misinformation,age_band,18-29,concern_mean,76.66666666666667
Oil industry misinformation,age_band,18-29,distrust_post,20.0
Oil industry misinformation,age_band,18-29,donation_ams,6.0
Oil industry misinformation,age_band,18-29,funding_perceptions,22.0
Oil industry misinformation,age_band,18-29,inst_trust_mean,74.4
Oil industry misinformation,age_band,18-29,newsletter_signup,1.7
Oil industry misinformation,age_band,18-29,policy_general,80.0
Oil industry misinformation,age_band,18-29,policy_role_mean,80.5
Oil industry misinformation,age_band,18-29,policy_specific_mean,70.14285714285714
Oil industry misinformation,age_band,18-29,trust_multidimensional,81.83333333333333
Oil industry misinformation,age_band,18-29,trust_post,79.0
Oil industry misinformation,age_band,30-44,behavior_mean,47.666666666666664
Oil industry misinformation,age_band,30-44,belief_post,85.2
Oil industry misinformation,age_band,30-44,concern_mean,86.23333333333333
Oil industry misinformation,age_band,30-44,distrust_post,18.3
Oil industry misinformation,age_band,30-44,donation_ams,3.2
Oil industry misinformation,age_band,30-44,funding_perceptions,57.5
Oil industry misinformation,age_band,30-44,inst_trust_mean,70.5
Oil industry misinformation,age_band,30-44,newsletter_signup,1.45
Oil industry misinformation,age_band,30-44,policy_general,76.5
Oil industry misinformation,age_band,30-44,policy_role_mean,77.8
Oil industry misinformation,age_band,30-44,policy_specific_mean,57.38095238095238
Oil industry misinformation,age_band,30-44,trust_multidimensional,70.89166666666667
Oil industry misinformation,age_band,30-44,trust_post,74.5
Oil industry misinformation,age_band,45-59,behavior_mean,36.166666666666664
Oil industry misinformation,age_band,45-59,belief_post,78.0
Oil industry misinformation,age_band,45-59,concern_mean,70.0
Oil industry misinformation,age_band,45-59,distrust_post,32.0
Oil industry misinformation,age_band,45-59,donation_ams,35.0
Oil industry misinformation,age_band,45-59,funding_perceptions,58.0
Oil industry misinformation,age_band,45-59,inst_trust_mean,78.0
Oil industry misinformation,age_band,45-59,newsletter_signup,62.0
Oil industry misinformation,age_band,45-59,policy_general,55.0
Oil industry misinformation,age_band,45-59,policy_role_mean,59.5
Oil industry misinformation,age_band,45-59,policy_specific_mean,50.0
Oil industry misinformation,age_band,45-59,trust_multidimensional,79.66666666666667
Oil industry misinformation,age_band,45-59,trust_post,68.0
Oil industry misinformation,age_band,60+,behavior_mean,50.833333333333336
Oil industry misinformation,age_band,60+,belief_post,92.0
Oil industry misinformation,age_band,60+,concern_mean,81.0
Oil industry misinformation,age_band,60+,distrust_post,15.0
Oil industry misinformation,age_band,60+,donation_ams,65.0
Oil industry misinformation,age_band,60+,funding_perceptions,45.0
Oil industry misinformation,age_band,60+,inst_trust_mean,51.0
Oil industry misinformation,age_band,60+,newsletter_signup,0.4
Oil industry misinformation,age_band,60+,policy_general,45.0
Oil industry misinformation,age_band,60+,policy_role_mean,71.25
Oil industry misinformation,age_band,60+,policy_specific_mean,52.0
Oil industry misinformation,age_band,60+,trust_multidimensional,83.5
Oil industry misinformation,age_band,60+,trust_post,82.0
Oil industry misinformation,education,Bachelor's degree,behavior_mean,53.666666666666664
Oil industry misinformation,education,Bachelor's degree,belief_post,97.0
Oil industry misinformation,education,Bachelor's degree,concern_mean,88.33333333333333
Oil industry misinformation,education,Bachelor's degree,distrust_post,3.0
Oil industry misinformation,education,Bachelor's degree,donation_ams,5.8
Oil industry misinformation,education,Bachelor's degree,funding_perceptions,55.0
Oil industry misinformation,education,Bachelor's degree,inst_trust_mean,80.4
Oil industry misinformation,education,Bachelor's degree,newsletter_signup,1.3
Oil industry misinformation,education,Bachelor's degree,policy_general,86.0
Oil industry misinformation,education,Bachelor's degree,policy_role_mean,85.0
Oil industry misinformation,education,Bachelor's degree,policy_specific_mean,72.85714285714286
Oil industry misinformation,education,Bachelor's degree,trust_multidimensional,87.0
Oil industry misinformation,education,Bachelor's degree,trust_post,93.0
Oil industry misinformation,education,Doctorate degree / Ph.D.,behavior_mean,74.66666666666667
Oil industry misinformation,education,Doctorate degree / Ph.D.,belief_post,98.0
Oil industry misinformation,education,Doctorate degree / Ph.D.,concern_mean,88.33333333333333
Oil industry misinformation,education,Doctorate degree / Ph.D.,distrust_post,4.0
Oil industry misinformation,education,Doctorate degree / Ph.D.,donation_ams,7.0
Oil industry misinformation,education,Doctorate degree / Ph.D.,funding_perceptions,72.0
Oil industry misinformation,education,Doctorate degree / Ph.D.,inst_trust_mean,89.2
Oil industry misinformation,education,Doctorate degree / Ph.D.,newsletter_signup,1.6
Oil industry misinformation,education,Doctorate degree / Ph.D.,policy_general,86.0
Oil industry misinformation,education,Doctorate degree / Ph.D.,policy_role_mean,87.75
Oil industry misinformation,education,Doctorate degree / Ph.D.,policy_specific_mean,90.57142857142857
Oil industry misinformation,education,Doctorate degree / Ph.D.,trust_multidimensional,88.66666666666667
Oil industry misinformation,education,Doctorate degree / Ph.D.,trust_post,87.0
Oil industry misinformation,education,High school diploma / GED,behavior_mean,34.300000000000004
Oil industry misinformation,education,High school diploma / GED,belief_post,71.6
Oil industry misinformation,education,High school diploma / GED,concern_mean,61.833333333333336
Oil industry misinformation,education,High school diploma / GED,distrust_post,25.4
Oil industry misinformation,education,High school diploma / GED,donation_ams,3.5
Oil industry misinformation,education,High school diploma / GED,funding_perceptions,41.7
Oil industry misinformation,education,High school diploma / GED,inst_trust_mean,51.46
Oil industry misinformation,education,High school diploma / GED,newsletter_signup,1.0
Oil industry misinformation,education,High school diploma / GED,policy_general,56.9
Oil industry misinformation,education,High school diploma / GED,policy_role_mean,61.225
Oil industry misinformation,education,High school diploma / GED,policy_specific_mean,54.5
Oil industry misinformation,education,High school diploma / GED,trust_multidimensional,69.56666666666666
Oil industry misinformation,education,High school diploma / GED,trust_post,62.7
Oil industry misinformation,education,Less than high school,behavior_mean,26.666666666666668
Oil industry misinformation,education,Less than high school,belief_post,39.0
Oil industry misinformation,education,Less than high school,concern_mean,41.666666666666664
Oil industry misinformation,education,Less than high school,distrust_post,72.0
Oil industry misinformation,education,Less than high school,donation_ams,10.0
Oil industry misinformation,education,Less than high school,funding_perceptions,68.0
Oil industry misinformation,education,Less than high school,inst_trust_mean,25.2
Oil industry misinformation,education,Less than high school,newsletter_signup,1.8
Oil industry misinformation,education,Less than high school,policy_general,19.0
Oil industry misinformation,education,Less than high school,policy_role_mean,15.5
Oil industry misinformation,education,Less than high school,policy_specific_mean,17.571428571428573
Oil industry misinformation,education,Less than high school,trust_multidimensional,17.75
Oil industry misinformation,education,Less than high school,trust_post,24.0
Oil industry misinformation,education,Master's degree / Professional degree,behavior_mean,65.16666666666667
Oil industry misinformation,education,Master's degree / Professional degree,belief_post,96.0
Oil industry misinformation,education,Master's degree / Professional degree,concern_mean,81.33333333333333
Oil industry misinformation,education,Master's degree / Professional degree,distrust_post,5.0
Oil industry misinformation,education,Master's degree / Professional degree,donation_ams,8.0
Oil industry misinformation,education,Master's degree / Professional degree,funding_perceptions,20.0
Oil industry misinformation,education,Master's degree / Professional degree,inst_trust_mean,74.8
Oil industry misinformation,education,Master's degree / Professional degree,newsletter_signup,1.0
Oil industry misinformation,education,Master's degree / Professional degree,policy_general,85.0
Oil industry misinformation,education,Master's degree / Professional degree,policy_role_mean,80.25
Oil industry misinformation,education,Master's degree / Professional degree,policy_specific_mean,74.14285714285714
Oil industry misinformation,education,Master's degree / Professional degree,trust_multidimensional,90.33333333333333
Oil industry misinformation,education,Master's degree / Professional degree,trust_post,95.0
Oil industry misinformation,education,Some college or Associate's degree,behavior_mean,48.166666666666664
Oil industry misinformation,education,Some college or Associate's degree,belief_post,83.0
Oil industry misinformation,education,Some college or Associate's degree,concern_mean,77.66666666666667
Oil industry misinformation,education,Some college or Associate's degree,distrust_post,12.0
Oil industry misinformation,education,Some college or Associate's degree,donation_ams,4.5
Oil industry misinformation,education,Some college or Associate's degree,funding_perceptions,34.0
Oil industry misinformation,education,Some college or Associate's degree,inst_trust_mean,66.4
Oil industry misinformation,education,Some college or Associate's degree,newsletter_signup,1.4
Oil industry misinformation,education,Some college or Associate's degree,policy_general,76.0
Oil industry misinformation,education,Some college or Associate's degree,policy_role_mean,73.25
Oil industry misinformation,education,Some college or Associate's degree,policy_specific_mean,66.42857142857143
Oil industry misinformation,education,Some college or Associate's degree,trust_multidimensional,82.0
Oil industry misinformation,education,Some college or Associate's degree,trust_post,70.0
Oil industry misinformation,gender,Female,behavior_mean,44.416666666666664
Oil industry misinformation,gender,Female,belief_post,81.0
Oil industry misinformation,gender,Female,concern_mean,50.33333333333333
Oil industry misinformation,gender,Female,distrust_post,21.5
Oil industry misinformation,gender,Female,donation_ams,1.75
Oil industry misinformation,gender,Female,funding_perceptions,52.5
Oil industry misinformation,gender,Female,inst_trust_mean,62.3
Oil industry misinformation,gender,Female,newsletter_signup,1.5
Oil industry misinformation,gender,Female,policy_general,63.5
Oil industry misinformation,gender,Female,policy_role_mean,58.125
Oil industry misinformation,gender,Female,policy_specific_mean,60.14285714285714
Oil industry misinformation,gender,Female,trust_multidimensional,66.58333333333333
Oil industry misinformation,gender,Female,trust_post,64.0
Oil industry misinformation,gender,Male,behavior_mean,47.166666666666664
Oil industry misinformation,gender,Male,belief_post,82.0
Oil industry misinformation,gender,Male,concern_mean,41.666666666666664
Oil industry misinformation,gender,Male,distrust_post,18.0
Oil industry misinformation,gender,Male,donation_ams,1.0
Oil industry misinformation,gender,Male,funding_perceptions,60.0
Oil industry misinformation,gender,Male,inst_trust_mean,64.6
Oil industry misinformation,gender,Male,newsletter_signup,1.2
Oil industry misinformation,gender,Male,policy_general,72.0
Oil industry misinformation,gender,Male,policy_role_mean,56.75
Oil industry misinformation,gender,Male,policy_specific_mean,68.0
Oil industry misinformation,gender,Male,trust_multidimensional,62.416666666666664
Oil industry misinformation,gender,Male,trust_post,63.0
Oil industry misinformation,gender,Other,behavior_mean,41.666666666666664
Oil industry misinformation,gender,Other,belief_post,80.0
Oil industry misinformation,gender,Other,concern_mean,59.0
Oil industry misinformation,gender,Other,distrust_post,25.0
Oil industry misinformation,gender,Other,donation_ams,2.5
Oil industry misinformation,gender,Other,funding_perceptions,45.0
Oil industry misinformation,gender,Other,inst_trust_mean,60.0
Oil industry misinformation,gender,Other,newsletter_signup,1.8
Oil industry misinformation,gender,Other,policy_general,55.0
Oil industry misinformation,gender,Other,policy_role_mean,59.5
Oil industry misinformation,gender,Other,policy_specific_mean,52.285714285714285
Oil industry misinformation,gender,Other,trust_multidimensional,70.75
Oil industry misinformation,gender,Other,trust_post,65.0
Oil industry misinformation,income,"$100,000 to $167,999",behavior_mean,67.5
Oil industry misinformation,income,"$100,000 to $167,999",belief_post,96.0
Oil industry misinformation,income,"$100,000 to $167,999",concern_mean,85.66666666666667
Oil industry misinformation,income,"$100,000 to $167,999",distrust_post,10.0
Oil industry misinformation,income,"$100,000 to $167,999",donation_ams,6.5
Oil industry misinformation,income,"$100,000 to $167,999",funding_perceptions,22.0
Oil industry misinformation,income,"$100,000 to $167,999",inst_trust_mean,77.4
Oil industry misinformation,income,"$100,000 to $167,999",newsletter_signup,1.3
Oil industry misinformation,income,"$100,000 to $167,999",policy_general,86.0
Oil industry misinformation,income,"$100,000 to $167,999",policy_role_mean,85.0
Oil industry misinformation,income,"$100,000 to $167,999",policy_specific_mean,78.57142857142857
Oil industry misinformation,income,"$100,000 to $167,999",trust_multidimensional,89.83333333333333
Oil industry misinformation,income,"$100,000 to $167,999",trust_post,82.0
Oil industry misinformation,income,"$168,000 or more",behavior_mean,53.333333333333336
Oil industry misinformation,income,"$168,000 or more",belief_post,93.0
Oil industry misinformation,income,"$168,000 or more",concern_mean,73.16666666666667
Oil industry misinformation,income,"$168,000 or more",distrust_post,12.0
Oil industry misinformation,income,"$168,000 or more",donation_ams,6.5
Oil industry misinformation,income,"$168,000 or more",funding_perceptions,55.0
Oil industry misinformation,income,"$168,000 or more",inst_trust_mean,67.6
Oil industry misinformation,income,"$168,000 or more",newsletter_signup,0.75
Oil industry misinformation,income,"$168,000 or more",policy_general,42.0
Oil industry misinformation,income,"$168,000 or more",policy_role_mean,62.5
Oil industry misinformation,income,"$168,000 or more",policy_specific_mean,48.142857142857146
Oil industry misinformation,income,"$168,000 or more",trust_multidimensional,80.70833333333333
Oil industry misinformation,income,"$168,000 or more",trust_post,68.0
Oil industry misinformation,income,"$30,000 to $55,999",behavior_mean,50.75000000000001
Oil industry misinformation,income,"$30,000 to $55,999",belief_post,92.0
Oil industry misinformation,income,"$30,000 to $55,999",concern_mean,78.79166666666667
Oil industry misinformation,income,"$30,000 to $55,999",distrust_post,15.0
Oil industry misinformation,income,"$30,000 to $55,999",donation_ams,5.0
Oil industry misinformation,income,"$30,000 to $55,999",funding_perceptions,27.75
Oil industry misinformation,income,"$30,000 to $55,999",inst_trust_mean,70.44999999999999
Oil industry misinformation,income,"$30,000 to $55,999",newsletter_signup,1.3624999999999998
Oil industry misinformation,income,"$30,000 to $55,999",policy_general,66.5
Oil industry misinformation,income,"$30,000 to $55,999",policy_role_mean,72.4375
Oil industry misinformation,income,"$30,000 to $55,999",policy_specific_mean,66.42857142857143
Oil industry misinformation,income,"$30,000 to $55,999",trust_multidimensional,81.65625
Oil industry misinformation,income,"$30,000 to $55,999",trust_post,74.25
Oil industry misinformation,income,"$56,000 to $99,999",behavior_mean,53.333333333333336
Oil industry misinformation,income,"$56,000 to $99,999",belief_post,89.0
Oil industry misinformation,income,"$56,000 to $99,999",concern_mean,67.33333333333333
Oil industry misinformation,income,"$56,000 to $99,999",distrust_post,28.0
Oil industry misinformation,income,"$56,000 to $99,999",donation_ams,4.0
Oil industry misinformation,income,"$56,000 to $99,999",funding_perceptions,22.0
Oil industry misinformation,income,"$56,000 to $99,999",inst_trust_mean,67.2
Oil industry misinformation,income,"$56,000 to $99,999",newsletter_signup,1.55
Oil industry misinformation,income,"$56,000 to $99,999",policy_general,66.0
Oil industry misinformation,income,"$56,000 to $99,999",policy_role_mean,71.25
Oil industry misinformation,income,"$56,000 to $99,999",policy_specific_mean,69.57142857142857
Oil industry misinformation,income,"$56,000 to $99,999",trust_multidimensional,74.91666666666667
Oil industry misinformation,income,"$56,000 to $99,999",trust_post,72.0
Oil industry misinformation,income,"Less than $30,000",behavior_mean,28.833333333333332
Oil industry misinformation,income,"Less than $30,000",belief_post,90.0
Oil industry misinformation,income,"Less than $30,000",concern_mean,89.0
Oil industry misinformation,income,"Less than $30,000",distrust_post,10.0
Oil industry misinformation,income,"Less than $30,000",donation_ams,3.0
Oil industry misinformation,income,"Less than $30,000",funding_perceptions,12.0
Oil industry misinformation,income,"Less than $30,000",inst_trust_mean,69.6
Oil industry misinformation,income,"Less than $30,000",newsletter_signup,1.85
Oil industry misinformation,income,"Less than $30,000",policy_general,72.0
Oil industry misinformation,income,"Less than $30,000",policy_role_mean,71.0
Oil industry misinformation,income,"Less than $30,000",policy_specific_mean,69.42857142857143
Oil industry misinformation,income,"Less than $30,000",trust_multidimensional,81.16666666666667
Oil industry misinformation,income,"Less than $30,000",trust_post,75.0
Oil industry misinformation,party,Democrat,behavior_mean,40.5
Oil industry misinformation,party,Democrat,belief_post,75.2
Oil industry misinformation,party,Democrat,concern_mean,58.333333333333336
Oil industry misinformation,party,Democrat,distrust_post,32.05
Oil industry misinformation,party,Democrat,donation_ams,4.2
Oil industry misinformation,party,Democrat,funding_perceptions,72.75
Oil industry misinformation,party,Democrat,inst_trust_mean,61.7
Oil industry misinformation,party,Democrat,newsletter_signup,1.2
Oil industry misinformation,party,Democrat,policy_general,58.4
Oil industry misinformation,party,Democrat,policy_role_mean,67.075
Oil industry misinformation,party,Democrat,policy_specific_mean,64.25714285714285
Oil industry misinformation,party,Democrat,trust_multidimensional,71.2875
Oil industry misinformation,party,Democrat,trust_post,68.65
Oil industry misinformation,party,Independent,behavior_mean,40.5
Oil industry misinformation,party,Independent,belief_post,75.2
Oil industry misinformation,party,Independent,concern_mean,58.333333333333336
Oil industry misinformation,party,Independent,distrust_post,39.1
Oil industry misinformation,party,Independent,donation_ams,4.2
Oil industry misinformation,party,Independent,funding_perceptions,51.5
Oil industry misinformation,party,Independent,inst_trust_mean,61.7
Oil industry misinformation,party,Independent,newsletter_signup,1.2
Oil industry misinformation,party,Independent,policy_general,58.4
Oil industry misinformation,party,Independent,policy_role_mean,67.075
Oil industry misinformation,party,Independent,policy_specific_mean,64.25714285714285
Oil industry misinformation,party,Independent,trust_multidimensional,67.74166666666666
Oil industry misinformation,party,Independent,trust_post,62.3
Oil industry misinformation,party,Other,behavior_mean,40.5
Oil industry misinformation,party,Other,belief_post,75.2
Oil industry misinformation,party,Other,concern_mean,58.333333333333336
Oil industry misinformation,party,Other,distrust_post,25.0
Oil industry misinformation,party,Other,donation_ams,4.2
Oil industry misinformation,party,Other,funding_perceptions,94.0
Oil industry misinformation,party,Other,inst_trust_mean,61.7
Oil industry misinformation,party,Other,newsletter_signup,1.2
Oil industry misinformation,party,Other,policy_general,58.4
Oil industry misinformation,party,Other,policy_role_mean,67.075
Oil industry misinformation,party,Other,policy_specific_mean,64.25714285714285
Oil industry misinformation,party,Other,trust_multidimensional,74.83333333333333
Oil industry misinformation,party,Other,trust_post,75.0
Oil industry misinformation,party,Republican,behavior_mean,40.5
Oil industry misinformation,party,Republican,belief_post,75.2
Oil industry misinformation,party,Republican,concern_mean,58.333333333333336
Oil industry misinformation,party,Republican,distrust_post,32.05
Oil industry misinformation,party,Republican,donation_ams,4.2
Oil industry misinformation,party,Republican,funding_perceptions,72.75
Oil industry misinformation,party,Republican,inst_trust_mean,61.7
Oil industry misinformation,party,Republican,newsletter_signup,1.2
Oil industry misinformation,party,Republican,policy_general,58.4
Oil industry misinformation,party,Republican,policy_role_mean,67.075
Oil industry misinformation,party,Republican,policy_specific_mean,64.25714285714285
Oil industry misinformation,party,Republican,trust_multidimensional,71.2875
Oil industry misinformation,party,Republican,trust_post,68.65
Oil industry misinformation,race,Asian / Asian American,behavior_mean,74.5
Oil industry misinformation,race,Asian / Asian American,belief_post,88.0
Oil industry misinformation,race,Asian / Asian American,concern_mean,79.33333333333333
Oil industry misinformation,race,Asian / Asian American,distrust_post,22.0
Oil industry misinformation,race,Asian / Asian American,donation_ams,6.0
Oil industry misinformation,race,Asian / Asian American,funding_perceptions,24.0
Oil industry misinformation,race,Asian / Asian American,inst_trust_mean,79.4
Oil industry misinformation,race,Asian / Asian American,newsletter_signup,72.0
Oil industry misinformation,race,Asian / Asian American,policy_general,86.0
Oil industry misinformation,race,Asian / Asian American,policy_role_mean,80.5
Oil industry misinformation,race,Asian / Asian American,policy_specific_mean,75.71428571428571
Oil industry misinformation,race,Asian / Asian American,trust_multidimensional,86.33333333333333
Oil industry misinformation,race,Asian / Asian American,trust_post,85.0
Oil industry misinformation,race,Black / African American,behavior_mean,59.333333333333336
Oil industry misinformation,race,Black / African American,belief_post,85.16666666666667
Oil industry misinformation,race,Black / African American,concern_mean,70.72222222222221
Oil industry misinformation,race,Black / African American,distrust_post,23.833333333333332
Oil industry misinformation,race,Black / African American,donation_ams,4.833333333333333
Oil industry misinformation,race,Black / African American,funding_perceptions,41.333333333333336
Oil industry misinformation,race,Black / African American,inst_trust_mean,69.4
Oil industry misinformation,race,Black / African American,newsletter_signup,24.833333333333332
Oil industry misinformation,race,Black / African American,policy_general,73.0
Oil industry misinformation,race,Black / African American,policy_role_mean,66.375
Oil industry misinformation,race,Black / African American,policy_specific_mean,69.47619047619047
Oil industry misinformation,race,Black / African American,trust_multidimensional,79.7361111111111
Oil industry misinformation,race,Black / African American,trust_post,75.16666666666667
Oil industry misinformation,race,Hispanic / Latino,behavior_mean,59.333333333333336
Oil industry misinformation,race,Hispanic / Latino,belief_post,85.16666666666667
Oil industry misinformation,race,Hispanic / Latino,concern_mean,70.72222222222221
Oil industry misinformation,race,Hispanic / Latino,distrust_post,23.833333333333332
Oil industry misinformation,race,Hispanic / Latino,donation_ams,4.833333333333333
Oil industry misinformation,race,Hispanic / Latino,funding_perceptions,41.333333333333336
Oil industry misinformation,race,Hispanic / Latino,inst_trust_mean,69.4
Oil industry misinformation,race,Hispanic / Latino,newsletter_signup,24.833333333333332
Oil industry misinformation,race,Hispanic / Latino,policy_general,73.0
Oil industry misinformation,race,Hispanic / Latino,policy_role_mean,66.375
Oil industry misinformation,race,Hispanic / Latino,policy_specific_mean,69.47619047619047
Oil industry misinformation,race,Hispanic / Latino,trust_multidimensional,79.7361111111111
Oil industry misinformation,race,Hispanic / Latino,trust_post,75.16666666666667
Oil industry misinformation,race,Other,behavior_mean,65.0
Oil industry misinformation,race,Other,belief_post,89.0
Oil industry misinformation,race,Other,concern_mean,79.66666666666667
Oil industry misinformation,race,Other,distrust_post,25.0
Oil industry misinformation,race,Other,donation_ams,5.0
Oil industry misinformation,race,Other,funding_perceptions,32.0
Oil industry misinformation,race,Other,inst_trust_mean,70.2
Oil industry misinformation,race,Other,newsletter_signup,1.3
Oil industry misinformation,race,Other,policy_general,75.0
Oil industry misinformation,race,Other,policy_role_mean,75.0
Oil industry misinformation,race,Other,policy_specific_mean,74.85714285714286
Oil industry misinformation,race,Other,trust_multidimensional,84.16666666666667
Oil industry misinformation,race,Other,trust_post,72.0
Oil industry misinformation,race,White / Caucasian,behavior_mean,38.5
Oil industry misinformation,race,White / Caucasian,belief_post,78.5
Oil industry misinformation,race,White / Caucasian,concern_mean,53.166666666666664
Oil industry misinformation,race,White / Caucasian,distrust_post,24.5
Oil industry misinformation,race,White / Caucasian,donation_ams,3.5
Oil industry misinformation,race,White / Caucasian,funding_perceptions,68.0
Oil industry misinformation,race,White / Caucasian,inst_trust_mean,58.6
Oil industry misinformation,race,White / Caucasian,newsletter_signup,1.2
Oil industry misinformation,race,White / Caucasian,policy_general,58.0
Oil industry misinformation,race,White / Caucasian,policy_role_mean,43.625
Oil industry misinformation,race,White / Caucasian,policy_specific_mean,57.857142857142854
Oil industry misinformation,race,White / Caucasian,trust_multidimensional,68.70833333333333
Oil industry misinformation,race,White / Caucasian,trust_post,68.5
Peer-review,age_band,18-29,behavior_mean,44.166666666666664
Peer-review,age_band,18-29,belief_post,95.0
Peer-review,age_band,18-29,concern_mean,85.0
Peer-review,age_band,18-29,distrust_post,15.0
Peer-review,age_band,18-29,donation_ams,5.0
Peer-review,age_band,18-29,funding_perceptions,45.0
Peer-review,age_band,18-29,inst_trust_mean,56.0
Peer-review,age_band,18-29,newsletter_signup,1.5
Peer-review,age_band,18-29,policy_general,70.0
Peer-review,age_band,18-29,policy_role_mean,71.25
Peer-review,age_band,18-29,policy_specific_mean,67.42857142857143
Peer-review,age_band,18-29,trust_multidimensional,72.25
Peer-review,age_band,18-29,trust_post,75.0
Peer-review,age_band,30-44,behavior_mean,47.833333333333336
Peer-review,age_band,30-44,belief_post,92.0
Peer-review,age_band,30-44,concern_mean,72.0
Peer-review,age_band,30-44,distrust_post,18.0
Peer-review,age_band,30-44,donation_ams,5.5
Peer-review,age_band,30-44,funding_perceptions,65.0
Peer-review,age_band,30-44,inst_trust_mean,59.2
Peer-review,age_band,30-44,newsletter_signup,1.6
Peer-review,age_band,30-44,policy_general,74.0
Peer-review,age_band,30-44,policy_role_mean,67.25
Peer-review,age_band,30-44,policy_specific_mean,64.85714285714286
Peer-review,age_band,30-44,trust_multidimensional,89.33333333333333
Peer-review,age_band,30-44,trust_post,78.0
Peer-review,age_band,45-59,behavior_mean,49.0
Peer-review,age_band,45-59,belief_post,90.0
Peer-review,age_band,45-59,concern_mean,72.0
Peer-review,age_band,45-59,distrust_post,22.0
Peer-review,age_band,45-59,donation_ams,3.0
Peer-review,age_band,45-59,funding_perceptions,38.0
Peer-review,age_band,45-59,inst_trust_mean,70.2
Peer-review,age_band,45-59,newsletter_signup,1.8
Peer-review,age_band,45-59,policy_general,67.0
Peer-review,age_band,45-59,policy_role_mean,68.75
Peer-review,age_band,45-59,policy_specific_mean,64.28571428571429
Peer-review,age_band,45-59,trust_multidimensional,79.16666666666667
Peer-review,age_band,45-59,trust_post,71.0
Peer-review,age_band,60+,behavior_mean,38.333333333333336
Peer-review,age_band,60+,belief_post,92.0
Peer-review,age_band,60+,concern_mean,80.66666666666667
Peer-review,age_band,60+,distrust_post,12.0
Peer-review,age_band,60+,donation_ams,15.0
Peer-review,age_band,60+,funding_perceptions,30.0
Peer-review,age_band,60+,inst_trust_mean,70.2
Peer-review,age_band,60+,newsletter_signup,1.3
Peer-review,age_band,60+,policy_general,72.0
Peer-review,age_band,60+,policy_role_mean,73.75
Peer-review,age_band,60+,policy_specific_mean,65.71428571428571
Peer-review,age_band,60+,trust_multidimensional,79.58333333333333
Peer-review,age_band,60+,trust_post,76.0
Peer-review,education,Bachelor's degree,behavior_mean,32.333333333333336
Peer-review,education,Bachelor's degree,belief_post,92.0
Peer-review,education,Bachelor's degree,concern_mean,73.33333333333333
Peer-review,education,Bachelor's degree,distrust_post,24.0
Peer-review,education,Bachelor's degree,donation_ams,32.0
Peer-review,education,Bachelor's degree,funding_perceptions,52.0
Peer-review,education,Bachelor's degree,inst_trust_mean,58.0
Peer-review,education,Bachelor's degree,newsletter_signup,1.6
Peer-review,education,Bachelor's degree,policy_general,78.0
Peer-review,education,Bachelor's degree,policy_role_mean,64.25
Peer-review,education,Bachelor's degree,policy_specific_mean,66.85714285714286
Peer-review,education,Bachelor's degree,trust_multidimensional,71.33333333333333
Peer-review,education,Bachelor's degree,trust_post,70.0
Peer-review,education,Doctorate degree / Ph.D.,behavior_mean,67.73333333333333
Peer-review,education,Doctorate degree / Ph.D.,belief_post,96.5
Peer-review,education,Doctorate degree / Ph.D.,concern_mean,90.63333333333333
Peer-review,education,Doctorate degree / Ph.D.,distrust_post,12.5
Peer-review,education,Doctorate degree / Ph.D.,donation_ams,8.5
Peer-review,education,Doctorate degree / Ph.D.,funding_perceptions,48.0
Peer-review,education,Doctorate degree / Ph.D.,inst_trust_mean,81.53999999999999
Peer-review,education,Doctorate degree / Ph.D.,newsletter_signup,1.45
Peer-review,education,Doctorate degree / Ph.D.,policy_general,88.2
Peer-review,education,Doctorate degree / Ph.D.,policy_role_mean,89.1
Peer-review,education,Doctorate degree / Ph.D.,policy_specific_mean,83.3
Peer-review,education,Doctorate degree / Ph.D.,trust_multidimensional,89.55833333333334
Peer-review,education,Doctorate degree / Ph.D.,trust_post,94.1
Peer-review,education,High school diploma / GED,behavior_mean,35.0
Peer-review,education,High school diploma / GED,belief_post,62.0
Peer-review,education,High school diploma / GED,concern_mean,49.0
Peer-review,education,High school diploma / GED,distrust_post,38.0
Peer-review,education,High school diploma / GED,donation_ams,2.0
Peer-review,education,High school diploma / GED,funding_perceptions,52.0
Peer-review,education,High school diploma / GED,inst_trust_mean,43.4
Peer-review,education,High school diploma / GED,newsletter_signup,1.1
Peer-review,education,High school diploma / GED,policy_general,52.0
Peer-review,education,High school diploma / GED,policy_role_mean,45.75
Peer-review,education,High school diploma / GED,policy_specific_mean,44.142857142857146
Peer-review,education,High school diploma / GED,trust_multidimensional,60.833333333333336
Peer-review,education,High school diploma / GED,trust_post,45.0
Peer-review,education,Less than high school,behavior_mean,37.333333333333336
Peer-review,education,Less than high school,belief_post,58.0
Peer-review,education,Less than high school,concern_mean,63.666666666666664
Peer-review,education,Less than high school,distrust_post,40.0
Peer-review,education,Less than high school,donation_ams,0.3
Peer-review,education,Less than high school,funding_perceptions,65.0
Peer-review,education,Less than high school,inst_trust_mean,32.6
Peer-review,education,Less than high school,newsletter_signup,1.6
Peer-review,education,Less than high school,policy_general,41.0
Peer-review,education,Less than high school,policy_role_mean,38.75
Peer-review,education,Less than high school,policy_specific_mean,38.714285714285715
Peer-review,education,Less than high school,trust_multidimensional,45.833333333333336
Peer-review,education,Less than high school,trust_post,35.0
Peer-review,education,Master's degree / Professional degree,behavior_mean,59.333333333333336
Peer-review,education,Master's degree / Professional degree,belief_post,91.0
Peer-review,education,Master's degree / Professional degree,concern_mean,75.33333333333333
Peer-review,education,Master's degree / Professional degree,distrust_post,14.0
Peer-review,education,Master's degree / Professional degree,donation_ams,7.0
Peer-review,education,Master's degree / Professional degree,funding_perceptions,46.0
Peer-review,education,Master's degree / Professional degree,inst_trust_mean,77.6
Peer-review,education,Master's degree / Professional degree,newsletter_signup,1.6
Peer-review,education,Master's degree / Professional degree,policy_general,67.0
Peer-review,education,Master's degree / Professional degree,policy_role_mean,77.75
Peer-review,education,Master's degree / Professional degree,policy_specific_mean,69.28571428571429
Peer-review,education,Master's degree / Professional degree,trust_multidimensional,78.83333333333333
Peer-review,education,Master's degree / Professional degree,trust_post,81.0
Peer-review,education,Some college or Associate's degree,behavior_mean,18.833333333333332
Peer-review,education,Some college or Associate's degree,belief_post,92.0
Peer-review,education,Some college or Associate's degree,concern_mean,66.66666666666667
Peer-review,education,Some college or Associate's degree,distrust_post,20.0
Peer-review,education,Some college or Associate's degree,donation_ams,4.0
Peer-review,education,Some college or Associate's degree,funding_perceptions,45.0
Peer-review,education,Some college or Associate's degree,inst_trust_mean,75.2
Peer-review,education,Some college or Associate's degree,newsletter_signup,1.6
Peer-review,education,Some college or Associate's degree,policy_general,68.0
Peer-review,education,Some college or Associate's degree,policy_role_mean,61.25
Peer-review,education,Some college or Associate's degree,policy_specific_mean,49.0
Peer-review,education,Some college or Associate's degree,trust_multidimensional,76.66666666666667
Peer-review,education,Some college or Associate's degree,trust_post,72.0
Peer-review,gender,Female,behavior_mean,42.6
Peer-review,gender,Female,belief_post,92.3
Peer-review,gender,Female,concern_mean,76.56666666666666
Peer-review,gender,Female,distrust_post,18.2
Peer-review,gender,Female,donation_ams,3.2
Peer-review,gender,Female,funding_perceptions,31.5
Peer-review,gender,Female,inst_trust_mean,67.86
Peer-review,gender,Female,newsletter_signup,1.6
Peer-review,gender,Female,policy_general,70.1
Peer-review,gender,Female,policy_role_mean,76.675
Peer-review,gender,Female,policy_specific_mean,69.91428571428571
Peer-review,gender,Female,trust_multidimensional,82.36666666666666
Peer-review,gender,Female,trust_post,78.4
Peer-review,gender,Male,behavior_mean,50.333333333333336
Peer-review,gender,Male,belief_post,76.5
Peer-review,gender,Male,concern_mean,58.333333333333336
Peer-review,gender,Male,distrust_post,32.0
Peer-review,gender,Male,donation_ams,3.0
Peer-review,gender,Male,funding_perceptions,52.0
Peer-review,gender,Male,inst_trust_mean,70.6
Peer-review,gender,Male,newsletter_signup,1.0
Peer-review,gender,Male,policy_general,62.0
Peer-review,gender,Male,policy_role_mean,69.5
Peer-review,gender,Male,policy_specific_mean,62.285714285714285
Peer-review,gender,Male,trust_multidimensional,72.08333333333333
Peer-review,gender,Male,trust_post,68.0
Peer-review,gender,Other,behavior_mean,35.5
Peer-review,gender,Other,belief_post,88.0
Peer-review,gender,Other,concern_mean,67.33333333333333
Peer-review,gender,Other,distrust_post,35.0
Peer-review,gender,Other,donation_ams,4.0
Peer-review,gender,Other,funding_perceptions,45.0
Peer-review,gender,Other,inst_trust_mean,73.8
Peer-review,gender,Other,newsletter_signup,1.0
Peer-review,gender,Other,policy_general,62.0
Peer-review,gender,Other,policy_role_mean,65.75
Peer-review,gender,Other,policy_specific_mean,57.0
Peer-review,gender,Other,trust_multidimensional,69.91666666666667
Peer-review,gender,Other,trust_post,68.0
Peer-review,income,"$100,000 to $167,999",behavior_mean,65.08333333333333
Peer-review,income,"$100,000 to $167,999",belief_post,92.6
Peer-review,income,"$100,000 to $167,999",concern_mean,78.89999999999999
Peer-review,income,"$100,000 to $167,999",distrust_post,12.4
Peer-review,income,"$100,000 to $167,999",donation_ams,7.8
Peer-review,income,"$100,000 to $167,999",funding_perceptions,41.7
Peer-review,income,"$100,000 to $167,999",inst_trust_mean,76.4
Peer-review,income,"$100,000 to $167,999",newsletter_signup,82.0
Peer-review,income,"$100,000 to $167,999",policy_general,72.5
Peer-review,income,"$100,000 to $167,999",policy_role_mean,69.2
Peer-review,income,"$100,000 to $167,999",policy_specific_mean,64.55714285714285
Peer-review,income,"$100,000 to $167,999",trust_multidimensional,84.26666666666667
Peer-review,income,"$100,000 to $167,999",trust_post,88.2
Peer-review,income,"$168,000 or more",behavior_mean,63.666666666666664
Peer-review,income,"$168,000 or more",belief_post,96.0
Peer-review,income,"$168,000 or more",concern_mean,84.0
Peer-review,income,"$168,000 or more",distrust_post,11.0
Peer-review,income,"$168,000 or more",donation_ams,9.0
Peer-review,income,"$168,000 or more",funding_perceptions,65.0
Peer-review,income,"$168,000 or more",inst_trust_mean,80.6
Peer-review,income,"$168,000 or more",newsletter_signup,1.0
Peer-review,income,"$168,000 or more",policy_general,82.0
Peer-review,income,"$168,000 or more",policy_role_mean,79.5
Peer-review,income,"$168,000 or more",policy_specific_mean,75.85714285714286
Peer-review,income,"$168,000 or more",trust_multidimensional,83.83333333333333
Peer-review,income,"$168,000 or more",trust_post,89.0
Peer-review,income,"$30,000 to $55,999",behavior_mean,41.666666666666664
Peer-review,income,"$30,000 to $55,999",belief_post,78.0
Peer-review,income,"$30,000 to $55,999",concern_mean,71.66666666666667
Peer-review,income,"$30,000 to $55,999",distrust_post,15.0
Peer-review,income,"$30,000 to $55,999",donation_ams,3.0
Peer-review,income,"$30,000 to $55,999",funding_perceptions,55.0
Peer-review,income,"$30,000 to $55,999",inst_trust_mean,68.2
Peer-review,income,"$30,000 to $55,999",newsletter_signup,0.6
Peer-review,income,"$30,000 to $55,999",policy_general,70.0
Peer-review,income,"$30,000 to $55,999",policy_role_mean,64.0
Peer-review,income,"$30,000 to $55,999",policy_specific_mean,56.42857142857143
Peer-review,income,"$30,000 to $55,999",trust_multidimensional,65.0
Peer-review,income,"$30,000 to $55,999",trust_post,60.0
Peer-review,income,"$56,000 to $99,999",behavior_mean,53.0
Peer-review,income,"$56,000 to $99,999",belief_post,88.0
Peer-review,income,"$56,000 to $99,999",concern_mean,84.33333333333333
Peer-review,income,"$56,000 to $99,999",distrust_post,18.0
Peer-review,income,"$56,000 to $99,999",donation_ams,4.2
Peer-review,income,"$56,000 to $99,999",funding_perceptions,48.0
Peer-review,income,"$56,000 to $99,999",inst_trust_mean,66.8
Peer-review,income,"$56,000 to $99,999",newsletter_signup,1.7
Peer-review,income,"$56,000 to $99,999",policy_general,76.0
Peer-review,income,"$56,000 to $99,999",policy_role_mean,79.5
Peer-review,income,"$56,000 to $99,999",policy_specific_mean,69.0
Peer-review,income,"$56,000 to $99,999",trust_multidimensional,73.75
Peer-review,income,"$56,000 to $99,999",trust_post,82.0
Peer-review,income,"Less than $30,000",behavior_mean,55.854166666666664
Peer-review,income,"Less than $30,000",belief_post,88.65
Peer-review,income,"Less than $30,000",concern_mean,79.725
Peer-review,income,"Less than $30,000",distrust_post,14.1
Peer-review,income,"Less than $30,000",donation_ams,6.0
Peer-review,income,"Less than $30,000",funding_perceptions,52.425
Peer-review,income,"Less than $30,000",inst_trust_mean,73.0
Peer-review,income,"Less than $30,000",newsletter_signup,21.325
Peer-review,income,"Less than $30,000",policy_general,75.125
Peer-review,income,"Less than $30,000",policy_role_mean,73.05
Peer-review,income,"Less than $30,000",policy_specific_mean,66.46071428571429
Peer-review,income,"Less than $30,000",trust_multidimensional,53.333333333333336
Peer-review,income,"Less than $30,000",trust_post,48.0
Peer-review,party,Democrat,behavior_mean,25.083333333333332
Peer-review,party,Democrat,belief_post,62.0
Peer-review,party,Democrat,concern_mean,54.33333333333333
Peer-review,party,Democrat,distrust_post,35.5
Peer-review,party,Democrat,donation_ams,5.0
Peer-review,party,Democrat,funding_perceptions,46.5
Peer-review,party,Democrat,inst_trust_mean,51.5
Peer-review,party,Democrat,newsletter_signup,6.55
Peer-review,party,Democrat,policy_general,41.5
Peer-review,party,Democrat,policy_role_mean,53.375
Peer-review,party,Democrat,policy_specific_mean,53.07142857142857
Peer-review,party,Democrat,trust_multidimensional,63.41666666666667
Peer-review,party,Democrat,trust_post,65.0
Peer-review,party,Independent,behavior_mean,39.5
Peer-review,party,Independent,belief_post,86.0
Peer-review,party,Independent,concern_mean,68.0
Peer-review,party,Independent,distrust_post,16.0
Peer-review,party,Independent,donation_ams,2.0
Peer-review,party,Independent,funding_perceptions,48.0
Peer-review,party,Independent,inst_trust_mean,57.8
Peer-review,party,Independent,newsletter_signup,1.1
Peer-review,party,Independent,policy_general,61.0
Peer-review,party,Independent,policy_role_mean,56.5
Peer-review,party,Independent,policy_specific_mean,58.285714285714285
Peer-review,party,Independent,trust_multidimensional,78.25
Peer-review,party,Independent,trust_post,82.0
Peer-review,party,Other,behavior_mean,25.083333333333332
Peer-review,party,Other,belief_post,62.0
Peer-review,party,Other,concern_mean,54.33333333333333
Peer-review,party,Other,distrust_post,35.5
Peer-review,party,Other,donation_ams,5.0
Peer-review,party,Other,funding_perceptions,46.5
Peer-review,party,Other,inst_trust_mean,51.5
Peer-review,party,Other,newsletter_signup,6.55
Peer-review,party,Other,policy_general,41.5
Peer-review,party,Other,policy_role_mean,53.375
Peer-review,party,Other,policy_specific_mean,53.07142857142857
Peer-review,party,Other,trust_multidimensional,63.41666666666667
Peer-review,party,Other,trust_post,65.0
Peer-review,party,Republican,behavior_mean,10.666666666666666
Peer-review,party,Republican,belief_post,38.0
Peer-review,party,Republican,concern_mean,40.666666666666664
Peer-review,party,Republican,distrust_post,55.0
Peer-review,party,Republican,donation_ams,8.0
Peer-review,party,Republican,funding_perceptions,45.0
Peer-review,party,Republican,inst_trust_mean,45.2
Peer-review,party,Republican,newsletter_signup,12.0
Peer-review,party,Republican,policy_general,22.0
Peer-review,party,Republican,policy_role_mean,50.25
Peer-review,party,Republican,policy_specific_mean,47.857142857142854
Peer-review,party,Republican,trust_multidimensional,48.583333333333336
Peer-review,party,Republican,trust_post,48.0
Peer-review,race,Asian / Asian American,behavior_mean,54.2625
Peer-review,race,Asian / Asian American,belief_post,89.575
Peer-review,race,Asian / Asian American,concern_mean,76.89166666666667
Peer-review,race,Asian / Asian American,distrust_post,19.05
Peer-review,race,Asian / Asian American,donation_ams,8.7
Peer-review,race,Asian / Asian American,funding_perceptions,49.825
Peer-review,race,Asian / Asian American,inst_trust_mean,72.26
Peer-review,race,Asian / Asian American,newsletter_signup,1.475
Peer-review,race,Asian / Asian American,policy_general,72.2
Peer-review,race,Asian / Asian American,policy_role_mean,75.225
Peer-review,race,Asian / Asian American,policy_specific_mean,68.64285714285714
Peer-review,race,Asian / Asian American,trust_multidimensional,81.30625
Peer-review,race,Asian / Asian American,trust_post,77.775
Peer-review,race,Black / African American,behavior_mean,63.71666666666667
Peer-review,race,Black / African American,belief_post,91.3
Peer-review,race,Black / African American,concern_mean,82.56666666666666
Peer-review,race,Black / African American,distrust_post,14.2
Peer-review,race,Black / African American,donation_ams,22.5
Peer-review,race,Black / African American,funding_perceptions,41.3
Peer-review,race,Black / African American,inst_trust_mean,73.64
Peer-review,race,Black / African American,newsletter_signup,1.35
Peer-review,race,Black / African American,policy_general,79.8
Peer-review,race,Black / African American,policy_role_mean,77.9
Peer-review,race,Black / African American,policy_specific_mean,77.14285714285714
Peer-review,race,Black / African American,trust_multidimensional,76.39166666666667
Peer-review,race,Black / African American,trust_post,82.1
Peer-review,race,Hispanic / Latino,behavior_mean,56.0
Peer-review,race,Hispanic / Latino,belief_post,88.0
Peer-review,race,Hispanic / Latino,concern_mean,76.33333333333333
Peer-review,race,Hispanic / Latino,distrust_post,29.0
Peer-review,race,Hispanic / Latino,donation_ams,3.0
Peer-review,race,Hispanic / Latino,funding_perceptions,38.0
Peer-review,race,Hispanic / Latino,inst_trust_mean,69.6
Peer-review,race,Hispanic / Latino,newsletter_signup,1.55
Peer-review,race,Hispanic / Latino,policy_general,77.0
Peer-review,race,Hispanic / Latino,policy_role_mean,74.75
Peer-review,race,Hispanic / Latino,policy_specific_mean,68.57142857142857
Peer-review,race,Hispanic / Latino,trust_multidimensional,82.83333333333333
Peer-review,race,Hispanic / Latino,trust_post,73.0
Peer-review,race,Other,behavior_mean,41.333333333333336
Peer-review,race,Other,belief_post,91.0
Peer-review,race,Other,concern_mean,77.66666666666667
Peer-review,race,Other,distrust_post,18.0
Peer-review,race,Other,donation_ams,5.8
Peer-review,race,Other,funding_perceptions,65.0
Peer-review,race,Other,inst_trust_mean,73.6
Peer-review,race,Other,newsletter_signup,1.55
Peer-review,race,Other,policy_general,62.0
Peer-review,race,Other,policy_role_mean,72.5
Peer-review,race,Other,policy_specific_mean,69.57142857142857
Peer-review,race,Other,trust_multidimensional,81.0
Peer-review,race,Other,trust_post,76.0
Peer-review,race,White / Caucasian,behavior_mean,56.0
Peer-review,race,White / Caucasian,belief_post,88.0
Peer-review,race,White / Caucasian,concern_mean,71.0
Peer-review,race,White / Caucasian,distrust_post,15.0
Peer-review,race,White / Caucasian,donation_ams,3.5
Peer-review,race,White / Caucasian,funding_perceptions,55.0
Peer-review,race,White / Caucasian,inst_trust_mean,72.2
Peer-review,race,White / Caucasian,newsletter_signup,1.45
Peer-review,race,White / Caucasian,policy_general,70.0
Peer-review,race,White / Caucasian,policy_role_mean,75.75
Peer-review,race,White / Caucasian,policy_specific_mean,59.285714285714285
Peer-review,race,White / Caucasian,trust_multidimensional,85.0
Peer-review,race,White / Caucasian,trust_post,80.0
Portrait Prof. Cherry,age_band,18-29,behavior_mean,55.0
Portrait Prof. Cherry,age_band,18-29,belief_post,88.0
Portrait Prof. Cherry,age_band,18-29,concern_mean,71.16666666666667
Portrait Prof. Cherry,age_band,18-29,distrust_post,30.0
Portrait Prof. Cherry,age_band,18-29,donation_ams,3.8
Portrait Prof. Cherry,age_band,18-29,funding_perceptions,62.0
Portrait Prof. Cherry,age_band,18-29,inst_trust_mean,73.0
Portrait Prof. Cherry,age_band,18-29,newsletter_signup,1.25
Portrait Prof. Cherry,age_band,18-29,policy_general,66.0
Portrait Prof. Cherry,age_band,18-29,policy_role_mean,70.875
Portrait Prof. Cherry,age_band,18-29,policy_specific_mean,68.42857142857143
Portrait Prof. Cherry,age_band,18-29,trust_multidimensional,81.33333333333333
Portrait Prof. Cherry,age_band,18-29,trust_post,68.5
Portrait Prof. Cherry,age_band,30-44,behavior_mean,42.666666666666664
Portrait Prof. Cherry,age_band,30-44,belief_post,88.0
Portrait Prof. Cherry,age_band,30-44,concern_mean,62.0
Portrait Prof. Cherry,age_band,30-44,distrust_post,32.0
Portrait Prof. Cherry,age_band,30-44,donation_ams,2.8
Portrait Prof. Cherry,age_band,30-44,funding_perceptions,55.0
Portrait Prof. Cherry,age_band,30-44,inst_trust_mean,64.2
Portrait Prof. Cherry,age_band,30-44,newsletter_signup,1.6
Portrait Prof. Cherry,age_band,30-44,policy_general,82.0
Portrait Prof. Cherry,age_band,30-44,policy_role_mean,71.25
Portrait Prof. Cherry,age_band,30-44,policy_specific_mean,63.142857142857146
Portrait Prof. Cherry,age_band,30-44,trust_multidimensional,71.45833333333333
Portrait Prof. Cherry,age_band,30-44,trust_post,68.0
Portrait Prof. Cherry,age_band,45-59,behavior_mean,47.5
Portrait Prof. Cherry,age_band,45-59,belief_post,95.0
Portrait Prof. Cherry,age_band,45-59,concern_mean,78.33333333333333
Portrait Prof. Cherry,age_band,45-59,distrust_post,15.0
Portrait Prof. Cherry,age_band,45-59,donation_ams,5.0
Portrait Prof. Cherry,age_band,45-59,funding_perceptions,50.0
Portrait Prof. Cherry,age_band,45-59,inst_trust_mean,76.6
Portrait Prof. Cherry,age_band,45-59,newsletter_signup,1.9
Portrait Prof. Cherry,age_band,45-59,policy_general,70.0
Portrait Prof. Cherry,age_band,45-59,policy_role_mean,66.25
Portrait Prof. Cherry,age_band,45-59,policy_specific_mean,59.714285714285715
Portrait Prof. Cherry,age_band,45-59,trust_multidimensional,78.0
Portrait Prof. Cherry,age_band,45-59,trust_post,80.0
Portrait Prof. Cherry,age_band,60+,behavior_mean,47.833333333333336
Portrait Prof. Cherry,age_band,60+,belief_post,88.0
Portrait Prof. Cherry,age_band,60+,concern_mean,70.0
Portrait Prof. Cherry,age_band,60+,distrust_post,21.0
Portrait Prof. Cherry,age_band,60+,donation_ams,4.0
Portrait Prof. Cherry,age_band,60+,funding_perceptions,47.0
Portrait Prof. Cherry,age_band,60+,inst_trust_mean,48.2
Portrait Prof. Cherry,age_band,60+,newsletter_signup,1.65
Portrait Prof. Cherry,age_band,60+,policy_general,58.0
Portrait Prof. Cherry,age_band,60+,policy_role_mean,48.25
Portrait Prof. Cherry,age_band,60+,policy_specific_mean,47.714285714285715
Portrait Prof. Cherry,age_band,60+,trust_multidimensional,78.91666666666667
Portrait Prof. Cherry,age_band,60+,trust_post,75.0
Portrait Prof. Cherry,education,Bachelor's degree,behavior_mean,56.333333333333336
Portrait Prof. Cherry,education,Bachelor's degree,belief_post,85.0
Portrait Prof. Cherry,education,Bachelor's degree,concern_mean,74.0
Portrait Prof. Cherry,education,Bachelor's degree,distrust_post,30.0
Portrait Prof. Cherry,education,Bachelor's degree,donation_ams,5.5
Portrait Prof. Cherry,education,Bachelor's degree,funding_perceptions,40.0
Portrait Prof. Cherry,education,Bachelor's degree,inst_trust_mean,71.4
Portrait Prof. Cherry,education,Bachelor's degree,newsletter_signup,1.75
Portrait Prof. Cherry,education,Bachelor's degree,policy_general,72.0
Portrait Prof. Cherry,education,Bachelor's degree,policy_role_mean,79.5
Portrait Prof. Cherry,education,Bachelor's degree,policy_specific_mean,68.85714285714286
Portrait Prof. Cherry,education,Bachelor's degree,trust_multidimensional,75.0
Portrait Prof. Cherry,education,Bachelor's degree,trust_post,75.0
Portrait Prof. Cherry,education,Doctorate degree / Ph.D.,behavior_mean,44.5
Portrait Prof. Cherry,education,Doctorate degree / Ph.D.,belief_post,62.75
Portrait Prof. Cherry,education,Doctorate degree / Ph.D.,concern_mean,63.33333333333333
Portrait Prof. Cherry,education,Doctorate degree / Ph.D.,distrust_post,38.75
Portrait Prof. Cherry,education,Doctorate degree / Ph.D.,donation_ams,3.5
Portrait Prof. Cherry,education,Doctorate degree / Ph.D.,funding_perceptions,44.25
Portrait Prof. Cherry,education,Doctorate degree / Ph.D.,inst_trust_mean,56.5
Portrait Prof. Cherry,education,Doctorate degree / Ph.D.,newsletter_signup,1.5625
Portrait Prof. Cherry,education,Doctorate degree / Ph.D.,policy_general,55.5
Portrait Prof. Cherry,education,Doctorate degree / Ph.D.,policy_role_mean,57.1875
Portrait Prof. Cherry,education,Doctorate degree / Ph.D.,policy_specific_mean,53.53571428571429
Portrait Prof. Cherry,education,Doctorate degree / Ph.D.,trust_multidimensional,63.87499999999999
Portrait Prof. Cherry,education,Doctorate degree / Ph.D.,trust_post,58.25
Portrait Prof. Cherry,education,High school diploma / GED,behavior_mean,56.5
Portrait Prof. Cherry,education,High school diploma / GED,belief_post,56.0
Portrait Prof. Cherry,education,High school diploma / GED,concern_mean,77.33333333333333
Portrait Prof. Cherry,education,High school diploma / GED,distrust_post,42.0
Portrait Prof. Cherry,education,High school diploma / GED,donation_ams,3.0
Portrait Prof. Cherry,education,High school diploma / GED,funding_perceptions,45.0
Portrait Prof. Cherry,education,High school diploma / GED,inst_trust_mean,58.6
Portrait Prof. Cherry,education,High school diploma / GED,newsletter_signup,1.6
Portrait Prof. Cherry,education,High school diploma / GED,policy_general,57.0
Portrait Prof. Cherry,education,High school diploma / GED,policy_role_mean,61.75
Portrait Prof. Cherry,education,High school diploma / GED,policy_specific_mean,57.42857142857143
Portrait Prof. Cherry,education,High school diploma / GED,trust_multidimensional,69.58333333333333
Portrait Prof. Cherry,education,High school diploma / GED,trust_post,58.0
Portrait Prof. Cherry,education,Less than high school,behavior_mean,18.5
Portrait Prof. Cherry,education,Less than high school,belief_post,28.0
Portrait Prof. Cherry,education,Less than high school,concern_mean,39.333333333333336
Portrait Prof. Cherry,education,Less than high school,distrust_post,58.0
Portrait Prof. Cherry,education,Less than high school,donation_ams,2.0
Portrait Prof. Cherry,education,Less than high school,funding_perceptions,40.0
Portrait Prof. Cherry,education,Less than high school,inst_trust_mean,40.0
Portrait Prof. Cherry,education,Less than high school,newsletter_signup,1.5
Portrait Prof. Cherry,education,Less than high school,policy_general,25.0
Portrait Prof. Cherry,education,Less than high school,policy_role_mean,27.5
Portrait Prof. Cherry,education,Less than high school,policy_specific_mean,22.571428571428573
Portrait Prof. Cherry,education,Less than high school,trust_multidimensional,44.666666666666664
Portrait Prof. Cherry,education,Less than high school,trust_post,35.0
Portrait Prof. Cherry,education,Master's degree / Professional degree,behavior_mean,44.5
Portrait Prof. Cherry,education,Master's degree / Professional degree,belief_post,62.75
Portrait Prof. Cherry,education,Master's degree / Professional degree,concern_mean,63.33333333333333
Portrait Prof. Cherry,education,Master's degree / Professional degree,distrust_post,38.75
Portrait Prof. Cherry,education,Master's degree / Professional degree,donation_ams,3.5
Portrait Prof. Cherry,education,Master's degree / Professional degree,funding_perceptions,44.25
Portrait Prof. Cherry,education,Master's degree / Professional degree,inst_trust_mean,56.5
Portrait Prof. Cherry,education,Master's degree / Professional degree,newsletter_signup,1.5625
Portrait Prof. Cherry,education,Master's degree / Professional degree,policy_general,55.5
Portrait Prof. Cherry,education,Master's degree / Professional degree,policy_role_mean,57.1875
Portrait Prof. Cherry,education,Master's degree / Professional degree,policy_specific_mean,53.53571428571429
Portrait Prof. Cherry,education,Master's degree / Professional degree,trust_multidimensional,63.87499999999999
Portrait Prof. Cherry,education,Master's degree / Professional degree,trust_post,58.25
Portrait Prof. Cherry,education,Some college or Associate's degree,behavior_mean,46.666666666666664
Portrait Prof. Cherry,education,Some college or Associate's degree,belief_post,82.0
Portrait Prof. Cherry,education,Some college or Associate's degree,concern_mean,62.666666666666664
Portrait Prof. Cherry,education,Some college or Associate's degree,distrust_post,25.0
Portrait Prof. Cherry,education,Some college or Associate's degree,donation_ams,3.5
Portrait Prof. Cherry,education,Some college or Associate's degree,funding_perceptions,52.0
Portrait Prof. Cherry,education,Some college or Associate's degree,inst_trust_mean,56.0
Portrait Prof. Cherry,education,Some college or Associate's degree,newsletter_signup,1.4
Portrait Prof. Cherry,education,Some college or Associate's degree,policy_general,68.0
Portrait Prof. Cherry,education,Some college or Associate's degree,policy_role_mean,60.0
Portrait Prof. Cherry,education,Some college or Associate's degree,policy_specific_mean,65.28571428571429
Portrait Prof. Cherry,education,Some college or Associate's degree,trust_multidimensional,66.25
Portrait Prof. Cherry,education,Some college or Associate's degree,trust_post,65.0
Portrait Prof. Cherry,gender,Female,behavior_mean,48.333333333333336
Portrait Prof. Cherry,gender,Female,belief_post,85.0
Portrait Prof. Cherry,gender,Female,concern_mean,81.66666666666667
Portrait Prof. Cherry,gender,Female,distrust_post,20.0
Portrait Prof. Cherry,gender,Female,donation_ams,4.0
Portrait Prof. Cherry,gender,Female,funding_perceptions,40.0
Portrait Prof. Cherry,gender,Female,inst_trust_mean,71.0
Portrait Prof. Cherry,gender,Female,newsletter_signup,1.7
Portrait Prof. Cherry,gender,Female,policy_general,75.0
Portrait Prof. Cherry,gender,Female,policy_role_mean,70.0
Portrait Prof. Cherry,gender,Female,policy_specific_mean,73.0
Portrait Prof. Cherry,gender,Female,trust_multidimensional,82.91666666666667
Portrait Prof. Cherry,gender,Female,trust_post,75.0
Portrait Prof. Cherry,gender,Male,behavior_mean,34.166666666666664
Portrait Prof. Cherry,gender,Male,belief_post,86.0
Portrait Prof. Cherry,gender,Male,concern_mean,62.666666666666664
Portrait Prof. Cherry,gender,Male,distrust_post,34.0
Portrait Prof. Cherry,gender,Male,donation_ams,5.0
Portrait Prof. Cherry,gender,Male,funding_perceptions,58.0
Portrait Prof. Cherry,gender,Male,inst_trust_mean,59.6
Portrait Prof. Cherry,gender,Male,newsletter_signup,1.45
Portrait Prof. Cherry,gender,Male,policy_general,62.0
Portrait Prof. Cherry,gender,Male,policy_role_mean,54.75
Portrait Prof. Cherry,gender,Male,policy_specific_mean,51.57142857142857
Portrait Prof. Cherry,gender,Male,trust_multidimensional,68.16666666666667
Portrait Prof. Cherry,gender,Male,trust_post,66.0
Portrait Prof. Cherry,gender,Other,behavior_mean,35.333333333333336
Portrait Prof. Cherry,gender,Other,belief_post,71.0
Portrait Prof. Cherry,gender,Other,concern_mean,74.0
Portrait Prof. Cherry,gender,Other,distrust_post,32.0
Portrait Prof. Cherry,gender,Other,donation_ams,4.5
Portrait Prof. Cherry,gender,Other,funding_perceptions,42.0
Portrait Prof. Cherry,gender,Other,inst_trust_mean,70.8
Portrait Prof. Cherry,gender,Other,newsletter_signup,1.7
Portrait Prof. Cherry,gender,Other,policy_general,73.0
Portrait Prof. Cherry,gender,Other,policy_role_mean,62.5
Portrait Prof. Cherry,gender,Other,policy_specific_mean,76.85714285714286
Portrait Prof. Cherry,gender,Other,trust_multidimensional,79.08333333333333
Portrait Prof. Cherry,gender,Other,trust_post,68.0
Portrait Prof. Cherry,income,"$100,000 to $167,999",behavior_mean,60.833333333333336
Portrait Prof. Cherry,income,"$100,000 to $167,999",belief_post,98.0
Portrait Prof. Cherry,income,"$100,000 to $167,999",concern_mean,73.33333333333333
Portrait Prof. Cherry,income,"$100,000 to $167,999",distrust_post,15.0
Portrait Prof. Cherry,income,"$100,000 to $167,999",donation_ams,6.0
Portrait Prof. Cherry,income,"$100,000 to $167,999",funding_perceptions,40.0
Portrait Prof. Cherry,income,"$100,000 to $167,999",inst_trust_mean,69.6
Portrait Prof. Cherry,income,"$100,000 to $167,999",newsletter_signup,1.5
Portrait Prof. Cherry,income,"$100,000 to $167,999",policy_general,75.0
Portrait Prof. Cherry,income,"$100,000 to $167,999",policy_role_mean,71.25
Portrait Prof. Cherry,income,"$100,000 to $167,999",policy_specific_mean,67.85714285714286
Portrait Prof. Cherry,income,"$100,000 to $167,999",trust_multidimensional,80.83333333333333
Portrait Prof. Cherry,income,"$100,000 to $167,999",trust_post,70.0
Portrait Prof. Cherry,income,"$168,000 or more",behavior_mean,70.16666666666667
Portrait Prof. Cherry,income,"$168,000 or more",belief_post,88.0
Portrait Prof. Cherry,income,"$168,000 or more",concern_mean,79.0
Portrait Prof. Cherry,income,"$168,000 or more",distrust_post,18.0
Portrait Prof. Cherry,income,"$168,000 or more",donation_ams,5.5
Portrait Prof. Cherry,income,"$168,000 or more",funding_perceptions,45.0
Portrait Prof. Cherry,income,"$168,000 or more",inst_trust_mean,74.6
Portrait Prof. Cherry,income,"$168,000 or more",newsletter_signup,1.6
Portrait Prof. Cherry,income,"$168,000 or more",policy_general,76.0
Portrait Prof. Cherry,income,"$168,000 or more",policy_role_mean,80.75
Portrait Prof. Cherry,income,"$168,000 or more",policy_specific_mean,70.71428571428571
Portrait Prof. Cherry,income,"$168,000 or more",trust_multidimensional,75.16666666666667
Portrait Prof. Cherry,income,"$168,000 or more",trust_post,78.0
Portrait Prof. Cherry,income,"$30,000 to $55,999",behavior_mean,53.333333333333336
Portrait Prof. Cherry,income,"$30,000 to $55,999",belief_post,92.0
Portrait Prof. Cherry,income,"$30,000 to $55,999",concern_mean,65.0
Portrait Prof. Cherry,income,"$30,000 to $55,999",distrust_post,26.0
Portrait Prof. Cherry,income,"$30,000 to $55,999",donation_ams,5.0
Portrait Prof. Cherry,income,"$30,000 to $55,999",funding_perceptions,48.0
Portrait Prof. Cherry,income,"$30,000 to $55,999",inst_trust_mean,62.6
Portrait Prof. Cherry,income,"$30,000 to $55,999",newsletter_signup,2.0
Portrait Prof. Cherry,income,"$30,000 to $55,999",policy_general,70.0
Portrait Prof. Cherry,income,"$30,000 to $55,999",policy_role_mean,70.0
Portrait Prof. Cherry,income,"$30,000 to $55,999",policy_specific_mean,63.57142857142857
Portrait Prof. Cherry,income,"$30,000 to $55,999",trust_multidimensional,78.66666666666667
Portrait Prof. Cherry,income,"$30,000 to $55,999",trust_post,74.0
Portrait Prof. Cherry,income,"$56,000 to $99,999",behavior_mean,49.666666666666664
Portrait Prof. Cherry,income,"$56,000 to $99,999",belief_post,88.0
Portrait Prof. Cherry,income,"$56,000 to $99,999",concern_mean,75.66666666666667
Portrait Prof. Cherry,income,"$56,000 to $99,999",distrust_post,19.0
Portrait Prof. Cherry,income,"$56,000 to $99,999",donation_ams,5.0
Portrait Prof. Cherry,income,"$56,000 to $99,999",funding_perceptions,68.0
Portrait Prof. Cherry,income,"$56,000 to $99,999",inst_trust_mean,66.0
Portrait Prof. Cherry,income,"$56,000 to $99,999",newsletter_signup,1.4
Portrait Prof. Cherry,income,"$56,000 to $99,999",policy_general,81.0
Portrait Prof. Cherry,income,"$56,000 to $99,999",policy_role_mean,69.25
Portrait Prof. Cherry,income,"$56,000 to $99,999",policy_specific_mean,60.857142857142854
Portrait Prof. Cherry,income,"$56,000 to $99,999",trust_multidimensional,76.0
Portrait Prof. Cherry,income,"$56,000 to $99,999",trust_post,78.0
Portrait Prof. Cherry,income,"Less than $30,000",behavior_mean,58.5
Portrait Prof. Cherry,income,"Less than $30,000",belief_post,86.0
Portrait Prof. Cherry,income,"Less than $30,000",concern_mean,73.25
Portrait Prof. Cherry,income,"Less than $30,000",distrust_post,38.0
Portrait Prof. Cherry,income,"Less than $30,000",donation_ams,5.375
Portrait Prof. Cherry,income,"Less than $30,000",funding_perceptions,52.0
Portrait Prof. Cherry,income,"Less than $30,000",inst_trust_mean,68.19999999999999
Portrait Prof. Cherry,income,"Less than $30,000",newsletter_signup,1.6
Portrait Prof. Cherry,income,"Less than $30,000",policy_general,42.0
Portrait Prof. Cherry,income,"Less than $30,000",policy_role_mean,72.8125
Portrait Prof. Cherry,income,"Less than $30,000",policy_specific_mean,65.74999999999999
Portrait Prof. Cherry,income,"Less than $30,000",trust_multidimensional,68.58333333333333
Portrait Prof. Cherry,income,"Less than $30,000",trust_post,62.0
Portrait Prof. Cherry,party,Democrat,behavior_mean,51.333333333333336
Portrait Prof. Cherry,party,Democrat,belief_post,93.0
Portrait Prof. Cherry,party,Democrat,concern_mean,81.66666666666667
Portrait Prof. Cherry,party,Democrat,distrust_post,10.0
Portrait Prof. Cherry,party,Democrat,donation_ams,4.5
Portrait Prof. Cherry,party,Democrat,funding_perceptions,85.0
Portrait Prof. Cherry,party,Democrat,inst_trust_mean,76.4
Portrait Prof. Cherry,party,Democrat,newsletter_signup,1.35
Portrait Prof. Cherry,party,Democrat,policy_general,88.0
Portrait Prof. Cherry,party,Democrat,policy_role_mean,80.25
Portrait Prof. Cherry,party,Democrat,policy_specific_mean,80.42857142857143
Portrait Prof. Cherry,party,Democrat,trust_multidimensional,79.875
Portrait Prof. Cherry,party,Democrat,trust_post,85.0
Portrait Prof. Cherry,party,Independent,behavior_mean,38.333333333333336
Portrait Prof. Cherry,party,Independent,belief_post,85.0
Portrait Prof. Cherry,party,Independent,concern_mean,62.666666666666664
Portrait Prof. Cherry,party,Independent,distrust_post,55.0
Portrait Prof. Cherry,party,Independent,donation_ams,5.0
Portrait Prof. Cherry,party,Independent,funding_perceptions,50.0
Portrait Prof. Cherry,party,Independent,inst_trust_mean,66.0
Portrait Prof. Cherry,party,Independent,newsletter_signup,1.4
Portrait Prof. Cherry,party,Independent,policy_general,55.0
Portrait Prof. Cherry,party,Independent,policy_role_mean,58.75
Portrait Prof. Cherry,party,Independent,policy_specific_mean,62.57142857142857
Portrait Prof. Cherry,party,Independent,trust_multidimensional,75.5
Portrait Prof. Cherry,party,Independent,trust_post,65.0
Portrait Prof. Cherry,party,Other,behavior_mean,46.333333333333336
Portrait Prof. Cherry,party,Other,belief_post,75.0
Portrait Prof. Cherry,party,Other,concern_mean,55.333333333333336
Portrait Prof. Cherry,party,Other,distrust_post,30.0
Portrait Prof. Cherry,party,Other,donation_ams,5.0
Portrait Prof. Cherry,party,Other,funding_perceptions,45.0
Portrait Prof. Cherry,party,Other,inst_trust_mean,64.4
Portrait Prof. Cherry,party,Other,newsletter_signup,1.6
Portrait Prof. Cherry,party,Other,policy_general,58.0
Portrait Prof. Cherry,party,Other,policy_role_mean,66.5
Portrait Prof. Cherry,party,Other,policy_specific_mean,61.714285714285715
Portrait Prof. Cherry,party,Other,trust_multidimensional,66.5
Portrait Prof. Cherry,party,Other,trust_post,60.0
Portrait Prof. Cherry,party,Republican,behavior_mean,45.333333333333336
Portrait Prof. Cherry,party,Republican,belief_post,84.33333333333333
Portrait Prof. Cherry,party,Republican,concern_mean,66.55555555555556
Portrait Prof. Cherry,party,Republican,distrust_post,31.666666666666668
Portrait Prof. Cherry,party,Republican,donation_ams,4.833333333333333
Portrait Prof. Cherry,party,Republican,funding_perceptions,60.0
Portrait Prof. Cherry,party,Republican,inst_trust_mean,68.93333333333334
Portrait Prof. Cherry,party,Republican,newsletter_signup,1.45
Portrait Prof. Cherry,party,Republican,policy_general,67.0
Portrait Prof. Cherry,party,Republican,policy_role_mean,68.5
Portrait Prof. Cherry,party,Republican,policy_specific_mean,68.23809523809524
Portrait Prof. Cherry,party,Republican,trust_multidimensional,73.95833333333333
Portrait Prof. Cherry,party,Republican,trust_post,70.0
Portrait Prof. Cherry,race,Asian / Asian American,behavior_mean,57.9
Portrait Prof. Cherry,race,Asian / Asian American,belief_post,88.5
Portrait Prof. Cherry,race,Asian / Asian American,concern_mean,75.23333333333333
Portrait Prof. Cherry,race,Asian / Asian American,distrust_post,15.2
Portrait Prof. Cherry,race,Asian / Asian American,donation_ams,6.8
Portrait Prof. Cherry,race,Asian / Asian American,funding_perceptions,41.4
Portrait Prof. Cherry,race,Asian / Asian American,inst_trust_mean,72.24
Portrait Prof. Cherry,race,Asian / Asian American,newsletter_signup,1.15
Portrait Prof. Cherry,race,Asian / Asian American,policy_general,71.2
Portrait Prof. Cherry,race,Asian / Asian American,policy_role_mean,77.15
Portrait Prof. Cherry,race,Asian / Asian American,policy_specific_mean,64.45714285714286
Portrait Prof. Cherry,race,Asian / Asian American,trust_multidimensional,75.95
Portrait Prof. Cherry,race,Asian / Asian American,trust_post,72.4
Portrait Prof. Cherry,race,Black / African American,behavior_mean,33.88333333333333
Portrait Prof. Cherry,race,Black / African American,belief_post,78.9
Portrait Prof. Cherry,race,Black / African American,concern_mean,68.86666666666666
Portrait Prof. Cherry,race,Black / African American,distrust_post,41.2
Portrait Prof. Cherry,race,Black / African American,donation_ams,4.5
Portrait Prof. Cherry,race,Black / African American,funding_perceptions,41.6
Portrait Prof. Cherry,race,Black / African American,inst_trust_mean,49.7
Portrait Prof. Cherry,race,Black / African American,newsletter_signup,1.8
Portrait Prof. Cherry,race,Black / African American,policy_general,61.2
Portrait Prof. Cherry,race,Black / African American,policy_role_mean,52.275
Portrait Prof. Cherry,race,Black / African American,policy_specific_mean,64.77142857142857
Portrait Prof. Cherry,race,Black / African American,trust_multidimensional,61.05833333333334
Portrait Prof. Cherry,race,Black / African American,trust_post,49.6
Portrait Prof. Cherry,race,Hispanic / Latino,behavior_mean,44.11666666666667
Portrait Prof. Cherry,race,Hispanic / Latino,belief_post,82.4
Portrait Prof. Cherry,race,Hispanic / Latino,concern_mean,77.73333333333333
Portrait Prof. Cherry,race,Hispanic / Latino,distrust_post,18.2
Portrait Prof. Cherry,race,Hispanic / Latino,donation_ams,4.2
Portrait Prof. Cherry,race,Hispanic / Latino,funding_perceptions,64.5
Portrait Prof. Cherry,race,Hispanic / Latino,inst_trust_mean,61.86
Portrait Prof. Cherry,race,Hispanic / Latino,newsletter_signup,1.85
Portrait Prof. Cherry,race,Hispanic / Latino,policy_general,71.0
Portrait Prof. Cherry,race,Hispanic / Latino,policy_role_mean,73.9
Portrait Prof. Cherry,race,Hispanic / Latino,policy_specific_mean,74.44285714285715
Portrait Prof. Cherry,race,Hispanic / Latino,trust_multidimensional,74.625
Portrait Prof. Cherry,race,Hispanic / Latino,trust_post,77.5
Portrait Prof. Cherry,race,Other,behavior_mean,46.35
Portrait Prof. Cherry,race,Other,belief_post,80.45
Portrait Prof. Cherry,race,Other,concern_mean,73.375
Portrait Prof. Cherry,race,Other,distrust_post,27.400000000000002
Portrait Prof. Cherry,race,Other,donation_ams,4.5
Portrait Prof. Cherry,race,Other,funding_perceptions,46.375
Portrait Prof. Cherry,race,Other,inst_trust_mean,62.050000000000004
Portrait Prof. Cherry,race,Other,newsletter_signup,1.5375
Portrait Prof. Cherry,race,Other,policy_general,67.85
Portrait Prof. Cherry,race,Other,policy_role_mean,66.58125000000001
Portrait Prof. Cherry,race,Other,policy_specific_mean,67.81071428571428
Portrait Prof. Cherry,race,Other,trust_multidimensional,71.54791666666667
Portrait Prof. Cherry,race,Other,trust_post,66.125
Portrait Prof. Cherry,race,White / Caucasian,behavior_mean,49.5
Portrait Prof. Cherry,race,White / Caucasian,belief_post,72.0
Portrait Prof. Cherry,race,White / Caucasian,concern_mean,71.66666666666667
Portrait Prof. Cherry,race,White / Caucasian,distrust_post,35.0
Portrait Prof. Cherry,race,White / Caucasian,donation_ams,2.5
Portrait Prof. Cherry,race,White / Caucasian,funding_perceptions,38.0
Portrait Prof. Cherry,race,White / Caucasian,inst_trust_mean,64.4
Portrait Prof. Cherry,race,White / Caucasian,newsletter_signup,1.35
Portrait Prof. Cherry,race,White / Caucasian,policy_general,68.0
Portrait Prof. Cherry,race,White / Caucasian,policy_role_mean,63.0
Portrait Prof. Cherry,race,White / Caucasian,policy_specific_mean,67.57142857142857
Portrait Prof. Cherry,race,White / Caucasian,trust_multidimensional,74.55833333333334
Portrait Prof. Cherry,race,White / Caucasian,trust_post,65.0
Scientist community helpers,age_band,18-29,behavior_mean,54.30555555555555
Scientist community helpers,age_band,18-29,belief_post,86.0
Scientist community helpers,age_band,18-29,concern_mean,77.1111111111111
Scientist community helpers,age_band,18-29,distrust_post,27.333333333333332
Scientist community helpers,age_band,18-29,donation_ams,4.166666666666667
Scientist community helpers,age_band,18-29,funding_perceptions,60.666666666666664
Scientist community helpers,age_band,18-29,inst_trust_mean,63.93333333333334
Scientist community helpers,age_band,18-29,newsletter_signup,1.6166666666666665
Scientist community helpers,age_band,18-29,policy_general,74.66666666666667
Scientist community helpers,age_band,18-29,policy_role_mean,75.08333333333333
Scientist community helpers,age_band,18-29,policy_specific_mean,69.85714285714285
Scientist community helpers,age_band,18-29,trust_multidimensional,72.5
Scientist community helpers,age_band,18-29,trust_post,67.33333333333333
Scientist community helpers,age_band,30-44,behavior_mean,49.166666666666664
Scientist community helpers,age_band,30-44,belief_post,86.0
Scientist community helpers,age_band,30-44,concern_mean,76.0
Scientist community helpers,age_band,30-44,distrust_post,32.0
Scientist community helpers,age_band,30-44,donation_ams,2.5
Scientist community helpers,age_band,30-44,funding_perceptions,82.0
Scientist community helpers,age_band,30-44,inst_trust_mean,59.4
Scientist community helpers,age_band,30-44,newsletter_signup,1.3
Scientist community helpers,age_band,30-44,policy_general,72.0
Scientist community helpers,age_band,30-44,policy_role_mean,67.25
Scientist community helpers,age_band,30-44,policy_specific_mean,62.42857142857143
Scientist community helpers,age_band,30-44,trust_multidimensional,66.25
Scientist community helpers,age_band,30-44,trust_post,58.0
Scientist community helpers,age_band,45-59,behavior_mean,54.25
Scientist community helpers,age_band,45-59,belief_post,90.0
Scientist community helpers,age_band,45-59,concern_mean,76.33333333333333
Scientist community helpers,age_band,45-59,distrust_post,20.0
Scientist community helpers,age_band,45-59,donation_ams,5.0
Scientist community helpers,age_band,45-59,funding_perceptions,25.0
Scientist community helpers,age_band,45-59,inst_trust_mean,72.2
Scientist community helpers,age_band,45-59,newsletter_signup,1.75
Scientist community helpers,age_band,45-59,policy_general,78.0
Scientist community helpers,age_band,45-59,policy_role_mean,84.5
Scientist community helpers,age_band,45-59,policy_specific_mean,78.14285714285714
Scientist community helpers,age_band,45-59,trust_multidimensional,75.58333333333333
Scientist community helpers,age_band,45-59,trust_post,74.0
Scientist community helpers,age_band,60+,behavior_mean,59.5
Scientist community helpers,age_band,60+,belief_post,82.0
Scientist community helpers,age_band,60+,concern_mean,79.0
Scientist community helpers,age_band,60+,distrust_post,30.0
Scientist community helpers,age_band,60+,donation_ams,5.0
Scientist community helpers,age_band,60+,funding_perceptions,75.0
Scientist community helpers,age_band,60+,inst_trust_mean,60.2
Scientist community helpers,age_band,60+,newsletter_signup,1.8
Scientist community helpers,age_band,60+,policy_general,74.0
Scientist community helpers,age_band,60+,policy_role_mean,73.5
Scientist community helpers,age_band,60+,policy_specific_mean,69.0
Scientist community helpers,age_band,60+,trust_multidimensional,75.66666666666667
Scientist community helpers,age_band,60+,trust_post,70.0
Scientist community helpers,education,Bachelor's degree,behavior_mean,55.0
Scientist community helpers,education,Bachelor's degree,belief_post,92.0
Scientist community helpers,education,Bachelor's degree,concern_mean,83.66666666666667
Scientist community helpers,education,Bachelor's degree,distrust_post,15.0
Scientist community helpers,education,Bachelor's degree,donation_ams,8.0
Scientist community helpers,education,Bachelor's degree,funding_perceptions,40.0
Scientist community helpers,education,Bachelor's degree,inst_trust_mean,75.2
Scientist community helpers,education,Bachelor's degree,newsletter_signup,1.6
Scientist community helpers,education,Bachelor's degree,policy_general,65.0
Scientist community helpers,education,Bachelor's degree,policy_role_mean,63.75
Scientist community helpers,education,Bachelor's degree,policy_specific_mean,64.28571428571429
Scientist community helpers,education,Bachelor's degree,trust_multidimensional,77.75
Scientist community helpers,education,Bachelor's degree,trust_post,82.0
Scientist community helpers,education,Doctorate degree / Ph.D.,behavior_mean,62.0
Scientist community helpers,education,Doctorate degree / Ph.D.,belief_post,96.0
Scientist community helpers,education,Doctorate degree / Ph.D.,concern_mean,86.0
Scientist community helpers,education,Doctorate degree / Ph.D.,distrust_post,6.0
Scientist community helpers,education,Doctorate degree / Ph.D.,donation_ams,5.0
Scientist community helpers,education,Doctorate degree / Ph.D.,funding_perceptions,42.0
Scientist community helpers,education,Doctorate degree / Ph.D.,inst_trust_mean,78.8
Scientist community helpers,education,Doctorate degree / Ph.D.,newsletter_signup,1.8
Scientist community helpers,education,Doctorate degree / Ph.D.,policy_general,82.0
Scientist community helpers,education,Doctorate degree / Ph.D.,policy_role_mean,85.0
Scientist community helpers,education,Doctorate degree / Ph.D.,policy_specific_mean,76.71428571428571
Scientist community helpers,education,Doctorate degree / Ph.D.,trust_multidimensional,88.5
Scientist community helpers,education,Doctorate degree / Ph.D.,trust_post,91.0
Scientist community helpers,education,High school diploma / GED,behavior_mean,44.666666666666664
Scientist community helpers,education,High school diploma / GED,belief_post,76.0
Scientist community helpers,education,High school diploma / GED,concern_mean,60.0
Scientist community helpers,education,High school diploma / GED,distrust_post,35.0
Scientist community helpers,education,High school diploma / GED,donation_ams,4.5
Scientist community helpers,education,High school diploma / GED,funding_perceptions,45.0
Scientist community helpers,education,High school diploma / GED,inst_trust_mean,63.4
Scientist community helpers,education,High school diploma / GED,newsletter_signup,1.7
Scientist community helpers,education,High school diploma / GED,policy_general,62.0
Scientist community helpers,education,High school diploma / GED,policy_role_mean,57.75
Scientist community helpers,education,High school diploma / GED,policy_specific_mean,55.42857142857143
Scientist community helpers,education,High school diploma / GED,trust_multidimensional,72.66666666666667
Scientist community helpers,education,High school diploma / GED,trust_post,65.0
Scientist community helpers,education,Less than high school,behavior_mean,32.5
Scientist community helpers,education,Less than high school,belief_post,48.0
Scientist community helpers,education,Less than high school,concern_mean,47.333333333333336
Scientist community helpers,education,Less than high school,distrust_post,56.0
Scientist community helpers,education,Less than high school,donation_ams,2.5
Scientist community helpers,education,Less than high school,funding_perceptions,68.0
Scientist community helpers,education,Less than high school,inst_trust_mean,34.8
Scientist community helpers,education,Less than high school,newsletter_signup,2.0
Scientist community helpers,education,Less than high school,policy_general,45.0
Scientist community helpers,education,Less than high school,policy_role_mean,39.5
Scientist community helpers,education,Less than high school,policy_specific_mean,41.0
Scientist community helpers,education,Less than high school,trust_multidimensional,40.833333333333336
Scientist community helpers,education,Less than high school,trust_post,38.0
Scientist community helpers,education,Master's degree / Professional degree,behavior_mean,57.5
Scientist community helpers,education,Master's degree / Professional degree,belief_post,88.0
Scientist community helpers,education,Master's degree / Professional degree,concern_mean,79.0
Scientist community helpers,education,Master's degree / Professional degree,distrust_post,12.0
Scientist community helpers,education,Master's degree / Professional degree,donation_ams,4.0
Scientist community helpers,education,Master's degree / Professional degree,funding_perceptions,55.0
Scientist community helpers,education,Master's degree / Professional degree,inst_trust_mean,73.4
Scientist community helpers,education,Master's degree / Professional degree,newsletter_signup,1.1
Scientist community helpers,education,Master's degree / Professional degree,policy_general,72.0
Scientist community helpers,education,Master's degree / Professional degree,policy_role_mean,73.75
Scientist community helpers,education,Master's degree / Professional degree,policy_specific_mean,65.85714285714286
Scientist community helpers,education,Master's degree / Professional degree,trust_multidimensional,79.75
Scientist community helpers,education,Master's degree / Professional degree,trust_post,82.0
Scientist community helpers,education,Some college or Associate's degree,behavior_mean,50.0
Scientist community helpers,education,Some college or Associate's degree,belief_post,78.0
Scientist community helpers,education,Some college or Associate's degree,concern_mean,71.66666666666667
Scientist community helpers,education,Some college or Associate's degree,distrust_post,18.0
Scientist community helpers,education,Some college or Associate's degree,donation_ams,60.0
Scientist community helpers,education,Some college or Associate's degree,funding_perceptions,52.0
Scientist community helpers,education,Some college or Associate's degree,inst_trust_mean,76.0
Scientist community helpers,education,Some college or Associate's degree,newsletter_signup,1.7
Scientist community helpers,education,Some college or Associate's degree,policy_general,65.0
Scientist community helpers,education,Some college or Associate's degree,policy_role_mean,71.5
Scientist community helpers,education,Some college or Associate's degree,policy_specific_mean,63.714285714285715
Scientist community helpers,education,Some college or Associate's degree,trust_multidimensional,73.83333333333333
Scientist community helpers,education,Some college or Associate's degree,trust_post,70.0
Scientist community helpers,gender,Female,behavior_mean,37.766666666666666
Scientist community helpers,gender,Female,belief_post,92.1
Scientist community helpers,gender,Female,concern_mean,83.5
Scientist community helpers,gender,Female,distrust_post,14.2
Scientist community helpers,gender,Female,donation_ams,4.5
Scientist community helpers,gender,Female,funding_perceptions,64.5
Scientist community helpers,gender,Female,inst_trust_mean,75.08
Scientist community helpers,gender,Female,newsletter_signup,1.65
Scientist community helpers,gender,Female,policy_general,88.5
Scientist community helpers,gender,Female,policy_role_mean,70.525
Scientist community helpers,gender,Female,policy_specific_mean,75.11428571428571
Scientist community helpers,gender,Female,trust_multidimensional,81.89166666666667
Scientist community helpers,gender,Female,trust_post,87.3
Scientist community helpers,gender,Male,behavior_mean,27.5
Scientist community helpers,gender,Male,belief_post,81.0
Scientist community helpers,gender,Male,concern_mean,66.0
Scientist community helpers,gender,Male,distrust_post,32.0
Scientist community helpers,gender,Male,donation_ams,3.0
Scientist community helpers,gender,Male,funding_perceptions,35.0
Scientist community helpers,gender,Male,inst_trust_mean,63.6
Scientist community helpers,gender,Male,newsletter_signup,1.2
Scientist community helpers,gender,Male,policy_general,62.0
Scientist community helpers,gender,Male,policy_role_mean,63.75
Scientist community helpers,gender,Male,policy_specific_mean,55.285714285714285
Scientist community helpers,gender,Male,trust_multidimensional,75.66666666666667
Scientist community helpers,gender,Male,trust_post,58.0
Scientist community helpers,gender,Other,behavior_mean,38.333333333333336
Scientist community helpers,gender,Other,belief_post,92.0
Scientist community helpers,gender,Other,concern_mean,72.66666666666667
Scientist community helpers,gender,Other,distrust_post,32.0
Scientist community helpers,gender,Other,donation_ams,4.0
Scientist community helpers,gender,Other,funding_perceptions,48.0
Scientist community helpers,gender,Other,inst_trust_mean,74.8
Scientist community helpers,gender,Other,newsletter_signup,1.6
Scientist community helpers,gender,Other,policy_general,74.0
Scientist community helpers,gender,Other,policy_role_mean,73.0
Scientist community helpers,gender,Other,policy_specific_mean,68.28571428571429
Scientist community helpers,gender,Other,trust_multidimensional,77.58333333333333
Scientist community helpers,gender,Other,trust_post,68.0
Scientist community helpers,income,"$100,000 to $167,999",behavior_mean,63.0
Scientist community helpers,income,"$100,000 to $167,999",belief_post,95.0
Scientist community helpers,income,"$100,000 to $167,999",concern_mean,76.66666666666667
Scientist community helpers,income,"$100,000 to $167,999",distrust_post,15.0
Scientist community helpers,income,"$100,000 to $167,999",donation_ams,5.0
Scientist community helpers,income,"$100,000 to $167,999",funding_perceptions,30.0
Scientist community helpers,income,"$100,000 to $167,999",inst_trust_mean,78.4
Scientist community helpers,income,"$100,000 to $167,999",newsletter_signup,1.5
Scientist community helpers,income,"$100,000 to $167,999",policy_general,85.0
Scientist community helpers,income,"$100,000 to $167,999",policy_role_mean,79.25
Scientist community helpers,income,"$100,000 to $167,999",policy_specific_mean,73.85714285714286
Scientist community helpers,income,"$100,000 to $167,999",trust_multidimensional,83.75
Scientist community helpers,income,"$100,000 to $167,999",trust_post,88.0
Scientist community helpers,income,"$168,000 or more",behavior_mean,67.0
Scientist community helpers,income,"$168,000 or more",belief_post,92.0
Scientist community helpers,income,"$168,000 or more",concern_mean,86.33333333333333
Scientist community helpers,income,"$168,000 or more",distrust_post,12.0
Scientist community helpers,income,"$168,000 or more",donation_ams,3.375
Scientist community helpers,income,"$168,000 or more",funding_perceptions,32.0
Scientist community helpers,income,"$168,000 or more",inst_trust_mean,73.4
Scientist community helpers,income,"$168,000 or more",newsletter_signup,1.6
Scientist community helpers,income,"$168,000 or more",policy_general,84.0
Scientist community helpers,income,"$168,000 or more",policy_role_mean,76.75
Scientist community helpers,income,"$168,000 or more",policy_specific_mean,71.85714285714286
Scientist community helpers,income,"$168,000 or more",trust_multidimensional,84.58333333333333
Scientist community helpers,income,"$168,000 or more",trust_post,82.0
Scientist community helpers,income,"$30,000 to $55,999",behavior_mean,47.166666666666664
Scientist community helpers,income,"$30,000 to $55,999",belief_post,88.0
Scientist community helpers,income,"$30,000 to $55,999",concern_mean,54.333333333333336
Scientist community helpers,income,"$30,000 to $55,999",distrust_post,18.0
Scientist community helpers,income,"$30,000 to $55,999",donation_ams,3.0
Scientist community helpers,income,"$30,000 to $55,999",funding_perceptions,55.0
Scientist community helpers,income,"$30,000 to $55,999",inst_trust_mean,73.6
Scientist community helpers,income,"$30,000 to $55,999",newsletter_signup,1.4
Scientist community helpers,income,"$30,000 to $55,999",policy_general,68.0
Scientist community helpers,income,"$30,000 to $55,999",policy_role_mean,66.25
Scientist community helpers,income,"$30,000 to $55,999",policy_specific_mean,60.285714285714285
Scientist community helpers,income,"$30,000 to $55,999",trust_multidimensional,75.0
Scientist community helpers,income,"$30,000 to $55,999",trust_post,72.0
Scientist community helpers,income,"$56,000 to $99,999",behavior_mean,43.666666666666664
Scientist community helpers,income,"$56,000 to $99,999",belief_post,85.0
Scientist community helpers,income,"$56,000 to $99,999",concern_mean,77.66666666666667
Scientist community helpers,income,"$56,000 to $99,999",distrust_post,15.0
Scientist community helpers,income,"$56,000 to $99,999",donation_ams,3.0
Scientist community helpers,income,"$56,000 to $99,999",funding_perceptions,40.0
Scientist community helpers,income,"$56,000 to $99,999",inst_trust_mean,59.0
Scientist community helpers,income,"$56,000 to $99,999",newsletter_signup,1.3
Scientist community helpers,income,"$56,000 to $99,999",policy_general,68.0
Scientist community helpers,income,"$56,000 to $99,999",policy_role_mean,72.5
Scientist community helpers,income,"$56,000 to $99,999",policy_specific_mean,63.57142857142857
Scientist community helpers,income,"$56,000 to $99,999",trust_multidimensional,76.08333333333333
Scientist community helpers,income,"$56,000 to $99,999",trust_post,82.0
Scientist community helpers,income,"Less than $30,000",behavior_mean,38.833333333333336
Scientist community helpers,income,"Less than $30,000",belief_post,88.5
Scientist community helpers,income,"Less than $30,000",concern_mean,78.83333333333333
Scientist community helpers,income,"Less than $30,000",distrust_post,28.0
Scientist community helpers,income,"Less than $30,000",donation_ams,2.5
Scientist community helpers,income,"Less than $30,000",funding_perceptions,75.0
Scientist community helpers,income,"Less than $30,000",inst_trust_mean,36.5
Scientist community helpers,income,"Less than $30,000",newsletter_signup,1.6
Scientist community helpers,income,"Less than $30,000",policy_general,70.0
Scientist community helpers,income,"Less than $30,000",policy_role_mean,57.625
Scientist community helpers,income,"Less than $30,000",policy_specific_mean,44.285714285714285
Scientist community helpers,income,"Less than $30,000",trust_multidimensional,41.891666666666666
Scientist community helpers,income,"Less than $30,000",trust_post,42.5
Scientist community helpers,party,Democrat,behavior_mean,62.5
Scientist community helpers,party,Democrat,belief_post,90.0
Scientist community helpers,party,Democrat,concern_mean,77.0
Scientist community helpers,party,Democrat,distrust_post,22.0
Scientist community helpers,party,Democrat,donation_ams,7.0
Scientist community helpers,party,Democrat,funding_perceptions,82.0
Scientist community helpers,party,Democrat,inst_trust_mean,76.6
Scientist community helpers,party,Democrat,newsletter_signup,1.3
Scientist community helpers,party,Democrat,policy_general,82.0
Scientist community helpers,party,Democrat,policy_role_mean,79.5
Scientist community helpers,party,Democrat,policy_specific_mean,77.57142857142857
Scientist community helpers,party,Democrat,trust_multidimensional,77.66666666666667
Scientist community helpers,party,Democrat,trust_post,78.0
Scientist community helpers,party,Independent,behavior_mean,35.5
Scientist community helpers,party,Independent,belief_post,76.0
Scientist community helpers,party,Independent,concern_mean,71.33333333333333
Scientist community helpers,party,Independent,distrust_post,42.0
Scientist community helpers,party,Independent,donation_ams,4.0
Scientist community helpers,party,Independent,funding_perceptions,48.0
Scientist community helpers,party,Independent,inst_trust_mean,63.6
Scientist community helpers,party,Independent,newsletter_signup,1.6
Scientist community helpers,party,Independent,policy_general,62.0
Scientist community helpers,party,Independent,policy_role_mean,56.75
Scientist community helpers,party,Independent,policy_specific_mean,55.42857142857143
Scientist community helpers,party,Independent,trust_multidimensional,69.83333333333333
Scientist community helpers,party,Independent,trust_post,58.0
Scientist community helpers,party,Other,behavior_mean,39.166666666666664
Scientist community helpers,party,Other,belief_post,88.0
Scientist community helpers,party,Other,concern_mean,54.0
Scientist community helpers,party,Other,distrust_post,28.0
Scientist community helpers,party,Other,donation_ams,4.2
Scientist community helpers,party,Other,funding_perceptions,48.0
Scientist community helpers,party,Other,inst_trust_mean,53.0
Scientist community helpers,party,Other,newsletter_signup,1.7
Scientist community helpers,party,Other,policy_general,58.0
Scientist community helpers,party,Other,policy_role_mean,54.75
Scientist community helpers,party,Other,policy_specific_mean,54.857142857142854
Scientist community helpers,party,Other,trust_multidimensional,66.83333333333333
Scientist community helpers,party,Other,trust_post,65.0
Scientist community helpers,party,Republican,behavior_mean,27.166666666666668
Scientist community helpers,party,Republican,belief_post,49.0
Scientist community helpers,party,Republican,concern_mean,38.333333333333336
Scientist community helpers,party,Republican,distrust_post,46.0
Scientist community helpers,party,Republican,donation_ams,6.0
Scientist community helpers,party,Republican,funding_perceptions,72.0
Scientist community helpers,party,Republican,inst_trust_mean,34.6
Scientist community helpers,party,Republican,newsletter_signup,1.7
Scientist community helpers,party,Republican,policy_general,24.0
Scientist community helpers,party,Republican,policy_role_mean,26.5
Scientist community helpers,party,Republican,policy_specific_mean,19.857142857142858
Scientist community helpers,party,Republican,trust_multidimensional,39.583333333333336
Scientist community helpers,party,Republican,trust_post,41.0
Scientist community helpers,race,Asian / Asian American,behavior_mean,65.83333333333333
Scientist community helpers,race,Asian / Asian American,belief_post,91.0
Scientist community helpers,race,Asian / Asian American,concern_mean,84.33333333333333
Scientist community helpers,race,Asian / Asian American,distrust_post,21.0
Scientist community helpers,race,Asian / Asian American,donation_ams,5.0
Scientist community helpers,race,Asian / Asian American,funding_perceptions,26.0
Scientist community helpers,race,Asian / Asian American,inst_trust_mean,84.0
Scientist community helpers,race,Asian / Asian American,newsletter_signup,1.4
Scientist community helpers,race,Asian / Asian American,policy_general,81.0
Scientist community helpers,race,Asian / Asian American,policy_role_mean,83.5
Scientist community helpers,race,Asian / Asian American,policy_specific_mean,76.71428571428571
Scientist community helpers,race,Asian / Asian American,trust_multidimensional,81.33333333333333
Scientist community helpers,race,Asian / Asian American,trust_post,76.0
Scientist community helpers,race,Black / African American,behavior_mean,72.5
Scientist community helpers,race,Black / African American,belief_post,85.0
Scientist community helpers,race,Black / African American,concern_mean,80.0
Scientist community helpers,race,Black / African American,distrust_post,25.0
Scientist community helpers,race,Black / African American,donation_ams,4.0
Scientist community helpers,race,Black / African American,funding_perceptions,80.0
Scientist community helpers,race,Black / African American,inst_trust_mean,81.0
Scientist community helpers,race,Black / African American,newsletter_signup,1.2
Scientist community helpers,race,Black / African American,policy_general,82.0
Scientist community helpers,race,Black / African American,policy_role_mean,87.75
Scientist community helpers,race,Black / African American,policy_specific_mean,77.14285714285714
Scientist community helpers,race,Black / African American,trust_multidimensional,77.91666666666667
Scientist community helpers,race,Black / African American,trust_post,75.0
Scientist community helpers,race,Hispanic / Latino,behavior_mean,45.833333333333336
Scientist community helpers,race,Hispanic / Latino,belief_post,90.0
Scientist community helpers,race,Hispanic / Latino,concern_mean,69.66666666666667
Scientist community helpers,race,Hispanic / Latino,distrust_post,24.0
Scientist community helpers,race,Hispanic / Latino,donation_ams,4.0
Scientist community helpers,race,Hispanic / Latino,funding_perceptions,45.0
Scientist community helpers,race,Hispanic / Latino,inst_trust_mean,62.0
Scientist community helpers,race,Hispanic / Latino,newsletter_signup,1.45
Scientist community helpers,race,Hispanic / Latino,policy_general,72.0
Scientist community helpers,race,Hispanic / Latino,policy_role_mean,61.0
Scientist community helpers,race,Hispanic / Latino,policy_specific_mean,71.0
Scientist community helpers,race,Hispanic / Latino,trust_multidimensional,71.79166666666667
Scientist community helpers,race,Hispanic / Latino,trust_post,76.0
Scientist community helpers,race,Other,behavior_mean,40.833333333333336
Scientist community helpers,race,Other,belief_post,85.0
Scientist community helpers,race,Other,concern_mean,71.66666666666667
Scientist community helpers,race,Other,distrust_post,35.0
Scientist community helpers,race,Other,donation_ams,4.0
Scientist community helpers,race,Other,funding_perceptions,32.0
Scientist community helpers,race,Other,inst_trust_mean,55.0
Scientist community helpers,race,Other,newsletter_signup,2.0
Scientist community helpers,race,Other,policy_general,72.0
Scientist community helpers,race,Other,policy_role_mean,61.25
Scientist community helpers,race,Other,policy_specific_mean,43.285714285714285
Scientist community helpers,race,Other,trust_multidimensional,60.0
Scientist community helpers,race,Other,trust_post,55.0
Scientist community helpers,race,White / Caucasian,behavior_mean,58.78333333333333
Scientist community helpers,race,White / Caucasian,belief_post,88.5
Scientist community helpers,race,White / Caucasian,concern_mean,75.73333333333333
Scientist community helpers,race,White / Caucasian,distrust_post,21.6
Scientist community helpers,race,White / Caucasian,donation_ams,4.2
Scientist community helpers,race,White / Caucasian,funding_perceptions,34.2
Scientist community helpers,race,White / Caucasian,inst_trust_mean,65.42
Scientist community helpers,race,White / Caucasian,newsletter_signup,0.65
Scientist community helpers,race,White / Caucasian,policy_general,74.3
Scientist community helpers,race,White / Caucasian,policy_role_mean,71.0
Scientist community helpers,race,White / Caucasian,policy_specific_mean,73.77142857142857
Scientist community helpers,race,White / Caucasian,trust_multidimensional,75.45
Scientist community helpers,race,White / Caucasian,trust_post,72.1
Social justice,age_band,18-29,behavior_mean,57.0
Social justice,age_band,18-29,belief_post,95.0
Social justice,age_band,18-29,concern_mean,85.66666666666667
Social justice,age_band,18-29,distrust_post,6.0
Social justice,age_band,18-29,donation_ams,6.0
Social justice,age_band,18-29,funding_perceptions,72.0
Social justice,age_band,18-29,inst_trust_mean,59.2
Social justice,age_band,18-29,newsletter_signup,1.8
Social justice,age_band,18-29,policy_general,80.0
Social justice,age_band,18-29,policy_role_mean,81.5
Social justice,age_band,18-29,policy_specific_mean,76.57142857142857
Social justice,age_band,18-29,trust_multidimensional,80.25
Social justice,age_band,18-29,trust_post,86.0
Social justice,age_band,30-44,behavior_mean,58.166666666666664
Social justice,age_band,30-44,belief_post,93.0
Social justice,age_band,30-44,concern_mean,74.33333333333333
Social justice,age_band,30-44,distrust_post,15.0
Social justice,age_band,30-44,donation_ams,6.2
Social justice,age_band,30-44,funding_perceptions,42.0
Social justice,age_band,30-44,inst_trust_mean,64.6
Social justice,age_band,30-44,newsletter_signup,1.8
Social justice,age_band,30-44,policy_general,78.0
Social justice,age_band,30-44,policy_role_mean,69.5
Social justice,age_band,30-44,policy_specific_mean,64.0
Social justice,age_band,30-44,trust_multidimensional,88.0
Social justice,age_band,30-44,trust_post,79.0
Social justice,age_band,45-59,behavior_mean,74.16666666666667
Social justice,age_band,45-59,belief_post,88.0
Social justice,age_band,45-59,concern_mean,69.66666666666667
Social justice,age_band,45-59,distrust_post,28.0
Social justice,age_band,45-59,donation_ams,4.0
Social justice,age_band,45-59,funding_perceptions,34.0
Social justice,age_band,45-59,inst_trust_mean,55.6
Social justice,age_band,45-59,newsletter_signup,1.3
Social justice,age_band,45-59,policy_general,63.0
Social justice,age_band,45-59,policy_role_mean,67.75
Social justice,age_band,45-59,policy_specific_mean,64.28571428571429
Social justice,age_band,45-59,trust_multidimensional,69.58333333333333
Social justice,age_band,45-59,trust_post,62.0
Social justice,age_band,60+,behavior_mean,43.333333333333336
Social justice,age_band,60+,belief_post,88.0
Social justice,age_band,60+,concern_mean,60.666666666666664
Social justice,age_band,60+,distrust_post,25.0
Social justice,age_band,60+,donation_ams,3.0
Social justice,age_band,60+,funding_perceptions,65.0
Social justice,age_band,60+,inst_trust_mean,69.6
Social justice,age_band,60+,newsletter_signup,1.85
Social justice,age_band,60+,policy_general,55.0
Social justice,age_band,60+,policy_role_mean,71.25
Social justice,age_band,60+,policy_specific_mean,59.285714285714285
Social justice,age_band,60+,trust_multidimensional,70.41666666666667
Social justice,age_band,60+,trust_post,70.0
Social justice,education,Bachelor's degree,behavior_mean,34.333333333333336
Social justice,education,Bachelor's degree,belief_post,92.0
Social justice,education,Bachelor's degree,concern_mean,63.666666666666664
Social justice,education,Bachelor's degree,distrust_post,15.0
Social justice,education,Bachelor's degree,donation_ams,4.0
Social justice,education,Bachelor's degree,funding_perceptions,35.0
Social justice,education,Bachelor's degree,inst_trust_mean,72.2
Social justice,education,Bachelor's degree,newsletter_signup,1.4
Social justice,education,Bachelor's degree,policy_general,68.0
Social justice,education,Bachelor's degree,policy_role_mean,72.0
Social justice,education,Bachelor's degree,policy_specific_mean,54.714285714285715
Social justice,education,Bachelor's degree,trust_multidimensional,80.16666666666667
Social justice,education,Bachelor's degree,trust_post,78.0
Social justice,education,Doctorate degree / Ph.D.,behavior_mean,49.833333333333336
Social justice,education,Doctorate degree / Ph.D.,belief_post,92.0
Social justice,education,Doctorate degree / Ph.D.,concern_mean,76.0
Social justice,education,Doctorate degree / Ph.D.,distrust_post,12.0
Social justice,education,Doctorate degree / Ph.D.,donation_ams,6.0
Social justice,education,Doctorate degree / Ph.D.,funding_perceptions,24.0
Social justice,education,Doctorate degree / Ph.D.,inst_trust_mean,68.8
Social justice,education,Doctorate degree / Ph.D.,newsletter_signup,1.1
Social justice,education,Doctorate degree / Ph.D.,policy_general,74.0
Social justice,education,Doctorate degree / Ph.D.,policy_role_mean,79.25
Social justice,education,Doctorate degree / Ph.D.,policy_specific_mean,57.42857142857143
Social justice,education,Doctorate degree / Ph.D.,trust_multidimensional,81.66666666666667
Social justice,education,Doctorate degree / Ph.D.,trust_post,84.0
Social justice,education,High school diploma / GED,behavior_mean,34.166666666666664
Social justice,education,High school diploma / GED,belief_post,68.0
Social justice,education,High school diploma / GED,concern_mean,65.66666666666667
Social justice,education,High school diploma / GED,distrust_post,35.0
Social justice,education,High school diploma / GED,donation_ams,1.5
Social justice,education,High school diploma / GED,funding_perceptions,30.0
Social justice,education,High school diploma / GED,inst_trust_mean,57.4
Social justice,education,High school diploma / GED,newsletter_signup,1.4
Social justice,education,High school diploma / GED,policy_general,65.0
Social justice,education,High school diploma / GED,policy_role_mean,59.0
Social justice,education,High school diploma / GED,policy_specific_mean,51.285714285714285
Social justice,education,High school diploma / GED,trust_multidimensional,64.58333333333333
Social justice,education,High school diploma / GED,trust_post,66.0
Social justice,education,Less than high school,behavior_mean,20.833333333333332
Social justice,education,Less than high school,belief_post,40.0
Social justice,education,Less than high school,concern_mean,46.666666666666664
Social justice,education,Less than high school,distrust_post,70.0
Social justice,education,Less than high school,donation_ams,25.0
Social justice,education,Less than high school,funding_perceptions,55.0
Social justice,education,Less than high school,inst_trust_mean,32.0
Social justice,education,Less than high school,newsletter_signup,1.7
Social justice,education,Less than high school,policy_general,35.0
Social justice,education,Less than high school,policy_role_mean,30.0
Social justice,education,Less than high school,policy_specific_mean,26.428571428571427
Social justice,education,Less than high school,trust_multidimensional,30.833333333333332
Social justice,education,Less than high school,trust_post,30.0
Social justice,education,Master's degree / Professional degree,behavior_mean,68.16666666666667
Social justice,education,Master's degree / Professional degree,belief_post,94.0
Social justice,education,Master's degree / Professional degree,concern_mean,85.33333333333333
Social justice,education,Master's degree / Professional degree,distrust_post,15.0
Social justice,education,Master's degree / Professional degree,donation_ams,2.5
Social justice,education,Master's degree / Professional degree,funding_perceptions,22.0
Social justice,education,Master's degree / Professional degree,inst_trust_mean,77.0
Social justice,education,Master's degree / Professional degree,newsletter_signup,1.3
Social justice,education,Master's degree / Professional degree,policy_general,82.0
Social justice,education,Master's degree / Professional degree,policy_role_mean,80.0
Social justice,education,Master's degree / Professional degree,policy_specific_mean,84.57142857142857
Social justice,education,Master's degree / Professional degree,trust_multidimensional,86.0
Social justice,education,Master's degree / Professional degree,trust_post,76.0
Social justice,education,Some college or Associate's degree,behavior_mean,51.666666666666664
Social justice,education,Some college or Associate's degree,belief_post,85.0
Social justice,education,Some college or Associate's degree,concern_mean,68.33333333333333
Social justice,education,Some college or Associate's degree,distrust_post,20.0
Social justice,education,Some college or Associate's degree,donation_ams,4.0
Social justice,education,Some college or Associate's degree,funding_perceptions,55.0
Social justice,education,Some college or Associate's degree,inst_trust_mean,71.4
Social justice,education,Some college or Associate's degree,newsletter_signup,1.6
Social justice,education,Some college or Associate's degree,policy_general,72.0
Social justice,education,Some college or Associate's degree,policy_role_mean,67.5
Social justice,education,Some college or Associate's degree,policy_specific_mean,61.42857142857143
Social justice,education,Some college or Associate's degree,trust_multidimensional,76.0
Social justice,education,Some college or Associate's degree,trust_post,75.0
Social justice,gender,Female,behavior_mean,56.666666666666664
Social justice,gender,Female,belief_post,95.0
Social justice,gender,Female,concern_mean,76.66666666666667
Social justice,gender,Female,distrust_post,15.0
Social justice,gender,Female,donation_ams,6.0
Social justice,gender,Female,funding_perceptions,65.0
Social justice,gender,Female,inst_trust_mean,72.4
Social justice,gender,Female,newsletter_signup,1.8
Social justice,gender,Female,policy_general,80.0
Social justice,gender,Female,policy_role_mean,77.25
Social justice,gender,Female,policy_specific_mean,78.85714285714286
Social justice,gender,Female,trust_multidimensional,82.16666666666667
Social justice,gender,Female,trust_post,75.0
Social justice,gender,Male,behavior_mean,35.333333333333336
Social justice,gender,Male,belief_post,92.0
Social justice,gender,Male,concern_mean,52.666666666666664
Social justice,gender,Male,distrust_post,12.0
Social justice,gender,Male,donation_ams,6.0
Social justice,gender,Male,funding_perceptions,65.0
Social justice,gender,Male,inst_trust_mean,66.0
Social justice,gender,Male,newsletter_signup,1.8
Social justice,gender,Male,policy_general,68.0
Social justice,gender,Male,policy_role_mean,68.75
Social justice,gender,Male,policy_specific_mean,62.57142857142857
Social justice,gender,Male,trust_multidimensional,81.33333333333333
Social justice,gender,Male,trust_post,75.0
Social justice,gender,Other,behavior_mean,51.13333333333333
Social justice,gender,Other,belief_post,91.2
Social justice,gender,Other,concern_mean,79.16666666666667
Social justice,gender,Other,distrust_post,12.4
Social justice,gender,Other,donation_ams,5.2
Social justice,gender,Other,funding_perceptions,44.7
Social justice,gender,Other,inst_trust_mean,77.26
Social justice,gender,Other,newsletter_signup,1.6
Social justice,gender,Other,policy_general,78.5
Social justice,gender,Other,policy_role_mean,81.65
Social justice,gender,Other,policy_specific_mean,66.31428571428572
Social justice,gender,Other,trust_multidimensional,87.79166666666667
Social justice,gender,Other,trust_post,85.6
Social justice,income,"$100,000 to $167,999",behavior_mean,47.666666666666664
Social justice,income,"$100,000 to $167,999",belief_post,93.0
Social justice,income,"$100,000 to $167,999",concern_mean,76.0
Social justice,income,"$100,000 to $167,999",distrust_post,15.0
Social justice,income,"$100,000 to $167,999",donation_ams,52.0
Social justice,income,"$100,000 to $167,999",funding_perceptions,25.0
Social justice,income,"$100,000 to $167,999",inst_trust_mean,76.4
Social justice,income,"$100,000 to $167,999",newsletter_signup,1.4
Social justice,income,"$100,000 to $167,999",policy_general,80.0
Social justice,income,"$100,000 to $167,999",policy_role_mean,68.25
Social justice,income,"$100,000 to $167,999",policy_specific_mean,72.28571428571429
Social justice,income,"$100,000 to $167,999",trust_multidimensional,79.25
Social justice,income,"$100,000 to $167,999",trust_post,82.0
Social justice,income,"$168,000 or more",behavior_mean,53.333333333333336
Social justice,income,"$168,000 or more",belief_post,92.0
Social justice,income,"$168,000 or more",concern_mean,82.66666666666667
Social justice,income,"$168,000 or more",distrust_post,15.0
Social justice,income,"$168,000 or more",donation_ams,8.0
Social justice,income,"$168,000 or more",funding_perceptions,30.0
Social justice,income,"$168,000 or more",inst_trust_mean,68.0
Social justice,income,"$168,000 or more",newsletter_signup,1.6
Social justice,income,"$168,000 or more",policy_general,80.0
Social justice,income,"$168,000 or more",policy_role_mean,77.75
Social justice,income,"$168,000 or more",policy_specific_mean,68.57142857142857
Social justice,income,"$168,000 or more",trust_multidimensional,82.83333333333333
Social justice,income,"$168,000 or more",trust_post,75.0
Social justice,income,"$30,000 to $55,999",behavior_mean,47.95833333333333
Social justice,income,"$30,000 to $55,999",belief_post,91.25
Social justice,income,"$30,000 to $55,999",concern_mean,77.04166666666667
Social justice,income,"$30,000 to $55,999",distrust_post,15.75
Social justice,income,"$30,000 to $55,999",donation_ams,17.3
Social justice,income,"$30,000 to $55,999",funding_perceptions,41.25
Social justice,income,"$30,000 to $55,999",inst_trust_mean,70.2
Social justice,income,"$30,000 to $55,999",newsletter_signup,1.5499999999999998
Social justice,income,"$30,000 to $55,999",policy_general,77.5
Social justice,income,"$30,000 to $55,999",policy_role_mean,74.875
Social justice,income,"$30,000 to $55,999",policy_specific_mean,67.21428571428572
Social justice,income,"$30,000 to $55,999",trust_multidimensional,78.76041666666666
Social justice,income,"$30,000 to $55,999",trust_post,78.75
Social justice,income,"$56,000 to $99,999",behavior_mean,39.666666666666664
Social justice,income,"$56,000 to $99,999",belief_post,92.0
Social justice,income,"$56,000 to $99,999",concern_mean,60.333333333333336
Social justice,income,"$56,000 to $99,999",distrust_post,15.0
Social justice,income,"$56,000 to $99,999",donation_ams,5.0
Social justice,income,"$56,000 to $99,999",funding_perceptions,75.0
Social justice,income,"$56,000 to $99,999",inst_trust_mean,62.0
Social justice,income,"$56,000 to $99,999",newsletter_signup,1.6
Social justice,income,"$56,000 to $99,999",policy_general,72.0
Social justice,income,"$56,000 to $99,999",policy_role_mean,72.5
Social justice,income,"$56,000 to $99,999",policy_specific_mean,68.85714285714286
Social justice,income,"$56,000 to $99,999",trust_multidimensional,74.33333333333333
Social justice,income,"$56,000 to $99,999",trust_post,76.0
Social justice,income,"Less than $30,000",behavior_mean,51.166666666666664
Social justice,income,"Less than $30,000",belief_post,88.0
Social justice,income,"Less than $30,000",concern_mean,89.16666666666667
Social justice,income,"Less than $30,000",distrust_post,18.0
Social justice,income,"Less than $30,000",donation_ams,4.2
Social justice,income,"Less than $30,000",funding_perceptions,35.0
Social justice,income,"Less than $30,000",inst_trust_mean,74.4
Social justice,income,"Less than $30,000",newsletter_signup,1.6
Social justice,income,"Less than $30,000",policy_general,78.0
Social justice,income,"Less than $30,000",policy_role_mean,81.0
Social justice,income,"Less than $30,000",policy_specific_mean,59.142857142857146
Social justice,income,"Less than $30,000",trust_multidimensional,78.625
Social justice,income,"Less than $30,000",trust_post,82.0
Social justice,party,Democrat,behavior_mean,48.833333333333336
Social justice,party,Democrat,belief_post,96.0
Social justice,party,Democrat,concern_mean,87.0
Social justice,party,Democrat,distrust_post,15.0
Social justice,party,Democrat,donation_ams,6.5
Social justice,party,Democrat,funding_perceptions,72.0
Social justice,party,Democrat,inst_trust_mean,83.4
Social justice,party,Democrat,newsletter_signup,1.8
Social justice,party,Democrat,policy_general,89.0
Social justice,party,Democrat,policy_role_mean,86.0
Social justice,party,Democrat,policy_specific_mean,79.71428571428571
Social justice,party,Democrat,trust_multidimensional,88.41666666666667
Social justice,party,Democrat,trust_post,88.0
Social justice,party,Independent,behavior_mean,43.333333333333336
Social justice,party,Independent,belief_post,88.0
Social justice,party,Independent,concern_mean,73.0
Social justice,party,Independent,distrust_post,26.0
Social justice,party,Independent,donation_ams,4.5
Social justice,party,Independent,funding_perceptions,52.0
Social justice,party,Independent,inst_trust_mean,61.8
Social justice,party,Independent,newsletter_signup,1.5
Social justice,party,Independent,policy_general,52.0
Social justice,party,Independent,policy_role_mean,67.25
Social justice,party,Independent,policy_specific_mean,53.42857142857143
Social justice,party,Independent,trust_multidimensional,71.75
Social justice,party,Independent,trust_post,76.0
Social justice,party,Other,behavior_mean,44.666666666666664
Social justice,party,Other,belief_post,78.0
Social justice,party,Other,concern_mean,55.666666666666664
Social justice,party,Other,distrust_post,32.0
Social justice,party,Other,donation_ams,4.0
Social justice,party,Other,funding_perceptions,52.0
Social justice,party,Other,inst_trust_mean,49.6
Social justice,party,Other,newsletter_signup,30.0
Social justice,party,Other,policy_general,62.0
Social justice,party,Other,policy_role_mean,58.5
Social justice,party,Other,policy_specific_mean,52.714285714285715
Social justice,party,Other,trust_multidimensional,63.083333333333336
Social justice,party,Other,trust_post,58.0
Social justice,party,Republican,behavior_mean,18.333333333333332
Social justice,party,Republican,belief_post,46.0
Social justice,party,Republican,concern_mean,51.666666666666664
Social justice,party,Republican,distrust_post,52.0
Social justice,party,Republican,donation_ams,1.0
Social justice,party,Republican,funding_perceptions,88.0
Social justice,party,Republican,inst_trust_mean,38.0
Social justice,party,Republican,newsletter_signup,1.5
Social justice,party,Republican,policy_general,35.0
Social justice,party,Republican,policy_role_mean,31.5
Social justice,party,Republican,policy_specific_mean,30.0
Social justice,party,Republican,trust_multidimensional,42.416666666666664
Social justice,party,Republican,trust_post,38.0
Social justice,race,Asian / Asian American,behavior_mean,59.333333333333336
Social justice,race,Asian / Asian American,belief_post,92.0
Social justice,race,Asian / Asian American,concern_mean,80.0
Social justice,race,Asian / Asian American,distrust_post,28.0
Social justice,race,Asian / Asian American,donation_ams,18.666666666666668
Social justice,race,Asian / Asian American,funding_perceptions,32.0
Social justice,race,Asian / Asian American,inst_trust_mean,71.8
Social justice,race,Asian / Asian American,newsletter_signup,1.15
Social justice,race,Asian / Asian American,policy_general,76.0
Social justice,race,Asian / Asian American,policy_role_mean,73.5
Social justice,race,Asian / Asian American,policy_specific_mean,70.14285714285714
Social justice,race,Asian / Asian American,trust_multidimensional,76.58333333333333
Social justice,race,Asian / Asian American,trust_post,85.0
Social justice,race,Black / African American,behavior_mean,44.44444444444445
Social justice,race,Black / African American,belief_post,88.75
Social justice,race,Black / African American,concern_mean,73.41666666666667
Social justice,race,Black / African American,distrust_post,18.0
Social justice,race,Black / African American,donation_ams,18.666666666666668
Social justice,race,Black / African American,funding_perceptions,30.0
Social justice,race,Black / African American,inst_trust_mean,66.6
Social justice,race,Black / African American,newsletter_signup,1.3499999999999999
Social justice,race,Black / African American,policy_general,75.5
Social justice,race,Black / African American,policy_role_mean,70.25
Social justice,race,Black / African American,policy_specific_mean,65.85714285714285
Social justice,race,Black / African American,trust_multidimensional,79.5
Social justice,race,Black / African American,trust_post,82.0
Social justice,race,Hispanic / Latino,behavior_mean,35.166666666666664
Social justice,race,Hispanic / Latino,belief_post,89.0
Social justice,race,Hispanic / Latino,concern_mean,72.66666666666667
Social justice,race,Hispanic / Latino,distrust_post,22.0
Social justice,race,Hispanic / Latino,donation_ams,2.5
Social justice,race,Hispanic / Latino,funding_perceptions,38.0
Social justice,race,Hispanic / Latino,inst_trust_mean,66.8
Social justice,race,Hispanic / Latino,newsletter_signup,1.2
Social justice,race,Hispanic / Latino,policy_general,76.0
Social justice,race,Hispanic / Latino,policy_role_mean,73.5
Social justice,race,Hispanic / Latino,policy_specific_mean,62.857142857142854
Social justice,race,Hispanic / Latino,trust_multidimensional,83.08333333333333
Social justice,race,Hispanic / Latino,trust_post,85.0
Social justice,race,Other,behavior_mean,44.44444444444445
Social justice,race,Other,belief_post,86.0
Social justice,race,Other,concern_mean,71.0
Social justice,race,Other,distrust_post,12.0
Social justice,race,Other,donation_ams,8.5
Social justice,race,Other,funding_perceptions,21.0
Social justice,race,Other,inst_trust_mean,65.8
Social justice,race,Other,newsletter_signup,1.25
Social justice,race,Other,policy_general,78.0
Social justice,race,Other,policy_role_mean,72.75
Social justice,race,Other,policy_specific_mean,65.85714285714285
Social justice,race,Other,trust_multidimensional,80.70833333333333
Social justice,race,Other,trust_post,88.0
Social justice,race,White / Caucasian,behavior_mean,38.833333333333336
Social justice,race,White / Caucasian,belief_post,88.0
Social justice,race,White / Caucasian,concern_mean,70.0
Social justice,race,White / Caucasian,distrust_post,28.0
Social justice,race,White / Caucasian,donation_ams,45.0
Social justice,race,White / Caucasian,funding_perceptions,18.0
Social justice,race,White / Caucasian,inst_trust_mean,62.0
Social justice,race,White / Caucasian,newsletter_signup,1.8
Social justice,race,White / Caucasian,policy_general,72.0
Social justice,race,White / Caucasian,policy_role_mean,61.25
Social justice,race,White / Caucasian,policy_specific_mean,64.57142857142857
Social justice,race,White / Caucasian,trust_multidimensional,68.58333333333333
Social justice,race,White / Caucasian,trust_post,60.0
control,age_band,18-29,behavior_mean,60.0
control,age_band,18-29,belief_post,92.0
control,age_band,18-29,concern_mean,71.0
control,age_band,18-29,distrust_post,20.0
control,age_band,18-29,donation_ams,6.0
control,age_band,18-29,funding_perceptions,75.0
control,age_band,18-29,inst_trust_mean,74.6
control,age_band,18-29,newsletter_signup,1.3
control,age_band,18-29,policy_general,80.0
control,age_band,18-29,policy_role_mean,79.75
control,age_band,18-29,policy_specific_mean,70.14285714285714
control,age_band,18-29,trust_multidimensional,73.58333333333333
control,age_band,18-29,trust_post,80.0
control,age_band,30-44,behavior_mean,48.6
control,age_band,30-44,belief_post,87.3
control,age_band,30-44,concern_mean,77.76666666666667
control,age_band,30-44,distrust_post,18.5
control,age_band,30-44,donation_ams,3.2
control,age_band,30-44,funding_perceptions,57.5
control,age_band,30-44,inst_trust_mean,49.5
control,age_band,30-44,newsletter_signup,1.75
control,age_band,30-44,policy_general,66.4
control,age_band,30-44,policy_role_mean,68.525
control,age_band,30-44,policy_specific_mean,60.699999999999996
control,age_band,30-44,trust_multidimensional,70.675
control,age_band,30-44,trust_post,68.9
control,age_band,45-59,behavior_mean,46.583333333333336
control,age_band,45-59,belief_post,89.5
control,age_band,45-59,concern_mean,81.0
control,age_band,45-59,distrust_post,22.5
control,age_band,45-59,donation_ams,3.5
control,age_band,45-59,funding_perceptions,42.0
control,age_band,45-59,inst_trust_mean,70.7
control,age_band,45-59,newsletter_signup,1.9
control,age_band,45-59,policy_general,76.5
control,age_band,45-59,policy_role_mean,72.875
control,age_band,45-59,policy_specific_mean,70.57142857142857
control,age_band,45-59,trust_multidimensional,77.91666666666667
control,age_band,45-59,trust_post,78.0
control,age_band,60+,behavior_mean,37.833333333333336
control,age_band,60+,belief_post,72.0
control,age_band,60+,concern_mean,81.66666666666667
control,age_band,60+,distrust_post,25.0
control,age_band,60+,donation_ams,5.5
control,age_band,60+,funding_perceptions,58.0
control,age_band,60+,inst_trust_mean,57.4
control,age_band,60+,newsletter_signup,1.2
control,age_band,60+,policy_general,38.0
control,age_band,60+,policy_role_mean,51.25
control,age_band,60+,policy_specific_mean,58.0
control,age_band,60+,trust_multidimensional,71.58333333333333
control,age_band,60+,trust_post,65.0
control,education,Bachelor's degree,behavior_mean,47.5
control,education,Bachelor's degree,belief_post,89.0
control,education,Bachelor's degree,concern_mean,73.33333333333333
control,education,Bachelor's degree,distrust_post,18.0
control,education,Bachelor's degree,donation_ams,3.0
control,education,Bachelor's degree,funding_perceptions,45.0
control,education,Bachelor's degree,inst_trust_mean,68.8
control,education,Bachelor's degree,newsletter_signup,1.8
control,education,Bachelor's degree,policy_general,73.0
control,education,Bachelor's degree,policy_role_mean,70.25
control,education,Bachelor's degree,policy_specific_mean,69.57142857142857
control,education,Bachelor's degree,trust_multidimensional,77.16666666666667
control,education,Bachelor's degree,trust_post,76.0
control,education,Doctorate degree / Ph.D.,behavior_mean,64.66666666666667
control,education,Doctorate degree / Ph.D.,belief_post,92.0
control,education,Doctorate degree / Ph.D.,concern_mean,77.0
control,education,Doctorate degree / Ph.D.,distrust_post,12.0
control,education,Doctorate degree / Ph.D.,donation_ams,65.0
control,education,Doctorate degree / Ph.D.,funding_perceptions,18.0
control,education,Doctorate degree / Ph.D.,inst_trust_mean,81.6
control,education,Doctorate degree / Ph.D.,newsletter_signup,1.2
control,education,Doctorate degree / Ph.D.,policy_general,84.0
control,education,Doctorate degree / Ph.D.,policy_role_mean,82.0
control,education,Doctorate degree / Ph.D.,policy_specific_mean,76.14285714285714
control,education,Doctorate degree / Ph.D.,trust_multidimensional,82.5
control,education,Doctorate degree / Ph.D.,trust_post,88.0
control,education,High school diploma / GED,behavior_mean,25.833333333333332
control,education,High school diploma / GED,belief_post,52.0
control,education,High school diploma / GED,concern_mean,58.333333333333336
control,education,High school diploma / GED,distrust_post,42.0
control,education,High school diploma / GED,donation_ams,2.0
control,education,High school diploma / GED,funding_perceptions,75.0
control,education,High school diploma / GED,inst_trust_mean,45.4
control,education,High school diploma / GED,newsletter_signup,1.4
control,education,High school diploma / GED,policy_general,45.0
control,education,High school diploma / GED,policy_role_mean,33.25
control,education,High school diploma / GED,policy_specific_mean,41.42857142857143
control,education,High school diploma / GED,trust_multidimensional,35.166666666666664
control,education,High school diploma / GED,trust_post,38.0
control,education,Less than high school,behavior_mean,50.291666666666664
control,education,Less than high school,belief_post,80.0
control,education,Less than high school,concern_mean,72.25
control,education,Less than high school,distrust_post,22.5
control,education,Less than high school,donation_ams,19.25
control,education,Less than high school,funding_perceptions,45.0
control,education,Less than high school,inst_trust_mean,66.89999999999999
control,education,Less than high school,newsletter_signup,22.35
control,education,Less than high school,policy_general,69.0
control,education,Less than high school,policy_role_mean,65.0
control,education,Less than high school,policy_specific_mean,65.0
control,education,Less than high school,trust_multidimensional,68.6875
control,education,Less than high school,trust_post,69.5
control,education,Master's degree / Professional degree,behavior_mean,63.166666666666664
control,education,Master's degree / Professional degree,belief_post,87.0
control,education,Master's degree / Professional degree,concern_mean,80.33333333333333
control,education,Master's degree / Professional degree,distrust_post,18.0
control,education,Master's degree / Professional degree,donation_ams,7.0
control,education,Master's degree / Professional degree,funding_perceptions,42.0
control,education,Master's degree / Professional degree,inst_trust_mean,71.8
control,education,Master's degree / Professional degree,newsletter_signup,85.0
control,education,Master's degree / Professional degree,policy_general,74.0
control,education,Master's degree / Professional degree,policy_role_mean,74.5
control,education,Master's degree / Professional degree,policy_specific_mean,72.85714285714286
control,education,Master's degree / Professional degree,trust_multidimensional,79.91666666666667
control,education,Master's degree / Professional degree,trust_post,76.0
control,education,Some college or Associate's degree,behavior_mean,50.291666666666664
control,education,Some college or Associate's degree,belief_post,80.0
control,education,Some college or Associate's degree,concern_mean,72.25
control,education,Some college or Associate's degree,distrust_post,22.5
control,education,Some college or Associate's degree,donation_ams,19.25
control,education,Some college or Associate's degree,funding_perceptions,45.0
control,education,Some college or Associate's degree,inst_trust_mean,66.89999999999999
control,education,Some college or Associate's degree,newsletter_signup,22.35
control,education,Some college or Associate's degree,policy_general,69.0
control,education,Some college or Associate's degree,policy_role_mean,65.0
control,education,Some college or Associate's degree,policy_specific_mean,65.0
control,education,Some college or Associate's degree,trust_multidimensional,68.6875
control,education,Some college or Associate's degree,trust_post,69.5
control,gender,Female,behavior_mean,60.21666666666667
control,gender,Female,belief_post,88.5
control,gender,Female,concern_mean,72.56666666666666
control,gender,Female,distrust_post,31.8
control,gender,Female,donation_ams,5.2
control,gender,Female,funding_perceptions,47.6
control,gender,Female,inst_trust_mean,55.220000000000006
control,gender,Female,newsletter_signup,1.5
control,gender,Female,policy_general,66.1
control,gender,Female,policy_role_mean,67.625
control,gender,Female,policy_specific_mean,67.01428571428572
control,gender,Female,trust_multidimensional,74.04166666666667
control,gender,Female,trust_post,64.2
control,gender,Male,behavior_mean,45.0
control,gender,Male,belief_post,83.5
control,gender,Male,concern_mean,76.33333333333333
control,gender,Male,distrust_post,28.0
control,gender,Male,donation_ams,8.5
control,gender,Male,funding_perceptions,45.0
control,gender,Male,inst_trust_mean,62.7
control,gender,Male,newsletter_signup,1.1
control,gender,Male,policy_general,68.0
control,gender,Male,policy_role_mean,72.0
control,gender,Male,policy_specific_mean,68.57142857142857
control,gender,Male,trust_multidimensional,68.625
control,gender,Male,trust_post,62.0
control,gender,Other,behavior_mean,35.833333333333336
control,gender,Other,belief_post,83.0
control,gender,Other,concern_mean,64.33333333333333
control,gender,Other,distrust_post,18.0
control,gender,Other,donation_ams,5.0
control,gender,Other,funding_perceptions,62.0
control,gender,Other,inst_trust_mean,68.6
control,gender,Other,newsletter_signup,1.6
control,gender,Other,policy_general,62.0
control,gender,Other,policy_role_mean,57.5
control,gender,Other,policy_specific_mean,53.714285714285715
control,gender,Other,trust_multidimensional,66.91666666666667
control,gender,Other,trust_post,65.0
control,income,"$100,000 to $167,999",behavior_mean,53.416666666666664
control,income,"$100,000 to $167,999",belief_post,88.6
control,income,"$100,000 to $167,999",concern_mean,69.03333333333333
control,income,"$100,000 to $167,999",distrust_post,20.5
control,income,"$100,000 to $167,999",donation_ams,4.7
control,income,"$100,000 to $167,999",funding_perceptions,44.7
control,income,"$100,000 to $167,999",inst_trust_mean,67.67999999999999
control,income,"$100,000 to $167,999",newsletter_signup,1.65
control,income,"$100,000 to $167,999",policy_general,71.5
control,income,"$100,000 to $167,999",policy_role_mean,63.15
control,income,"$100,000 to $167,999",policy_specific_mean,64.65714285714286
control,income,"$100,000 to $167,999",trust_multidimensional,67.83333333333333
control,income,"$100,000 to $167,999",trust_post,74.2
control,income,"$168,000 or more",behavior_mean,72.0
control,income,"$168,000 or more",belief_post,93.0
control,income,"$168,000 or more",concern_mean,86.33333333333333
control,income,"$168,000 or more",distrust_post,15.0
control,income,"$168,000 or more",donation_ams,7.0
control,income,"$168,000 or more",funding_perceptions,35.0
control,income,"$168,000 or more",inst_trust_mean,73.2
control,income,"$168,000 or more",newsletter_signup,1.35
control,income,"$168,000 or more",policy_general,78.0
control,income,"$168,000 or more",policy_role_mean,74.25
control,income,"$168,000 or more",policy_specific_mean,77.57142857142857
control,income,"$168,000 or more",trust_multidimensional,83.08333333333333
control,income,"$168,000 or more",trust_post,87.0
control,income,"$30,000 to $55,999",behavior_mean,56.333333333333336
control,income,"$30,000 to $55,999",belief_post,82.0
control,income,"$30,000 to $55,999",concern_mean,81.66666666666667
control,income,"$30,000 to $55,999",distrust_post,45.0
control,income,"$30,000 to $55,999",donation_ams,3.5
control,income,"$30,000 to $55,999",funding_perceptions,30.0
control,income,"$30,000 to $55,999",inst_trust_mean,61.4
control,income,"$30,000 to $55,999",newsletter_signup,1.85
control,income,"$30,000 to $55,999",policy_general,75.0
control,income,"$30,000 to $55,999",policy_role_mean,71.75
control,income,"$30,000 to $55,999",policy_specific_mean,70.57142857142857
control,income,"$30,000 to $55,999",trust_multidimensional,68.58333333333333
control,income,"$30,000 to $55,999",trust_post,68.0
control,income,"$56,000 to $99,999",behavior_mean,51.666666666666664
control,income,"$56,000 to $99,999",belief_post,85.0
control,income,"$56,000 to $99,999",concern_mean,80.0
control,income,"$56,000 to $99,999",distrust_post,20.0
control,income,"$56,000 to $99,999",donation_ams,3.0
control,income,"$56,000 to $99,999",funding_perceptions,40.0
control,income,"$56,000 to $99,999",inst_trust_mean,71.0
control,income,"$56,000 to $99,999",newsletter_signup,1.8
control,income,"$56,000 to $99,999",policy_general,80.0
control,income,"$56,000 to $99,999",policy_role_mean,65.0
control,income,"$56,000 to $99,999",policy_specific_mean,73.57142857142857
control,income,"$56,000 to $99,999",trust_multidimensional,68.33333333333333
control,income,"$56,000 to $99,999",trust_post,70.0
control,income,"Less than $30,000",behavior_mean,49.166666666666664
control,income,"Less than $30,000",belief_post,88.0
control,income,"Less than $30,000",concern_mean,83.0
control,income,"Less than $30,000",distrust_post,40.0
control,income,"Less than $30,000",donation_ams,2.0
control,income,"Less than $30,000",funding_perceptions,45.0
control,income,"Less than $30,000",inst_trust_mean,51.6
control,income,"Less than $30,000",newsletter_signup,1.5
control,income,"Less than $30,000",policy_general,70.0
control,income,"Less than $30,000",policy_role_mean,57.5
control,income,"Less than $30,000",policy_specific_mean,60.714285714285715
control,income,"Less than $30,000",trust_multidimensional,59.333333333333336
control,income,"Less than $30,000",trust_post,55.0
control,party,Democrat,behavior_mean,53.333333333333336
control,party,Democrat,belief_post,92.0
control,party,Democrat,concern_mean,79.0
control,party,Democrat,distrust_post,12.0
control,party,Democrat,donation_ams,5.0
control,party,Democrat,funding_perceptions,35.0
control,party,Democrat,inst_trust_mean,71.8
control,party,Democrat,newsletter_signup,1.2
control,party,Democrat,policy_general,78.0
control,party,Democrat,policy_role_mean,73.5
control,party,Democrat,policy_specific_mean,67.14285714285714
control,party,Democrat,trust_multidimensional,84.08333333333333
control,party,Democrat,trust_post,82.0
control,party,Independent,behavior_mean,34.166666666666664
control,party,Independent,belief_post,82.0
control,party,Independent,concern_mean,67.66666666666667
control,party,Independent,distrust_post,35.0
control,party,Independent,donation_ams,4.0
control,party,Independent,funding_perceptions,45.0
control,party,Independent,inst_trust_mean,58.0
control,party,Independent,newsletter_signup,1.9
control,party,Independent,policy_general,62.0
control,party,Independent,policy_role_mean,63.5
control,party,Independent,policy_specific_mean,57.0
control,party,Independent,trust_multidimensional,72.75
control,party,Independent,trust_post,65.0
control,party,Other,behavior_mean,55.333333333333336
control,party,Other,belief_post,88.0
control,party,Other,concern_mean,82.33333333333333
control,party,Other,distrust_post,28.0
control,party,Other,donation_ams,3.5
control,party,Other,funding_perceptions,58.0
control,party,Other,inst_trust_mean,67.2
control,party,Other,newsletter_signup,1.4
control,party,Other,policy_general,68.0
control,party,Other,policy_role_mean,71.5
control,party,Other,policy_specific_mean,68.42857142857143
control,party,Other,trust_multidimensional,70.58333333333333
control,party,Other,trust_post,72.0
control,party,Republican,behavior_mean,27.5
control,party,Republican,belief_post,55.0
control,party,Republican,concern_mean,35.0
control,party,Republican,distrust_post,50.0
control,party,Republican,donation_ams,2.0
control,party,Republican,funding_perceptions,45.0
control,party,Republican,inst_trust_mean,32.0
control,party,Republican,newsletter_signup,1.7
control,party,Republican,policy_general,40.0
control,party,Republican,policy_role_mean,35.0
control,party,Republican,policy_specific_mean,33.57142857142857
control,party,Republican,trust_multidimensional,39.166666666666664
control,party,Republican,trust_post,50.0
control,race,Asian / Asian American,behavior_mean,60.0
control,race,Asian / Asian American,belief_post,90.0
control,race,Asian / Asian American,concern_mean,77.66666666666667
control,race,Asian / Asian American,distrust_post,15.0
control,race,Asian / Asian American,donation_ams,2.5
control,race,Asian / Asian American,funding_perceptions,35.0
control,race,Asian / Asian American,inst_trust_mean,76.8
control,race,Asian / Asian American,newsletter_signup,1.3
control,race,Asian / Asian American,policy_general,72.0
control,race,Asian / Asian American,policy_role_mean,76.25
control,race,Asian / Asian American,policy_specific_mean,70.71428571428571
control,race,Asian / Asian American,trust_multidimensional,80.58333333333333
control,race,Asian / Asian American,trust_post,80.0
control,race,Black / African American,behavior_mean,48.31666666666666
control,race,Black / African American,belief_post,83.6
control,race,Black / African American,concern_mean,80.86666666666667
control,race,Black / African American,distrust_post,31.2
control,race,Black / African American,donation_ams,0.8
control,race,Black / African American,funding_perceptions,41.7
control,race,Black / African American,inst_trust_mean,61.92
control,race,Black / African American,newsletter_signup,1.5
control,race,Black / African American,policy_general,72.5
control,race,Black / African American,policy_role_mean,74.325
control,race,Black / African American,policy_specific_mean,61.58571428571429
control,race,Black / African American,trust_multidimensional,70.20833333333333
control,race,Black / African American,trust_post,68.7
control,race,Hispanic / Latino,behavior_mean,32.46666666666667
control,race,Hispanic / Latino,belief_post,83.6
control,race,Hispanic / Latino,concern_mean,73.2
control,race,Hispanic / Latino,distrust_post,21.5
control,race,Hispanic / Latino,donation_ams,24.6
control,race,Hispanic / Latino,funding_perceptions,51.3
control,race,Hispanic / Latino,inst_trust_mean,70.12
control,race,Hispanic / Latino,newsletter_signup,1.3
control,race,Hispanic / Latino,policy_general,71.2
control,race,Hispanic / Latino,policy_role_mean,73.95
control,race,Hispanic / Latino,policy_specific_mean,71.68571428571428
control,race,Hispanic / Latino,trust_multidimensional,71.85833333333333
control,race,Hispanic / Latino,trust_post,79.3
control,race,Other,behavior_mean,42.3375
control,race,Other,belief_post,83.15
control,race,Other,concern_mean,70.96666666666667
control,race,Other,distrust_post,26.55
control,race,Other,donation_ams,7.775
control,race,Other,funding_perceptions,42.825
control,race,Other,inst_trust_mean,64.96000000000001
control,race,Other,newsletter_signup,1.38
control,race,Other,policy_general,68.64999999999999
control,race,Other,policy_role_mean,70.38125
control,race,Other,policy_specific_mean,65.88214285714287
control,race,Other,trust_multidimensional,59.833333333333336
control,race,Other,trust_post,69.8
control,race,White / Caucasian,behavior_mean,28.566666666666666
control,race,White / Caucasian,belief_post,75.4
control,race,White / Caucasian,concern_mean,52.13333333333333
control,race,White / Caucasian,distrust_post,38.5
control,race,White / Caucasian,donation_ams,3.2
control,race,White / Caucasian,funding_perceptions,43.3
control,race,White / Caucasian,inst_trust_mean,51.0
control,race,White / Caucasian,newsletter_signup,1.42
control,race,White / Caucasian,policy_general,58.9
control,race,White / Caucasian,policy_role_mean,57.0
control,race,White / Caucasian,policy_specific_mean,59.542857142857144
control,race,White / Caucasian,trust_multidimensional,56.94166666666666
control,race,White / Caucasian,trust_post,51.2
