condition,moderator,moderator_level,outcome,mean
Consensus,age_band,18-29,behavior_mean,65.0
Consensus,age_band,18-29,belief_post,95.0
Consensus,age_band,18-29,concern_mean,88.33333333333333
Consensus,age_band,18-29,distrust_post,15.0
Consensus,age_band,18-29,donation_ams,2.5
Consensus,age_band,18-29,funding_perceptions,75.0
Consensus,age_band,18-29,inst_trust_mean,76.6
Consensus,age_band,18-29,newsletter_signup,1.8
Consensus,age_band,18-29,policy_general,90.0
Consensus,age_band,18-29,policy_role_mean,81.5
Consensus,age_band,18-29,policy_specific_mean,76.85714285714286
Consensus,age_band,18-29,trust_multidimensional,84.5
Consensus,age_band,18-29,trust_post,88.0
Consensus,age_band,30-44,behavior_mean,57.333333333333336
Consensus,age_band,30-44,belief_post,89.0
Consensus,age_band,30-44,concern_mean,74.66666666666667
Consensus,age_band,30-44,distrust_post,25.0
Consensus,age_band,30-44,donation_ams,3.1
Consensus,age_band,30-44,funding_perceptions,72.0
Consensus,age_band,30-44,inst_trust_mean,76.4
Consensus,age_band,30-44,newsletter_signup,1.4
Consensus,age_band,30-44,policy_general,82.0
Consensus,age_band,30-44,policy_role_mean,74.0
Consensus,age_band,30-44,policy_specific_mean,77.57142857142857
Consensus,age_band,30-44,trust_multidimensional,75.91666666666667
Consensus,age_band,30-44,trust_post,75.0
Consensus,age_band,45-59,behavior_mean,44.0
Consensus,age_band,45-59,belief_post,78.0
Consensus,age_band,45-59,concern_mean,71.0
Consensus,age_band,45-59,distrust_post,25.0
Consensus,age_band,45-59,donation_ams,2.5
Consensus,age_band,45-59,funding_perceptions,35.0
Consensus,age_band,45-59,inst_trust_mean,70.4
Consensus,age_band,45-59,newsletter_signup,1.7
Consensus,age_band,45-59,policy_general,68.0
Consensus,age_band,45-59,policy_role_mean,67.0
Consensus,age_band,45-59,policy_specific_mean,65.42857142857143
Consensus,age_band,45-59,trust_multidimensional,82.41666666666667
Consensus,age_band,45-59,trust_post,70.0
Consensus,age_band,60+,behavior_mean,27.666666666666668
Consensus,age_band,60+,belief_post,75.0
Consensus,age_band,60+,concern_mean,57.333333333333336
Consensus,age_band,60+,distrust_post,25.0
Consensus,age_band,60+,donation_ams,4.5
Consensus,age_band,60+,funding_perceptions,54.0
Consensus,age_band,60+,inst_trust_mean,64.4
Consensus,age_band,60+,newsletter_signup,1.6
Consensus,age_band,60+,policy_general,52.0
Consensus,age_band,60+,policy_role_mean,48.0
Consensus,age_band,60+,policy_specific_mean,46.857142857142854
Consensus,age_band,60+,trust_multidimensional,78.23333333333333
Consensus,age_band,60+,trust_post,65.0
Consensus,education,Bachelor's degree,behavior_mean,54.050000000000004
Consensus,education,Bachelor's degree,belief_post,93.5
Consensus,education,Bachelor's degree,concern_mean,82.93333333333334
Consensus,education,Bachelor's degree,distrust_post,9.2
Consensus,education,Bachelor's degree,donation_ams,6.4
Consensus,education,Bachelor's degree,funding_perceptions,66.5
Consensus,education,Bachelor's degree,inst_trust_mean,70.16
Consensus,education,Bachelor's degree,newsletter_signup,1.28
Consensus,education,Bachelor's degree,policy_general,84.2
Consensus,education,Bachelor's degree,policy_role_mean,87.125
Consensus,education,Bachelor's degree,policy_specific_mean,76.72857142857143
Consensus,education,Bachelor's degree,trust_multidimensional,86.13333333333333
Consensus,education,Bachelor's degree,trust_post,82.5
Consensus,education,Doctorate degree / Ph.D.,behavior_mean,72.5
Consensus,education,Doctorate degree / Ph.D.,belief_post,96.5
Consensus,education,Doctorate degree / Ph.D.,concern_mean,93.5
Consensus,education,Doctorate degree / Ph.D.,distrust_post,12.3
Consensus,education,Doctorate degree / Ph.D.,donation_ams,3.8
Consensus,education,Doctorate degree / Ph.D.,funding_perceptions,18.0
Consensus,education,Doctorate degree / Ph.D.,inst_trust_mean,84.6
Consensus,education,Doctorate degree / Ph.D.,newsletter_signup,1.1
Consensus,education,Doctorate degree / Ph.D.,policy_general,92.0
Consensus,education,Doctorate degree / Ph.D.,policy_role_mean,85.375
Consensus,education,Doctorate degree / Ph.D.,policy_specific_mean,86.78571428571429
Consensus,education,Doctorate degree / Ph.D.,trust_multidimensional,89.43333333333334
Consensus,education,Doctorate degree / Ph.D.,trust_post,91.5
Consensus,education,High school diploma / GED,behavior_mean,48.52916666666667
Consensus,education,High school diploma / GED,belief_post,79.16
Consensus,education,High school diploma / GED,concern_mean,73.925
Consensus,education,High school diploma / GED,distrust_post,24.8
Consensus,education,High school diploma / GED,donation_ams,5.16
Consensus,education,High school diploma / GED,funding_perceptions,44.339999999999996
Consensus,education,High school diploma / GED,inst_trust_mean,64.83
Consensus,education,High school diploma / GED,newsletter_signup,1.3519999999999999
Consensus,education,High school diploma / GED,policy_general,69.52
Consensus,education,High school diploma / GED,policy_role_mean,63.7875
Consensus,education,High school diploma / GED,policy_specific_mean,62.87857142857143
Consensus,education,High school diploma / GED,trust_multidimensional,73.20666666666668
Consensus,education,High school diploma / GED,trust_post,73.28
Consensus,education,Less than high school,behavior_mean,17.166666666666668
Consensus,education,Less than high school,belief_post,35.0
Consensus,education,Less than high school,concern_mean,49.0
Consensus,education,Less than high school,distrust_post,62.0
Consensus,education,Less than high school,donation_ams,2.0
Consensus,education,Less than high school,funding_perceptions,32.0
Consensus,education,Less than high school,inst_trust_mean,34.0
Consensus,education,Less than high school,newsletter_signup,1.9
Consensus,education,Less than high school,policy_general,25.0
Consensus,education,Less than high school,policy_role_mean,21.25
Consensus,education,Less than high school,policy_specific_mean,26.714285714285715
Consensus,education,Less than high school,trust_multidimensional,31.833333333333332
Consensus,education,Less than high school,trust_post,33.0
Consensus,education,Master's degree / Professional degree,behavior_mean,48.52916666666667
Consensus,education,Master's degree / Professional degree,belief_post,94.5
Consensus,education,Master's degree / Professional degree,concern_mean,73.925
Consensus,education,Master's degree / Professional degree,distrust_post,10.1
Consensus,education,Master's degree / Professional degree,donation_ams,7.8
Consensus,education,Master's degree / Professional degree,funding_perceptions,27.700000000000003
Consensus,education,Master's degree / Professional degree,inst_trust_mean,64.83
Consensus,education,Master's degree / Professional degree,newsletter_signup,1.18
Consensus,education,Master's degree / Professional degree,policy_general,88.2
Consensus,education,Master's degree / Professional degree,policy_role_mean,63.7875
Consensus,education,Master's degree / Professional degree,policy_specific_mean,62.87857142857143
Consensus,education,Master's degree / Professional degree,trust_multidimensional,88.02499999999999
Consensus,education,Master's degree / Professional degree,trust_post,89.9
Consensus,education,Some college or Associate's degree,behavior_mean,50.4
Consensus,education,Some college or Associate's degree,belief_post,76.3
Consensus,education,Some college or Associate's degree,concern_mean,70.26666666666667
Consensus,education,Some college or Associate's degree,distrust_post,30.4
Consensus,education,Some college or Associate's degree,donation_ams,5.8
Consensus,education,Some college or Associate's degree,funding_perceptions,77.5
Consensus,education,Some college or Associate's degree,inst_trust_mean,70.56
Consensus,education,Some college or Associate's degree,newsletter_signup,1.3
Consensus,education,Some college or Associate's degree,policy_general,58.2
Consensus,education,Some college or Associate's degree,policy_role_mean,61.4
Consensus,education,Some college or Associate's degree,policy_specific_mean,61.285714285714285
Consensus,education,Some college or Associate's degree,trust_multidimensional,70.60833333333333
Consensus,education,Some college or Associate's degree,trust_post,69.5
Consensus,gender,Female,behavior_mean,52.75
Consensus,gender,Female,belief_post,89.4
Consensus,gender,Female,concern_mean,75.06666666666666
Consensus,gender,Female,distrust_post,17.45
Consensus,gender,Female,donation_ams,5.175
Consensus,gender,Female,funding_perceptions,54.75
Consensus,gender,Female,inst_trust_mean,72.45
Consensus,gender,Female,newsletter_signup,1.355
Consensus,gender,Female,policy_general,72.05
Consensus,gender,Female,policy_role_mean,75.9625
Consensus,gender,Female,policy_specific_mean,62.6
Consensus,gender,Female,trust_multidimensional,78.30000000000001
Consensus,gender,Female,trust_post,78.8
Consensus,gender,Male,behavior_mean,48.833333333333336
Consensus,gender,Male,belief_post,85.0
Consensus,gender,Male,concern_mean,67.66666666666667
Consensus,gender,Male,distrust_post,18.5
Consensus,gender,Male,donation_ams,5.5
Consensus,gender,Male,funding_perceptions,32.0
Consensus,gender,Male,inst_trust_mean,64.2
Consensus,gender,Male,newsletter_signup,1.45
Consensus,gender,Male,policy_general,62.0
Consensus,gender,Male,policy_role_mean,64.75
Consensus,gender,Male,policy_specific_mean,55.0
Consensus,gender,Male,trust_multidimensional,72.625
Consensus,gender,Male,trust_post,74.0
Consensus,gender,Other,behavior_mean,56.666666666666664
Consensus,gender,Other,belief_post,93.8
Consensus,gender,Other,concern_mean,82.46666666666667
Consensus,gender,Other,distrust_post,16.4
Consensus,gender,Other,donation_ams,4.85
Consensus,gender,Other,funding_perceptions,77.5
Consensus,gender,Other,inst_trust_mean,80.7
Consensus,gender,Other,newsletter_signup,1.26
Consensus,gender,Other,policy_general,82.1
Consensus,gender,Other,policy_role_mean,87.175
Consensus,gender,Other,policy_specific_mean,70.2
Consensus,gender,Other,trust_multidimensional,83.97500000000001
Consensus,gender,Other,trust_post,83.6
Consensus,income,"$100,000 to $167,999",behavior_mean,39.916666666666664
Consensus,income,"$100,000 to $167,999",belief_post,78.2
Consensus,income,"$100,000 to $167,999",concern_mean,68.93333333333334
Consensus,income,"$100,000 to $167,999",distrust_post,14.2
Consensus,income,"$100,000 to $167,999",donation_ams,4.7
Consensus,income,"$100,000 to $167,999",funding_perceptions,47.5
Consensus,income,"$100,000 to $167,999",inst_trust_mean,73.66
Consensus,income,"$100,000 to $167,999",newsletter_signup,1.28
Consensus,income,"$100,000 to $167,999",policy_general,56.3
Consensus,income,"$100,000 to $167,999",policy_role_mean,65.85000000000001
Consensus,income,"$100,000 to $167,999",policy_specific_mean,60.614285714285714
Consensus,income,"$100,000 to $167,999",trust_multidimensional,80.98333333333333
Consensus,income,"$100,000 to $167,999",trust_post,85.8
Consensus,income,"$168,000 or more",behavior_mean,42.77777777777777
Consensus,income,"$168,000 or more",belief_post,76.675
Consensus,income,"$168,000 or more",concern_mean,73.98333333333333
Consensus,income,"$168,000 or more",distrust_post,23.175
Consensus,income,"$168,000 or more",donation_ams,4.375
Consensus,income,"$168,000 or more",funding_perceptions,52.125
Consensus,income,"$168,000 or more",inst_trust_mean,66.89
Consensus,income,"$168,000 or more",newsletter_signup,1.4949999999999999
Consensus,income,"$168,000 or more",policy_general,63.45
Consensus,income,"$168,000 or more",policy_role_mean,63.993750000000006
Consensus,income,"$168,000 or more",policy_specific_mean,59.06190476190476
Consensus,income,"$168,000 or more",trust_multidimensional,75.29166666666667
Consensus,income,"$168,000 or more",trust_post,74.825
Consensus,income,"$30,000 to $55,999",behavior_mean,50.416666666666664
Consensus,income,"$30,000 to $55,999",belief_post,79.5
Consensus,income,"$30,000 to $55,999",concern_mean,70.0
Consensus,income,"$30,000 to $55,999",distrust_post,19.5
Consensus,income,"$30,000 to $55,999",donation_ams,2.8
Consensus,income,"$30,000 to $55,999",funding_perceptions,48.0
Consensus,income,"$30,000 to $55,999",inst_trust_mean,60.9
Consensus,income,"$30,000 to $55,999",newsletter_signup,1.85
Consensus,income,"$30,000 to $55,999",policy_general,63.5
Consensus,income,"$30,000 to $55,999",policy_role_mean,65.125
Consensus,income,"$30,000 to $55,999",policy_specific_mean,59.714285714285715
Consensus,income,"$30,000 to $55,999",trust_multidimensional,70.72500000000001
Consensus,income,"$30,000 to $55,999",trust_post,68.5
Consensus,income,"$56,000 to $99,999",behavior_mean,42.77777777777777
Consensus,income,"$56,000 to $99,999",belief_post,91.0
Consensus,income,"$56,000 to $99,999",concern_mean,84.66666666666667
Consensus,income,"$56,000 to $99,999",distrust_post,24.0
Consensus,income,"$56,000 to $99,999",donation_ams,5.5
Consensus,income,"$56,000 to $99,999",funding_perceptions,58.0
Consensus,income,"$56,000 to $99,999",inst_trust_mean,83.2
Consensus,income,"$56,000 to $99,999",newsletter_signup,1.15
Consensus,income,"$56,000 to $99,999",policy_general,79.0
Consensus,income,"$56,000 to $99,999",policy_role_mean,84.0
Consensus,income,"$56,000 to $99,999",policy_specific_mean,59.06190476190476
Consensus,income,"$56,000 to $99,999",trust_multidimensional,84.25
Consensus,income,"$56,000 to $99,999",trust_post,85.0
Consensus,income,"Less than $30,000",behavior_mean,38.0
Consensus,income,"Less than $30,000",belief_post,58.0
Consensus,income,"Less than $30,000",concern_mean,72.33333333333333
Consensus,income,"Less than $30,000",distrust_post,35.0
Consensus,income,"Less than $30,000",donation_ams,4.5
Consensus,income,"Less than $30,000",funding_perceptions,55.0
Consensus,income,"Less than $30,000",inst_trust_mean,49.8
Consensus,income,"Less than $30,000",newsletter_signup,1.7
Consensus,income,"Less than $30,000",policy_general,55.0
Consensus,income,"Less than $30,000",policy_role_mean,41.0
Consensus,income,"Less than $30,000",policy_specific_mean,56.857142857142854
Consensus,income,"Less than $30,000",trust_multidimensional,65.20833333333333
Consensus,income,"Less than $30,000",trust_post,60.0
Consensus,party,Democrat,behavior_mean,65.98333333333333
Consensus,party,Democrat,belief_post,96.8
Consensus,party,Democrat,concern_mean,95.13333333333333
Consensus,party,Democrat,distrust_post,7.2
Consensus,party,Democrat,donation_ams,5.8
Consensus,party,Democrat,funding_perceptions,16.599999999999994
Consensus,party,Democrat,inst_trust_mean,84.34
Consensus,party,Democrat,newsletter_signup,1.35
Consensus,party,Democrat,policy_general,91.2
Consensus,party,Democrat,policy_role_mean,88.075
Consensus,party,Democrat,policy_specific_mean,84.94285714285715
Consensus,party,Democrat,trust_multidimensional,94.13333333333333
Consensus,party,Democrat,trust_post,88.5
Consensus,party,Independent,behavior_mean,44.93333333333334
Consensus,party,Independent,belief_post,88.9
Consensus,party,Independent,concern_mean,73.83333333333333
Consensus,party,Independent,distrust_post,28.4
Consensus,party,Independent,donation_ams,2.1
Consensus,party,Independent,funding_perceptions,67.5
Consensus,party,Independent,inst_trust_mean,68.06
Consensus,party,Independent,newsletter_signup,1.55
Consensus,party,Independent,policy_general,61.2
Consensus,party,Independent,policy_role_mean,53.849999999999994
Consensus,party,Independent,policy_specific_mean,61.6
Consensus,party,Independent,trust_multidimensional,71.61666666666666
Consensus,party,Independent,trust_post,71.5
Consensus,party,Other,behavior_mean,47.46666666666667
Consensus,party,Other,belief_post,66.8
Consensus,party,Other,concern_mean,70.39999999999999
Consensus,party,Other,distrust_post,38.2
Consensus,party,Other,donation_ams,2.8
Consensus,party,Other,funding_perceptions,45.5
Consensus,party,Other,inst_trust_mean,65.28
Consensus,party,Other,newsletter_signup,1.3
Consensus,party,Other,policy_general,65.2
Consensus,party,Other,policy_role_mean,59.7
Consensus,party,Other,policy_specific_mean,57.17142857142857
Consensus,party,Other,trust_multidimensional,63.56666666666666
Consensus,party,Other,trust_post,59.5
Consensus,party,Republican,behavior_mean,22.0
Consensus,party,Republican,belief_post,48.0
Consensus,party,Republican,concern_mean,51.666666666666664
Consensus,party,Republican,distrust_post,61.0
Consensus,party,Republican,donation_ams,1.5
Consensus,party,Republican,funding_perceptions,40.0
Consensus,party,Republican,inst_trust_mean,39.0
Consensus,party,Republican,newsletter_signup,1.9
Consensus,party,Republican,policy_general,28.0
Consensus,party,Republican,policy_role_mean,34.25
Consensus,party,Republican,policy_specific_mean,42.0
Consensus,party,Republican,trust_multidimensional,44.166666666666664
Consensus,party,Republican,trust_post,35.0
Consensus,race,Asian / Asian American,behavior_mean,55.33333333333333
Consensus,race,Asian / Asian American,belief_post,85.66666666666667
Consensus,race,Asian / Asian American,concern_mean,78.25
Consensus,race,Asian / Asian American,distrust_post,19.833333333333332
Consensus,race,Asian / Asian American,donation_ams,3.0666666666666664
Consensus,race,Asian / Asian American,funding_perceptions,51.5
Consensus,race,Asian / Asian American,inst_trust_mean,65.9
Consensus,race,Asian / Asian American,newsletter_signup,1.45
Consensus,race,Asian / Asian American,policy_general,71.5
Consensus,race,Asian / Asian American,policy_role_mean,61.68333333333334
Consensus,race,Asian / Asian American,policy_specific_mean,63.10714285714286
Consensus,race,Asian / Asian American,trust_multidimensional,76.93333333333334
Consensus,race,Asian / Asian American,trust_post,77.0
Consensus,race,Black / African American,behavior_mean,55.33333333333333
Consensus,race,Black / African American,belief_post,87.5
Consensus,race,Black / African American,concern_mean,78.25
Consensus,race,Black / African American,distrust_post,22.5
Consensus,race,Black / African American,donation_ams,3.5
Consensus,race,Black / African American,funding_perceptions,71.5
Consensus,race,Black / African American,inst_trust_mean,67.4
Consensus,race,Black / African American,newsletter_signup,1.45
Consensus,race,Black / African American,policy_general,76.0
Consensus,race,Black / African American,policy_role_mean,60.05
Consensus,race,Black / African American,policy_specific_mean,63.10714285714286
Consensus,race,Black / African American,trust_multidimensional,79.40833333333333
Consensus,race,Black / African American,trust_post,78.0
Consensus,race,Hispanic / Latino,behavior_mean,55.33333333333333
Consensus,race,Hispanic / Latino,belief_post,85.66666666666667
Consensus,race,Hispanic / Latino,concern_mean,78.25
Consensus,race,Hispanic / Latino,distrust_post,19.833333333333332
Consensus,race,Hispanic / Latino,donation_ams,3.0666666666666664
Consensus,race,Hispanic / Latino,funding_perceptions,51.5
Consensus,race,Hispanic / Latino,inst_trust_mean,65.9
Consensus,race,Hispanic / Latino,newsletter_signup,1.45
Consensus,race,Hispanic / Latino,policy_general,71.5
Consensus,race,Hispanic / Latino,policy_role_mean,61.68333333333334
Consensus,race,Hispanic / Latino,policy_specific_mean,63.10714285714286
Consensus,race,Hispanic / Latino,trust_multidimensional,76.93333333333334
Consensus,race,Hispanic / Latino,trust_post,77.0
Consensus,race,Other,behavior_mean,59.166666666666664
Consensus,race,Other,belief_post,91.0
Consensus,race,Other,concern_mean,77.33333333333333
Consensus,race,Other,distrust_post,18.0
Consensus,race,Other,donation_ams,2.2
Consensus,race,Other,funding_perceptions,55.0
Consensus,race,Other,inst_trust_mean,64.4
Consensus,race,Other,newsletter_signup,1.25
Consensus,race,Other,policy_general,75.5
Consensus,race,Other,policy_role_mean,64.5
Consensus,race,Other,policy_specific_mean,63.285714285714285
Consensus,race,Other,trust_multidimensional,73.35000000000001
Consensus,race,Other,trust_post,72.0
Consensus,race,White / Caucasian,behavior_mean,51.5
Consensus,race,White / Caucasian,belief_post,78.5
Consensus,race,White / Caucasian,concern_mean,79.16666666666667
Consensus,race,White / Caucasian,distrust_post,19.0
Consensus,race,White / Caucasian,donation_ams,3.5
Consensus,race,White / Caucasian,funding_perceptions,28.0
Consensus,race,White / Caucasian,inst_trust_mean,65.9
Consensus,race,White / Caucasian,newsletter_signup,1.65
Consensus,race,White / Caucasian,policy_general,63.0
Consensus,race,White / Caucasian,policy_role_mean,60.5
Consensus,race,White / Caucasian,policy_specific_mean,62.92857142857143
Consensus,race,White / Caucasian,trust_multidimensional,78.04166666666667
Consensus,race,White / Caucasian,trust_post,81.0
Corporate reliance,age_band,18-29,behavior_mean,42.93333333333334
Corporate reliance,age_band,18-29,belief_post,94.5
Corporate reliance,age_band,18-29,concern_mean,71.33333333333333
Corporate reliance,age_band,18-29,distrust_post,24.0
Corporate reliance,age_band,18-29,donation_ams,3.1666666666666665
Corporate reliance,age_band,18-29,funding_perceptions,62.0
Corporate reliance,age_band,18-29,inst_trust_mean,65.5
Corporate reliance,age_band,18-29,newsletter_signup,1.5166666666666666
Corporate reliance,age_band,18-29,policy_general,78.5
Corporate reliance,age_band,18-29,policy_role_mean,63.300000000000004
Corporate reliance,age_band,18-29,policy_specific_mean,64.70952380952382
Corporate reliance,age_band,18-29,trust_multidimensional,72.81666666666666
Corporate reliance,age_band,18-29,trust_post,76.0
Corporate reliance,age_band,30-44,behavior_mean,54.96666666666667
Corporate reliance,age_band,30-44,belief_post,81.2
Corporate reliance,age_band,30-44,concern_mean,80.5
Corporate reliance,age_band,30-44,distrust_post,24.4
Corporate reliance,age_band,30-44,donation_ams,3.2
Corporate reliance,age_band,30-44,funding_perceptions,23.5
Corporate reliance,age_band,30-44,inst_trust_mean,70.6
Corporate reliance,age_band,30-44,newsletter_signup,1.3
Corporate reliance,age_band,30-44,policy_general,71.8
Corporate reliance,age_band,30-44,policy_role_mean,73.9
Corporate reliance,age_band,30-44,policy_specific_mean,71.98571428571428
Corporate reliance,age_band,30-44,trust_multidimensional,75.90833333333333
Corporate reliance,age_band,30-44,trust_post,75.6
Corporate reliance,age_band,45-59,behavior_mean,42.5
Corporate reliance,age_band,45-59,belief_post,85.0
Corporate reliance,age_band,45-59,concern_mean,65.16666666666667
Corporate reliance,age_band,45-59,distrust_post,28.0
Corporate reliance,age_band,45-59,donation_ams,2.8
Corporate reliance,age_band,45-59,funding_perceptions,31.5
Corporate reliance,age_band,45-59,inst_trust_mean,66.1
Corporate reliance,age_band,45-59,newsletter_signup,1.75
Corporate reliance,age_band,45-59,policy_general,66.5
Corporate reliance,age_band,45-59,policy_role_mean,66.5
Corporate reliance,age_band,45-59,policy_specific_mean,64.14285714285714
Corporate reliance,age_band,45-59,trust_multidimensional,77.60000000000001
Corporate reliance,age_band,45-59,trust_post,72.0
Corporate reliance,age_band,60+,behavior_mean,31.333333333333332
Corporate reliance,age_band,60+,belief_post,62.0
Corporate reliance,age_band,60+,concern_mean,68.33333333333333
Corporate reliance,age_band,60+,distrust_post,35.0
Corporate reliance,age_band,60+,donation_ams,3.5
Corporate reliance,age_band,60+,funding_perceptions,37.0
Corporate reliance,age_band,60+,inst_trust_mean,59.8
Corporate reliance,age_band,60+,newsletter_signup,1.5
Corporate reliance,age_band,60+,policy_general,54.0
Corporate reliance,age_band,60+,policy_role_mean,49.5
Corporate reliance,age_band,60+,policy_specific_mean,58.0
Corporate reliance,age_band,60+,trust_multidimensional,65.83333333333333
Corporate reliance,age_band,60+,trust_post,65.0
Corporate reliance,education,Bachelor's degree,behavior_mean,55.86111111111111
Corporate reliance,education,Bachelor's degree,belief_post,91.0
Corporate reliance,education,Bachelor's degree,concern_mean,67.66666666666667
Corporate reliance,education,Bachelor's degree,distrust_post,18.0
Corporate reliance,education,Bachelor's degree,donation_ams,6.5
Corporate reliance,education,Bachelor's degree,funding_perceptions,28.0
Corporate reliance,education,Bachelor's degree,inst_trust_mean,77.4
Corporate reliance,education,Bachelor's degree,newsletter_signup,1.4
Corporate reliance,education,Bachelor's degree,policy_general,76.0
Corporate reliance,education,Bachelor's degree,policy_role_mean,63.166666666666664
Corporate reliance,education,Bachelor's degree,policy_specific_mean,64.28571428571428
Corporate reliance,education,Bachelor's degree,trust_multidimensional,80.41666666666667
Corporate reliance,education,Bachelor's degree,trust_post,82.0
Corporate reliance,education,Doctorate degree / Ph.D.,behavior_mean,78.08333333333333
Corporate reliance,education,Doctorate degree / Ph.D.,belief_post,93.5
Corporate reliance,education,Doctorate degree / Ph.D.,concern_mean,87.33333333333333
Corporate reliance,education,Doctorate degree / Ph.D.,distrust_post,9.5
Corporate reliance,education,Doctorate degree / Ph.D.,donation_ams,5.8
Corporate reliance,education,Doctorate degree / Ph.D.,funding_perceptions,30.0
Corporate reliance,education,Doctorate degree / Ph.D.,inst_trust_mean,84.7
Corporate reliance,education,Doctorate degree / Ph.D.,newsletter_signup,1.2
Corporate reliance,education,Doctorate degree / Ph.D.,policy_general,86.5
Corporate reliance,education,Doctorate degree / Ph.D.,policy_role_mean,81.75
Corporate reliance,education,Doctorate degree / Ph.D.,policy_specific_mean,83.28571428571429
Corporate reliance,education,Doctorate degree / Ph.D.,trust_multidimensional,88.30833333333334
Corporate reliance,education,Doctorate degree / Ph.D.,trust_post,88.5
Corporate reliance,education,High school diploma / GED,behavior_mean,55.86111111111111
Corporate reliance,education,High school diploma / GED,belief_post,79.125
Corporate reliance,education,High school diploma / GED,concern_mean,67.66666666666667
Corporate reliance,education,High school diploma / GED,distrust_post,20.875
Corporate reliance,education,High school diploma / GED,donation_ams,5.575
Corporate reliance,education,High school diploma / GED,funding_perceptions,35.0
Corporate reliance,education,High school diploma / GED,inst_trust_mean,71.275
Corporate reliance,education,High school diploma / GED,newsletter_signup,1.375
Corporate reliance,education,High school diploma / GED,policy_general,70.125
Corporate reliance,education,High school diploma / GED,policy_role_mean,63.166666666666664
Corporate reliance,education,High school diploma / GED,policy_specific_mean,64.28571428571428
Corporate reliance,education,High school diploma / GED,trust_multidimensional,77.57166666666667
Corporate reliance,education,High school diploma / GED,trust_post,75.375
Corporate reliance,education,Less than high school,behavior_mean,21.333333333333332
Corporate reliance,education,Less than high school,belief_post,36.0
Corporate reliance,education,Less than high school,concern_mean,34.333333333333336
Corporate reliance,education,Less than high school,distrust_post,44.0
Corporate reliance,education,Less than high school,donation_ams,3.0
Corporate reliance,education,Less than high school,funding_perceptions,60.0
Corporate reliance,education,Less than high school,inst_trust_mean,40.8
Corporate reliance,education,Less than high school,newsletter_signup,1.8
Corporate reliance,education,Less than high school,policy_general,32.0
Corporate reliance,education,Less than high school,policy_role_mean,23.75
Corporate reliance,education,Less than high school,policy_specific_mean,32.857142857142854
Corporate reliance,education,Less than high school,trust_multidimensional,49.75
Corporate reliance,education,Less than high school,trust_post,43.0
Corporate reliance,education,Master's degree / Professional degree,behavior_mean,68.16666666666667
Corporate reliance,education,Master's degree / Professional degree,belief_post,96.0
Corporate reliance,education,Master's degree / Professional degree,concern_mean,81.33333333333333
Corporate reliance,education,Master's degree / Professional degree,distrust_post,12.0
Corporate reliance,education,Master's degree / Professional degree,donation_ams,7.0
Corporate reliance,education,Master's degree / Professional degree,funding_perceptions,22.0
Corporate reliance,education,Master's degree / Professional degree,inst_trust_mean,82.2
Corporate reliance,education,Master's degree / Professional degree,newsletter_signup,1.1
Corporate reliance,education,Master's degree / Professional degree,policy_general,86.0
Corporate reliance,education,Master's degree / Professional degree,policy_role_mean,84.0
Corporate reliance,education,Master's degree / Professional degree,policy_specific_mean,76.71428571428571
Corporate reliance,education,Master's degree / Professional degree,trust_multidimensional,89.5
Corporate reliance,education,Master's degree / Professional degree,trust_post,88.0
Corporate reliance,education,Some college or Associate's degree,behavior_mean,55.86111111111111
Corporate reliance,education,Some college or Associate's degree,belief_post,79.125
Corporate reliance,education,Some college or Associate's degree,concern_mean,67.66666666666667
Corporate reliance,education,Some college or Associate's degree,distrust_post,20.875
Corporate reliance,education,Some college or Associate's degree,donation_ams,5.575
Corporate reliance,education,Some college or Associate's degree,funding_perceptions,35.0
Corporate reliance,education,Some college or Associate's degree,inst_trust_mean,71.275
Corporate reliance,education,Some college or Associate's degree,newsletter_signup,1.375
Corporate reliance,education,Some college or Associate's degree,policy_general,70.125
Corporate reliance,education,Some college or Associate's degree,policy_role_mean,63.166666666666664
Corporate reliance,education,Some college or Associate's degree,policy_specific_mean,64.28571428571428
Corporate reliance,education,Some college or Associate's degree,trust_multidimensional,79.88333333333334
Corporate reliance,education,Some college or Associate's degree,trust_post,75.375
Corporate reliance,gender,Female,behavior_mean,40.93333333333333
Corporate reliance,gender,Female,belief_post,87.55
Corporate reliance,gender,Female,concern_mean,78.05000000000001
Corporate reliance,gender,Female,distrust_post,18.2
Corporate reliance,gender,Female,donation_ams,2.8
Corporate reliance,gender,Female,funding_perceptions,39.9
Corporate reliance,gender,Female,inst_trust_mean,74.53
Corporate reliance,gender,Female,newsletter_signup,1.6
Corporate reliance,gender,Female,policy_general,74.25
Corporate reliance,gender,Female,policy_role_mean,69.5625
Corporate reliance,gender,Female,policy_specific_mean,68.46428571428572
Corporate reliance,gender,Female,trust_multidimensional,76.42500000000001
Corporate reliance,gender,Female,trust_post,79.55
Corporate reliance,gender,Male,behavior_mean,41.666666666666664
Corporate reliance,gender,Male,belief_post,81.0
Corporate reliance,gender,Male,concern_mean,69.66666666666667
Corporate reliance,gender,Male,distrust_post,15.0
Corporate reliance,gender,Male,donation_ams,3.5
Corporate reliance,gender,Male,funding_perceptions,48.0
Corporate reliance,gender,Male,inst_trust_mean,72.4
Corporate reliance,gender,Male,newsletter_signup,1.8
Corporate reliance,gender,Male,policy_general,72.0
Corporate reliance,gender,Male,policy_role_mean,76.0
Corporate reliance,gender,Male,policy_specific_mean,64.28571428571429
Corporate reliance,gender,Male,trust_multidimensional,80.375
Corporate reliance,gender,Male,trust_post,80.5
Corporate reliance,gender,Other,behavior_mean,40.199999999999996
Corporate reliance,gender,Other,belief_post,94.1
Corporate reliance,gender,Other,concern_mean,86.43333333333334
Corporate reliance,gender,Other,distrust_post,21.4
Corporate reliance,gender,Other,donation_ams,2.1
Corporate reliance,gender,Other,funding_perceptions,31.799999999999997
Corporate reliance,gender,Other,inst_trust_mean,76.66
Corporate reliance,gender,Other,newsletter_signup,1.4
Corporate reliance,gender,Other,policy_general,76.5
Corporate reliance,gender,Other,policy_role_mean,63.125
Corporate reliance,gender,Other,policy_specific_mean,72.64285714285714
Corporate reliance,gender,Other,trust_multidimensional,72.47500000000001
Corporate reliance,gender,Other,trust_post,78.6
Corporate reliance,income,"$100,000 to $167,999",behavior_mean,53.19583333333333
Corporate reliance,income,"$100,000 to $167,999",belief_post,78.475
Corporate reliance,income,"$100,000 to $167,999",concern_mean,71.83333333333334
Corporate reliance,income,"$100,000 to $167,999",distrust_post,26.025
Corporate reliance,income,"$100,000 to $167,999",donation_ams,4.0
Corporate reliance,income,"$100,000 to $167,999",funding_perceptions,36.45
Corporate reliance,income,"$100,000 to $167,999",inst_trust_mean,65.615
Corporate reliance,income,"$100,000 to $167,999",newsletter_signup,1.6075
Corporate reliance,income,"$100,000 to $167,999",policy_general,60.625
Corporate reliance,income,"$100,000 to $167,999",policy_role_mean,58.4875
Corporate reliance,income,"$100,000 to $167,999",policy_specific_mean,61.72857142857143
Corporate reliance,income,"$100,000 to $167,999",trust_multidimensional,71.33749999999999
Corporate reliance,income,"$100,000 to $167,999",trust_post,69.7
Corporate reliance,income,"$168,000 or more",behavior_mean,62.833333333333336
Corporate reliance,income,"$168,000 or more",belief_post,86.2
Corporate reliance,income,"$168,000 or more",concern_mean,67.16666666666667
Corporate reliance,income,"$168,000 or more",distrust_post,22.5
Corporate reliance,income,"$168,000 or more",donation_ams,3.8
Corporate reliance,income,"$168,000 or more",funding_perceptions,35.5
Corporate reliance,income,"$168,000 or more",inst_trust_mean,72.5
Corporate reliance,income,"$168,000 or more",newsletter_signup,1.55
Corporate reliance,income,"$168,000 or more",policy_general,66.5
Corporate reliance,income,"$168,000 or more",policy_role_mean,75.0
Corporate reliance,income,"$168,000 or more",policy_specific_mean,60.457142857142856
Corporate reliance,income,"$168,000 or more",trust_multidimensional,77.7
Corporate reliance,income,"$168,000 or more",trust_post,79.5
Corporate reliance,income,"$30,000 to $55,999",behavior_mean,58.833333333333336
Corporate reliance,income,"$30,000 to $55,999",belief_post,86.0
Corporate reliance,income,"$30,000 to $55,999",concern_mean,81.33333333333333
Corporate reliance,income,"$30,000 to $55,999",distrust_post,21.0
Corporate reliance,income,"$30,000 to $55,999",donation_ams,5.5
Corporate reliance,income,"$30,000 to $55,999",funding_perceptions,25.0
Corporate reliance,income,"$30,000 to $55,999",inst_trust_mean,67.2
Corporate reliance,income,"$30,000 to $55,999",newsletter_signup,1.8
Corporate reliance,income,"$30,000 to $55,999",policy_general,65.0
Corporate reliance,income,"$30,000 to $55,999",policy_role_mean,64.5
Corporate reliance,income,"$30,000 to $55,999",policy_specific_mean,69.85714285714286
Corporate reliance,income,"$30,000 to $55,999",trust_multidimensional,71.33333333333333
Corporate reliance,income,"$30,000 to $55,999",trust_post,79.0
Corporate reliance,income,"$56,000 to $99,999",behavior_mean,49.949999999999996
Corporate reliance,income,"$56,000 to $99,999",belief_post,81.2
Corporate reliance,income,"$56,000 to $99,999",concern_mean,67.60000000000001
Corporate reliance,income,"$56,000 to $99,999",distrust_post,22.1
Corporate reliance,income,"$56,000 to $99,999",donation_ams,4.9
Corporate reliance,income,"$56,000 to $99,999",funding_perceptions,37.6
Corporate reliance,income,"$56,000 to $99,999",inst_trust_mean,66.0
Corporate reliance,income,"$56,000 to $99,999",newsletter_signup,1.58
Corporate reliance,income,"$56,000 to $99,999",policy_general,56.8
Corporate reliance,income,"$56,000 to $99,999",policy_role_mean,56.275
Corporate reliance,income,"$56,000 to $99,999",policy_specific_mean,59.957142857142856
Corporate reliance,income,"$56,000 to $99,999",trust_multidimensional,78.91666666666667
Corporate reliance,income,"$56,000 to $99,999",trust_post,68.5
Corporate reliance,income,"Less than $30,000",behavior_mean,41.166666666666664
Corporate reliance,income,"Less than $30,000",belief_post,60.5
Corporate reliance,income,"Less than $30,000",concern_mean,71.23333333333333
Corporate reliance,income,"Less than $30,000",distrust_post,38.5
Corporate reliance,income,"Less than $30,000",donation_ams,1.8
Corporate reliance,income,"Less than $30,000",funding_perceptions,47.7
Corporate reliance,income,"Less than $30,000",inst_trust_mean,56.760000000000005
Corporate reliance,income,"Less than $30,000",newsletter_signup,1.5
Corporate reliance,income,"Less than $30,000",policy_general,54.2
Corporate reliance,income,"Less than $30,000",policy_role_mean,38.175
Corporate reliance,income,"Less than $30,000",policy_specific_mean,56.642857142857146
Corporate reliance,income,"Less than $30,000",trust_multidimensional,57.4
Corporate reliance,income,"Less than $30,000",trust_post,51.8
Corporate reliance,party,Democrat,behavior_mean,66.16666666666667
Corporate reliance,party,Democrat,belief_post,96.0
Corporate reliance,party,Democrat,concern_mean,88.33333333333333
Corporate reliance,party,Democrat,distrust_post,6.0
Corporate reliance,party,Democrat,donation_ams,7.2
Corporate reliance,party,Democrat,funding_perceptions,82.0
Corporate reliance,party,Democrat,inst_trust_mean,82.8
Corporate reliance,party,Democrat,newsletter_signup,1.2
Corporate reliance,party,Democrat,policy_general,89.0
Corporate reliance,party,Democrat,policy_role_mean,89.0
Corporate reliance,party,Democrat,policy_specific_mean,82.14285714285714
Corporate reliance,party,Democrat,trust_multidimensional,89.0
Corporate reliance,party,Democrat,trust_post,91.0
Corporate reliance,party,Independent,behavior_mean,39.666666666666664
Corporate reliance,party,Independent,belief_post,73.0
Corporate reliance,party,Independent,concern_mean,63.0
Corporate reliance,party,Independent,distrust_post,28.0
Corporate reliance,party,Independent,donation_ams,3.5
Corporate reliance,party,Independent,funding_perceptions,45.0
Corporate reliance,party,Independent,inst_trust_mean,61.8
Corporate reliance,party,Independent,newsletter_signup,1.4
Corporate reliance,party,Independent,policy_general,60.0
Corporate reliance,party,Independent,policy_role_mean,57.5
Corporate reliance,party,Independent,policy_specific_mean,56.0
Corporate reliance,party,Independent,trust_multidimensional,68.25
Corporate reliance,party,Independent,trust_post,70.0
Corporate reliance,party,Other,behavior_mean,48.666666666666664
Corporate reliance,party,Other,belief_post,73.0
Corporate reliance,party,Other,concern_mean,64.0
Corporate reliance,party,Other,distrust_post,28.0
Corporate reliance,party,Other,donation_ams,3.5
Corporate reliance,party,Other,funding_perceptions,48.0
Corporate reliance,party,Other,inst_trust_mean,63.0
Corporate reliance,party,Other,newsletter_signup,1.8
Corporate reliance,party,Other,policy_general,58.0
Corporate reliance,party,Other,policy_role_mean,42.75
Corporate reliance,party,Other,policy_specific_mean,52.0
Corporate reliance,party,Other,trust_multidimensional,76.58333333333333
Corporate reliance,party,Other,trust_post,72.0
Corporate reliance,party,Republican,behavior_mean,51.5
Corporate reliance,party,Republican,belief_post,80.66666666666667
Corporate reliance,party,Republican,concern_mean,71.77777777777777
Corporate reliance,party,Republican,distrust_post,20.666666666666668
Corporate reliance,party,Republican,donation_ams,4.733333333333333
Corporate reliance,party,Republican,funding_perceptions,58.333333333333336
Corporate reliance,party,Republican,inst_trust_mean,69.2
Corporate reliance,party,Republican,newsletter_signup,1.4666666666666666
Corporate reliance,party,Republican,policy_general,69.0
Corporate reliance,party,Republican,policy_role_mean,63.083333333333336
Corporate reliance,party,Republican,policy_specific_mean,63.38095238095238
Corporate reliance,party,Republican,trust_multidimensional,77.94444444444444
Corporate reliance,party,Republican,trust_post,77.66666666666667
Corporate reliance,race,Asian / Asian American,behavior_mean,55.53333333333333
Corporate reliance,race,Asian / Asian American,belief_post,96.1
Corporate reliance,race,Asian / Asian American,concern_mean,82.36666666666666
Corporate reliance,race,Asian / Asian American,distrust_post,9.5
Corporate reliance,race,Asian / Asian American,donation_ams,5.8
Corporate reliance,race,Asian / Asian American,funding_perceptions,31.799999999999997
Corporate reliance,race,Asian / Asian American,inst_trust_mean,82.4
Corporate reliance,race,Asian / Asian American,newsletter_signup,1.12
Corporate reliance,race,Asian / Asian American,policy_general,84.7
Corporate reliance,race,Asian / Asian American,policy_role_mean,78.375
Corporate reliance,race,Asian / Asian American,policy_specific_mean,77.7
Corporate reliance,race,Asian / Asian American,trust_multidimensional,82.89166666666667
Corporate reliance,race,Asian / Asian American,trust_post,88.5
Corporate reliance,race,Black / African American,behavior_mean,51.550000000000004
Corporate reliance,race,Black / African American,belief_post,88.4
Corporate reliance,race,Black / African American,concern_mean,82.5
Corporate reliance,race,Black / African American,distrust_post,16.8
Corporate reliance,race,Black / African American,donation_ams,4.2
Corporate reliance,race,Black / African American,funding_perceptions,67.5
Corporate reliance,race,Black / African American,inst_trust_mean,74.4
Corporate reliance,race,Black / African American,newsletter_signup,1.35
Corporate reliance,race,Black / African American,policy_general,85.6
Corporate reliance,race,Black / African American,policy_role_mean,75.975
Corporate reliance,race,Black / African American,policy_specific_mean,84.82857142857142
Corporate reliance,race,Black / African American,trust_multidimensional,75.59166666666667
Corporate reliance,race,Black / African American,trust_post,80.1
Corporate reliance,race,Hispanic / Latino,behavior_mean,42.333333333333336
Corporate reliance,race,Hispanic / Latino,belief_post,76.5
Corporate reliance,race,Hispanic / Latino,concern_mean,71.5
Corporate reliance,race,Hispanic / Latino,distrust_post,32.0
Corporate reliance,race,Hispanic / Latino,donation_ams,3.5
Corporate reliance,race,Hispanic / Latino,funding_perceptions,36.5
Corporate reliance,race,Hispanic / Latino,inst_trust_mean,51.6
Corporate reliance,race,Hispanic / Latino,newsletter_signup,1.85
Corporate reliance,race,Hispanic / Latino,policy_general,61.0
Corporate reliance,race,Hispanic / Latino,policy_role_mean,57.5
Corporate reliance,race,Hispanic / Latino,policy_specific_mean,61.42857142857143
Corporate reliance,race,Hispanic / Latino,trust_multidimensional,62.125
Corporate reliance,race,Hispanic / Latino,trust_post,59.0
Corporate reliance,race,Other,behavior_mean,50.425000000000004
Corporate reliance,race,Other,belief_post,81.575
Corporate reliance,race,Other,concern_mean,75.93333333333334
Corporate reliance,race,Other,distrust_post,20.174999999999997
Corporate reliance,race,Other,donation_ams,4.1625
Corporate reliance,race,Other,funding_perceptions,46.150000000000006
Corporate reliance,race,Other,inst_trust_mean,69.83500000000001
Corporate reliance,race,Other,newsletter_signup,1.5425
Corporate reliance,race,Other,policy_general,70.85000000000001
Corporate reliance,race,Other,policy_role_mean,71.46875
Corporate reliance,race,Other,policy_specific_mean,72.83214285714286
Corporate reliance,race,Other,trust_multidimensional,74.84166666666667
Corporate reliance,race,Other,trust_post,75.1
Corporate reliance,race,White / Caucasian,behavior_mean,52.28333333333333
Corporate reliance,race,White / Caucasian,belief_post,65.3
Corporate reliance,race,White / Caucasian,concern_mean,67.36666666666667
Corporate reliance,race,White / Caucasian,distrust_post,22.4
Corporate reliance,race,White / Caucasian,donation_ams,3.15
Corporate reliance,race,White / Caucasian,funding_perceptions,48.8
Corporate reliance,race,White / Caucasian,inst_trust_mean,70.94
Corporate reliance,race,White / Caucasian,newsletter_signup,1.85
Corporate reliance,race,White / Caucasian,policy_general,52.1
Corporate reliance,race,White / Caucasian,policy_role_mean,74.025
Corporate reliance,race,White / Caucasian,policy_specific_mean,67.37142857142857
Corporate reliance,race,White / Caucasian,trust_multidimensional,78.75833333333334
Corporate reliance,race,White / Caucasian,trust_post,72.8
Extreme weather predictions,age_band,18-29,behavior_mean,58.0
Extreme weather predictions,age_band,18-29,belief_post,88.5
Extreme weather predictions,age_band,18-29,concern_mean,83.83333333333333
Extreme weather predictions,age_band,18-29,distrust_post,14.5
Extreme weather predictions,age_band,18-29,donation_ams,4.85
Extreme weather predictions,age_band,18-29,funding_perceptions,43.0
Extreme weather predictions,age_band,18-29,inst_trust_mean,71.94999999999999
Extreme weather predictions,age_band,18-29,newsletter_signup,1.6
Extreme weather predictions,age_band,18-29,policy_general,80.25
Extreme weather predictions,age_band,18-29,policy_role_mean,75.125
Extreme weather predictions,age_band,18-29,policy_specific_mean,74.71428571428572
Extreme weather predictions,age_band,18-29,trust_multidimensional,81.9
Extreme weather predictions,age_band,18-29,trust_post,81.5
Extreme weather predictions,age_band,30-44,behavior_mean,61.333333333333336
Extreme weather predictions,age_band,30-44,belief_post,89.5
Extreme weather predictions,age_band,30-44,concern_mean,84.33333333333333
Extreme weather predictions,age_band,30-44,distrust_post,12.5
Extreme weather predictions,age_band,30-44,donation_ams,5.2
Extreme weather predictions,age_band,30-44,funding_perceptions,28.0
Extreme weather predictions,age_band,30-44,inst_trust_mean,70.3
Extreme weather predictions,age_band,30-44,newsletter_signup,1.6
Extreme weather predictions,age_band,30-44,policy_general,76.5
Extreme weather predictions,age_band,30-44,policy_role_mean,75.875
Extreme weather predictions,age_band,30-44,policy_specific_mean,75.28571428571429
Extreme weather predictions,age_band,30-44,trust_multidimensional,87.425
Extreme weather predictions,age_band,30-44,trust_post,87.0
Extreme weather predictions,age_band,45-59,behavior_mean,54.666666666666664
Extreme weather predictions,age_band,45-59,belief_post,87.5
Extreme weather predictions,age_band,45-59,concern_mean,83.33333333333333
Extreme weather predictions,age_band,45-59,distrust_post,16.5
Extreme weather predictions,age_band,45-59,donation_ams,4.5
Extreme weather predictions,age_band,45-59,funding_perceptions,58.0
Extreme weather predictions,age_band,45-59,inst_trust_mean,73.6
Extreme weather predictions,age_band,45-59,newsletter_signup,1.6
Extreme weather predictions,age_band,45-59,policy_general,84.0
Extreme weather predictions,age_band,45-59,policy_role_mean,74.375
Extreme weather predictions,age_band,45-59,policy_specific_mean,74.14285714285714
Extreme weather predictions,age_band,45-59,trust_multidimensional,76.375
Extreme weather predictions,age_band,45-59,trust_post,76.0
Extreme weather predictions,age_band,60+,behavior_mean,58.0
Extreme weather predictions,age_band,60+,belief_post,88.5
Extreme weather predictions,age_band,60+,concern_mean,83.83333333333333
Extreme weather predictions,age_band,60+,distrust_post,14.5
Extreme weather predictions,age_band,60+,donation_ams,4.85
Extreme weather predictions,age_band,60+,funding_perceptions,43.0
Extreme weather predictions,age_band,60+,inst_trust_mean,71.94999999999999
Extreme weather predictions,age_band,60+,newsletter_signup,1.6
Extreme weather predictions,age_band,60+,policy_general,80.25
Extreme weather predictions,age_band,60+,policy_role_mean,75.125
Extreme weather predictions,age_band,60+,policy_specific_mean,74.71428571428572
Extreme weather predictions,age_band,60+,trust_multidimensional,81.9
Extreme weather predictions,age_band,60+,trust_post,81.5
Extreme weather predictions,education,Bachelor's degree,behavior_mean,61.35
Extreme weather predictions,education,Bachelor's degree,belief_post,91.3
Extreme weather predictions,education,Bachelor's degree,concern_mean,88.2
Extreme weather predictions,education,Bachelor's degree,distrust_post,22.4
Extreme weather predictions,education,Bachelor's degree,donation_ams,4.8
Extreme weather predictions,education,Bachelor's degree,funding_perceptions,68.2
Extreme weather predictions,education,Bachelor's degree,inst_trust_mean,72.5
Extreme weather predictions,education,Bachelor's degree,newsletter_signup,1.35
Extreme weather predictions,education,Bachelor's degree,policy_general,79.4
Extreme weather predictions,education,Bachelor's degree,policy_role_mean,75.8
Extreme weather predictions,education,Bachelor's degree,policy_specific_mean,73.84285714285714
Extreme weather predictions,education,Bachelor's degree,trust_multidimensional,79.22500000000001
Extreme weather predictions,education,Bachelor's degree,trust_post,73.1
Extreme weather predictions,education,Doctorate degree / Ph.D.,behavior_mean,77.41666666666667
Extreme weather predictions,education,Doctorate degree / Ph.D.,belief_post,95.8
Extreme weather predictions,education,Doctorate degree / Ph.D.,concern_mean,87.33333333333333
Extreme weather predictions,education,Doctorate degree / Ph.D.,distrust_post,11.2
Extreme weather predictions,education,Doctorate degree / Ph.D.,donation_ams,7.2
Extreme weather predictions,education,Doctorate degree / Ph.D.,funding_perceptions,20.5
Extreme weather predictions,education,Doctorate degree / Ph.D.,inst_trust_mean,86.92
Extreme weather predictions,education,Doctorate degree / Ph.D.,newsletter_signup,1.1
Extreme weather predictions,education,Doctorate degree / Ph.D.,policy_general,83.2
Extreme weather predictions,education,Doctorate degree / Ph.D.,policy_role_mean,84.425
Extreme weather predictions,education,Doctorate degree / Ph.D.,policy_specific_mean,85.04285714285713
Extreme weather predictions,education,Doctorate degree / Ph.D.,trust_multidimensional,90.60833333333333
Extreme weather predictions,education,Doctorate degree / Ph.D.,trust_post,89.4
Extreme weather predictions,education,High school diploma / GED,behavior_mean,58.35666666666666
Extreme weather predictions,education,High school diploma / GED,belief_post,83.52000000000001
Extreme weather predictions,education,High school diploma / GED,concern_mean,77.85333333333332
Extreme weather predictions,education,High school diploma / GED,distrust_post,24.88
Extreme weather predictions,education,High school diploma / GED,donation_ams,4.84
Extreme weather predictions,education,High school diploma / GED,funding_perceptions,54.02
Extreme weather predictions,education,High school diploma / GED,inst_trust_mean,68.812
Extreme weather predictions,education,High school diploma / GED,newsletter_signup,1.444
Extreme weather predictions,education,High school diploma / GED,policy_general,72.52000000000001
Extreme weather predictions,education,High school diploma / GED,policy_role_mean,70.025
Extreme weather predictions,education,High school diploma / GED,policy_specific_mean,68.28857142857143
Extreme weather predictions,education,High school diploma / GED,trust_multidimensional,75.435
Extreme weather predictions,education,High school diploma / GED,trust_post,74.32000000000001
Extreme weather predictions,education,Less than high school,behavior_mean,43.78333333333333
Extreme weather predictions,education,Less than high school,belief_post,53.4
Extreme weather predictions,education,Less than high school,concern_mean,59.26666666666667
Extreme weather predictions,education,Less than high school,distrust_post,56.3
Extreme weather predictions,education,Less than high school,donation_ams,2.4
Extreme weather predictions,education,Less than high school,funding_perceptions,47.9
Extreme weather predictions,education,Less than high school,inst_trust_mean,37.22
Extreme weather predictions,education,Less than high school,newsletter_signup,1.82
Extreme weather predictions,education,Less than high school,policy_general,47.8
Extreme weather predictions,education,Less than high school,policy_role_mean,50.575
Extreme weather predictions,education,Less than high school,policy_specific_mean,45.300000000000004
Extreme weather predictions,education,Less than high school,trust_multidimensional,46.208333333333336
Extreme weather predictions,education,Less than high school,trust_post,44.2
Extreme weather predictions,education,Master's degree / Professional degree,behavior_mean,64.64999999999999
Extreme weather predictions,education,Master's degree / Professional degree,belief_post,93.1
Extreme weather predictions,education,Master's degree / Professional degree,concern_mean,81.63333333333333
Extreme weather predictions,education,Master's degree / Professional degree,distrust_post,12.5
Extreme weather predictions,education,Master's degree / Professional degree,donation_ams,7.5
Extreme weather predictions,education,Master's degree / Professional degree,funding_perceptions,58.0
Extreme weather predictions,education,Master's degree / Professional degree,inst_trust_mean,82.92
Extreme weather predictions,education,Master's degree / Professional degree,newsletter_signup,1.15
Extreme weather predictions,education,Master's degree / Professional degree,policy_general,81.2
Extreme weather predictions,education,Master's degree / Professional degree,policy_role_mean,76.95
Extreme weather predictions,education,Master's degree / Professional degree,policy_specific_mean,73.47142857142856
Extreme weather predictions,education,Master's degree / Professional degree,trust_multidimensional,85.2
Extreme weather predictions,education,Master's degree / Professional degree,trust_post,88.4
Extreme weather predictions,education,Some college or Associate's degree,behavior_mean,44.583333333333336
Extreme weather predictions,education,Some college or Associate's degree,belief_post,84.0
Extreme weather predictions,education,Some college or Associate's degree,concern_mean,72.83333333333333
Extreme weather predictions,education,Some college or Associate's degree,distrust_post,22.0
Extreme weather predictions,education,Some college or Associate's degree,donation_ams,2.3
Extreme weather predictions,education,Some college or Associate's degree,funding_perceptions,75.5
Extreme weather predictions,education,Some college or Associate's degree,inst_trust_mean,64.5
Extreme weather predictions,education,Some college or Associate's degree,newsletter_signup,1.8
Extreme weather predictions,education,Some college or Associate's degree,policy_general,71.0
Extreme weather predictions,education,Some college or Associate's degree,policy_role_mean,62.375
Extreme weather predictions,education,Some college or Associate's degree,policy_specific_mean,63.785714285714285
Extreme weather predictions,education,Some college or Associate's degree,trust_multidimensional,75.93333333333334
Extreme weather predictions,education,Some college or Associate's degree,trust_post,76.5
Extreme weather predictions,gender,Female,behavior_mean,50.0
Extreme weather predictions,gender,Female,belief_post,86.0
Extreme weather predictions,gender,Female,concern_mean,70.33333333333333
Extreme weather predictions,gender,Female,distrust_post,20.0
Extreme weather predictions,gender,Female,donation_ams,3.5
Extreme weather predictions,gender,Female,funding_perceptions,78.0
Extreme weather predictions,gender,Female,inst_trust_mean,65.2
Extreme weather predictions,gender,Female,newsletter_signup,1.3
Extreme weather predictions,gender,Female,policy_general,79.0
Extreme weather predictions,gender,Female,policy_role_mean,71.0
Extreme weather predictions,gender,Female,policy_specific_mean,68.28571428571429
Extreme weather predictions,gender,Female,trust_multidimensional,73.72500000000001
Extreme weather predictions,gender,Female,trust_post,76.0
Extreme weather predictions,gender,Male,behavior_mean,42.333333333333336
Extreme weather predictions,gender,Male,belief_post,61.0
Extreme weather predictions,gender,Male,concern_mean,58.666666666666664
Extreme weather predictions,gender,Male,distrust_post,28.0
Extreme weather predictions,gender,Male,donation_ams,2.1
Extreme weather predictions,gender,Male,funding_perceptions,58.0
Extreme weather predictions,gender,Male,inst_trust_mean,72.4
Extreme weather predictions,gender,Male,newsletter_signup,1.6
Extreme weather predictions,gender,Male,policy_general,44.0
Extreme weather predictions,gender,Male,policy_role_mean,67.5
Extreme weather predictions,gender,Male,policy_specific_mean,65.71428571428571
Extreme weather predictions,gender,Male,trust_multidimensional,73.41666666666667
Extreme weather predictions,gender,Male,trust_post,72.0
Extreme weather predictions,gender,Other,behavior_mean,46.16666666666667
Extreme weather predictions,gender,Other,belief_post,73.5
Extreme weather predictions,gender,Other,concern_mean,64.5
Extreme weather predictions,gender,Other,distrust_post,24.0
Extreme weather predictions,gender,Other,donation_ams,2.8
Extreme weather predictions,gender,Other,funding_perceptions,68.0
Extreme weather predictions,gender,Other,inst_trust_mean,68.80000000000001
Extreme weather predictions,gender,Other,newsletter_signup,1.4500000000000002
Extreme weather predictions,gender,Other,policy_general,61.5
Extreme weather predictions,gender,Other,policy_role_mean,69.25
Extreme weather predictions,gender,Other,policy_specific_mean,67.0
Extreme weather predictions,gender,Other,trust_multidimensional,73.57083333333334
Extreme weather predictions,gender,Other,trust_post,74.0
Extreme weather predictions,income,"$100,000 to $167,999",behavior_mean,43.27916666666667
Extreme weather predictions,income,"$100,000 to $167,999",belief_post,83.4
Extreme weather predictions,income,"$100,000 to $167,999",concern_mean,73.39166666666667
Extreme weather predictions,income,"$100,000 to $167,999",distrust_post,28.5
Extreme weather predictions,income,"$100,000 to $167,999",donation_ams,4.525
Extreme weather predictions,income,"$100,000 to $167,999",funding_perceptions,28.825000000000003
Extreme weather predictions,income,"$100,000 to $167,999",inst_trust_mean,69.535
Extreme weather predictions,income,"$100,000 to $167,999",newsletter_signup,1.425
Extreme weather predictions,income,"$100,000 to $167,999",policy_general,66.6
Extreme weather predictions,income,"$100,000 to $167,999",policy_role_mean,60.65625
Extreme weather predictions,income,"$100,000 to $167,999",policy_specific_mean,61.77142857142857
Extreme weather predictions,income,"$100,000 to $167,999",trust_multidimensional,71.44375
Extreme weather predictions,income,"$100,000 to $167,999",trust_post,69.925
Extreme weather predictions,income,"$168,000 or more",behavior_mean,63.333333333333336
Extreme weather predictions,income,"$168,000 or more",belief_post,92.0
Extreme weather predictions,income,"$168,000 or more",concern_mean,81.0
Extreme weather predictions,income,"$168,000 or more",distrust_post,15.0
Extreme weather predictions,income,"$168,000 or more",donation_ams,6.0
Extreme weather predictions,income,"$168,000 or more",funding_perceptions,12.0
Extreme weather predictions,income,"$168,000 or more",inst_trust_mean,79.6
Extreme weather predictions,income,"$168,000 or more",newsletter_signup,1.4
Extreme weather predictions,income,"$168,000 or more",policy_general,72.0
Extreme weather predictions,income,"$168,000 or more",policy_role_mean,70.75
Extreme weather predictions,income,"$168,000 or more",policy_specific_mean,66.42857142857143
Extreme weather predictions,income,"$168,000 or more",trust_multidimensional,81.83333333333333
Extreme weather predictions,income,"$168,000 or more",trust_post,82.0
Extreme weather predictions,income,"$30,000 to $55,999",behavior_mean,41.833333333333336
Extreme weather predictions,income,"$30,000 to $55,999",belief_post,87.0
Extreme weather predictions,income,"$30,000 to $55,999",concern_mean,71.66666666666667
Extreme weather predictions,income,"$30,000 to $55,999",distrust_post,36.0
Extreme weather predictions,income,"$30,000 to $55,999",donation_ams,3.1
Extreme weather predictions,income,"$30,000 to $55,999",funding_perceptions,28.0
Extreme weather predictions,income,"$30,000 to $55,999",inst_trust_mean,67.8
Extreme weather predictions,income,"$30,000 to $55,999",newsletter_signup,1.5
Extreme weather predictions,income,"$30,000 to $55,999",policy_general,68.0
Extreme weather predictions,income,"$30,000 to $55,999",policy_role_mean,62.25
Extreme weather predictions,income,"$30,000 to $55,999",policy_specific_mean,57.57142857142857
Extreme weather predictions,income,"$30,000 to $55,999",trust_multidimensional,70.75
Extreme weather predictions,income,"$30,000 to $55,999",trust_post,64.0
Extreme weather predictions,income,"$56,000 to $99,999",behavior_mean,37.86666666666667
Extreme weather predictions,income,"$56,000 to $99,999",belief_post,86.1
Extreme weather predictions,income,"$56,000 to $99,999",concern_mean,68.89999999999999
Extreme weather predictions,income,"$56,000 to $99,999",distrust_post,14.5
Extreme weather predictions,income,"$56,000 to $99,999",donation_ams,7.2
Extreme weather predictions,income,"$56,000 to $99,999",funding_perceptions,37.7
Extreme weather predictions,income,"$56,000 to $99,999",inst_trust_mean,73.03999999999999
Extreme weather predictions,income,"$56,000 to $99,999",newsletter_signup,1.6
Extreme weather predictions,income,"$56,000 to $99,999",policy_general,65.4
Extreme weather predictions,income,"$56,000 to $99,999",policy_role_mean,63.45
Extreme weather predictions,income,"$56,000 to $99,999",policy_specific_mean,67.94285714285715
Extreme weather predictions,income,"$56,000 to $99,999",trust_multidimensional,78.35000000000001
Extreme weather predictions,income,"$56,000 to $99,999",trust_post,79.2
Extreme weather predictions,income,"Less than $30,000",behavior_mean,30.083333333333332
Extreme weather predictions,income,"Less than $30,000",belief_post,68.5
Extreme weather predictions,income,"Less than $30,000",concern_mean,72.0
Extreme weather predictions,income,"Less than $30,000",distrust_post,48.5
Extreme weather predictions,income,"Less than $30,000",donation_ams,1.8
Extreme weather predictions,income,"Less than $30,000",funding_perceptions,37.6
Extreme weather predictions,income,"Less than $30,000",inst_trust_mean,57.7
Extreme weather predictions,income,"Less than $30,000",newsletter_signup,1.2
Extreme weather predictions,income,"Less than $30,000",policy_general,61.0
Extreme weather predictions,income,"Less than $30,000",policy_role_mean,46.175
Extreme weather predictions,income,"Less than $30,000",policy_specific_mean,55.142857142857146
Extreme weather predictions,income,"Less than $30,000",trust_multidimensional,54.84166666666667
Extreme weather predictions,income,"Less than $30,000",trust_post,54.5
Extreme weather predictions,party,Democrat,behavior_mean,37.5
Extreme weather predictions,party,Democrat,belief_post,96.2
Extreme weather predictions,party,Democrat,concern_mean,58.0
Extreme weather predictions,party,Democrat,distrust_post,12.3
Extreme weather predictions,party,Democrat,donation_ams,6.5
Extreme weather predictions,party,Democrat,funding_perceptions,21.5
Extreme weather predictions,party,Democrat,inst_trust_mean,82.08
Extreme weather predictions,party,Democrat,newsletter_signup,1.15
Extreme weather predictions,party,Democrat,policy_general,84.1
Extreme weather predictions,party,Democrat,policy_role_mean,55.625
Extreme weather predictions,party,Democrat,policy_specific_mean,55.07142857142857
Extreme weather predictions,party,Democrat,trust_multidimensional,88.93333333333334
Extreme weather predictions,party,Democrat,trust_post,86.5
Extreme weather predictions,party,Independent,behavior_mean,46.166666666666664
Extreme weather predictions,party,Independent,belief_post,70.0
Extreme weather predictions,party,Independent,concern_mean,74.0
Extreme weather predictions,party,Independent,distrust_post,22.0
Extreme weather predictions,party,Independent,donation_ams,3.5
Extreme weather predictions,party,Independent,funding_perceptions,55.0
Extreme weather predictions,party,Independent,inst_trust_mean,63.0
Extreme weather predictions,party,Independent,newsletter_signup,1.5
Extreme weather predictions,party,Independent,policy_general,55.0
Extreme weather predictions,party,Independent,policy_role_mean,67.5
Extreme weather predictions,party,Independent,policy_specific_mean,61.714285714285715
Extreme weather predictions,party,Independent,trust_multidimensional,60.625
Extreme weather predictions,party,Independent,trust_post,68.0
Extreme weather predictions,party,Other,behavior_mean,37.5
Extreme weather predictions,party,Other,belief_post,73.5
Extreme weather predictions,party,Other,concern_mean,58.0
Extreme weather predictions,party,Other,distrust_post,24.8
Extreme weather predictions,party,Other,donation_ams,5.0
Extreme weather predictions,party,Other,funding_perceptions,45.7
Extreme weather predictions,party,Other,inst_trust_mean,61.426666666666655
Extreme weather predictions,party,Other,newsletter_signup,1.4166666666666667
Extreme weather predictions,party,Other,policy_general,67.8
Extreme weather predictions,party,Other,policy_role_mean,55.625
Extreme weather predictions,party,Other,policy_specific_mean,55.07142857142857
Extreme weather predictions,party,Other,trust_multidimensional,75.41666666666667
Extreme weather predictions,party,Other,trust_post,71.2
Extreme weather predictions,party,Republican,behavior_mean,28.833333333333332
Extreme weather predictions,party,Republican,belief_post,42.0
Extreme weather predictions,party,Republican,concern_mean,42.0
Extreme weather predictions,party,Republican,distrust_post,65.0
Extreme weather predictions,party,Republican,donation_ams,5.0
Extreme weather predictions,party,Republican,funding_perceptions,45.0
Extreme weather predictions,party,Republican,inst_trust_mean,39.2
Extreme weather predictions,party,Republican,newsletter_signup,1.6
Extreme weather predictions,party,Republican,policy_general,40.0
Extreme weather predictions,party,Republican,policy_role_mean,43.75
Extreme weather predictions,party,Republican,policy_specific_mean,48.42857142857143
Extreme weather predictions,party,Republican,trust_multidimensional,46.75
Extreme weather predictions,party,Republican,trust_post,35.0
Extreme weather predictions,race,Asian / Asian American,behavior_mean,56.0
Extreme weather predictions,race,Asian / Asian American,belief_post,92.0
Extreme weather predictions,race,Asian / Asian American,concern_mean,77.33333333333333
Extreme weather predictions,race,Asian / Asian American,distrust_post,12.0
Extreme weather predictions,race,Asian / Asian American,donation_ams,2.4
Extreme weather predictions,race,Asian / Asian American,funding_perceptions,21.0
Extreme weather predictions,race,Asian / Asian American,inst_trust_mean,85.6
Extreme weather predictions,race,Asian / Asian American,newsletter_signup,1.4
Extreme weather predictions,race,Asian / Asian American,policy_general,78.0
Extreme weather predictions,race,Asian / Asian American,policy_role_mean,82.5
Extreme weather predictions,race,Asian / Asian American,policy_specific_mean,81.14285714285714
Extreme weather predictions,race,Asian / Asian American,trust_multidimensional,84.5
Extreme weather predictions,race,Asian / Asian American,trust_post,86.0
Extreme weather predictions,race,Black / African American,behavior_mean,50.141666666666666
Extreme weather predictions,race,Black / African American,belief_post,89.25
Extreme weather predictions,race,Black / African American,concern_mean,81.01666666666667
Extreme weather predictions,race,Black / African American,distrust_post,15.1
Extreme weather predictions,race,Black / African American,donation_ams,2.5999999999999996
Extreme weather predictions,race,Black / African American,funding_perceptions,47.8
Extreme weather predictions,race,Black / African American,inst_trust_mean,72.83
Extreme weather predictions,race,Black / African American,newsletter_signup,1.4249999999999998
Extreme weather predictions,race,Black / African American,policy_general,78.15
Extreme weather predictions,race,Black / African American,policy_role_mean,81.25
Extreme weather predictions,race,Black / African American,policy_specific_mean,77.65
Extreme weather predictions,race,Black / African American,trust_multidimensional,81.6875
Extreme weather predictions,race,Black / African American,trust_post,83.75
Extreme weather predictions,race,Hispanic / Latino,behavior_mean,44.28333333333333
Extreme weather predictions,race,Hispanic / Latino,belief_post,86.5
Extreme weather predictions,race,Hispanic / Latino,concern_mean,84.7
Extreme weather predictions,race,Hispanic / Latino,distrust_post,18.2
Extreme weather predictions,race,Hispanic / Latino,donation_ams,2.8
Extreme weather predictions,race,Hispanic / Latino,funding_perceptions,74.6
Extreme weather predictions,race,Hispanic / Latino,inst_trust_mean,60.06
Extreme weather predictions,race,Hispanic / Latino,newsletter_signup,1.45
Extreme weather predictions,race,Hispanic / Latino,policy_general,78.3
Extreme weather predictions,race,Hispanic / Latino,policy_role_mean,80.0
Extreme weather predictions,race,Hispanic / Latino,policy_specific_mean,74.15714285714286
Extreme weather predictions,race,Hispanic / Latino,trust_multidimensional,78.875
Extreme weather predictions,race,Hispanic / Latino,trust_post,81.5
Extreme weather predictions,race,Other,behavior_mean,50.141666666666666
Extreme weather predictions,race,Other,belief_post,89.25
Extreme weather predictions,race,Other,concern_mean,81.01666666666667
Extreme weather predictions,race,Other,distrust_post,15.1
Extreme weather predictions,race,Other,donation_ams,2.5999999999999996
Extreme weather predictions,race,Other,funding_perceptions,47.8
Extreme weather predictions,race,Other,inst_trust_mean,72.83
Extreme weather predictions,race,Other,newsletter_signup,1.4249999999999998
Extreme weather predictions,race,Other,policy_general,78.15
Extreme weather predictions,race,Other,policy_role_mean,81.25
Extreme weather predictions,race,Other,policy_specific_mean,77.65
Extreme weather predictions,race,Other,trust_multidimensional,81.6875
Extreme weather predictions,race,Other,trust_post,83.75
Extreme weather predictions,race,White / Caucasian,behavior_mean,50.141666666666666
Extreme weather predictions,race,White / Caucasian,belief_post,89.25
Extreme weather predictions,race,White / Caucasian,concern_mean,81.01666666666667
Extreme weather predictions,race,White / Caucasian,distrust_post,15.1
Extreme weather predictions,race,White / Caucasian,donation_ams,2.5999999999999996
Extreme weather predictions,race,White / Caucasian,funding_perceptions,47.8
Extreme weather predictions,race,White / Caucasian,inst_trust_mean,72.83
Extreme weather predictions,race,White / Caucasian,newsletter_signup,1.4249999999999998
Extreme weather predictions,race,White / Caucasian,policy_general,78.15
Extreme weather predictions,race,White / Caucasian,policy_role_mean,81.25
Extreme weather predictions,race,White / Caucasian,policy_specific_mean,77.65
Extreme weather predictions,race,White / Caucasian,trust_multidimensional,81.6875
Extreme weather predictions,race,White / Caucasian,trust_post,83.75
Former skeptics,age_band,18-29,behavior_mean,55.333333333333336
Former skeptics,age_band,18-29,belief_post,87.0
Former skeptics,age_band,18-29,concern_mean,78.33333333333333
Former skeptics,age_band,18-29,distrust_post,16.0
Former skeptics,age_band,18-29,donation_ams,5.2
Former skeptics,age_band,18-29,funding_perceptions,18.0
Former skeptics,age_band,18-29,inst_trust_mean,75.4
Former skeptics,age_band,18-29,newsletter_signup,1.82
Former skeptics,age_band,18-29,policy_general,86.0
Former skeptics,age_band,18-29,policy_role_mean,73.5
Former skeptics,age_band,18-29,policy_specific_mean,78.14285714285714
Former skeptics,age_band,18-29,trust_multidimensional,77.16666666666667
Former skeptics,age_band,18-29,trust_post,74.0
Former skeptics,age_band,30-44,behavior_mean,55.333333333333336
Former skeptics,age_band,30-44,belief_post,79.9
Former skeptics,age_band,30-44,concern_mean,67.5
Former skeptics,age_band,30-44,distrust_post,22.75
Former skeptics,age_band,30-44,donation_ams,3.825
Former skeptics,age_band,30-44,funding_perceptions,36.4
Former skeptics,age_band,30-44,inst_trust_mean,71.68
Former skeptics,age_band,30-44,newsletter_signup,1.71
Former skeptics,age_band,30-44,policy_general,73.75
Former skeptics,age_band,30-44,policy_role_mean,62.925
Former skeptics,age_band,30-44,policy_specific_mean,78.14285714285714
Former skeptics,age_band,30-44,trust_multidimensional,76.29583333333333
Former skeptics,age_band,30-44,trust_post,72.25
Former skeptics,age_band,45-59,behavior_mean,55.333333333333336
Former skeptics,age_band,45-59,belief_post,72.8
Former skeptics,age_band,45-59,concern_mean,56.666666666666664
Former skeptics,age_band,45-59,distrust_post,29.5
Former skeptics,age_band,45-59,donation_ams,2.45
Former skeptics,age_band,45-59,funding_perceptions,54.8
Former skeptics,age_band,45-59,inst_trust_mean,67.96000000000001
Former skeptics,age_band,45-59,newsletter_signup,1.6
Former skeptics,age_band,45-59,policy_general,61.5
Former skeptics,age_band,45-59,policy_role_mean,52.349999999999994
Former skeptics,age_band,45-59,policy_specific_mean,78.14285714285714
Former skeptics,age_band,45-59,trust_multidimensional,75.425
Former skeptics,age_band,45-59,trust_post,70.5
Former skeptics,age_band,60+,behavior_mean,55.333333333333336
Former skeptics,age_band,60+,belief_post,79.9
Former skeptics,age_band,60+,concern_mean,67.5
Former skeptics,age_band,60+,distrust_post,22.75
Former skeptics,age_band,60+,donation_ams,3.825
Former skeptics,age_band,60+,funding_perceptions,36.4
Former skeptics,age_band,60+,inst_trust_mean,71.68
Former skeptics,age_band,60+,newsletter_signup,1.71
Former skeptics,age_band,60+,policy_general,73.75
Former skeptics,age_band,60+,policy_role_mean,62.925
Former skeptics,age_band,60+,policy_specific_mean,78.14285714285714
Former skeptics,age_band,60+,trust_multidimensional,76.29583333333333
Former skeptics,age_band,60+,trust_post,72.25
Former skeptics,education,Bachelor's degree,behavior_mean,40.375
Former skeptics,education,Bachelor's degree,belief_post,69.625
Former skeptics,education,Bachelor's degree,concern_mean,66.08333333333334
Former skeptics,education,Bachelor's degree,distrust_post,31.875
Former skeptics,education,Bachelor's degree,donation_ams,4.75
Former skeptics,education,Bachelor's degree,funding_perceptions,55.0
Former skeptics,education,Bachelor's degree,inst_trust_mean,66.05
Former skeptics,education,Bachelor's degree,newsletter_signup,1.5125
Former skeptics,education,Bachelor's degree,policy_general,58.5
Former skeptics,education,Bachelor's degree,policy_role_mean,54.03125
Former skeptics,education,Bachelor's degree,policy_specific_mean,57.75
Former skeptics,education,Bachelor's degree,trust_multidimensional,67.9625
Former skeptics,education,Bachelor's degree,trust_post,69.0
Former skeptics,education,Doctorate degree / Ph.D.,behavior_mean,53.5
Former skeptics,education,Doctorate degree / Ph.D.,belief_post,97.5
Former skeptics,education,Doctorate degree / Ph.D.,concern_mean,86.66666666666667
Former skeptics,education,Doctorate degree / Ph.D.,distrust_post,9.5
Former skeptics,education,Doctorate degree / Ph.D.,donation_ams,5.5
Former skeptics,education,Doctorate degree / Ph.D.,funding_perceptions,59.0
Former skeptics,education,Doctorate degree / Ph.D.,inst_trust_mean,85.0
Former skeptics,education,Doctorate degree / Ph.D.,newsletter_signup,1.15
Former skeptics,education,Doctorate degree / Ph.D.,policy_general,86.0
Former skeptics,education,Doctorate degree / Ph.D.,policy_role_mean,81.625
Former skeptics,education,Doctorate degree / Ph.D.,policy_specific_mean,79.57142857142857
Former skeptics,education,Doctorate degree / Ph.D.,trust_multidimensional,88.60000000000001
Former skeptics,education,Doctorate degree / Ph.D.,trust_post,92.0
Former skeptics,education,High school diploma / GED,behavior_mean,29.0
Former skeptics,education,High school diploma / GED,belief_post,53.0
Former skeptics,education,High school diploma / GED,concern_mean,53.666666666666664
Former skeptics,education,High school diploma / GED,distrust_post,48.0
Former skeptics,education,High school diploma / GED,donation_ams,4.0
Former skeptics,education,High school diploma / GED,funding_perceptions,49.0
Former skeptics,education,High school diploma / GED,inst_trust_mean,57.2
Former skeptics,education,High school diploma / GED,newsletter_signup,1.8
Former skeptics,education,High school diploma / GED,policy_general,44.0
Former skeptics,education,High school diploma / GED,policy_role_mean,44.25
Former skeptics,education,High school diploma / GED,policy_specific_mean,43.285714285714285
Former skeptics,education,High school diploma / GED,trust_multidimensional,54.5
Former skeptics,education,High school diploma / GED,trust_post,56.0
Former skeptics,education,Less than high school,behavior_mean,18.5
Former skeptics,education,Less than high school,belief_post,32.0
Former skeptics,education,Less than high school,concern_mean,43.333333333333336
Former skeptics,education,Less than high school,distrust_post,62.0
Former skeptics,education,Less than high school,donation_ams,2.5
Former skeptics,education,Less than high school,funding_perceptions,40.0
Former skeptics,education,Less than high school,inst_trust_mean,38.6
Former skeptics,education,Less than high school,newsletter_signup,1.8
Former skeptics,education,Less than high school,policy_general,22.0
Former skeptics,education,Less than high school,policy_role_mean,23.75
Former skeptics,education,Less than high school,policy_specific_mean,34.42857142857143
Former skeptics,education,Less than high school,trust_multidimensional,41.25
Former skeptics,education,Less than high school,trust_post,38.0
Former skeptics,education,Master's degree / Professional degree,behavior_mean,60.5
Former skeptics,education,Master's degree / Professional degree,belief_post,96.0
Former skeptics,education,Master's degree / Professional degree,concern_mean,80.66666666666667
Former skeptics,education,Master's degree / Professional degree,distrust_post,8.0
Former skeptics,education,Master's degree / Professional degree,donation_ams,7.0
Former skeptics,education,Master's degree / Professional degree,funding_perceptions,72.0
Former skeptics,education,Master's degree / Professional degree,inst_trust_mean,83.4
Former skeptics,education,Master's degree / Professional degree,newsletter_signup,1.3
Former skeptics,education,Master's degree / Professional degree,policy_general,82.0
Former skeptics,education,Master's degree / Professional degree,policy_role_mean,66.5
Former skeptics,education,Master's degree / Professional degree,policy_specific_mean,73.71428571428571
Former skeptics,education,Master's degree / Professional degree,trust_multidimensional,87.5
Former skeptics,education,Master's degree / Professional degree,trust_post,90.0
Former skeptics,education,Some college or Associate's degree,behavior_mean,40.375
Former skeptics,education,Some college or Associate's degree,belief_post,69.625
Former skeptics,education,Some college or Associate's degree,concern_mean,66.08333333333334
Former skeptics,education,Some college or Associate's degree,distrust_post,31.875
Former skeptics,education,Some college or Associate's degree,donation_ams,4.75
Former skeptics,education,Some college or Associate's degree,funding_perceptions,55.0
Former skeptics,education,Some college or Associate's degree,inst_trust_mean,66.05
Former skeptics,education,Some college or Associate's degree,newsletter_signup,1.5125
Former skeptics,education,Some college or Associate's degree,policy_general,58.5
Former skeptics,education,Some college or Associate's degree,policy_role_mean,54.03125
Former skeptics,education,Some college or Associate's degree,policy_specific_mean,57.75
Former skeptics,education,Some college or Associate's degree,trust_multidimensional,67.9625
Former skeptics,education,Some college or Associate's degree,trust_post,69.0
Former skeptics,gender,Female,behavior_mean,71.11666666666666
Former skeptics,gender,Female,belief_post,93.6
Former skeptics,gender,Female,concern_mean,86.83333333333333
Former skeptics,gender,Female,distrust_post,18.3
Former skeptics,gender,Female,donation_ams,6.2
Former skeptics,gender,Female,funding_perceptions,25.799999999999997
Former skeptics,gender,Female,inst_trust_mean,76.53999999999999
Former skeptics,gender,Female,newsletter_signup,85.0
Former skeptics,gender,Female,policy_general,83.7
Former skeptics,gender,Female,policy_role_mean,87.725
Former skeptics,gender,Female,policy_specific_mean,82.04285714285713
Former skeptics,gender,Female,trust_multidimensional,82.125
Former skeptics,gender,Female,trust_post,79.5
Former skeptics,gender,Male,behavior_mean,71.11666666666666
Former skeptics,gender,Male,belief_post,93.6
Former skeptics,gender,Male,concern_mean,86.83333333333333
Former skeptics,gender,Male,distrust_post,18.3
Former skeptics,gender,Male,donation_ams,6.2
Former skeptics,gender,Male,funding_perceptions,25.799999999999997
Former skeptics,gender,Male,inst_trust_mean,76.53999999999999
Former skeptics,gender,Male,newsletter_signup,85.0
Former skeptics,gender,Male,policy_general,83.7
Former skeptics,gender,Male,policy_role_mean,87.725
Former skeptics,gender,Male,policy_specific_mean,82.04285714285713
Former skeptics,gender,Male,trust_multidimensional,82.125
Former skeptics,gender,Male,trust_post,79.5
Former skeptics,gender,Other,behavior_mean,71.11666666666666
Former skeptics,gender,Other,belief_post,93.6
Former skeptics,gender,Other,concern_mean,86.83333333333333
Former skeptics,gender,Other,distrust_post,18.3
Former skeptics,gender,Other,donation_ams,6.2
Former skeptics,gender,Other,funding_perceptions,25.799999999999997
Former skeptics,gender,Other,inst_trust_mean,76.53999999999999
Former skeptics,gender,Other,newsletter_signup,85.0
Former skeptics,gender,Other,policy_general,83.7
Former skeptics,gender,Other,policy_role_mean,87.725
Former skeptics,gender,Other,policy_specific_mean,82.04285714285713
Former skeptics,gender,Other,trust_multidimensional,82.125
Former skeptics,gender,Other,trust_post,79.5
Former skeptics,income,"$100,000 to $167,999",behavior_mean,52.333333333333336
Former skeptics,income,"$100,000 to $167,999",belief_post,82.0
Former skeptics,income,"$100,000 to $167,999",concern_mean,70.33333333333334
Former skeptics,income,"$100,000 to $167,999",distrust_post,24.75
Former skeptics,income,"$100,000 to $167,999",donation_ams,6.0
Former skeptics,income,"$100,000 to $167,999",funding_perceptions,33.0
Former skeptics,income,"$100,000 to $167,999",inst_trust_mean,67.2
Former skeptics,income,"$100,000 to $167,999",newsletter_signup,1.65
Former skeptics,income,"$100,000 to $167,999",policy_general,69.5
Former skeptics,income,"$100,000 to $167,999",policy_role_mean,69.75
Former skeptics,income,"$100,000 to $167,999",policy_specific_mean,69.14285714285714
Former skeptics,income,"$100,000 to $167,999",trust_multidimensional,78.1375
Former skeptics,income,"$100,000 to $167,999",trust_post,76.25
Former skeptics,income,"$168,000 or more",behavior_mean,52.333333333333336
Former skeptics,income,"$168,000 or more",belief_post,91.0
Former skeptics,income,"$168,000 or more",concern_mean,75.0
Former skeptics,income,"$168,000 or more",distrust_post,11.5
Former skeptics,income,"$168,000 or more",donation_ams,7.5
Former skeptics,income,"$168,000 or more",funding_perceptions,18.0
Former skeptics,income,"$168,000 or more",inst_trust_mean,76.4
Former skeptics,income,"$168,000 or more",newsletter_signup,1.6
Former skeptics,income,"$168,000 or more",policy_general,79.0
Former skeptics,income,"$168,000 or more",policy_role_mean,74.0
Former skeptics,income,"$168,000 or more",policy_specific_mean,80.57142857142857
Former skeptics,income,"$168,000 or more",trust_multidimensional,89.85833333333333
Former skeptics,income,"$168,000 or more",trust_post,90.5
Former skeptics,income,"$30,000 to $55,999",behavior_mean,52.333333333333336
Former skeptics,income,"$30,000 to $55,999",belief_post,82.0
Former skeptics,income,"$30,000 to $55,999",concern_mean,70.33333333333334
Former skeptics,income,"$30,000 to $55,999",distrust_post,24.75
Former skeptics,income,"$30,000 to $55,999",donation_ams,6.0
Former skeptics,income,"$30,000 to $55,999",funding_perceptions,33.0
Former skeptics,income,"$30,000 to $55,999",inst_trust_mean,67.2
Former skeptics,income,"$30,000 to $55,999",newsletter_signup,1.65
Former skeptics,income,"$30,000 to $55,999",policy_general,69.5
Former skeptics,income,"$30,000 to $55,999",policy_role_mean,69.75
Former skeptics,income,"$30,000 to $55,999",policy_specific_mean,69.14285714285714
Former skeptics,income,"$30,000 to $55,999",trust_multidimensional,78.1375
Former skeptics,income,"$30,000 to $55,999",trust_post,76.25
Former skeptics,income,"$56,000 to $99,999",behavior_mean,52.333333333333336
Former skeptics,income,"$56,000 to $99,999",belief_post,73.0
Former skeptics,income,"$56,000 to $99,999",concern_mean,65.66666666666667
Former skeptics,income,"$56,000 to $99,999",distrust_post,38.0
Former skeptics,income,"$56,000 to $99,999",donation_ams,4.5
Former skeptics,income,"$56,000 to $99,999",funding_perceptions,48.0
Former skeptics,income,"$56,000 to $99,999",inst_trust_mean,58.0
Former skeptics,income,"$56,000 to $99,999",newsletter_signup,1.7
Former skeptics,income,"$56,000 to $99,999",policy_general,60.0
Former skeptics,income,"$56,000 to $99,999",policy_role_mean,65.5
Former skeptics,income,"$56,000 to $99,999",policy_specific_mean,57.714285714285715
Former skeptics,income,"$56,000 to $99,999",trust_multidimensional,66.41666666666667
Former skeptics,income,"$56,000 to $99,999",trust_post,62.0
Former skeptics,income,"Less than $30,000",behavior_mean,52.333333333333336
Former skeptics,income,"Less than $30,000",belief_post,82.0
Former skeptics,income,"Less than $30,000",concern_mean,70.33333333333334
Former skeptics,income,"Less than $30,000",distrust_post,24.75
Former skeptics,income,"Less than $30,000",donation_ams,6.0
Former skeptics,income,"Less than $30,000",funding_perceptions,33.0
Former skeptics,income,"Less than $30,000",inst_trust_mean,67.2
Former skeptics,income,"Less than $30,000",newsletter_signup,1.65
Former skeptics,income,"Less than $30,000",policy_general,69.5
Former skeptics,income,"Less than $30,000",policy_role_mean,69.75
Former skeptics,income,"Less than $30,000",policy_specific_mean,69.14285714285714
Former skeptics,income,"Less than $30,000",trust_multidimensional,78.1375
Former skeptics,income,"Less than $30,000",trust_post,76.25
Former skeptics,party,Democrat,behavior_mean,39.25
Former skeptics,party,Democrat,belief_post,67.0
Former skeptics,party,Democrat,concern_mean,60.0
Former skeptics,party,Democrat,distrust_post,36.5
Former skeptics,party,Democrat,donation_ams,3.25
Former skeptics,party,Democrat,funding_perceptions,36.5
Former skeptics,party,Democrat,inst_trust_mean,60.5
Former skeptics,party,Democrat,newsletter_signup,24.8
Former skeptics,party,Democrat,policy_general,57.0
Former skeptics,party,Democrat,policy_role_mean,56.625
Former skeptics,party,Democrat,policy_specific_mean,62.785714285714285
Former skeptics,party,Democrat,trust_multidimensional,62.125
Former skeptics,party,Democrat,trust_post,63.5
Former skeptics,party,Independent,behavior_mean,42.5
Former skeptics,party,Independent,belief_post,70.0
Former skeptics,party,Independent,concern_mean,61.666666666666664
Former skeptics,party,Independent,distrust_post,40.0
Former skeptics,party,Independent,donation_ams,2.5
Former skeptics,party,Independent,funding_perceptions,55.0
Former skeptics,party,Independent,inst_trust_mean,58.0
Former skeptics,party,Independent,newsletter_signup,1.6
Former skeptics,party,Independent,policy_general,65.0
Former skeptics,party,Independent,policy_role_mean,53.75
Former skeptics,party,Independent,policy_specific_mean,61.42857142857143
Former skeptics,party,Independent,trust_multidimensional,58.75
Former skeptics,party,Independent,trust_post,60.0
Former skeptics,party,Other,behavior_mean,36.0
Former skeptics,party,Other,belief_post,64.0
Former skeptics,party,Other,concern_mean,58.333333333333336
Former skeptics,party,Other,distrust_post,33.0
Former skeptics,party,Other,donation_ams,4.0
Former skeptics,party,Other,funding_perceptions,18.0
Former skeptics,party,Other,inst_trust_mean,63.0
Former skeptics,party,Other,newsletter_signup,48.0
Former skeptics,party,Other,policy_general,49.0
Former skeptics,party,Other,policy_role_mean,59.5
Former skeptics,party,Other,policy_specific_mean,64.14285714285714
Former skeptics,party,Other,trust_multidimensional,65.5
Former skeptics,party,Other,trust_post,67.0
Former skeptics,party,Republican,behavior_mean,39.25
Former skeptics,party,Republican,belief_post,67.0
Former skeptics,party,Republican,concern_mean,60.0
Former skeptics,party,Republican,distrust_post,36.5
Former skeptics,party,Republican,donation_ams,3.25
Former skeptics,party,Republican,funding_perceptions,36.5
Former skeptics,party,Republican,inst_trust_mean,60.5
Former skeptics,party,Republican,newsletter_signup,24.8
Former skeptics,party,Republican,policy_general,57.0
Former skeptics,party,Republican,policy_role_mean,56.625
Former skeptics,party,Republican,policy_specific_mean,62.785714285714285
Former skeptics,party,Republican,trust_multidimensional,62.125
Former skeptics,party,Republican,trust_post,63.5
Former skeptics,race,Asian / Asian American,behavior_mean,51.0
Former skeptics,race,Asian / Asian American,belief_post,86.0
Former skeptics,race,Asian / Asian American,concern_mean,80.0
Former skeptics,race,Asian / Asian American,distrust_post,30.95
Former skeptics,race,Asian / Asian American,donation_ams,5.8
Former skeptics,race,Asian / Asian American,funding_perceptions,34.55
Former skeptics,race,Asian / Asian American,inst_trust_mean,76.0
Former skeptics,race,Asian / Asian American,newsletter_signup,1.2
Former skeptics,race,Asian / Asian American,policy_general,80.0
Former skeptics,race,Asian / Asian American,policy_role_mean,79.5
Former skeptics,race,Asian / Asian American,policy_specific_mean,79.0
Former skeptics,race,Asian / Asian American,trust_multidimensional,68.91666666666667
Former skeptics,race,Asian / Asian American,trust_post,67.05
Former skeptics,race,Black / African American,behavior_mean,45.68333333333334
Former skeptics,race,Black / African American,belief_post,78.60000000000001
Former skeptics,race,Black / African American,concern_mean,73.08888888888889
Former skeptics,race,Black / African American,distrust_post,30.95
Former skeptics,race,Black / African American,donation_ams,4.033333333333333
Former skeptics,race,Black / African American,funding_perceptions,34.55
Former skeptics,race,Black / African American,inst_trust_mean,71.20666666666666
Former skeptics,race,Black / African American,newsletter_signup,1.5333333333333332
Former skeptics,race,Black / African American,policy_general,78.46666666666667
Former skeptics,race,Black / African American,policy_role_mean,68.8
Former skeptics,race,Black / African American,policy_specific_mean,72.46666666666665
Former skeptics,race,Black / African American,trust_multidimensional,68.91666666666667
Former skeptics,race,Black / African American,trust_post,67.05
Former skeptics,race,Hispanic / Latino,behavior_mean,37.050000000000004
Former skeptics,race,Hispanic / Latino,belief_post,59.3
Former skeptics,race,Hispanic / Latino,concern_mean,56.6
Former skeptics,race,Hispanic / Latino,distrust_post,35.4
Former skeptics,race,Hispanic / Latino,donation_ams,2.8
Former skeptics,race,Hispanic / Latino,funding_perceptions,31.099999999999994
Former skeptics,race,Hispanic / Latino,inst_trust_mean,62.220000000000006
Former skeptics,race,Hispanic / Latino,newsletter_signup,1.75
Former skeptics,race,Hispanic / Latino,policy_general,72.4
Former skeptics,race,Hispanic / Latino,policy_role_mean,56.9
Former skeptics,race,Hispanic / Latino,policy_specific_mean,66.68571428571428
Former skeptics,race,Hispanic / Latino,trust_multidimensional,61.083333333333336
Former skeptics,race,Hispanic / Latino,trust_post,60.1
Former skeptics,race,Other,behavior_mean,49.0
Former skeptics,race,Other,belief_post,90.5
Former skeptics,race,Other,concern_mean,82.66666666666667
Former skeptics,race,Other,distrust_post,26.5
Former skeptics,race,Other,donation_ams,3.5
Former skeptics,race,Other,funding_perceptions,38.0
Former skeptics,race,Other,inst_trust_mean,75.4
Former skeptics,race,Other,newsletter_signup,1.65
Former skeptics,race,Other,policy_general,83.0
Former skeptics,race,Other,policy_role_mean,70.0
Former skeptics,race,Other,policy_specific_mean,71.71428571428571
Former skeptics,race,Other,trust_multidimensional,76.75
Former skeptics,race,Other,trust_post,74.0
Former skeptics,race,White / Caucasian,behavior_mean,45.68333333333334
Former skeptics,race,White / Caucasian,belief_post,78.60000000000001
Former skeptics,race,White / Caucasian,concern_mean,73.08888888888889
Former skeptics,race,White / Caucasian,distrust_post,30.95
Former skeptics,race,White / Caucasian,donation_ams,4.033333333333333
Former skeptics,race,White / Caucasian,funding_perceptions,34.55
Former skeptics,race,White / Caucasian,inst_trust_mean,71.20666666666666
Former skeptics,race,White / Caucasian,newsletter_signup,1.5333333333333332
Former skeptics,race,White / Caucasian,policy_general,78.46666666666667
Former skeptics,race,White / Caucasian,policy_role_mean,68.8
Former skeptics,race,White / Caucasian,policy_specific_mean,72.46666666666665
Former skeptics,race,White / Caucasian,trust_multidimensional,68.91666666666667
Former skeptics,race,White / Caucasian,trust_post,67.05
Funding,age_band,18-29,behavior_mean,52.45833333333333
Funding,age_band,18-29,belief_post,95.0
Funding,age_band,18-29,concern_mean,78.38333333333333
Funding,age_band,18-29,distrust_post,15.0
Funding,age_band,18-29,donation_ams,4.0
Funding,age_band,18-29,funding_perceptions,70.0
Funding,age_band,18-29,inst_trust_mean,61.76666666666667
Funding,age_band,18-29,newsletter_signup,1.4400000000000002
Funding,age_band,18-29,policy_general,75.0
Funding,age_band,18-29,policy_role_mean,72.65
Funding,age_band,18-29,policy_specific_mean,67.39285714285714
Funding,age_band,18-29,trust_multidimensional,80.5
Funding,age_band,18-29,trust_post,85.0
Funding,age_band,30-44,behavior_mean,55.416666666666664
Funding,age_band,30-44,belief_post,89.5
Funding,age_band,30-44,concern_mean,84.43333333333334
Funding,age_band,30-44,distrust_post,22.5
Funding,age_band,30-44,donation_ams,4.8
Funding,age_band,30-44,funding_perceptions,15.700000000000003
Funding,age_band,30-44,inst_trust_mean,60.1
Funding,age_band,30-44,newsletter_signup,1.42
Funding,age_band,30-44,policy_general,79.1
Funding,age_band,30-44,policy_role_mean,78.3
Funding,age_band,30-44,policy_specific_mean,72.78571428571429
Funding,age_band,30-44,trust_multidimensional,82.01666666666667
Funding,age_band,30-44,trust_post,78.2
Funding,age_band,45-59,behavior_mean,49.5
Funding,age_band,45-59,belief_post,78.0
Funding,age_band,45-59,concern_mean,72.33333333333333
Funding,age_band,45-59,distrust_post,30.0
Funding,age_band,45-59,donation_ams,3.0
Funding,age_band,45-59,funding_perceptions,45.0
Funding,age_band,45-59,inst_trust_mean,66.0
Funding,age_band,45-59,newsletter_signup,1.5
Funding,age_band,45-59,policy_general,62.0
Funding,age_band,45-59,policy_role_mean,67.0
Funding,age_band,45-59,policy_specific_mean,62.0
Funding,age_band,45-59,trust_multidimensional,69.83333333333333
Funding,age_band,45-59,trust_post,69.0
Funding,age_band,60+,behavior_mean,52.45833333333333
Funding,age_band,60+,belief_post,70.0
Funding,age_band,60+,concern_mean,78.38333333333333
Funding,age_band,60+,distrust_post,35.0
Funding,age_band,60+,donation_ams,3.0
Funding,age_band,60+,funding_perceptions,45.0
Funding,age_band,60+,inst_trust_mean,59.2
Funding,age_band,60+,newsletter_signup,1.4
Funding,age_band,60+,policy_general,45.0
Funding,age_band,60+,policy_role_mean,72.65
Funding,age_band,60+,policy_specific_mean,67.39285714285714
Funding,age_band,60+,trust_multidimensional,62.166666666666664
Funding,age_band,60+,trust_post,60.0
Funding,education,Bachelor's degree,behavior_mean,50.475
Funding,education,Bachelor's degree,belief_post,92.5
Funding,education,Bachelor's degree,concern_mean,80.66666666666667
Funding,education,Bachelor's degree,distrust_post,18.5
Funding,education,Bachelor's degree,donation_ams,2.6
Funding,education,Bachelor's degree,funding_perceptions,68.0
Funding,education,Bachelor's degree,inst_trust_mean,76.3
Funding,education,Bachelor's degree,newsletter_signup,1.42
Funding,education,Bachelor's degree,policy_general,83.5
Funding,education,Bachelor's degree,policy_role_mean,83.25
Funding,education,Bachelor's degree,policy_specific_mean,64.01428571428572
Funding,education,Bachelor's degree,trust_multidimensional,74.89999999999999
Funding,education,Bachelor's degree,trust_post,78.5
Funding,education,Doctorate degree / Ph.D.,behavior_mean,50.475
Funding,education,Doctorate degree / Ph.D.,belief_post,78.16666666666667
Funding,education,Doctorate degree / Ph.D.,concern_mean,72.46666666666665
Funding,education,Doctorate degree / Ph.D.,distrust_post,7.5
Funding,education,Doctorate degree / Ph.D.,donation_ams,4.3999999999999995
Funding,education,Doctorate degree / Ph.D.,funding_perceptions,81.7
Funding,education,Doctorate degree / Ph.D.,inst_trust_mean,65.2
Funding,education,Doctorate degree / Ph.D.,newsletter_signup,1.4233333333333331
Funding,education,Doctorate degree / Ph.D.,policy_general,66.93333333333334
Funding,education,Doctorate degree / Ph.D.,policy_role_mean,66.06666666666666
Funding,education,Doctorate degree / Ph.D.,policy_specific_mean,64.01428571428572
Funding,education,Doctorate degree / Ph.D.,trust_multidimensional,91.71666666666665
Funding,education,Doctorate degree / Ph.D.,trust_post,96.2
Funding,education,High school diploma / GED,behavior_mean,50.475
Funding,education,High school diploma / GED,belief_post,78.16666666666667
Funding,education,High school diploma / GED,concern_mean,72.46666666666665
Funding,education,High school diploma / GED,distrust_post,26.8
Funding,education,High school diploma / GED,donation_ams,4.3999999999999995
Funding,education,High school diploma / GED,funding_perceptions,57.8
Funding,education,High school diploma / GED,inst_trust_mean,65.2
Funding,education,High school diploma / GED,newsletter_signup,1.4233333333333331
Funding,education,High school diploma / GED,policy_general,66.93333333333334
Funding,education,High school diploma / GED,policy_role_mean,66.06666666666666
Funding,education,High school diploma / GED,policy_specific_mean,64.01428571428572
Funding,education,High school diploma / GED,trust_multidimensional,73.7
Funding,education,High school diploma / GED,trust_post,75.15
Funding,education,Less than high school,behavior_mean,38.93333333333333
Funding,education,Less than high school,belief_post,46.2
Funding,education,Less than high school,concern_mean,50.26666666666667
Funding,education,Less than high school,distrust_post,68.4
Funding,education,Less than high school,donation_ams,2.8
Funding,education,Less than high school,funding_perceptions,44.0
Funding,education,Less than high school,inst_trust_mean,35.78
Funding,education,Less than high school,newsletter_signup,1.7
Funding,education,Less than high school,policy_general,38.1
Funding,education,Less than high school,policy_role_mean,32.85
Funding,education,Less than high school,policy_specific_mean,46.800000000000004
Funding,education,Less than high school,trust_multidimensional,40.391666666666666
Funding,education,Less than high school,trust_post,40.5
Funding,education,Master's degree / Professional degree,behavior_mean,62.01666666666667
Funding,education,Master's degree / Professional degree,belief_post,95.8
Funding,education,Master's degree / Professional degree,concern_mean,86.46666666666665
Funding,education,Master's degree / Professional degree,distrust_post,12.8
Funding,education,Master's degree / Professional degree,donation_ams,7.8
Funding,education,Master's degree / Professional degree,funding_perceptions,37.5
Funding,education,Master's degree / Professional degree,inst_trust_mean,83.52000000000001
Funding,education,Master's degree / Professional degree,newsletter_signup,1.15
Funding,education,Master's degree / Professional degree,policy_general,79.2
Funding,education,Master's degree / Professional degree,policy_role_mean,82.1
Funding,education,Master's degree / Professional degree,policy_specific_mean,81.22857142857143
Funding,education,Master's degree / Professional degree,trust_multidimensional,87.79166666666667
Funding,education,Master's degree / Professional degree,trust_post,85.4
Funding,education,Some college or Associate's degree,behavior_mean,50.475
Funding,education,Some college or Associate's degree,belief_post,78.16666666666667
Funding,education,Some college or Associate's degree,concern_mean,72.46666666666665
Funding,education,Some college or Associate's degree,distrust_post,26.8
Funding,education,Some college or Associate's degree,donation_ams,4.3999999999999995
Funding,education,Some college or Associate's degree,funding_perceptions,57.8
Funding,education,Some college or Associate's degree,inst_trust_mean,65.2
Funding,education,Some college or Associate's degree,newsletter_signup,1.4233333333333331
Funding,education,Some college or Associate's degree,policy_general,66.93333333333334
Funding,education,Some college or Associate's degree,policy_role_mean,66.06666666666666
Funding,education,Some college or Associate's degree,policy_specific_mean,64.01428571428572
Funding,education,Some college or Associate's degree,trust_multidimensional,73.7
Funding,education,Some college or Associate's degree,trust_post,75.15
Funding,gender,Female,behavior_mean,52.416666666666664
Funding,gender,Female,belief_post,91.5
Funding,gender,Female,concern_mean,73.16666666666667
Funding,gender,Female,distrust_post,18.5
Funding,gender,Female,donation_ams,4.2
Funding,gender,Female,funding_perceptions,78.0
Funding,gender,Female,inst_trust_mean,66.8
Funding,gender,Female,newsletter_signup,1.65
Funding,gender,Female,policy_general,77.5
Funding,gender,Female,policy_role_mean,71.25
Funding,gender,Female,policy_specific_mean,70.0
Funding,gender,Female,trust_multidimensional,78.33333333333333
Funding,gender,Female,trust_post,79.0
Funding,gender,Male,behavior_mean,39.916666666666664
Funding,gender,Male,belief_post,77.5
Funding,gender,Male,concern_mean,50.43333333333334
Funding,gender,Male,distrust_post,29.8
Funding,gender,Male,donation_ams,3.45
Funding,gender,Male,funding_perceptions,43.8
Funding,gender,Male,inst_trust_mean,62.839999999999996
Funding,gender,Male,newsletter_signup,1.58
Funding,gender,Male,policy_general,51.3
Funding,gender,Male,policy_role_mean,62.425
Funding,gender,Male,policy_specific_mean,54.785714285714285
Funding,gender,Male,trust_multidimensional,69.89166666666667
Funding,gender,Male,trust_post,62.4
Funding,gender,Other,behavior_mean,46.166666666666664
Funding,gender,Other,belief_post,84.5
Funding,gender,Other,concern_mean,61.800000000000004
Funding,gender,Other,distrust_post,24.15
Funding,gender,Other,donation_ams,3.825
Funding,gender,Other,funding_perceptions,60.9
Funding,gender,Other,inst_trust_mean,64.82
Funding,gender,Other,newsletter_signup,1.615
Funding,gender,Other,policy_general,64.4
Funding,gender,Other,policy_role_mean,66.8375
Funding,gender,Other,policy_specific_mean,62.39285714285714
Funding,gender,Other,trust_multidimensional,74.1125
Funding,gender,Other,trust_post,70.7
Funding,income,"$100,000 to $167,999",behavior_mean,74.71666666666667
Funding,income,"$100,000 to $167,999",belief_post,93.5
Funding,income,"$100,000 to $167,999",concern_mean,86.73333333333333
Funding,income,"$100,000 to $167,999",distrust_post,14.2
Funding,income,"$100,000 to $167,999",donation_ams,2.4
Funding,income,"$100,000 to $167,999",funding_perceptions,44.2
Funding,income,"$100,000 to $167,999",inst_trust_mean,82.47999999999999
Funding,income,"$100,000 to $167,999",newsletter_signup,1.35
Funding,income,"$100,000 to $167,999",policy_general,78.2
Funding,income,"$100,000 to $167,999",policy_role_mean,74.625
Funding,income,"$100,000 to $167,999",policy_specific_mean,75.5
Funding,income,"$100,000 to $167,999",trust_multidimensional,84.5
Funding,income,"$100,000 to $167,999",trust_post,86.4
Funding,income,"$168,000 or more",behavior_mean,55.583333333333336
Funding,income,"$168,000 or more",belief_post,93.5
Funding,income,"$168,000 or more",concern_mean,81.53333333333333
Funding,income,"$168,000 or more",distrust_post,12.8
Funding,income,"$168,000 or more",donation_ams,4.5
Funding,income,"$168,000 or more",funding_perceptions,31.799999999999997
Funding,income,"$168,000 or more",inst_trust_mean,81.25999999999999
Funding,income,"$168,000 or more",newsletter_signup,1.2
Funding,income,"$168,000 or more",policy_general,79.4
Funding,income,"$168,000 or more",policy_role_mean,76.9
Funding,income,"$168,000 or more",policy_specific_mean,76.11428571428571
Funding,income,"$168,000 or more",trust_multidimensional,89.26666666666667
Funding,income,"$168,000 or more",trust_post,86.5
Funding,income,"$30,000 to $55,999",behavior_mean,46.15
Funding,income,"$30,000 to $55,999",belief_post,85.4
Funding,income,"$30,000 to $55,999",concern_mean,73.56666666666666
Funding,income,"$30,000 to $55,999",distrust_post,23.5
Funding,income,"$30,000 to $55,999",donation_ams,6.5
Funding,income,"$30,000 to $55,999",funding_perceptions,45.8
Funding,income,"$30,000 to $55,999",inst_trust_mean,68.7
Funding,income,"$30,000 to $55,999",newsletter_signup,1.7
Funding,income,"$30,000 to $55,999",policy_general,52.1
Funding,income,"$30,000 to $55,999",policy_role_mean,58.975
Funding,income,"$30,000 to $55,999",policy_specific_mean,65.44285714285715
Funding,income,"$30,000 to $55,999",trust_multidimensional,73.85833333333333
Funding,income,"$30,000 to $55,999",trust_post,76.5
Funding,income,"$56,000 to $99,999",behavior_mean,46.083333333333336
Funding,income,"$56,000 to $99,999",belief_post,81.4
Funding,income,"$56,000 to $99,999",concern_mean,69.26666666666667
Funding,income,"$56,000 to $99,999",distrust_post,28.9
Funding,income,"$56,000 to $99,999",donation_ams,1.6
Funding,income,"$56,000 to $99,999",funding_perceptions,63.5
Funding,income,"$56,000 to $99,999",inst_trust_mean,64.08
Funding,income,"$56,000 to $99,999",newsletter_signup,1.7
Funding,income,"$56,000 to $99,999",policy_general,64.8
Funding,income,"$56,000 to $99,999",policy_role_mean,61.15
Funding,income,"$56,000 to $99,999",policy_specific_mean,64.77142857142857
Funding,income,"$56,000 to $99,999",trust_multidimensional,74.7
Funding,income,"$56,000 to $99,999",trust_post,71.2
Funding,income,"Less than $30,000",behavior_mean,36.0
Funding,income,"Less than $30,000",belief_post,63.0
Funding,income,"Less than $30,000",concern_mean,64.66666666666667
Funding,income,"Less than $30,000",distrust_post,44.0
Funding,income,"Less than $30,000",donation_ams,2.5
Funding,income,"Less than $30,000",funding_perceptions,42.0
Funding,income,"Less than $30,000",inst_trust_mean,49.8
Funding,income,"Less than $30,000",newsletter_signup,38.0
Funding,income,"Less than $30,000",policy_general,66.0
Funding,income,"Less than $30,000",policy_role_mean,50.75
Funding,income,"Less than $30,000",policy_specific_mean,69.28571428571429
Funding,income,"Less than $30,000",trust_multidimensional,48.833333333333336
Funding,income,"Less than $30,000",trust_post,45.0
Funding,party,Democrat,behavior_mean,27.883333333333336
Funding,party,Democrat,belief_post,91.6
Funding,party,Democrat,concern_mean,41.4
Funding,party,Democrat,distrust_post,15.2
Funding,party,Democrat,donation_ams,4.0
Funding,party,Democrat,funding_perceptions,28.700000000000003
Funding,party,Democrat,inst_trust_mean,34.8
Funding,party,Democrat,newsletter_signup,1.82
Funding,party,Democrat,policy_general,86.2
Funding,party,Democrat,policy_role_mean,30.15
Funding,party,Democrat,policy_specific_mean,41.25714285714286
Funding,party,Democrat,trust_multidimensional,81.96666666666667
Funding,party,Democrat,trust_post,78.5
Funding,party,Independent,behavior_mean,27.883333333333336
Funding,party,Independent,belief_post,64.19999999999999
Funding,party,Independent,concern_mean,41.4
Funding,party,Independent,distrust_post,46.85
Funding,party,Independent,donation_ams,3.05
Funding,party,Independent,funding_perceptions,31.200000000000003
Funding,party,Independent,inst_trust_mean,34.8
Funding,party,Independent,newsletter_signup,1.82
Funding,party,Independent,policy_general,53.35
Funding,party,Independent,policy_role_mean,30.15
Funding,party,Independent,policy_specific_mean,41.25714285714286
Funding,party,Independent,trust_multidimensional,58.475
Funding,party,Independent,trust_post,51.7
Funding,party,Other,behavior_mean,27.883333333333336
Funding,party,Other,belief_post,64.19999999999999
Funding,party,Other,concern_mean,41.4
Funding,party,Other,distrust_post,46.85
Funding,party,Other,donation_ams,3.05
Funding,party,Other,funding_perceptions,31.200000000000003
Funding,party,Other,inst_trust_mean,34.8
Funding,party,Other,newsletter_signup,1.82
Funding,party,Other,policy_general,53.35
Funding,party,Other,policy_role_mean,30.15
Funding,party,Other,policy_specific_mean,41.25714285714286
Funding,party,Other,trust_multidimensional,58.475
Funding,party,Other,trust_post,51.7
Funding,party,Republican,behavior_mean,27.883333333333336
Funding,party,Republican,belief_post,36.8
Funding,party,Republican,concern_mean,41.4
Funding,party,Republican,distrust_post,78.5
Funding,party,Republican,donation_ams,2.1
Funding,party,Republican,funding_perceptions,33.7
Funding,party,Republican,inst_trust_mean,34.8
Funding,party,Republican,newsletter_signup,1.82
Funding,party,Republican,policy_general,20.5
Funding,party,Republican,policy_role_mean,30.15
Funding,party,Republican,policy_specific_mean,41.25714285714286
Funding,party,Republican,trust_multidimensional,34.983333333333334
Funding,party,Republican,trust_post,24.9
Funding,race,Asian / Asian American,behavior_mean,56.76666666666667
Funding,race,Asian / Asian American,belief_post,81.2
Funding,race,Asian / Asian American,concern_mean,82.2
Funding,race,Asian / Asian American,distrust_post,16.2
Funding,race,Asian / Asian American,donation_ams,3.85
Funding,race,Asian / Asian American,funding_perceptions,23.599999999999994
Funding,race,Asian / Asian American,inst_trust_mean,76.62
Funding,race,Asian / Asian American,newsletter_signup,1.82
Funding,race,Asian / Asian American,policy_general,84.5
Funding,race,Asian / Asian American,policy_role_mean,76.75
Funding,race,Asian / Asian American,policy_specific_mean,69.67142857142856
Funding,race,Asian / Asian American,trust_multidimensional,80.11666666666666
Funding,race,Asian / Asian American,trust_post,78.6
Funding,race,Black / African American,behavior_mean,53.416666666666664
Funding,race,Black / African American,belief_post,88.4
Funding,race,Black / African American,concern_mean,76.46666666666665
Funding,race,Black / African American,distrust_post,13.2
Funding,race,Black / African American,donation_ams,4.1
Funding,race,Black / African American,funding_perceptions,23.5
Funding,race,Black / African American,inst_trust_mean,80.1
Funding,race,Black / African American,newsletter_signup,1.6
Funding,race,Black / African American,policy_general,84.2
Funding,race,Black / African American,policy_role_mean,70.5
Funding,race,Black / African American,policy_specific_mean,74.65714285714286
Funding,race,Black / African American,trust_multidimensional,87.53333333333335
Funding,race,Black / African American,trust_post,86.7
Funding,race,Hispanic / Latino,behavior_mean,70.73333333333333
Funding,race,Hispanic / Latino,belief_post,88.5
Funding,race,Hispanic / Latino,concern_mean,83.93333333333334
Funding,race,Hispanic / Latino,distrust_post,27.4
Funding,race,Hispanic / Latino,donation_ams,4.2
Funding,race,Hispanic / Latino,funding_perceptions,18.200000000000003
Funding,race,Hispanic / Latino,inst_trust_mean,72.17999999999999
Funding,race,Hispanic / Latino,newsletter_signup,1.7
Funding,race,Hispanic / Latino,policy_general,79.1
Funding,race,Hispanic / Latino,policy_role_mean,72.925
Funding,race,Hispanic / Latino,policy_specific_mean,77.84285714285714
Funding,race,Hispanic / Latino,trust_multidimensional,76.75833333333334
Funding,race,Hispanic / Latino,trust_post,72.5
Funding,race,Other,behavior_mean,60.305555555555564
Funding,race,Other,belief_post,86.03333333333335
Funding,race,Other,concern_mean,80.86666666666666
Funding,race,Other,distrust_post,18.933333333333334
Funding,race,Other,donation_ams,4.05
Funding,race,Other,funding_perceptions,21.766666666666666
Funding,race,Other,inst_trust_mean,76.3
Funding,race,Other,newsletter_signup,1.7066666666666668
Funding,race,Other,policy_general,82.6
Funding,race,Other,policy_role_mean,73.39166666666667
Funding,race,Other,policy_specific_mean,74.05714285714286
Funding,race,Other,trust_multidimensional,81.46944444444445
Funding,race,Other,trust_post,79.26666666666667
Funding,race,White / Caucasian,behavior_mean,60.305555555555564
Funding,race,White / Caucasian,belief_post,86.03333333333335
Funding,race,White / Caucasian,concern_mean,80.86666666666666
Funding,race,White / Caucasian,distrust_post,18.933333333333334
Funding,race,White / Caucasian,donation_ams,4.05
Funding,race,White / Caucasian,funding_perceptions,21.766666666666666
Funding,race,White / Caucasian,inst_trust_mean,76.3
Funding,race,White / Caucasian,newsletter_signup,1.7066666666666668
Funding,race,White / Caucasian,policy_general,82.6
Funding,race,White / Caucasian,policy_role_mean,73.39166666666667
Funding,race,White / Caucasian,policy_specific_mean,74.05714285714286
Funding,race,White / Caucasian,trust_multidimensional,81.46944444444445
Funding,race,White / Caucasian,trust_post,79.26666666666667
High public trust,age_band,18-29,behavior_mean,58.25
High public trust,age_band,18-29,belief_post,94.2
High public trust,age_band,18-29,concern_mean,86.39999999999999
High public trust,age_band,18-29,distrust_post,11.5
High public trust,age_band,18-29,donation_ams,6.2
High public trust,age_band,18-29,funding_perceptions,15.700000000000003
High public trust,age_band,18-29,inst_trust_mean,75.46000000000001
High public trust,age_band,18-29,newsletter_signup,1.55
High public trust,age_band,18-29,policy_general,87.6
High public trust,age_band,18-29,policy_role_mean,81.9
High public trust,age_band,18-29,policy_specific_mean,77.27142857142857
High public trust,age_band,18-29,trust_multidimensional,85.08333333333333
High public trust,age_band,18-29,trust_post,88.5
High public trust,age_band,30-44,behavior_mean,59.9
High public trust,age_band,30-44,belief_post,91.5
High public trust,age_band,30-44,concern_mean,77.5
High public trust,age_band,30-44,distrust_post,21.3
High public trust,age_band,30-44,donation_ams,3.2
High public trust,age_band,30-44,funding_perceptions,71.5
High public trust,age_band,30-44,inst_trust_mean,70.46000000000001
High public trust,age_band,30-44,newsletter_signup,1.6
High public trust,age_band,30-44,policy_general,79.8
High public trust,age_band,30-44,policy_role_mean,71.05
High public trust,age_band,30-44,policy_specific_mean,71.81428571428572
High public trust,age_band,30-44,trust_multidimensional,76.925
High public trust,age_band,30-44,trust_post,80.5
High public trust,age_band,45-59,behavior_mean,62.833333333333336
High public trust,age_band,45-59,belief_post,93.0
High public trust,age_band,45-59,concern_mean,72.0
High public trust,age_band,45-59,distrust_post,12.0
High public trust,age_band,45-59,donation_ams,4.0
High public trust,age_band,45-59,funding_perceptions,65.0
High public trust,age_band,45-59,inst_trust_mean,71.2
High public trust,age_band,45-59,newsletter_signup,1.6
High public trust,age_band,45-59,policy_general,79.13333333333333
High public trust,age_band,45-59,policy_role_mean,73.5
High public trust,age_band,45-59,policy_specific_mean,70.71428571428571
High public trust,age_band,45-59,trust_multidimensional,75.16666666666667
High public trust,age_band,45-59,trust_post,81.0
High public trust,age_band,60+,behavior_mean,52.5
High public trust,age_band,60+,belief_post,88.0
High public trust,age_band,60+,concern_mean,75.66666666666667
High public trust,age_band,60+,distrust_post,22.0
High public trust,age_band,60+,donation_ams,6.0
High public trust,age_band,60+,funding_perceptions,25.0
High public trust,age_band,60+,inst_trust_mean,73.4
High public trust,age_band,60+,newsletter_signup,1.5
High public trust,age_band,60+,policy_general,70.0
High public trust,age_band,60+,policy_role_mean,71.25
High public trust,age_band,60+,policy_specific_mean,60.714285714285715
High public trust,age_band,60+,trust_multidimensional,85.58333333333333
High public trust,age_band,60+,trust_post,72.0
High public trust,education,Bachelor's degree,behavior_mean,48.833333333333336
High public trust,education,Bachelor's degree,belief_post,82.5
High public trust,education,Bachelor's degree,concern_mean,70.20833333333333
High public trust,education,Bachelor's degree,distrust_post,31.0
High public trust,education,Bachelor's degree,donation_ams,3.725
High public trust,education,Bachelor's degree,funding_perceptions,33.875
High public trust,education,Bachelor's degree,inst_trust_mean,63.150000000000006
High public trust,education,Bachelor's degree,newsletter_signup,1.55
High public trust,education,Bachelor's degree,policy_general,63.125
High public trust,education,Bachelor's degree,policy_role_mean,58.09375
High public trust,education,Bachelor's degree,policy_specific_mean,63.73214285714287
High public trust,education,Bachelor's degree,trust_multidimensional,73.04166666666666
High public trust,education,Bachelor's degree,trust_post,68.75
High public trust,education,Doctorate degree / Ph.D.,behavior_mean,63.666666666666664
High public trust,education,Doctorate degree / Ph.D.,belief_post,99.0
High public trust,education,Doctorate degree / Ph.D.,concern_mean,84.33333333333333
High public trust,education,Doctorate degree / Ph.D.,distrust_post,9.0
High public trust,education,Doctorate degree / Ph.D.,donation_ams,4.2
High public trust,education,Doctorate degree / Ph.D.,funding_perceptions,35.0
High public trust,education,Doctorate degree / Ph.D.,inst_trust_mean,81.0
High public trust,education,Doctorate degree / Ph.D.,newsletter_signup,1.1
High public trust,education,Doctorate degree / Ph.D.,policy_general,86.0
High public trust,education,Doctorate degree / Ph.D.,policy_role_mean,74.75
High public trust,education,Doctorate degree / Ph.D.,policy_specific_mean,80.85714285714286
High public trust,education,Doctorate degree / Ph.D.,trust_multidimensional,87.58333333333333
High public trust,education,Doctorate degree / Ph.D.,trust_post,91.0
High public trust,education,High school diploma / GED,behavior_mean,45.666666666666664
High public trust,education,High school diploma / GED,belief_post,84.0
High public trust,education,High school diploma / GED,concern_mean,74.66666666666667
High public trust,education,High school diploma / GED,distrust_post,28.0
High public trust,education,High school diploma / GED,donation_ams,4.2
High public trust,education,High school diploma / GED,funding_perceptions,37.0
High public trust,education,High school diploma / GED,inst_trust_mean,66.8
High public trust,education,High school diploma / GED,newsletter_signup,1.6
High public trust,education,High school diploma / GED,policy_general,72.0
High public trust,education,High school diploma / GED,policy_role_mean,62.0
High public trust,education,High school diploma / GED,policy_specific_mean,65.28571428571429
High public trust,education,High school diploma / GED,trust_multidimensional,77.75
High public trust,education,High school diploma / GED,trust_post,68.0
High public trust,education,Less than high school,behavior_mean,48.666666666666664
High public trust,education,Less than high school,belief_post,62.0
High public trust,education,Less than high school,concern_mean,49.0
High public trust,education,Less than high school,distrust_post,55.0
High public trust,education,Less than high school,donation_ams,3.5
High public trust,education,Less than high school,funding_perceptions,35.0
High public trust,education,Less than high school,inst_trust_mean,37.8
High public trust,education,Less than high school,newsletter_signup,1.7
High public trust,education,Less than high school,policy_general,42.0
High public trust,education,Less than high school,policy_role_mean,33.25
High public trust,education,Less than high school,policy_specific_mean,49.42857142857143
High public trust,education,Less than high school,trust_multidimensional,51.333333333333336
High public trust,education,Less than high school,trust_post,48.0
High public trust,education,Master's degree / Professional degree,behavior_mean,48.833333333333336
High public trust,education,Master's degree / Professional degree,belief_post,82.5
High public trust,education,Master's degree / Professional degree,concern_mean,70.20833333333333
High public trust,education,Master's degree / Professional degree,distrust_post,31.0
High public trust,education,Master's degree / Professional degree,donation_ams,3.725
High public trust,education,Master's degree / Professional degree,funding_perceptions,33.875
High public trust,education,Master's degree / Professional degree,inst_trust_mean,63.150000000000006
High public trust,education,Master's degree / Professional degree,newsletter_signup,1.55
High public trust,education,Master's degree / Professional degree,policy_general,63.125
High public trust,education,Master's degree / Professional degree,policy_role_mean,58.09375
High public trust,education,Master's degree / Professional degree,policy_specific_mean,63.73214285714287
High public trust,education,Master's degree / Professional degree,trust_multidimensional,73.04166666666666
High public trust,education,Master's degree / Professional degree,trust_post,68.75
High public trust,education,Some college or Associate's degree,behavior_mean,37.333333333333336
High public trust,education,Some college or Associate's degree,belief_post,85.0
High public trust,education,Some college or Associate's degree,concern_mean,72.83333333333333
High public trust,education,Some college or Associate's degree,distrust_post,32.0
High public trust,education,Some college or Associate's degree,donation_ams,3.0
High public trust,education,Some college or Associate's degree,funding_perceptions,28.5
High public trust,education,Some college or Associate's degree,inst_trust_mean,67.0
High public trust,education,Some college or Associate's degree,newsletter_signup,1.8
High public trust,education,Some college or Associate's degree,policy_general,52.5
High public trust,education,Some college or Associate's degree,policy_role_mean,62.375
High public trust,education,Some college or Associate's degree,policy_specific_mean,59.357142857142854
High public trust,education,Some college or Associate's degree,trust_multidimensional,75.5
High public trust,education,Some college or Associate's degree,trust_post,68.0
High public trust,gender,Female,behavior_mean,51.46666666666667
High public trust,gender,Female,belief_post,88.1
High public trust,gender,Female,concern_mean,64.51666666666667
High public trust,gender,Female,distrust_post,18.7
High public trust,gender,Female,donation_ams,4.45
High public trust,gender,Female,funding_perceptions,51.65
High public trust,gender,Female,inst_trust_mean,67.41
High public trust,gender,Female,newsletter_signup,1.4649999999999999
High public trust,gender,Female,policy_general,76.25
High public trust,gender,Female,policy_role_mean,70.5125
High public trust,gender,Female,policy_specific_mean,69.86428571428571
High public trust,gender,Female,trust_multidimensional,81.40833333333333
High public trust,gender,Female,trust_post,71.5
High public trust,gender,Male,behavior_mean,40.5
High public trust,gender,Male,belief_post,83.0
High public trust,gender,Male,concern_mean,43.666666666666664
High public trust,gender,Male,distrust_post,22.0
High public trust,gender,Male,donation_ams,2.1
High public trust,gender,Male,funding_perceptions,26.0
High public trust,gender,Male,inst_trust_mean,61.8
High public trust,gender,Male,newsletter_signup,1.7
High public trust,gender,Male,policy_general,68.0
High public trust,gender,Male,policy_role_mean,59.5
High public trust,gender,Male,policy_specific_mean,66.57142857142857
High public trust,gender,Male,trust_multidimensional,66.16666666666667
High public trust,gender,Male,trust_post,66.0
High public trust,gender,Other,behavior_mean,62.43333333333334
High public trust,gender,Other,belief_post,93.2
High public trust,gender,Other,concern_mean,85.36666666666667
High public trust,gender,Other,distrust_post,15.4
High public trust,gender,Other,donation_ams,6.8
High public trust,gender,Other,funding_perceptions,77.3
High public trust,gender,Other,inst_trust_mean,73.02
High public trust,gender,Other,newsletter_signup,1.23
High public trust,gender,Other,policy_general,84.5
High public trust,gender,Other,policy_role_mean,81.525
High public trust,gender,Other,policy_specific_mean,73.15714285714286
High public trust,gender,Other,trust_multidimensional,83.68333333333334
High public trust,gender,Other,trust_post,82.6
High public trust,income,"$100,000 to $167,999",behavior_mean,46.37777777777777
High public trust,income,"$100,000 to $167,999",belief_post,75.975
High public trust,income,"$100,000 to $167,999",concern_mean,75.16666666666666
High public trust,income,"$100,000 to $167,999",distrust_post,12.0
High public trust,income,"$100,000 to $167,999",donation_ams,3.9999999999999996
High public trust,income,"$100,000 to $167,999",funding_perceptions,26.0
High public trust,income,"$100,000 to $167,999",inst_trust_mean,66.475
High public trust,income,"$100,000 to $167,999",newsletter_signup,1.6075000000000002
High public trust,income,"$100,000 to $167,999",policy_general,60.074999999999996
High public trust,income,"$100,000 to $167,999",policy_role_mean,57.806250000000006
High public trust,income,"$100,000 to $167,999",policy_specific_mean,62.71428571428572
High public trust,income,"$100,000 to $167,999",trust_multidimensional,82.08333333333333
High public trust,income,"$100,000 to $167,999",trust_post,86.0
High public trust,income,"$168,000 or more",behavior_mean,55.96666666666667
High public trust,income,"$168,000 or more",belief_post,96.1
High public trust,income,"$168,000 or more",concern_mean,90.16666666666667
High public trust,income,"$168,000 or more",distrust_post,13.2
High public trust,income,"$168,000 or more",donation_ams,7.2
High public trust,income,"$168,000 or more",funding_perceptions,31.599999999999994
High public trust,income,"$168,000 or more",inst_trust_mean,78.06
High public trust,income,"$168,000 or more",newsletter_signup,1.55
High public trust,income,"$168,000 or more",policy_general,58.2
High public trust,income,"$168,000 or more",policy_role_mean,81.775
High public trust,income,"$168,000 or more",policy_specific_mean,75.42857142857143
High public trust,income,"$168,000 or more",trust_multidimensional,88.175
High public trust,income,"$168,000 or more",trust_post,86.5
High public trust,income,"$30,000 to $55,999",behavior_mean,34.166666666666664
High public trust,income,"$30,000 to $55,999",belief_post,68.0
High public trust,income,"$30,000 to $55,999",concern_mean,67.33333333333333
High public trust,income,"$30,000 to $55,999",distrust_post,20.975
High public trust,income,"$30,000 to $55,999",donation_ams,3.5
High public trust,income,"$30,000 to $55,999",funding_perceptions,35.224999999999994
High public trust,income,"$30,000 to $55,999",inst_trust_mean,68.6
High public trust,income,"$30,000 to $55,999",newsletter_signup,1.9
High public trust,income,"$30,000 to $55,999",policy_general,62.0
High public trust,income,"$30,000 to $55,999",policy_role_mean,52.5
High public trust,income,"$30,000 to $55,999",policy_specific_mean,46.42857142857143
High public trust,income,"$30,000 to $55,999",trust_multidimensional,78.21666666666667
High public trust,income,"$30,000 to $55,999",trust_post,78.375
High public trust,income,"$56,000 to $99,999",behavior_mean,49.0
High public trust,income,"$56,000 to $99,999",belief_post,82.5
High public trust,income,"$56,000 to $99,999",concern_mean,78.33333333333333
High public trust,income,"$56,000 to $99,999",distrust_post,23.5
High public trust,income,"$56,000 to $99,999",donation_ams,2.2
High public trust,income,"$56,000 to $99,999",funding_perceptions,50.0
High public trust,income,"$56,000 to $99,999",inst_trust_mean,64.8
High public trust,income,"$56,000 to $99,999",newsletter_signup,1.6
High public trust,income,"$56,000 to $99,999",policy_general,68.0
High public trust,income,"$56,000 to $99,999",policy_role_mean,50.25
High public trust,income,"$56,000 to $99,999",policy_specific_mean,66.28571428571429
High public trust,income,"$56,000 to $99,999",trust_multidimensional,73.66666666666667
High public trust,income,"$56,000 to $99,999",trust_post,76.5
High public trust,income,"Less than $30,000",behavior_mean,46.37777777777777
High public trust,income,"Less than $30,000",belief_post,57.3
High public trust,income,"Less than $30,000",concern_mean,64.83333333333333
High public trust,income,"Less than $30,000",distrust_post,35.2
High public trust,income,"Less than $30,000",donation_ams,3.1
High public trust,income,"Less than $30,000",funding_perceptions,33.3
High public trust,income,"Less than $30,000",inst_trust_mean,54.44
High public trust,income,"Less than $30,000",newsletter_signup,1.38
High public trust,income,"Less than $30,000",policy_general,52.1
High public trust,income,"Less than $30,000",policy_role_mean,46.7
High public trust,income,"Less than $30,000",policy_specific_mean,62.71428571428572
High public trust,income,"Less than $30,000",trust_multidimensional,68.94166666666666
High public trust,income,"Less than $30,000",trust_post,64.5
High public trust,party,Democrat,behavior_mean,76.33333333333333
High public trust,party,Democrat,belief_post,94.5
High public trust,party,Democrat,concern_mean,83.66666666666667
High public trust,party,Democrat,distrust_post,12.5
High public trust,party,Democrat,donation_ams,4.5
High public trust,party,Democrat,funding_perceptions,68.0
High public trust,party,Democrat,inst_trust_mean,80.44
High public trust,party,Democrat,newsletter_signup,1.25
High public trust,party,Democrat,policy_general,85.2
High public trust,party,Democrat,policy_role_mean,77.55
High public trust,party,Democrat,policy_specific_mean,83.10000000000001
High public trust,party,Democrat,trust_multidimensional,89.75
High public trust,party,Democrat,trust_post,87.5
High public trust,party,Independent,behavior_mean,42.63333333333333
High public trust,party,Independent,belief_post,74.3
High public trust,party,Independent,concern_mean,63.1
High public trust,party,Independent,distrust_post,27.5
High public trust,party,Independent,donation_ams,2.6
High public trust,party,Independent,funding_perceptions,37.9
High public trust,party,Independent,inst_trust_mean,63.160000000000004
High public trust,party,Independent,newsletter_signup,1.35
High public trust,party,Independent,policy_general,55.9
High public trust,party,Independent,policy_role_mean,68.925
High public trust,party,Independent,policy_specific_mean,58.614285714285714
High public trust,party,Independent,trust_multidimensional,70.75833333333334
High public trust,party,Independent,trust_post,70.5
High public trust,party,Other,behavior_mean,39.166666666666664
High public trust,party,Other,belief_post,82.0
High public trust,party,Other,concern_mean,71.33333333333333
High public trust,party,Other,distrust_post,24.0
High public trust,party,Other,donation_ams,3.0
High public trust,party,Other,funding_perceptions,48.0
High public trust,party,Other,inst_trust_mean,76.0
High public trust,party,Other,newsletter_signup,1.55
High public trust,party,Other,policy_general,68.0
High public trust,party,Other,policy_role_mean,60.0
High public trust,party,Other,policy_specific_mean,61.142857142857146
High public trust,party,Other,trust_multidimensional,81.0
High public trust,party,Other,trust_post,76.0
High public trust,party,Republican,behavior_mean,52.71111111111111
High public trust,party,Republican,belief_post,83.60000000000001
High public trust,party,Republican,concern_mean,72.7
High public trust,party,Republican,distrust_post,21.333333333333332
High public trust,party,Republican,donation_ams,3.3666666666666667
High public trust,party,Republican,funding_perceptions,51.300000000000004
High public trust,party,Republican,inst_trust_mean,73.2
High public trust,party,Republican,newsletter_signup,1.3833333333333335
High public trust,party,Republican,policy_general,69.7
High public trust,party,Republican,policy_role_mean,68.825
High public trust,party,Republican,policy_specific_mean,67.61904761904762
High public trust,party,Republican,trust_multidimensional,80.50277777777778
High public trust,party,Republican,trust_post,78.0
High public trust,race,Asian / Asian American,behavior_mean,54.76666666666667
High public trust,race,Asian / Asian American,belief_post,92.1
High public trust,race,Asian / Asian American,concern_mean,75.86666666666666
High public trust,race,Asian / Asian American,distrust_post,17.5
High public trust,race,Asian / Asian American,donation_ams,4.1
High public trust,race,Asian / Asian American,funding_perceptions,21.700000000000003
High public trust,race,Asian / Asian American,inst_trust_mean,85.2
High public trust,race,Asian / Asian American,newsletter_signup,1.6
High public trust,race,Asian / Asian American,policy_general,81.8
High public trust,race,Asian / Asian American,policy_role_mean,72.975
High public trust,race,Asian / Asian American,policy_specific_mean,81.35714285714286
High public trust,race,Asian / Asian American,trust_multidimensional,79.66666666666667
High public trust,race,Asian / Asian American,trust_post,80.4
High public trust,race,Black / African American,behavior_mean,54.97777777777778
High public trust,race,Black / African American,belief_post,92.76666666666667
High public trust,race,Black / African American,concern_mean,80.08888888888889
High public trust,race,Black / African American,distrust_post,16.666666666666668
High public trust,race,Black / African American,donation_ams,4.7
High public trust,race,Black / African American,funding_perceptions,42.4
High public trust,race,Black / African American,inst_trust_mean,77.81333333333333
High public trust,race,Black / African American,newsletter_signup,1.6000000000000003
High public trust,race,Black / African American,policy_general,81.43333333333334
High public trust,race,Black / African American,policy_role_mean,70.99166666666666
High public trust,race,Black / African American,policy_specific_mean,77.71428571428571
High public trust,race,Black / African American,trust_multidimensional,78.88055555555556
High public trust,race,Black / African American,trust_post,81.96666666666667
High public trust,race,Hispanic / Latino,behavior_mean,49.666666666666664
High public trust,race,Hispanic / Latino,belief_post,90.2
High public trust,race,Hispanic / Latino,concern_mean,79.06666666666666
High public trust,race,Hispanic / Latino,distrust_post,18.5
High public trust,race,Hispanic / Latino,donation_ams,5.2
High public trust,race,Hispanic / Latino,funding_perceptions,23.5
High public trust,race,Hispanic / Latino,inst_trust_mean,74.44
High public trust,race,Hispanic / Latino,newsletter_signup,1.6
High public trust,race,Hispanic / Latino,policy_general,84.5
High public trust,race,Hispanic / Latino,policy_role_mean,70.75
High public trust,race,Hispanic / Latino,policy_specific_mean,75.92857142857143
High public trust,race,Hispanic / Latino,trust_multidimensional,69.47500000000001
High public trust,race,Hispanic / Latino,trust_post,81.5
High public trust,race,Other,behavior_mean,60.5
High public trust,race,Other,belief_post,96.0
High public trust,race,Other,concern_mean,85.33333333333333
High public trust,race,Other,distrust_post,14.0
High public trust,race,Other,donation_ams,4.8
High public trust,race,Other,funding_perceptions,82.0
High public trust,race,Other,inst_trust_mean,73.8
High public trust,race,Other,newsletter_signup,1.6
High public trust,race,Other,policy_general,78.0
High public trust,race,Other,policy_role_mean,69.25
High public trust,race,Other,policy_specific_mean,75.85714285714286
High public trust,race,Other,trust_multidimensional,87.5
High public trust,race,Other,trust_post,84.0
High public trust,race,White / Caucasian,behavior_mean,54.97777777777778
High public trust,race,White / Caucasian,belief_post,92.76666666666667
High public trust,race,White / Caucasian,concern_mean,80.08888888888889
High public trust,race,White / Caucasian,distrust_post,16.666666666666668
High public trust,race,White / Caucasian,donation_ams,4.7
High public trust,race,White / Caucasian,funding_perceptions,42.4
High public trust,race,White / Caucasian,inst_trust_mean,77.81333333333333
High public trust,race,White / Caucasian,newsletter_signup,1.6000000000000003
High public trust,race,White / Caucasian,policy_general,81.43333333333334
High public trust,race,White / Caucasian,policy_role_mean,70.99166666666666
High public trust,race,White / Caucasian,policy_specific_mean,77.71428571428571
High public trust,race,White / Caucasian,trust_multidimensional,78.88055555555556
High public trust,race,White / Caucasian,trust_post,81.96666666666667
Interview Prof. Maraun,age_band,18-29,behavior_mean,45.41666666666667
Interview Prof. Maraun,age_band,18-29,belief_post,73.5
Interview Prof. Maraun,age_band,18-29,concern_mean,73.0
Interview Prof. Maraun,age_band,18-29,distrust_post,23.5
Interview Prof. Maraun,age_band,18-29,donation_ams,3.25
Interview Prof. Maraun,age_band,18-29,funding_perceptions,50.0
Interview Prof. Maraun,age_band,18-29,inst_trust_mean,72.4
Interview Prof. Maraun,age_band,18-29,newsletter_signup,1.65
Interview Prof. Maraun,age_band,18-29,policy_general,55.0
Interview Prof. Maraun,age_band,18-29,policy_role_mean,68.625
Interview Prof. Maraun,age_band,18-29,policy_specific_mean,60.64285714285714
Interview Prof. Maraun,age_band,18-29,trust_multidimensional,78.91666666666666
Interview Prof. Maraun,age_band,18-29,trust_post,75.75
Interview Prof. Maraun,age_band,30-44,behavior_mean,45.41666666666667
Interview Prof. Maraun,age_band,30-44,belief_post,73.5
Interview Prof. Maraun,age_band,30-44,concern_mean,73.0
Interview Prof. Maraun,age_band,30-44,distrust_post,23.5
Interview Prof. Maraun,age_band,30-44,donation_ams,3.25
Interview Prof. Maraun,age_band,30-44,funding_perceptions,50.0
Interview Prof. Maraun,age_band,30-44,inst_trust_mean,72.4
Interview Prof. Maraun,age_band,30-44,newsletter_signup,1.65
Interview Prof. Maraun,age_band,30-44,policy_general,55.0
Interview Prof. Maraun,age_band,30-44,policy_role_mean,68.625
Interview Prof. Maraun,age_band,30-44,policy_specific_mean,60.64285714285714
Interview Prof. Maraun,age_band,30-44,trust_multidimensional,78.91666666666666
Interview Prof. Maraun,age_band,30-44,trust_post,75.75
Interview Prof. Maraun,age_band,45-59,behavior_mean,47.0
Interview Prof. Maraun,age_band,45-59,belief_post,81.0
Interview Prof. Maraun,age_band,45-59,concern_mean,75.66666666666667
Interview Prof. Maraun,age_band,45-59,distrust_post,22.0
Interview Prof. Maraun,age_band,45-59,donation_ams,3.5
Interview Prof. Maraun,age_band,45-59,funding_perceptions,52.0
Interview Prof. Maraun,age_band,45-59,inst_trust_mean,72.0
Interview Prof. Maraun,age_band,45-59,newsletter_signup,1.6
Interview Prof. Maraun,age_band,45-59,policy_general,65.0
Interview Prof. Maraun,age_band,45-59,policy_role_mean,69.5
Interview Prof. Maraun,age_band,45-59,policy_specific_mean,64.42857142857143
Interview Prof. Maraun,age_band,45-59,trust_multidimensional,82.58333333333333
Interview Prof. Maraun,age_band,45-59,trust_post,78.0
Interview Prof. Maraun,age_band,60+,behavior_mean,43.833333333333336
Interview Prof. Maraun,age_band,60+,belief_post,66.0
Interview Prof. Maraun,age_band,60+,concern_mean,70.33333333333333
Interview Prof. Maraun,age_band,60+,distrust_post,25.0
Interview Prof. Maraun,age_band,60+,donation_ams,3.0
Interview Prof. Maraun,age_band,60+,funding_perceptions,48.0
Interview Prof. Maraun,age_band,60+,inst_trust_mean,72.8
Interview Prof. Maraun,age_band,60+,newsletter_signup,1.7
Interview Prof. Maraun,age_band,60+,policy_general,45.0
Interview Prof. Maraun,age_band,60+,policy_role_mean,67.75
Interview Prof. Maraun,age_band,60+,policy_specific_mean,56.857142857142854
Interview Prof. Maraun,age_band,60+,trust_multidimensional,75.25
Interview Prof. Maraun,age_band,60+,trust_post,73.5
Interview Prof. Maraun,education,Bachelor's degree,behavior_mean,71.83333333333333
Interview Prof. Maraun,education,Bachelor's degree,belief_post,94.0
Interview Prof. Maraun,education,Bachelor's degree,concern_mean,90.66666666666667
Interview Prof. Maraun,education,Bachelor's degree,distrust_post,18.0
Interview Prof. Maraun,education,Bachelor's degree,donation_ams,5.2
Interview Prof. Maraun,education,Bachelor's degree,funding_perceptions,12.0
Interview Prof. Maraun,education,Bachelor's degree,inst_trust_mean,81.0
Interview Prof. Maraun,education,Bachelor's degree,newsletter_signup,1.4
Interview Prof. Maraun,education,Bachelor's degree,policy_general,88.0
Interview Prof. Maraun,education,Bachelor's degree,policy_role_mean,85.25
Interview Prof. Maraun,education,Bachelor's degree,policy_specific_mean,88.71428571428571
Interview Prof. Maraun,education,Bachelor's degree,trust_multidimensional,78.5
Interview Prof. Maraun,education,Bachelor's degree,trust_post,82.0
Interview Prof. Maraun,education,Doctorate degree / Ph.D.,behavior_mean,59.166666666666664
Interview Prof. Maraun,education,Doctorate degree / Ph.D.,belief_post,96.0
Interview Prof. Maraun,education,Doctorate degree / Ph.D.,concern_mean,87.33333333333333
Interview Prof. Maraun,education,Doctorate degree / Ph.D.,distrust_post,12.0
Interview Prof. Maraun,education,Doctorate degree / Ph.D.,donation_ams,6.0
Interview Prof. Maraun,education,Doctorate degree / Ph.D.,funding_perceptions,72.0
Interview Prof. Maraun,education,Doctorate degree / Ph.D.,inst_trust_mean,83.6
Interview Prof. Maraun,education,Doctorate degree / Ph.D.,newsletter_signup,1.15
Interview Prof. Maraun,education,Doctorate degree / Ph.D.,policy_general,90.0
Interview Prof. Maraun,education,Doctorate degree / Ph.D.,policy_role_mean,82.0
Interview Prof. Maraun,education,Doctorate degree / Ph.D.,policy_specific_mean,81.85714285714286
Interview Prof. Maraun,education,Doctorate degree / Ph.D.,trust_multidimensional,84.16666666666667
Interview Prof. Maraun,education,Doctorate degree / Ph.D.,trust_post,85.0
Interview Prof. Maraun,education,High school diploma / GED,behavior_mean,32.166666666666664
Interview Prof. Maraun,education,High school diploma / GED,belief_post,58.3
Interview Prof. Maraun,education,High school diploma / GED,concern_mean,51.166666666666664
Interview Prof. Maraun,education,High school diploma / GED,distrust_post,44.8
Interview Prof. Maraun,education,High school diploma / GED,donation_ams,3.4
Interview Prof. Maraun,education,High school diploma / GED,funding_perceptions,51.4
Interview Prof. Maraun,education,High school diploma / GED,inst_trust_mean,47.44
Interview Prof. Maraun,education,High school diploma / GED,newsletter_signup,1.85
Interview Prof. Maraun,education,High school diploma / GED,policy_general,42.1
Interview Prof. Maraun,education,High school diploma / GED,policy_role_mean,50.95
Interview Prof. Maraun,education,High school diploma / GED,policy_specific_mean,50.699999999999996
Interview Prof. Maraun,education,High school diploma / GED,trust_multidimensional,53.59166666666667
Interview Prof. Maraun,education,High school diploma / GED,trust_post,52.5
Interview Prof. Maraun,education,Less than high school,behavior_mean,21.316666666666666
Interview Prof. Maraun,education,Less than high school,belief_post,43.5
Interview Prof. Maraun,education,Less than high school,concern_mean,50.166666666666664
Interview Prof. Maraun,education,Less than high school,distrust_post,45.8
Interview Prof. Maraun,education,Less than high school,donation_ams,0.8
Interview Prof. Maraun,education,Less than high school,funding_perceptions,31.599999999999994
Interview Prof. Maraun,education,Less than high school,inst_trust_mean,38.480000000000004
Interview Prof. Maraun,education,Less than high school,newsletter_signup,1.42
Interview Prof. Maraun,education,Less than high school,policy_general,32.6
Interview Prof. Maraun,education,Less than high school,policy_role_mean,35.975
Interview Prof. Maraun,education,Less than high school,policy_specific_mean,34.05714285714286
Interview Prof. Maraun,education,Less than high school,trust_multidimensional,45.59166666666667
Interview Prof. Maraun,education,Less than high school,trust_post,41.2
Interview Prof. Maraun,education,Master's degree / Professional degree,behavior_mean,56.666666666666664
Interview Prof. Maraun,education,Master's degree / Professional degree,belief_post,92.1
Interview Prof. Maraun,education,Master's degree / Professional degree,concern_mean,90.39999999999999
Interview Prof. Maraun,education,Master's degree / Professional degree,distrust_post,15.2
Interview Prof. Maraun,education,Master's degree / Professional degree,donation_ams,5.8
Interview Prof. Maraun,education,Master's degree / Professional degree,funding_perceptions,81.6
Interview Prof. Maraun,education,Master's degree / Professional degree,inst_trust_mean,77.64
Interview Prof. Maraun,education,Master's degree / Professional degree,newsletter_signup,1.3
Interview Prof. Maraun,education,Master's degree / Professional degree,policy_general,68.5
Interview Prof. Maraun,education,Master's degree / Professional degree,policy_role_mean,76.75
Interview Prof. Maraun,education,Master's degree / Professional degree,policy_specific_mean,73.2
Interview Prof. Maraun,education,Master's degree / Professional degree,trust_multidimensional,82.71666666666667
Interview Prof. Maraun,education,Master's degree / Professional degree,trust_post,84.5
Interview Prof. Maraun,education,Some college or Associate's degree,behavior_mean,44.78333333333333
Interview Prof. Maraun,education,Some college or Associate's degree,belief_post,76.3
Interview Prof. Maraun,education,Some college or Associate's degree,concern_mean,78.5
Interview Prof. Maraun,education,Some college or Associate's degree,distrust_post,21.5
Interview Prof. Maraun,education,Some college or Associate's degree,donation_ams,4.6
Interview Prof. Maraun,education,Some college or Associate's degree,funding_perceptions,44.8
Interview Prof. Maraun,education,Some college or Associate's degree,inst_trust_mean,67.11999999999999
Interview Prof. Maraun,education,Some college or Associate's degree,newsletter_signup,1.6
Interview Prof. Maraun,education,Some college or Associate's degree,policy_general,68.7
Interview Prof. Maraun,education,Some college or Associate's degree,policy_role_mean,72.275
Interview Prof. Maraun,education,Some college or Associate's degree,policy_specific_mean,66.4
Interview Prof. Maraun,education,Some college or Associate's degree,trust_multidimensional,86.09166666666665
Interview Prof. Maraun,education,Some college or Associate's degree,trust_post,78.4
Interview Prof. Maraun,gender,Female,behavior_mean,49.79166666666667
Interview Prof. Maraun,gender,Female,belief_post,81.45
Interview Prof. Maraun,gender,Female,concern_mean,71.58333333333334
Interview Prof. Maraun,gender,Female,distrust_post,27.0
Interview Prof. Maraun,gender,Female,donation_ams,4.35
Interview Prof. Maraun,gender,Female,funding_perceptions,31.6
Interview Prof. Maraun,gender,Female,inst_trust_mean,69.34
Interview Prof. Maraun,gender,Female,newsletter_signup,1.49
Interview Prof. Maraun,gender,Female,policy_general,62.3
Interview Prof. Maraun,gender,Female,policy_role_mean,62.8
Interview Prof. Maraun,gender,Female,policy_specific_mean,66.17142857142856
Interview Prof. Maraun,gender,Female,trust_multidimensional,75.49583333333334
Interview Prof. Maraun,gender,Female,trust_post,71.85
Interview Prof. Maraun,gender,Male,behavior_mean,51.083333333333336
Interview Prof. Maraun,gender,Male,belief_post,71.4
Interview Prof. Maraun,gender,Male,concern_mean,63.5
Interview Prof. Maraun,gender,Male,distrust_post,33.5
Interview Prof. Maraun,gender,Male,donation_ams,4.2
Interview Prof. Maraun,gender,Male,funding_perceptions,45.2
Interview Prof. Maraun,gender,Male,inst_trust_mean,66.58
Interview Prof. Maraun,gender,Male,newsletter_signup,1.38
Interview Prof. Maraun,gender,Male,policy_general,52.6
Interview Prof. Maraun,gender,Male,policy_role_mean,61.1
Interview Prof. Maraun,gender,Male,policy_specific_mean,57.128571428571426
Interview Prof. Maraun,gender,Male,trust_multidimensional,72.2
Interview Prof. Maraun,gender,Male,trust_post,69.2
Interview Prof. Maraun,gender,Other,behavior_mean,48.5
Interview Prof. Maraun,gender,Other,belief_post,91.5
Interview Prof. Maraun,gender,Other,concern_mean,79.66666666666667
Interview Prof. Maraun,gender,Other,distrust_post,20.5
Interview Prof. Maraun,gender,Other,donation_ams,4.5
Interview Prof. Maraun,gender,Other,funding_perceptions,18.0
Interview Prof. Maraun,gender,Other,inst_trust_mean,72.1
Interview Prof. Maraun,gender,Other,newsletter_signup,1.6
Interview Prof. Maraun,gender,Other,policy_general,72.0
Interview Prof. Maraun,gender,Other,policy_role_mean,64.5
Interview Prof. Maraun,gender,Other,policy_specific_mean,75.21428571428571
Interview Prof. Maraun,gender,Other,trust_multidimensional,78.79166666666667
Interview Prof. Maraun,gender,Other,trust_post,74.5
Interview Prof. Maraun,income,"$100,000 to $167,999",behavior_mean,42.583333333333336
Interview Prof. Maraun,income,"$100,000 to $167,999",belief_post,63.75
Interview Prof. Maraun,income,"$100,000 to $167,999",concern_mean,58.25
Interview Prof. Maraun,income,"$100,000 to $167,999",distrust_post,39.75
Interview Prof. Maraun,income,"$100,000 to $167,999",donation_ams,32.900000000000006
Interview Prof. Maraun,income,"$100,000 to $167,999",funding_perceptions,53.75
Interview Prof. Maraun,income,"$100,000 to $167,999",inst_trust_mean,58.449999999999996
Interview Prof. Maraun,income,"$100,000 to $167,999",newsletter_signup,18.95
Interview Prof. Maraun,income,"$100,000 to $167,999",policy_general,49.5
Interview Prof. Maraun,income,"$100,000 to $167,999",policy_role_mean,51.40625
Interview Prof. Maraun,income,"$100,000 to $167,999",policy_specific_mean,57.60714285714286
Interview Prof. Maraun,income,"$100,000 to $167,999",trust_multidimensional,60.625
Interview Prof. Maraun,income,"$100,000 to $167,999",trust_post,58.5
Interview Prof. Maraun,income,"$168,000 or more",behavior_mean,45.333333333333336
Interview Prof. Maraun,income,"$168,000 or more",belief_post,42.0
Interview Prof. Maraun,income,"$168,000 or more",concern_mean,40.0
Interview Prof. Maraun,income,"$168,000 or more",distrust_post,47.0
Interview Prof. Maraun,income,"$168,000 or more",donation_ams,78.0
Interview Prof. Maraun,income,"$168,000 or more",funding_perceptions,70.0
Interview Prof. Maraun,income,"$168,000 or more",inst_trust_mean,50.0
Interview Prof. Maraun,income,"$168,000 or more",newsletter_signup,0.6
Interview Prof. Maraun,income,"$168,000 or more",policy_general,38.0
Interview Prof. Maraun,income,"$168,000 or more",policy_role_mean,41.25
Interview Prof. Maraun,income,"$168,000 or more",policy_specific_mean,55.285714285714285
Interview Prof. Maraun,income,"$168,000 or more",trust_multidimensional,59.541666666666664
Interview Prof. Maraun,income,"$168,000 or more",trust_post,53.0
Interview Prof. Maraun,income,"$30,000 to $55,999",behavior_mean,44.833333333333336
Interview Prof. Maraun,income,"$30,000 to $55,999",belief_post,82.0
Interview Prof. Maraun,income,"$30,000 to $55,999",concern_mean,74.66666666666667
Interview Prof. Maraun,income,"$30,000 to $55,999",distrust_post,33.0
Interview Prof. Maraun,income,"$30,000 to $55,999",donation_ams,1.8
Interview Prof. Maraun,income,"$30,000 to $55,999",funding_perceptions,48.0
Interview Prof. Maraun,income,"$30,000 to $55,999",inst_trust_mean,67.6
Interview Prof. Maraun,income,"$30,000 to $55,999",newsletter_signup,1.5
Interview Prof. Maraun,income,"$30,000 to $55,999",policy_general,68.0
Interview Prof. Maraun,income,"$30,000 to $55,999",policy_role_mean,75.25
Interview Prof. Maraun,income,"$30,000 to $55,999",policy_specific_mean,59.714285714285715
Interview Prof. Maraun,income,"$30,000 to $55,999",trust_multidimensional,65.41666666666667
Interview Prof. Maraun,income,"$30,000 to $55,999",trust_post,67.0
Interview Prof. Maraun,income,"$56,000 to $99,999",behavior_mean,56.5
Interview Prof. Maraun,income,"$56,000 to $99,999",belief_post,89.0
Interview Prof. Maraun,income,"$56,000 to $99,999",concern_mean,78.33333333333333
Interview Prof. Maraun,income,"$56,000 to $99,999",distrust_post,17.0
Interview Prof. Maraun,income,"$56,000 to $99,999",donation_ams,50.0
Interview Prof. Maraun,income,"$56,000 to $99,999",funding_perceptions,22.0
Interview Prof. Maraun,income,"$56,000 to $99,999",inst_trust_mean,76.6
Interview Prof. Maraun,income,"$56,000 to $99,999",newsletter_signup,72.0
Interview Prof. Maraun,income,"$56,000 to $99,999",policy_general,70.0
Interview Prof. Maraun,income,"$56,000 to $99,999",policy_role_mean,67.75
Interview Prof. Maraun,income,"$56,000 to $99,999",policy_specific_mean,71.85714285714286
Interview Prof. Maraun,income,"$56,000 to $99,999",trust_multidimensional,80.0
Interview Prof. Maraun,income,"$56,000 to $99,999",trust_post,82.0
Interview Prof. Maraun,income,"Less than $30,000",behavior_mean,23.666666666666668
Interview Prof. Maraun,income,"Less than $30,000",belief_post,42.0
Interview Prof. Maraun,income,"Less than $30,000",concern_mean,40.0
Interview Prof. Maraun,income,"Less than $30,000",distrust_post,62.0
Interview Prof. Maraun,income,"Less than $30,000",donation_ams,1.8
Interview Prof. Maraun,income,"Less than $30,000",funding_perceptions,75.0
Interview Prof. Maraun,income,"Less than $30,000",inst_trust_mean,39.6
Interview Prof. Maraun,income,"Less than $30,000",newsletter_signup,1.7
Interview Prof. Maraun,income,"Less than $30,000",policy_general,22.0
Interview Prof. Maraun,income,"Less than $30,000",policy_role_mean,21.375
Interview Prof. Maraun,income,"Less than $30,000",policy_specific_mean,43.57142857142857
Interview Prof. Maraun,income,"Less than $30,000",trust_multidimensional,37.541666666666664
Interview Prof. Maraun,income,"Less than $30,000",trust_post,32.0
Interview Prof. Maraun,party,Democrat,behavior_mean,63.75
Interview Prof. Maraun,party,Democrat,belief_post,92.5
Interview Prof. Maraun,party,Democrat,concern_mean,89.16666666666667
Interview Prof. Maraun,party,Democrat,distrust_post,18.5
Interview Prof. Maraun,party,Democrat,donation_ams,4.25
Interview Prof. Maraun,party,Democrat,funding_perceptions,12.0
Interview Prof. Maraun,party,Democrat,inst_trust_mean,86.3
Interview Prof. Maraun,party,Democrat,newsletter_signup,1.4
Interview Prof. Maraun,party,Democrat,policy_general,85.3
Interview Prof. Maraun,party,Democrat,policy_role_mean,73.05
Interview Prof. Maraun,party,Democrat,policy_specific_mean,76.78571428571429
Interview Prof. Maraun,party,Democrat,trust_multidimensional,83.53333333333333
Interview Prof. Maraun,party,Democrat,trust_post,76.5
Interview Prof. Maraun,party,Independent,behavior_mean,48.5
Interview Prof. Maraun,party,Independent,belief_post,74.0
Interview Prof. Maraun,party,Independent,concern_mean,66.66666666666667
Interview Prof. Maraun,party,Independent,distrust_post,32.0
Interview Prof. Maraun,party,Independent,donation_ams,3.2
Interview Prof. Maraun,party,Independent,funding_perceptions,48.0
Interview Prof. Maraun,party,Independent,inst_trust_mean,56.4
Interview Prof. Maraun,party,Independent,newsletter_signup,1.9
Interview Prof. Maraun,party,Independent,policy_general,56.0
Interview Prof. Maraun,party,Independent,policy_role_mean,47.5
Interview Prof. Maraun,party,Independent,policy_specific_mean,63.57142857142857
Interview Prof. Maraun,party,Independent,trust_multidimensional,76.75
Interview Prof. Maraun,party,Independent,trust_post,64.0
Interview Prof. Maraun,party,Other,behavior_mean,56.125
Interview Prof. Maraun,party,Other,belief_post,83.25
Interview Prof. Maraun,party,Other,concern_mean,77.91666666666667
Interview Prof. Maraun,party,Other,distrust_post,25.25
Interview Prof. Maraun,party,Other,donation_ams,3.725
Interview Prof. Maraun,party,Other,funding_perceptions,30.0
Interview Prof. Maraun,party,Other,inst_trust_mean,71.35
Interview Prof. Maraun,party,Other,newsletter_signup,1.65
Interview Prof. Maraun,party,Other,policy_general,70.65
Interview Prof. Maraun,party,Other,policy_role_mean,60.275
Interview Prof. Maraun,party,Other,policy_specific_mean,70.17857142857143
Interview Prof. Maraun,party,Other,trust_multidimensional,69.56666666666666
Interview Prof. Maraun,party,Other,trust_post,70.25
Interview Prof. Maraun,party,Republican,behavior_mean,56.125
Interview Prof. Maraun,party,Republican,belief_post,83.25
Interview Prof. Maraun,party,Republican,concern_mean,77.91666666666667
Interview Prof. Maraun,party,Republican,distrust_post,25.25
Interview Prof. Maraun,party,Republican,donation_ams,3.725
Interview Prof. Maraun,party,Republican,funding_perceptions,30.0
Interview Prof. Maraun,party,Republican,inst_trust_mean,71.35
Interview Prof. Maraun,party,Republican,newsletter_signup,1.65
Interview Prof. Maraun,party,Republican,policy_general,70.65
Interview Prof. Maraun,party,Republican,policy_role_mean,60.275
Interview Prof. Maraun,party,Republican,policy_specific_mean,70.17857142857143
Interview Prof. Maraun,party,Republican,trust_multidimensional,48.416666666666664
Interview Prof. Maraun,party,Republican,trust_post,70.25
Interview Prof. Maraun,race,Asian / Asian American,behavior_mean,43.63888888888889
Interview Prof. Maraun,race,Asian / Asian American,belief_post,91.23333333333333
Interview Prof. Maraun,race,Asian / Asian American,concern_mean,77.3888888888889
Interview Prof. Maraun,race,Asian / Asian American,distrust_post,30.099999999999998
Interview Prof. Maraun,race,Asian / Asian American,donation_ams,3.6
Interview Prof. Maraun,race,Asian / Asian American,funding_perceptions,62.63333333333333
Interview Prof. Maraun,race,Asian / Asian American,inst_trust_mean,70.45333333333333
Interview Prof. Maraun,race,Asian / Asian American,newsletter_signup,1.6900000000000002
Interview Prof. Maraun,race,Asian / Asian American,policy_general,78.73333333333333
Interview Prof. Maraun,race,Asian / Asian American,policy_role_mean,76.76666666666667
Interview Prof. Maraun,race,Asian / Asian American,policy_specific_mean,70.22380952380952
Interview Prof. Maraun,race,Asian / Asian American,trust_multidimensional,77.36666666666666
Interview Prof. Maraun,race,Asian / Asian American,trust_post,77.83333333333333
Interview Prof. Maraun,race,Black / African American,behavior_mean,38.333333333333336
Interview Prof. Maraun,race,Black / African American,belief_post,92.0
Interview Prof. Maraun,race,Black / African American,concern_mean,80.66666666666667
Interview Prof. Maraun,race,Black / African American,distrust_post,10.0
Interview Prof. Maraun,race,Black / African American,donation_ams,3.0
Interview Prof. Maraun,race,Black / African American,funding_perceptions,38.0
Interview Prof. Maraun,race,Black / African American,inst_trust_mean,79.8
Interview Prof. Maraun,race,Black / African American,newsletter_signup,1.7
Interview Prof. Maraun,race,Black / African American,policy_general,86.0
Interview Prof. Maraun,race,Black / African American,policy_role_mean,77.0
Interview Prof. Maraun,race,Black / African American,policy_specific_mean,72.14285714285714
Interview Prof. Maraun,race,Black / African American,trust_multidimensional,83.35833333333333
Interview Prof. Maraun,race,Black / African American,trust_post,87.0
Interview Prof. Maraun,race,Hispanic / Latino,behavior_mean,47.333333333333336
Interview Prof. Maraun,race,Hispanic / Latino,belief_post,87.0
Interview Prof. Maraun,race,Hispanic / Latino,concern_mean,81.66666666666667
Interview Prof. Maraun,race,Hispanic / Latino,distrust_post,32.0
Interview Prof. Maraun,race,Hispanic / Latino,donation_ams,3.5
Interview Prof. Maraun,race,Hispanic / Latino,funding_perceptions,72.0
Interview Prof. Maraun,race,Hispanic / Latino,inst_trust_mean,75.2
Interview Prof. Maraun,race,Hispanic / Latino,newsletter_signup,1.75
Interview Prof. Maraun,race,Hispanic / Latino,policy_general,79.0
Interview Prof. Maraun,race,Hispanic / Latino,policy_role_mean,72.5
Interview Prof. Maraun,race,Hispanic / Latino,policy_specific_mean,71.42857142857143
Interview Prof. Maraun,race,Hispanic / Latino,trust_multidimensional,73.08333333333333
Interview Prof. Maraun,race,Hispanic / Latino,trust_post,68.0
Interview Prof. Maraun,race,Other,behavior_mean,45.25
Interview Prof. Maraun,race,Other,belief_post,94.7
Interview Prof. Maraun,race,Other,concern_mean,69.83333333333333
Interview Prof. Maraun,race,Other,distrust_post,48.3
Interview Prof. Maraun,race,Other,donation_ams,4.3
Interview Prof. Maraun,race,Other,funding_perceptions,77.9
Interview Prof. Maraun,race,Other,inst_trust_mean,56.36
Interview Prof. Maraun,race,Other,newsletter_signup,1.62
Interview Prof. Maraun,race,Other,policy_general,71.2
Interview Prof. Maraun,race,Other,policy_role_mean,80.8
Interview Prof. Maraun,race,Other,policy_specific_mean,67.1
Interview Prof. Maraun,race,Other,trust_multidimensional,75.65833333333333
Interview Prof. Maraun,race,Other,trust_post,78.5
Interview Prof. Maraun,race,White / Caucasian,behavior_mean,43.63888888888889
Interview Prof. Maraun,race,White / Caucasian,belief_post,91.23333333333333
Interview Prof. Maraun,race,White / Caucasian,concern_mean,77.3888888888889
Interview Prof. Maraun,race,White / Caucasian,distrust_post,30.099999999999998
Interview Prof. Maraun,race,White / Caucasian,donation_ams,3.6
Interview Prof. Maraun,race,White / Caucasian,funding_perceptions,62.63333333333333
Interview Prof. Maraun,race,White / Caucasian,inst_trust_mean,70.45333333333333
Interview Prof. Maraun,race,White / Caucasian,newsletter_signup,1.6900000000000002
Interview Prof. Maraun,race,White / Caucasian,policy_general,78.73333333333333
Interview Prof. Maraun,race,White / Caucasian,policy_role_mean,76.76666666666667
Interview Prof. Maraun,race,White / Caucasian,policy_specific_mean,70.22380952380952
Interview Prof. Maraun,race,White / Caucasian,trust_multidimensional,77.36666666666666
Interview Prof. Maraun,race,White / Caucasian,trust_post,77.83333333333333
Interview Prof. Sebille,age_band,18-29,behavior_mean,70.2
Interview Prof. Sebille,age_band,18-29,belief_post,98.8
Interview Prof. Sebille,age_band,18-29,concern_mean,87.03333333333335
Interview Prof. Sebille,age_band,18-29,distrust_post,9.4
Interview Prof. Sebille,age_band,18-29,donation_ams,5.8
Interview Prof. Sebille,age_band,18-29,funding_perceptions,21.5
Interview Prof. Sebille,age_band,18-29,inst_trust_mean,81.8
Interview Prof. Sebille,age_band,18-29,newsletter_signup,1.6
Interview Prof. Sebille,age_band,18-29,policy_general,87.2
Interview Prof. Sebille,age_band,18-29,policy_role_mean,91.2
Interview Prof. Sebille,age_band,18-29,policy_specific_mean,81.97142857142856
Interview Prof. Sebille,age_band,18-29,trust_multidimensional,93.22500000000001
Interview Prof. Sebille,age_band,18-29,trust_post,91.5
Interview Prof. Sebille,age_band,30-44,behavior_mean,58.86666666666667
Interview Prof. Sebille,age_band,30-44,belief_post,91.2
Interview Prof. Sebille,age_band,30-44,concern_mean,76.0
Interview Prof. Sebille,age_band,30-44,distrust_post,22.1
Interview Prof. Sebille,age_band,30-44,donation_ams,4.2
Interview Prof. Sebille,age_band,30-44,funding_perceptions,31.5
Interview Prof. Sebille,age_band,30-44,inst_trust_mean,71.64
Interview Prof. Sebille,age_band,30-44,newsletter_signup,1.6
Interview Prof. Sebille,age_band,30-44,policy_general,76.5
Interview Prof. Sebille,age_band,30-44,policy_role_mean,68.9
Interview Prof. Sebille,age_band,30-44,policy_specific_mean,63.457142857142856
Interview Prof. Sebille,age_band,30-44,trust_multidimensional,79.21666666666667
Interview Prof. Sebille,age_band,30-44,trust_post,74.8
Interview Prof. Sebille,age_band,45-59,behavior_mean,41.43333333333333
Interview Prof. Sebille,age_band,45-59,belief_post,88.9
Interview Prof. Sebille,age_band,45-59,concern_mean,77.03333333333333
Interview Prof. Sebille,age_band,45-59,distrust_post,21.4
Interview Prof. Sebille,age_band,45-59,donation_ams,3.2
Interview Prof. Sebille,age_band,45-59,funding_perceptions,46.3
Interview Prof. Sebille,age_band,45-59,inst_trust_mean,68.92
Interview Prof. Sebille,age_band,45-59,newsletter_signup,1.35
Interview Prof. Sebille,age_band,45-59,policy_general,64.2
Interview Prof. Sebille,age_band,45-59,policy_role_mean,63.8
Interview Prof. Sebille,age_band,45-59,policy_specific_mean,61.5
Interview Prof. Sebille,age_band,45-59,trust_multidimensional,79.06666666666666
Interview Prof. Sebille,age_band,45-59,trust_post,80.5
Interview Prof. Sebille,age_band,60+,behavior_mean,56.833333333333336
Interview Prof. Sebille,age_band,60+,belief_post,92.96666666666665
Interview Prof. Sebille,age_band,60+,concern_mean,80.02222222222223
Interview Prof. Sebille,age_band,60+,distrust_post,17.633333333333333
Interview Prof. Sebille,age_band,60+,donation_ams,4.3999999999999995
Interview Prof. Sebille,age_band,60+,funding_perceptions,33.1
Interview Prof. Sebille,age_band,60+,inst_trust_mean,74.12
Interview Prof. Sebille,age_band,60+,newsletter_signup,1.5166666666666668
Interview Prof. Sebille,age_band,60+,policy_general,75.96666666666665
Interview Prof. Sebille,age_band,60+,policy_role_mean,74.63333333333334
Interview Prof. Sebille,age_band,60+,policy_specific_mean,68.97619047619047
Interview Prof. Sebille,age_band,60+,trust_multidimensional,83.83611111111111
Interview Prof. Sebille,age_band,60+,trust_post,82.26666666666667
Interview Prof. Sebille,education,Bachelor's degree,behavior_mean,61.0
Interview Prof. Sebille,education,Bachelor's degree,belief_post,88.0
Interview Prof. Sebille,education,Bachelor's degree,concern_mean,80.66666666666667
Interview Prof. Sebille,education,Bachelor's degree,distrust_post,12.0
Interview Prof. Sebille,education,Bachelor's degree,donation_ams,5.5
Interview Prof. Sebille,education,Bachelor's degree,funding_perceptions,35.0
Interview Prof. Sebille,education,Bachelor's degree,inst_trust_mean,77.6
Interview Prof. Sebille,education,Bachelor's degree,newsletter_signup,1.1
Interview Prof. Sebille,education,Bachelor's degree,policy_general,80.0
Interview Prof. Sebille,education,Bachelor's degree,policy_role_mean,72.0
Interview Prof. Sebille,education,Bachelor's degree,policy_specific_mean,64.85714285714286
Interview Prof. Sebille,education,Bachelor's degree,trust_multidimensional,79.58333333333333
Interview Prof. Sebille,education,Bachelor's degree,trust_post,88.0
Interview Prof. Sebille,education,Doctorate degree / Ph.D.,behavior_mean,56.40416666666667
Interview Prof. Sebille,education,Doctorate degree / Ph.D.,belief_post,79.26
Interview Prof. Sebille,education,Doctorate degree / Ph.D.,concern_mean,75.33333333333333
Interview Prof. Sebille,education,Doctorate degree / Ph.D.,distrust_post,25.32
Interview Prof. Sebille,education,Doctorate degree / Ph.D.,donation_ams,4.24
Interview Prof. Sebille,education,Doctorate degree / Ph.D.,funding_perceptions,31.76
Interview Prof. Sebille,education,Doctorate degree / Ph.D.,inst_trust_mean,67.844
Interview Prof. Sebille,education,Doctorate degree / Ph.D.,newsletter_signup,1.418
Interview Prof. Sebille,education,Doctorate degree / Ph.D.,policy_general,69.08
Interview Prof. Sebille,education,Doctorate degree / Ph.D.,policy_role_mean,67.72999999999999
Interview Prof. Sebille,education,Doctorate degree / Ph.D.,policy_specific_mean,69.07142857142857
Interview Prof. Sebille,education,Doctorate degree / Ph.D.,trust_multidimensional,74.875
Interview Prof. Sebille,education,Doctorate degree / Ph.D.,trust_post,72.8
Interview Prof. Sebille,education,High school diploma / GED,behavior_mean,51.11666666666667
Interview Prof. Sebille,education,High school diploma / GED,belief_post,86.3
Interview Prof. Sebille,education,High school diploma / GED,concern_mean,83.83333333333333
Interview Prof. Sebille,education,High school diploma / GED,distrust_post,32.1
Interview Prof. Sebille,education,High school diploma / GED,donation_ams,2.8
Interview Prof. Sebille,education,High school diploma / GED,funding_perceptions,35.8
Interview Prof. Sebille,education,High school diploma / GED,inst_trust_mean,64.92
Interview Prof. Sebille,education,High school diploma / GED,newsletter_signup,1.62
Interview Prof. Sebille,education,High school diploma / GED,policy_general,82.4
Interview Prof. Sebille,education,High school diploma / GED,policy_role_mean,76.525
Interview Prof. Sebille,education,High school diploma / GED,policy_specific_mean,66.5
Interview Prof. Sebille,education,High school diploma / GED,trust_multidimensional,77.375
Interview Prof. Sebille,education,High school diploma / GED,trust_post,74.5
Interview Prof. Sebille,education,Less than high school,behavior_mean,56.40416666666667
Interview Prof. Sebille,education,Less than high school,belief_post,47.0
Interview Prof. Sebille,education,Less than high school,concern_mean,56.666666666666664
Interview Prof. Sebille,education,Less than high school,distrust_post,48.0
Interview Prof. Sebille,education,Less than high school,donation_ams,2.2
Interview Prof. Sebille,education,Less than high school,funding_perceptions,38.0
Interview Prof. Sebille,education,Less than high school,inst_trust_mean,47.4
Interview Prof. Sebille,education,Less than high school,newsletter_signup,1.6
Interview Prof. Sebille,education,Less than high school,policy_general,32.0
Interview Prof. Sebille,education,Less than high school,policy_role_mean,36.5
Interview Prof. Sebille,education,Less than high school,policy_specific_mean,69.07142857142857
Interview Prof. Sebille,education,Less than high school,trust_multidimensional,53.416666666666664
Interview Prof. Sebille,education,Less than high school,trust_post,45.0
Interview Prof. Sebille,education,Master's degree / Professional degree,behavior_mean,55.833333333333336
Interview Prof. Sebille,education,Master's degree / Professional degree,belief_post,94.0
Interview Prof. Sebille,education,Master's degree / Professional degree,concern_mean,75.0
Interview Prof. Sebille,education,Master's degree / Professional degree,distrust_post,16.0
Interview Prof. Sebille,education,Master's degree / Professional degree,donation_ams,6.5
Interview Prof. Sebille,education,Master's degree / Professional degree,funding_perceptions,18.0
Interview Prof. Sebille,education,Master's degree / Professional degree,inst_trust_mean,79.0
Interview Prof. Sebille,education,Master's degree / Professional degree,newsletter_signup,1.35
Interview Prof. Sebille,education,Master's degree / Professional degree,policy_general,81.0
Interview Prof. Sebille,education,Master's degree / Professional degree,policy_role_mean,83.75
Interview Prof. Sebille,education,Master's degree / Professional degree,policy_specific_mean,75.71428571428571
Interview Prof. Sebille,education,Master's degree / Professional degree,trust_multidimensional,81.25
Interview Prof. Sebille,education,Master's degree / Professional degree,trust_post,84.0
Interview Prof. Sebille,education,Some college or Associate's degree,behavior_mean,57.666666666666664
Interview Prof. Sebille,education,Some college or Associate's degree,belief_post,81.0
Interview Prof. Sebille,education,Some college or Associate's degree,concern_mean,80.5
Interview Prof. Sebille,education,Some college or Associate's degree,distrust_post,18.5
Interview Prof. Sebille,education,Some college or Associate's degree,donation_ams,4.2
Interview Prof. Sebille,education,Some college or Associate's degree,funding_perceptions,32.0
Interview Prof. Sebille,education,Some college or Associate's degree,inst_trust_mean,70.3
Interview Prof. Sebille,education,Some college or Associate's degree,newsletter_signup,1.42
Interview Prof. Sebille,education,Some college or Associate's degree,policy_general,70.0
Interview Prof. Sebille,education,Some college or Associate's degree,policy_role_mean,69.875
Interview Prof. Sebille,education,Some college or Associate's degree,policy_specific_mean,69.21428571428571
Interview Prof. Sebille,education,Some college or Associate's degree,trust_multidimensional,82.75
Interview Prof. Sebille,education,Some college or Associate's degree,trust_post,72.5
Interview Prof. Sebille,gender,Female,behavior_mean,70.5
Interview Prof. Sebille,gender,Female,belief_post,91.0
Interview Prof. Sebille,gender,Female,concern_mean,79.33333333333333
Interview Prof. Sebille,gender,Female,distrust_post,22.0
Interview Prof. Sebille,gender,Female,donation_ams,6.0
Interview Prof. Sebille,gender,Female,funding_perceptions,24.0
Interview Prof. Sebille,gender,Female,inst_trust_mean,76.2
Interview Prof. Sebille,gender,Female,newsletter_signup,1.5
Interview Prof. Sebille,gender,Female,policy_general,79.0
Interview Prof. Sebille,gender,Female,policy_role_mean,79.5
Interview Prof. Sebille,gender,Female,policy_specific_mean,76.57142857142857
Interview Prof. Sebille,gender,Female,trust_multidimensional,82.58333333333333
Interview Prof. Sebille,gender,Female,trust_post,78.0
Interview Prof. Sebille,gender,Male,behavior_mean,32.166666666666664
Interview Prof. Sebille,gender,Male,belief_post,78.0
Interview Prof. Sebille,gender,Male,concern_mean,51.666666666666664
Interview Prof. Sebille,gender,Male,distrust_post,38.0
Interview Prof. Sebille,gender,Male,donation_ams,2.5
Interview Prof. Sebille,gender,Male,funding_perceptions,52.0
Interview Prof. Sebille,gender,Male,inst_trust_mean,60.6
Interview Prof. Sebille,gender,Male,newsletter_signup,1.4
Interview Prof. Sebille,gender,Male,policy_general,52.0
Interview Prof. Sebille,gender,Male,policy_role_mean,59.5
Interview Prof. Sebille,gender,Male,policy_specific_mean,52.0
Interview Prof. Sebille,gender,Male,trust_multidimensional,64.08333333333333
Interview Prof. Sebille,gender,Male,trust_post,62.0
Interview Prof. Sebille,gender,Other,behavior_mean,55.0
Interview Prof. Sebille,gender,Other,belief_post,95.0
Interview Prof. Sebille,gender,Other,concern_mean,83.33333333333333
Interview Prof. Sebille,gender,Other,distrust_post,13.0
Interview Prof. Sebille,gender,Other,donation_ams,4.0
Interview Prof. Sebille,gender,Other,funding_perceptions,75.0
Interview Prof. Sebille,gender,Other,inst_trust_mean,78.2
Interview Prof. Sebille,gender,Other,newsletter_signup,1.1
Interview Prof. Sebille,gender,Other,policy_general,85.0
Interview Prof. Sebille,gender,Other,policy_role_mean,70.0
Interview Prof. Sebille,gender,Other,policy_specific_mean,77.14285714285714
Interview Prof. Sebille,gender,Other,trust_multidimensional,87.5
Interview Prof. Sebille,gender,Other,trust_post,87.0
Interview Prof. Sebille,income,"$100,000 to $167,999",behavior_mean,71.66666666666667
Interview Prof. Sebille,income,"$100,000 to $167,999",belief_post,93.5
Interview Prof. Sebille,income,"$100,000 to $167,999",concern_mean,84.83333333333333
Interview Prof. Sebille,income,"$100,000 to $167,999",distrust_post,21.6
Interview Prof. Sebille,income,"$100,000 to $167,999",donation_ams,6.2
Interview Prof. Sebille,income,"$100,000 to $167,999",funding_perceptions,23.5
Interview Prof. Sebille,income,"$100,000 to $167,999",inst_trust_mean,81.9
Interview Prof. Sebille,income,"$100,000 to $167,999",newsletter_signup,1.65
Interview Prof. Sebille,income,"$100,000 to $167,999",policy_general,83.1
Interview Prof. Sebille,income,"$100,000 to $167,999",policy_role_mean,84.65
Interview Prof. Sebille,income,"$100,000 to $167,999",policy_specific_mean,87.47142857142856
Interview Prof. Sebille,income,"$100,000 to $167,999",trust_multidimensional,88.71666666666665
Interview Prof. Sebille,income,"$100,000 to $167,999",trust_post,82.4
Interview Prof. Sebille,income,"$168,000 or more",behavior_mean,45.0
Interview Prof. Sebille,income,"$168,000 or more",belief_post,94.0
Interview Prof. Sebille,income,"$168,000 or more",concern_mean,85.0
Interview Prof. Sebille,income,"$168,000 or more",distrust_post,19.0
Interview Prof. Sebille,income,"$168,000 or more",donation_ams,4.5
Interview Prof. Sebille,income,"$168,000 or more",funding_perceptions,45.0
Interview Prof. Sebille,income,"$168,000 or more",inst_trust_mean,69.8
Interview Prof. Sebille,income,"$168,000 or more",newsletter_signup,1.6
Interview Prof. Sebille,income,"$168,000 or more",policy_general,75.0
Interview Prof. Sebille,income,"$168,000 or more",policy_role_mean,62.5
Interview Prof. Sebille,income,"$168,000 or more",policy_specific_mean,60.57142857142857
Interview Prof. Sebille,income,"$168,000 or more",trust_multidimensional,79.91666666666667
Interview Prof. Sebille,income,"$168,000 or more",trust_post,80.0
Interview Prof. Sebille,income,"$30,000 to $55,999",behavior_mean,58.333333333333336
Interview Prof. Sebille,income,"$30,000 to $55,999",belief_post,88.83333333333333
Interview Prof. Sebille,income,"$30,000 to $55,999",concern_mean,84.91666666666666
Interview Prof. Sebille,income,"$30,000 to $55,999",distrust_post,21.866666666666664
Interview Prof. Sebille,income,"$30,000 to $55,999",donation_ams,4.333333333333333
Interview Prof. Sebille,income,"$30,000 to $55,999",funding_perceptions,35.833333333333336
Interview Prof. Sebille,income,"$30,000 to $55,999",inst_trust_mean,75.16666666666667
Interview Prof. Sebille,income,"$30,000 to $55,999",newsletter_signup,1.5833333333333333
Interview Prof. Sebille,income,"$30,000 to $55,999",policy_general,78.03333333333333
Interview Prof. Sebille,income,"$30,000 to $55,999",policy_role_mean,73.575
Interview Prof. Sebille,income,"$30,000 to $55,999",policy_specific_mean,74.02142857142857
Interview Prof. Sebille,income,"$30,000 to $55,999",trust_multidimensional,82.65555555555555
Interview Prof. Sebille,income,"$30,000 to $55,999",trust_post,78.46666666666667
Interview Prof. Sebille,income,"$56,000 to $99,999",behavior_mean,58.333333333333336
Interview Prof. Sebille,income,"$56,000 to $99,999",belief_post,79.0
Interview Prof. Sebille,income,"$56,000 to $99,999",concern_mean,84.91666666666666
Interview Prof. Sebille,income,"$56,000 to $99,999",distrust_post,25.0
Interview Prof. Sebille,income,"$56,000 to $99,999",donation_ams,2.3
Interview Prof. Sebille,income,"$56,000 to $99,999",funding_perceptions,39.0
Interview Prof. Sebille,income,"$56,000 to $99,999",inst_trust_mean,73.8
Interview Prof. Sebille,income,"$56,000 to $99,999",newsletter_signup,1.5
Interview Prof. Sebille,income,"$56,000 to $99,999",policy_general,76.0
Interview Prof. Sebille,income,"$56,000 to $99,999",policy_role_mean,73.575
Interview Prof. Sebille,income,"$56,000 to $99,999",policy_specific_mean,74.02142857142857
Interview Prof. Sebille,income,"$56,000 to $99,999",trust_multidimensional,79.33333333333333
Interview Prof. Sebille,income,"$56,000 to $99,999",trust_post,73.0
Interview Prof. Sebille,income,"Less than $30,000",behavior_mean,58.333333333333336
Interview Prof. Sebille,income,"Less than $30,000",belief_post,88.83333333333333
Interview Prof. Sebille,income,"Less than $30,000",concern_mean,84.91666666666666
Interview Prof. Sebille,income,"Less than $30,000",distrust_post,21.866666666666664
Interview Prof. Sebille,income,"Less than $30,000",donation_ams,4.333333333333333
Interview Prof. Sebille,income,"Less than $30,000",funding_perceptions,35.833333333333336
Interview Prof. Sebille,income,"Less than $30,000",inst_trust_mean,75.16666666666667
Interview Prof. Sebille,income,"Less than $30,000",newsletter_signup,1.5833333333333333
Interview Prof. Sebille,income,"Less than $30,000",policy_general,78.03333333333333
Interview Prof. Sebille,income,"Less than $30,000",policy_role_mean,73.575
Interview Prof. Sebille,income,"Less than $30,000",policy_specific_mean,74.02142857142857
Interview Prof. Sebille,income,"Less than $30,000",trust_multidimensional,82.65555555555555
Interview Prof. Sebille,income,"Less than $30,000",trust_post,78.46666666666667
Interview Prof. Sebille,party,Democrat,behavior_mean,41.666666666666664
Interview Prof. Sebille,party,Democrat,belief_post,74.53333333333333
Interview Prof. Sebille,party,Democrat,concern_mean,66.35555555555557
Interview Prof. Sebille,party,Democrat,distrust_post,34.766666666666666
Interview Prof. Sebille,party,Democrat,donation_ams,2.0500000000000003
Interview Prof. Sebille,party,Democrat,funding_perceptions,44.4
Interview Prof. Sebille,party,Democrat,inst_trust_mean,61.666666666666664
Interview Prof. Sebille,party,Democrat,newsletter_signup,1.5266666666666666
Interview Prof. Sebille,party,Democrat,policy_general,54.800000000000004
Interview Prof. Sebille,party,Democrat,policy_role_mean,61.36666666666667
Interview Prof. Sebille,party,Democrat,policy_specific_mean,63.34285714285714
Interview Prof. Sebille,party,Democrat,trust_multidimensional,69.925
Interview Prof. Sebille,party,Democrat,trust_post,64.5
Interview Prof. Sebille,party,Independent,behavior_mean,41.666666666666664
Interview Prof. Sebille,party,Independent,belief_post,80.0
Interview Prof. Sebille,party,Independent,concern_mean,76.66666666666667
Interview Prof. Sebille,party,Independent,distrust_post,35.0
Interview Prof. Sebille,party,Independent,donation_ams,2.5
Interview Prof. Sebille,party,Independent,funding_perceptions,48.0
Interview Prof. Sebille,party,Independent,inst_trust_mean,64.4
Interview Prof. Sebille,party,Independent,newsletter_signup,1.5
Interview Prof. Sebille,party,Independent,policy_general,55.0
Interview Prof. Sebille,party,Independent,policy_role_mean,57.5
Interview Prof. Sebille,party,Independent,policy_specific_mean,53.57142857142857
Interview Prof. Sebille,party,Independent,trust_multidimensional,75.0
Interview Prof. Sebille,party,Independent,trust_post,65.0
Interview Prof. Sebille,party,Other,behavior_mean,41.666666666666664
Interview Prof. Sebille,party,Other,belief_post,92.1
Interview Prof. Sebille,party,Other,concern_mean,86.06666666666666
Interview Prof. Sebille,party,Other,distrust_post,15.3
Interview Prof. Sebille,party,Other,donation_ams,2.15
Interview Prof. Sebille,party,Other,funding_perceptions,73.2
Interview Prof. Sebille,party,Other,inst_trust_mean,71.6
Interview Prof. Sebille,party,Other,newsletter_signup,1.68
Interview Prof. Sebille,party,Other,policy_general,79.4
Interview Prof. Sebille,party,Other,policy_role_mean,78.1
Interview Prof. Sebille,party,Other,policy_specific_mean,73.11428571428571
Interview Prof. Sebille,party,Other,trust_multidimensional,85.44166666666666
Interview Prof. Sebille,party,Other,trust_post,82.5
Interview Prof. Sebille,party,Republican,behavior_mean,41.666666666666664
Interview Prof. Sebille,party,Republican,belief_post,51.5
Interview Prof. Sebille,party,Republican,concern_mean,36.333333333333336
Interview Prof. Sebille,party,Republican,distrust_post,54.0
Interview Prof. Sebille,party,Republican,donation_ams,1.5
Interview Prof. Sebille,party,Republican,funding_perceptions,12.0
Interview Prof. Sebille,party,Republican,inst_trust_mean,49.0
Interview Prof. Sebille,party,Republican,newsletter_signup,1.4
Interview Prof. Sebille,party,Republican,policy_general,30.0
Interview Prof. Sebille,party,Republican,policy_role_mean,48.5
Interview Prof. Sebille,party,Republican,policy_specific_mean,63.34285714285714
Interview Prof. Sebille,party,Republican,trust_multidimensional,49.333333333333336
Interview Prof. Sebille,party,Republican,trust_post,46.0
Interview Prof. Sebille,race,Asian / Asian American,behavior_mean,55.5
Interview Prof. Sebille,race,Asian / Asian American,belief_post,96.0
Interview Prof. Sebille,race,Asian / Asian American,concern_mean,88.33333333333333
Interview Prof. Sebille,race,Asian / Asian American,distrust_post,7.0
Interview Prof. Sebille,race,Asian / Asian American,donation_ams,5.8
Interview Prof. Sebille,race,Asian / Asian American,funding_perceptions,18.0
Interview Prof. Sebille,race,Asian / Asian American,inst_trust_mean,85.0
Interview Prof. Sebille,race,Asian / Asian American,newsletter_signup,1.7
Interview Prof. Sebille,race,Asian / Asian American,policy_general,79.0
Interview Prof. Sebille,race,Asian / Asian American,policy_role_mean,81.0
Interview Prof. Sebille,race,Asian / Asian American,policy_specific_mean,74.14285714285714
Interview Prof. Sebille,race,Asian / Asian American,trust_multidimensional,86.5
Interview Prof. Sebille,race,Asian / Asian American,trust_post,87.0
Interview Prof. Sebille,race,Black / African American,behavior_mean,64.5
Interview Prof. Sebille,race,Black / African American,belief_post,96.0
Interview Prof. Sebille,race,Black / African American,concern_mean,88.66666666666667
Interview Prof. Sebille,race,Black / African American,distrust_post,18.0
Interview Prof. Sebille,race,Black / African American,donation_ams,3.8
Interview Prof. Sebille,race,Black / African American,funding_perceptions,14.0
Interview Prof. Sebille,race,Black / African American,inst_trust_mean,76.4
Interview Prof. Sebille,race,Black / African American,newsletter_signup,1.25
Interview Prof. Sebille,race,Black / African American,policy_general,93.0
Interview Prof. Sebille,race,Black / African American,policy_role_mean,85.0
Interview Prof. Sebille,race,Black / African American,policy_specific_mean,87.57142857142857
Interview Prof. Sebille,race,Black / African American,trust_multidimensional,78.91666666666667
Interview Prof. Sebille,race,Black / African American,trust_post,80.0
Interview Prof. Sebille,race,Hispanic / Latino,behavior_mean,48.333333333333336
Interview Prof. Sebille,race,Hispanic / Latino,belief_post,80.0
Interview Prof. Sebille,race,Hispanic / Latino,concern_mean,73.33333333333333
Interview Prof. Sebille,race,Hispanic / Latino,distrust_post,25.0
Interview Prof. Sebille,race,Hispanic / Latino,donation_ams,2.5
Interview Prof. Sebille,race,Hispanic / Latino,funding_perceptions,15.0
Interview Prof. Sebille,race,Hispanic / Latino,inst_trust_mean,73.6
Interview Prof. Sebille,race,Hispanic / Latino,newsletter_signup,1.5
Interview Prof. Sebille,race,Hispanic / Latino,policy_general,60.0
Interview Prof. Sebille,race,Hispanic / Latino,policy_role_mean,55.0
Interview Prof. Sebille,race,Hispanic / Latino,policy_specific_mean,64.28571428571429
Interview Prof. Sebille,race,Hispanic / Latino,trust_multidimensional,78.16666666666667
Interview Prof. Sebille,race,Hispanic / Latino,trust_post,70.0
Interview Prof. Sebille,race,Other,behavior_mean,64.64999999999999
Interview Prof. Sebille,race,Other,belief_post,91.2
Interview Prof. Sebille,race,Other,concern_mean,82.46666666666665
Interview Prof. Sebille,race,Other,distrust_post,15.5
Interview Prof. Sebille,race,Other,donation_ams,4.8
Interview Prof. Sebille,race,Other,funding_perceptions,88.0
Interview Prof. Sebille,race,Other,inst_trust_mean,76.32000000000001
Interview Prof. Sebille,race,Other,newsletter_signup,1.35
Interview Prof. Sebille,race,Other,policy_general,76.5
Interview Prof. Sebille,race,Other,policy_role_mean,74.825
Interview Prof. Sebille,race,Other,policy_specific_mean,78.8
Interview Prof. Sebille,race,Other,trust_multidimensional,82.94166666666666
Interview Prof. Sebille,race,Other,trust_post,78.9
Interview Prof. Sebille,race,White / Caucasian,behavior_mean,36.050000000000004
Interview Prof. Sebille,race,White / Caucasian,belief_post,75.3
Interview Prof. Sebille,race,White / Caucasian,concern_mean,66.7
Interview Prof. Sebille,race,White / Caucasian,distrust_post,28.4
Interview Prof. Sebille,race,White / Caucasian,donation_ams,1.8
Interview Prof. Sebille,race,White / Caucasian,funding_perceptions,47.9
Interview Prof. Sebille,race,White / Caucasian,inst_trust_mean,60.54
Interview Prof. Sebille,race,White / Caucasian,newsletter_signup,1.7
Interview Prof. Sebille,race,White / Caucasian,policy_general,55.6
Interview Prof. Sebille,race,White / Caucasian,policy_role_mean,48.5
Interview Prof. Sebille,race,White / Caucasian,policy_specific_mean,55.65714285714286
Interview Prof. Sebille,race,White / Caucasian,trust_multidimensional,67.60833333333333
Interview Prof. Sebille,race,White / Caucasian,trust_post,68.9
Measurement & modeling (1),age_band,18-29,behavior_mean,60.333333333333336
Measurement & modeling (1),age_band,18-29,belief_post,96.4
Measurement & modeling (1),age_band,18-29,concern_mean,84.60000000000001
Measurement & modeling (1),age_band,18-29,distrust_post,21.7
Measurement & modeling (1),age_band,18-29,donation_ams,4.2
Measurement & modeling (1),age_band,18-29,funding_perceptions,87.5
Measurement & modeling (1),age_band,18-29,inst_trust_mean,71.64
Measurement & modeling (1),age_band,18-29,newsletter_signup,1.35
Measurement & modeling (1),age_band,18-29,policy_general,86.2
Measurement & modeling (1),age_band,18-29,policy_role_mean,75.9
Measurement & modeling (1),age_band,18-29,policy_specific_mean,77.25714285714285
Measurement & modeling (1),age_band,18-29,trust_multidimensional,72.14999999999999
Measurement & modeling (1),age_band,18-29,trust_post,78.3
Measurement & modeling (1),age_band,30-44,behavior_mean,44.1
Measurement & modeling (1),age_band,30-44,belief_post,87.5
Measurement & modeling (1),age_band,30-44,concern_mean,79.16666666666667
Measurement & modeling (1),age_band,30-44,distrust_post,20.5
Measurement & modeling (1),age_band,30-44,donation_ams,2.8
Measurement & modeling (1),age_band,30-44,funding_perceptions,28.700000000000003
Measurement & modeling (1),age_band,30-44,inst_trust_mean,69.72
Measurement & modeling (1),age_band,30-44,newsletter_signup,1.6
Measurement & modeling (1),age_band,30-44,policy_general,76.8
Measurement & modeling (1),age_band,30-44,policy_role_mean,72.45
Measurement & modeling (1),age_band,30-44,policy_specific_mean,68.58571428571429
Measurement & modeling (1),age_band,30-44,trust_multidimensional,73.31666666666666
Measurement & modeling (1),age_band,30-44,trust_post,75.2
Measurement & modeling (1),age_band,45-59,behavior_mean,42.47777777777778
Measurement & modeling (1),age_band,45-59,belief_post,77.3
Measurement & modeling (1),age_band,45-59,concern_mean,65.14444444444445
Measurement & modeling (1),age_band,45-59,distrust_post,30.733333333333334
Measurement & modeling (1),age_band,45-59,donation_ams,3.4
Measurement & modeling (1),age_band,45-59,funding_perceptions,60.4
Measurement & modeling (1),age_band,45-59,inst_trust_mean,60.32
Measurement & modeling (1),age_band,45-59,newsletter_signup,1.5666666666666667
Measurement & modeling (1),age_band,45-59,policy_general,67.0
Measurement & modeling (1),age_band,45-59,policy_role_mean,63.866666666666674
Measurement & modeling (1),age_band,45-59,policy_specific_mean,60.13809523809524
Measurement & modeling (1),age_band,45-59,trust_multidimensional,67.82222222222221
Measurement & modeling (1),age_band,45-59,trust_post,66.16666666666667
Measurement & modeling (1),age_band,60+,behavior_mean,23.0
Measurement & modeling (1),age_band,60+,belief_post,48.0
Measurement & modeling (1),age_band,60+,concern_mean,31.666666666666668
Measurement & modeling (1),age_band,60+,distrust_post,50.0
Measurement & modeling (1),age_band,60+,donation_ams,3.2
Measurement & modeling (1),age_band,60+,funding_perceptions,65.0
Measurement & modeling (1),age_band,60+,inst_trust_mean,39.6
Measurement & modeling (1),age_band,60+,newsletter_signup,1.75
Measurement & modeling (1),age_band,60+,policy_general,38.0
Measurement & modeling (1),age_band,60+,policy_role_mean,43.25
Measurement & modeling (1),age_band,60+,policy_specific_mean,34.57142857142857
Measurement & modeling (1),age_band,60+,trust_multidimensional,58.0
Measurement & modeling (1),age_band,60+,trust_post,45.0
Measurement & modeling (1),education,Bachelor's degree,behavior_mean,53.050000000000004
Measurement & modeling (1),education,Bachelor's degree,belief_post,91.5
Measurement & modeling (1),education,Bachelor's degree,concern_mean,77.03333333333333
Measurement & modeling (1),education,Bachelor's degree,distrust_post,18.5
Measurement & modeling (1),education,Bachelor's degree,donation_ams,4.8
Measurement & modeling (1),education,Bachelor's degree,funding_perceptions,25.799999999999997
Measurement & modeling (1),education,Bachelor's degree,inst_trust_mean,72.76
Measurement & modeling (1),education,Bachelor's degree,newsletter_signup,1.25
Measurement & modeling (1),education,Bachelor's degree,policy_general,82.1
Measurement & modeling (1),education,Bachelor's degree,policy_role_mean,79.725
Measurement & modeling (1),education,Bachelor's degree,policy_specific_mean,68.4
Measurement & modeling (1),education,Bachelor's degree,trust_multidimensional,75.5
Measurement & modeling (1),education,Bachelor's degree,trust_post,76.9
Measurement & modeling (1),education,Doctorate degree / Ph.D.,behavior_mean,44.94444444444445
Measurement & modeling (1),education,Doctorate degree / Ph.D.,belief_post,75.60000000000001
Measurement & modeling (1),education,Doctorate degree / Ph.D.,concern_mean,74.63333333333334
Measurement & modeling (1),education,Doctorate degree / Ph.D.,distrust_post,26.333333333333332
Measurement & modeling (1),education,Doctorate degree / Ph.D.,donation_ams,3.3333333333333335
Measurement & modeling (1),education,Doctorate degree / Ph.D.,funding_perceptions,31.899999999999995
Measurement & modeling (1),education,Doctorate degree / Ph.D.,inst_trust_mean,62.36000000000001
Measurement & modeling (1),education,Doctorate degree / Ph.D.,newsletter_signup,1.5166666666666668
Measurement & modeling (1),education,Doctorate degree / Ph.D.,policy_general,71.66666666666667
Measurement & modeling (1),education,Doctorate degree / Ph.D.,policy_role_mean,72.625
Measurement & modeling (1),education,Doctorate degree / Ph.D.,policy_specific_mean,65.9904761904762
Measurement & modeling (1),education,Doctorate degree / Ph.D.,trust_multidimensional,68.80277777777776
Measurement & modeling (1),education,Doctorate degree / Ph.D.,trust_post,65.56666666666666
Measurement & modeling (1),education,High school diploma / GED,behavior_mean,28.116666666666664
Measurement & modeling (1),education,High school diploma / GED,belief_post,64.3
Measurement & modeling (1),education,High school diploma / GED,concern_mean,70.2
Measurement & modeling (1),education,High school diploma / GED,distrust_post,38.5
Measurement & modeling (1),education,High school diploma / GED,donation_ams,1.4
Measurement & modeling (1),education,High school diploma / GED,funding_perceptions,47.9
Measurement & modeling (1),education,High school diploma / GED,inst_trust_mean,56.32000000000001
Measurement & modeling (1),education,High school diploma / GED,newsletter_signup,1.7
Measurement & modeling (1),education,High school diploma / GED,policy_general,58.9
Measurement & modeling (1),education,High school diploma / GED,policy_role_mean,59.65
Measurement & modeling (1),education,High school diploma / GED,policy_specific_mean,58.857142857142854
Measurement & modeling (1),education,High school diploma / GED,trust_multidimensional,60.574999999999996
Measurement & modeling (1),education,High school diploma / GED,trust_post,56.8
Measurement & modeling (1),education,Less than high school,behavior_mean,44.94444444444445
Measurement & modeling (1),education,Less than high school,belief_post,75.60000000000001
Measurement & modeling (1),education,Less than high school,concern_mean,74.63333333333334
Measurement & modeling (1),education,Less than high school,distrust_post,26.333333333333332
Measurement & modeling (1),education,Less than high school,donation_ams,3.3333333333333335
Measurement & modeling (1),education,Less than high school,funding_perceptions,31.899999999999995
Measurement & modeling (1),education,Less than high school,inst_trust_mean,62.36000000000001
Measurement & modeling (1),education,Less than high school,newsletter_signup,1.5166666666666668
Measurement & modeling (1),education,Less than high school,policy_general,71.66666666666667
Measurement & modeling (1),education,Less than high school,policy_role_mean,72.625
Measurement & modeling (1),education,Less than high school,policy_specific_mean,65.9904761904762
Measurement & modeling (1),education,Less than high school,trust_multidimensional,68.80277777777776
Measurement & modeling (1),education,Less than high school,trust_post,65.56666666666666
Measurement & modeling (1),education,Master's degree / Professional degree,behavior_mean,44.94444444444445
Measurement & modeling (1),education,Master's degree / Professional degree,belief_post,75.60000000000001
Measurement & modeling (1),education,Master's degree / Professional degree,concern_mean,74.63333333333334
Measurement & modeling (1),education,Master's degree / Professional degree,distrust_post,26.333333333333332
Measurement & modeling (1),education,Master's degree / Professional degree,donation_ams,3.3333333333333335
Measurement & modeling (1),education,Master's degree / Professional degree,funding_perceptions,31.899999999999995
Measurement & modeling (1),education,Master's degree / Professional degree,inst_trust_mean,62.36000000000001
Measurement & modeling (1),education,Master's degree / Professional degree,newsletter_signup,1.5166666666666668
Measurement & modeling (1),education,Master's degree / Professional degree,policy_general,71.66666666666667
Measurement & modeling (1),education,Master's degree / Professional degree,policy_role_mean,72.625
Measurement & modeling (1),education,Master's degree / Professional degree,policy_specific_mean,65.9904761904762
Measurement & modeling (1),education,Master's degree / Professional degree,trust_multidimensional,68.80277777777776
Measurement & modeling (1),education,Master's degree / Professional degree,trust_post,65.56666666666666
Measurement & modeling (1),education,Some college or Associate's degree,behavior_mean,53.666666666666664
Measurement & modeling (1),education,Some college or Associate's degree,belief_post,71.0
Measurement & modeling (1),education,Some college or Associate's degree,concern_mean,76.66666666666667
Measurement & modeling (1),education,Some college or Associate's degree,distrust_post,22.0
Measurement & modeling (1),education,Some college or Associate's degree,donation_ams,3.8
Measurement & modeling (1),education,Some college or Associate's degree,funding_perceptions,22.0
Measurement & modeling (1),education,Some college or Associate's degree,inst_trust_mean,58.0
Measurement & modeling (1),education,Some college or Associate's degree,newsletter_signup,1.6
Measurement & modeling (1),education,Some college or Associate's degree,policy_general,74.0
Measurement & modeling (1),education,Some college or Associate's degree,policy_role_mean,78.5
Measurement & modeling (1),education,Some college or Associate's degree,policy_specific_mean,70.71428571428571
Measurement & modeling (1),education,Some college or Associate's degree,trust_multidimensional,70.33333333333333
Measurement & modeling (1),education,Some college or Associate's degree,trust_post,63.0
Measurement & modeling (1),gender,Female,behavior_mean,47.8
Measurement & modeling (1),gender,Female,belief_post,87.7
Measurement & modeling (1),gender,Female,concern_mean,78.56666666666666
Measurement & modeling (1),gender,Female,distrust_post,22.25
Measurement & modeling (1),gender,Female,donation_ams,3.575
Measurement & modeling (1),gender,Female,funding_perceptions,36.45
Measurement & modeling (1),gender,Female,inst_trust_mean,77.71000000000001
Measurement & modeling (1),gender,Female,newsletter_signup,1.615
Measurement & modeling (1),gender,Female,policy_general,74.1
Measurement & modeling (1),gender,Female,policy_role_mean,73.2125
Measurement & modeling (1),gender,Female,policy_specific_mean,70.37142857142857
Measurement & modeling (1),gender,Female,trust_multidimensional,77.6125
Measurement & modeling (1),gender,Female,trust_post,76.25
Measurement & modeling (1),gender,Male,behavior_mean,45.93333333333334
Measurement & modeling (1),gender,Male,belief_post,82.4
Measurement & modeling (1),gender,Male,concern_mean,72.8
Measurement & modeling (1),gender,Male,distrust_post,28.5
Measurement & modeling (1),gender,Male,donation_ams,3.65
Measurement & modeling (1),gender,Male,funding_perceptions,44.9
Measurement & modeling (1),gender,Male,inst_trust_mean,71.82000000000001
Measurement & modeling (1),gender,Male,newsletter_signup,1.58
Measurement & modeling (1),gender,Male,policy_general,61.2
Measurement & modeling (1),gender,Male,policy_role_mean,57.675
Measurement & modeling (1),gender,Male,policy_specific_mean,59.17142857142857
Measurement & modeling (1),gender,Male,trust_multidimensional,72.89166666666667
Measurement & modeling (1),gender,Male,trust_post,71.5
Measurement & modeling (1),gender,Other,behavior_mean,49.666666666666664
Measurement & modeling (1),gender,Other,belief_post,93.0
Measurement & modeling (1),gender,Other,concern_mean,84.33333333333333
Measurement & modeling (1),gender,Other,distrust_post,16.0
Measurement & modeling (1),gender,Other,donation_ams,3.5
Measurement & modeling (1),gender,Other,funding_perceptions,28.0
Measurement & modeling (1),gender,Other,inst_trust_mean,83.6
Measurement & modeling (1),gender,Other,newsletter_signup,1.65
Measurement & modeling (1),gender,Other,policy_general,87.0
Measurement & modeling (1),gender,Other,policy_role_mean,88.75
Measurement & modeling (1),gender,Other,policy_specific_mean,81.57142857142857
Measurement & modeling (1),gender,Other,trust_multidimensional,82.33333333333333
Measurement & modeling (1),gender,Other,trust_post,81.0
Measurement & modeling (1),income,"$100,000 to $167,999",behavior_mean,45.16666666666667
Measurement & modeling (1),income,"$100,000 to $167,999",belief_post,78.5
Measurement & modeling (1),income,"$100,000 to $167,999",concern_mean,66.33333333333334
Measurement & modeling (1),income,"$100,000 to $167,999",distrust_post,24.0
Measurement & modeling (1),income,"$100,000 to $167,999",donation_ams,3.5
Measurement & modeling (1),income,"$100,000 to $167,999",funding_perceptions,36.0
Measurement & modeling (1),income,"$100,000 to $167,999",inst_trust_mean,65.1
Measurement & modeling (1),income,"$100,000 to $167,999",newsletter_signup,1.6
Measurement & modeling (1),income,"$100,000 to $167,999",policy_general,59.0
Measurement & modeling (1),income,"$100,000 to $167,999",policy_role_mean,67.125
Measurement & modeling (1),income,"$100,000 to $167,999",policy_specific_mean,60.714285714285715
Measurement & modeling (1),income,"$100,000 to $167,999",trust_multidimensional,75.04166666666666
Measurement & modeling (1),income,"$100,000 to $167,999",trust_post,76.0
Measurement & modeling (1),income,"$168,000 or more",behavior_mean,38.333333333333336
Measurement & modeling (1),income,"$168,000 or more",belief_post,89.0
Measurement & modeling (1),income,"$168,000 or more",concern_mean,59.0
Measurement & modeling (1),income,"$168,000 or more",distrust_post,18.0
Measurement & modeling (1),income,"$168,000 or more",donation_ams,3.5
Measurement & modeling (1),income,"$168,000 or more",funding_perceptions,22.0
Measurement & modeling (1),income,"$168,000 or more",inst_trust_mean,63.8
Measurement & modeling (1),income,"$168,000 or more",newsletter_signup,1.6
Measurement & modeling (1),income,"$168,000 or more",policy_general,58.0
Measurement & modeling (1),income,"$168,000 or more",policy_role_mean,68.75
Measurement & modeling (1),income,"$168,000 or more",policy_specific_mean,59.285714285714285
Measurement & modeling (1),income,"$168,000 or more",trust_multidimensional,81.25
Measurement & modeling (1),income,"$168,000 or more",trust_post,82.0
Measurement & modeling (1),income,"$30,000 to $55,999",behavior_mean,52.0
Measurement & modeling (1),income,"$30,000 to $55,999",belief_post,68.0
Measurement & modeling (1),income,"$30,000 to $55,999",concern_mean,73.66666666666667
Measurement & modeling (1),income,"$30,000 to $55,999",distrust_post,30.0
Measurement & modeling (1),income,"$30,000 to $55,999",donation_ams,3.5
Measurement & modeling (1),income,"$30,000 to $55,999",funding_perceptions,50.0
Measurement & modeling (1),income,"$30,000 to $55,999",inst_trust_mean,66.4
Measurement & modeling (1),income,"$30,000 to $55,999",newsletter_signup,1.6
Measurement & modeling (1),income,"$30,000 to $55,999",policy_general,60.0
Measurement & modeling (1),income,"$30,000 to $55,999",policy_role_mean,65.5
Measurement & modeling (1),income,"$30,000 to $55,999",policy_specific_mean,62.142857142857146
Measurement & modeling (1),income,"$30,000 to $55,999",trust_multidimensional,68.83333333333333
Measurement & modeling (1),income,"$30,000 to $55,999",trust_post,70.0
Measurement & modeling (1),income,"$56,000 to $99,999",behavior_mean,45.16666666666667
Measurement & modeling (1),income,"$56,000 to $99,999",belief_post,78.5
Measurement & modeling (1),income,"$56,000 to $99,999",concern_mean,66.33333333333334
Measurement & modeling (1),income,"$56,000 to $99,999",distrust_post,24.0
Measurement & modeling (1),income,"$56,000 to $99,999",donation_ams,3.5
Measurement & modeling (1),income,"$56,000 to $99,999",funding_perceptions,36.0
Measurement & modeling (1),income,"$56,000 to $99,999",inst_trust_mean,65.1
Measurement & modeling (1),income,"$56,000 to $99,999",newsletter_signup,1.6
Measurement & modeling (1),income,"$56,000 to $99,999",policy_general,59.0
Measurement & modeling (1),income,"$56,000 to $99,999",policy_role_mean,67.125
Measurement & modeling (1),income,"$56,000 to $99,999",policy_specific_mean,60.714285714285715
Measurement & modeling (1),income,"$56,000 to $99,999",trust_multidimensional,75.04166666666666
Measurement & modeling (1),income,"$56,000 to $99,999",trust_post,76.0
Measurement & modeling (1),income,"Less than $30,000",behavior_mean,45.16666666666667
Measurement & modeling (1),income,"Less than $30,000",belief_post,78.5
Measurement & modeling (1),income,"Less than $30,000",concern_mean,66.33333333333334
Measurement & modeling (1),income,"Less than $30,000",distrust_post,24.0
Measurement & modeling (1),income,"Less than $30,000",donation_ams,3.5
Measurement & modeling (1),income,"Less than $30,000",funding_perceptions,36.0
Measurement & modeling (1),income,"Less than $30,000",inst_trust_mean,65.1
Measurement & modeling (1),income,"Less than $30,000",newsletter_signup,1.6
Measurement & modeling (1),income,"Less than $30,000",policy_general,59.0
Measurement & modeling (1),income,"Less than $30,000",policy_role_mean,67.125
Measurement & modeling (1),income,"Less than $30,000",policy_specific_mean,60.714285714285715
Measurement & modeling (1),income,"Less than $30,000",trust_multidimensional,75.04166666666666
Measurement & modeling (1),income,"Less than $30,000",trust_post,76.0
Measurement & modeling (1),party,Democrat,behavior_mean,67.5
Measurement & modeling (1),party,Democrat,belief_post,95.0
Measurement & modeling (1),party,Democrat,concern_mean,90.33333333333333
Measurement & modeling (1),party,Democrat,distrust_post,12.0
Measurement & modeling (1),party,Democrat,donation_ams,4.5
Measurement & modeling (1),party,Democrat,funding_perceptions,13.0
Measurement & modeling (1),party,Democrat,inst_trust_mean,82.0
Measurement & modeling (1),party,Democrat,newsletter_signup,1.3
Measurement & modeling (1),party,Democrat,policy_general,92.0
Measurement & modeling (1),party,Democrat,policy_role_mean,84.75
Measurement & modeling (1),party,Democrat,policy_specific_mean,87.14285714285714
Measurement & modeling (1),party,Democrat,trust_multidimensional,90.83333333333333
Measurement & modeling (1),party,Democrat,trust_post,88.0
Measurement & modeling (1),party,Independent,behavior_mean,47.85
Measurement & modeling (1),party,Independent,belief_post,63.7
Measurement & modeling (1),party,Independent,concern_mean,54.23333333333333
Measurement & modeling (1),party,Independent,distrust_post,38.5
Measurement & modeling (1),party,Independent,donation_ams,1.8
Measurement & modeling (1),party,Independent,funding_perceptions,49.6
Measurement & modeling (1),party,Independent,inst_trust_mean,58.4
Measurement & modeling (1),party,Independent,newsletter_signup,1.4
Measurement & modeling (1),party,Independent,policy_general,58.1
Measurement & modeling (1),party,Independent,policy_role_mean,70.45
Measurement & modeling (1),party,Independent,policy_specific_mean,55.199999999999996
Measurement & modeling (1),party,Independent,trust_multidimensional,64.45833333333333
Measurement & modeling (1),party,Independent,trust_post,62.3
Measurement & modeling (1),party,Other,behavior_mean,47.96666666666667
Measurement & modeling (1),party,Other,belief_post,65.2
Measurement & modeling (1),party,Other,concern_mean,55.5
Measurement & modeling (1),party,Other,distrust_post,24.5
Measurement & modeling (1),party,Other,donation_ams,4.12
Measurement & modeling (1),party,Other,funding_perceptions,43.7
Measurement & modeling (1),party,Other,inst_trust_mean,59.04
Measurement & modeling (1),party,Other,newsletter_signup,1.58
Measurement & modeling (1),party,Other,policy_general,48.5
Measurement & modeling (1),party,Other,policy_role_mean,67.8
Measurement & modeling (1),party,Other,policy_specific_mean,59.614285714285714
Measurement & modeling (1),party,Other,trust_multidimensional,65.84166666666667
Measurement & modeling (1),party,Other,trust_post,63.8
Measurement & modeling (1),party,Republican,behavior_mean,54.43888888888889
Measurement & modeling (1),party,Republican,belief_post,74.63333333333333
Measurement & modeling (1),party,Republican,concern_mean,66.68888888888888
Measurement & modeling (1),party,Republican,distrust_post,25.0
Measurement & modeling (1),party,Republican,donation_ams,3.473333333333333
Measurement & modeling (1),party,Republican,funding_perceptions,35.43333333333334
Measurement & modeling (1),party,Republican,inst_trust_mean,66.48
Measurement & modeling (1),party,Republican,newsletter_signup,1.4266666666666667
Measurement & modeling (1),party,Republican,policy_general,66.2
Measurement & modeling (1),party,Republican,policy_role_mean,74.33333333333333
Measurement & modeling (1),party,Republican,policy_specific_mean,67.31904761904762
Measurement & modeling (1),party,Republican,trust_multidimensional,73.71111111111111
Measurement & modeling (1),party,Republican,trust_post,71.36666666666667
Measurement & modeling (1),race,Asian / Asian American,behavior_mean,55.333333333333336
Measurement & modeling (1),race,Asian / Asian American,belief_post,89.0
Measurement & modeling (1),race,Asian / Asian American,concern_mean,73.66666666666667
Measurement & modeling (1),race,Asian / Asian American,distrust_post,18.0
Measurement & modeling (1),race,Asian / Asian American,donation_ams,3.5
Measurement & modeling (1),race,Asian / Asian American,funding_perceptions,70.0
Measurement & modeling (1),race,Asian / Asian American,inst_trust_mean,80.4
Measurement & modeling (1),race,Asian / Asian American,newsletter_signup,1.4
Measurement & modeling (1),race,Asian / Asian American,policy_general,78.0
Measurement & modeling (1),race,Asian / Asian American,policy_role_mean,73.25
Measurement & modeling (1),race,Asian / Asian American,policy_specific_mean,71.42857142857143
Measurement & modeling (1),race,Asian / Asian American,trust_multidimensional,80.0
Measurement & modeling (1),race,Asian / Asian American,trust_post,80.0
Measurement & modeling (1),race,Black / African American,behavior_mean,64.08333333333333
Measurement & modeling (1),race,Black / African American,belief_post,90.2
Measurement & modeling (1),race,Black / African American,concern_mean,81.76666666666667
Measurement & modeling (1),race,Black / African American,distrust_post,34.2
Measurement & modeling (1),race,Black / African American,donation_ams,3.2
Measurement & modeling (1),race,Black / African American,funding_perceptions,17.5
Measurement & modeling (1),race,Black / African American,inst_trust_mean,66.67999999999999
Measurement & modeling (1),race,Black / African American,newsletter_signup,1.42
Measurement & modeling (1),race,Black / African American,policy_general,84.3
Measurement & modeling (1),race,Black / African American,policy_role_mean,80.0
Measurement & modeling (1),race,Black / African American,policy_specific_mean,77.64285714285714
Measurement & modeling (1),race,Black / African American,trust_multidimensional,72.49166666666666
Measurement & modeling (1),race,Black / African American,trust_post,65.8
Measurement & modeling (1),race,Hispanic / Latino,behavior_mean,50.333333333333336
Measurement & modeling (1),race,Hispanic / Latino,belief_post,81.0
Measurement & modeling (1),race,Hispanic / Latino,concern_mean,78.0
Measurement & modeling (1),race,Hispanic / Latino,distrust_post,27.0
Measurement & modeling (1),race,Hispanic / Latino,donation_ams,1.5
Measurement & modeling (1),race,Hispanic / Latino,funding_perceptions,18.0
Measurement & modeling (1),race,Hispanic / Latino,inst_trust_mean,75.2
Measurement & modeling (1),race,Hispanic / Latino,newsletter_signup,1.4
Measurement & modeling (1),race,Hispanic / Latino,policy_general,71.0
Measurement & modeling (1),race,Hispanic / Latino,policy_role_mean,69.75
Measurement & modeling (1),race,Hispanic / Latino,policy_specific_mean,60.0
Measurement & modeling (1),race,Hispanic / Latino,trust_multidimensional,73.41666666666667
Measurement & modeling (1),race,Hispanic / Latino,trust_post,73.0
Measurement & modeling (1),race,Other,behavior_mean,56.583333333333336
Measurement & modeling (1),race,Other,belief_post,86.73333333333333
Measurement & modeling (1),race,Other,concern_mean,77.81111111111112
Measurement & modeling (1),race,Other,distrust_post,26.400000000000002
Measurement & modeling (1),race,Other,donation_ams,2.733333333333333
Measurement & modeling (1),race,Other,funding_perceptions,35.166666666666664
Measurement & modeling (1),race,Other,inst_trust_mean,74.09333333333332
Measurement & modeling (1),race,Other,newsletter_signup,1.4066666666666665
Measurement & modeling (1),race,Other,policy_general,77.76666666666667
Measurement & modeling (1),race,Other,policy_role_mean,74.33333333333333
Measurement & modeling (1),race,Other,policy_specific_mean,69.69047619047619
Measurement & modeling (1),race,Other,trust_multidimensional,75.30277777777779
Measurement & modeling (1),race,Other,trust_post,72.93333333333334
Measurement & modeling (1),race,White / Caucasian,behavior_mean,56.583333333333336
Measurement & modeling (1),race,White / Caucasian,belief_post,86.73333333333333
Measurement & modeling (1),race,White / Caucasian,concern_mean,77.81111111111112
Measurement & modeling (1),race,White / Caucasian,distrust_post,26.400000000000002
Measurement & modeling (1),race,White / Caucasian,donation_ams,2.733333333333333
Measurement & modeling (1),race,White / Caucasian,funding_perceptions,35.166666666666664
Measurement & modeling (1),race,White / Caucasian,inst_trust_mean,74.09333333333332
Measurement & modeling (1),race,White / Caucasian,newsletter_signup,1.4066666666666665
Measurement & modeling (1),race,White / Caucasian,policy_general,77.76666666666667
Measurement & modeling (1),race,White / Caucasian,policy_role_mean,74.33333333333333
Measurement & modeling (1),race,White / Caucasian,policy_specific_mean,69.69047619047619
Measurement & modeling (1),race,White / Caucasian,trust_multidimensional,75.30277777777779
Measurement & modeling (1),race,White / Caucasian,trust_post,72.93333333333334
Measurement & modeling (2),age_band,18-29,behavior_mean,41.25
Measurement & modeling (2),age_band,18-29,belief_post,66.5
Measurement & modeling (2),age_band,18-29,concern_mean,65.5
Measurement & modeling (2),age_band,18-29,distrust_post,26.0
Measurement & modeling (2),age_band,18-29,donation_ams,4.5
Measurement & modeling (2),age_band,18-29,funding_perceptions,44.0
Measurement & modeling (2),age_band,18-29,inst_trust_mean,67.3
Measurement & modeling (2),age_band,18-29,newsletter_signup,1.6
Measurement & modeling (2),age_band,18-29,policy_general,60.5
Measurement & modeling (2),age_band,18-29,policy_role_mean,69.375
Measurement & modeling (2),age_band,18-29,policy_specific_mean,54.21428571428571
Measurement & modeling (2),age_band,18-29,trust_multidimensional,75.5
Measurement & modeling (2),age_band,18-29,trust_post,71.5
Measurement & modeling (2),age_band,30-44,behavior_mean,41.25
Measurement & modeling (2),age_band,30-44,belief_post,66.5
Measurement & modeling (2),age_band,30-44,concern_mean,65.5
Measurement & modeling (2),age_band,30-44,distrust_post,26.0
Measurement & modeling (2),age_band,30-44,donation_ams,4.5
Measurement & modeling (2),age_band,30-44,funding_perceptions,44.0
Measurement & modeling (2),age_band,30-44,inst_trust_mean,67.3
Measurement & modeling (2),age_band,30-44,newsletter_signup,1.6
Measurement & modeling (2),age_band,30-44,policy_general,60.5
Measurement & modeling (2),age_band,30-44,policy_role_mean,69.375
Measurement & modeling (2),age_band,30-44,policy_specific_mean,54.21428571428571
Measurement & modeling (2),age_band,30-44,trust_multidimensional,75.5
Measurement & modeling (2),age_band,30-44,trust_post,71.5
Measurement & modeling (2),age_band,45-59,behavior_mean,50.833333333333336
Measurement & modeling (2),age_band,45-59,belief_post,61.0
Measurement & modeling (2),age_band,45-59,concern_mean,71.0
Measurement & modeling (2),age_band,45-59,distrust_post,29.0
Measurement & modeling (2),age_band,45-59,donation_ams,4.5
Measurement & modeling (2),age_band,45-59,funding_perceptions,38.0
Measurement & modeling (2),age_band,45-59,inst_trust_mean,64.6
Measurement & modeling (2),age_band,45-59,newsletter_signup,1.6
Measurement & modeling (2),age_band,45-59,policy_general,69.0
Measurement & modeling (2),age_band,45-59,policy_role_mean,75.0
Measurement & modeling (2),age_band,45-59,policy_specific_mean,59.857142857142854
Measurement & modeling (2),age_band,45-59,trust_multidimensional,70.75
Measurement & modeling (2),age_band,45-59,trust_post,66.0
Measurement & modeling (2),age_band,60+,behavior_mean,31.666666666666668
Measurement & modeling (2),age_band,60+,belief_post,72.0
Measurement & modeling (2),age_band,60+,concern_mean,60.0
Measurement & modeling (2),age_band,60+,distrust_post,23.0
Measurement & modeling (2),age_band,60+,donation_ams,4.5
Measurement & modeling (2),age_band,60+,funding_perceptions,50.0
Measurement & modeling (2),age_band,60+,inst_trust_mean,70.0
Measurement & modeling (2),age_band,60+,newsletter_signup,1.6
Measurement & modeling (2),age_band,60+,policy_general,52.0
Measurement & modeling (2),age_band,60+,policy_role_mean,63.75
Measurement & modeling (2),age_band,60+,policy_specific_mean,48.57142857142857
Measurement & modeling (2),age_band,60+,trust_multidimensional,80.25
Measurement & modeling (2),age_band,60+,trust_post,77.0
Measurement & modeling (2),education,Bachelor's degree,behavior_mean,51.56666666666666
Measurement & modeling (2),education,Bachelor's degree,belief_post,91.8
Measurement & modeling (2),education,Bachelor's degree,concern_mean,75.23333333333333
Measurement & modeling (2),education,Bachelor's degree,distrust_post,15.3
Measurement & modeling (2),education,Bachelor's degree,donation_ams,3.1
Measurement & modeling (2),education,Bachelor's degree,funding_perceptions,27.5
Measurement & modeling (2),education,Bachelor's degree,inst_trust_mean,74.16
Measurement & modeling (2),education,Bachelor's degree,newsletter_signup,1.35
Measurement & modeling (2),education,Bachelor's degree,policy_general,66.4
Measurement & modeling (2),education,Bachelor's degree,policy_role_mean,64.4
Measurement & modeling (2),education,Bachelor's degree,policy_specific_mean,61.48571428571428
Measurement & modeling (2),education,Bachelor's degree,trust_multidimensional,80.27499999999999
Measurement & modeling (2),education,Bachelor's degree,trust_post,82.1
Measurement & modeling (2),education,Doctorate degree / Ph.D.,behavior_mean,61.98333333333333
Measurement & modeling (2),education,Doctorate degree / Ph.D.,belief_post,95.8
Measurement & modeling (2),education,Doctorate degree / Ph.D.,concern_mean,85.16666666666667
Measurement & modeling (2),education,Doctorate degree / Ph.D.,distrust_post,5.5
Measurement & modeling (2),education,Doctorate degree / Ph.D.,donation_ams,4.8
Measurement & modeling (2),education,Doctorate degree / Ph.D.,funding_perceptions,29.799999999999997
Measurement & modeling (2),education,Doctorate degree / Ph.D.,inst_trust_mean,84.56
Measurement & modeling (2),education,Doctorate degree / Ph.D.,newsletter_signup,1.3
Measurement & modeling (2),education,Doctorate degree / Ph.D.,policy_general,83.5
Measurement & modeling (2),education,Doctorate degree / Ph.D.,policy_role_mean,83.125
Measurement & modeling (2),education,Doctorate degree / Ph.D.,policy_specific_mean,74.25714285714285
Measurement & modeling (2),education,Doctorate degree / Ph.D.,trust_multidimensional,89.22500000000001
Measurement & modeling (2),education,Doctorate degree / Ph.D.,trust_post,91.5
Measurement & modeling (2),education,High school diploma / GED,behavior_mean,58.355555555555554
Measurement & modeling (2),education,High school diploma / GED,belief_post,79.67999999999999
Measurement & modeling (2),education,High school diploma / GED,concern_mean,73.89333333333335
Measurement & modeling (2),education,High school diploma / GED,distrust_post,22.66
Measurement & modeling (2),education,High school diploma / GED,donation_ams,3.9799999999999995
Measurement & modeling (2),education,High school diploma / GED,funding_perceptions,30.660000000000004
Measurement & modeling (2),education,High school diploma / GED,inst_trust_mean,74.00399999999999
Measurement & modeling (2),education,High school diploma / GED,newsletter_signup,1.366
Measurement & modeling (2),education,High school diploma / GED,policy_general,69.62
Measurement & modeling (2),education,High school diploma / GED,policy_role_mean,69.575
Measurement & modeling (2),education,High school diploma / GED,policy_specific_mean,66.03214285714286
Measurement & modeling (2),education,High school diploma / GED,trust_multidimensional,78.52000000000001
Measurement & modeling (2),education,High school diploma / GED,trust_post,77.0
Measurement & modeling (2),education,Less than high school,behavior_mean,58.355555555555554
Measurement & modeling (2),education,Less than high school,belief_post,35.0
Measurement & modeling (2),education,Less than high school,concern_mean,55.0
Measurement & modeling (2),education,Less than high school,distrust_post,48.0
Measurement & modeling (2),education,Less than high school,donation_ams,3.0
Measurement & modeling (2),education,Less than high school,funding_perceptions,60.0
Measurement & modeling (2),education,Less than high school,inst_trust_mean,53.0
Measurement & modeling (2),education,Less than high school,newsletter_signup,1.7
Measurement & modeling (2),education,Less than high school,policy_general,45.0
Measurement & modeling (2),education,Less than high school,policy_role_mean,47.5
Measurement & modeling (2),education,Less than high school,policy_specific_mean,50.0
Measurement & modeling (2),education,Less than high school,trust_multidimensional,56.666666666666664
Measurement & modeling (2),education,Less than high school,trust_post,52.0
Measurement & modeling (2),education,Master's degree / Professional degree,behavior_mean,61.51666666666667
Measurement & modeling (2),education,Master's degree / Professional degree,belief_post,93.8
Measurement & modeling (2),education,Master's degree / Professional degree,concern_mean,85.06666666666666
Measurement & modeling (2),education,Master's degree / Professional degree,distrust_post,22.5
Measurement & modeling (2),education,Master's degree / Professional degree,donation_ams,4.8
Measurement & modeling (2),education,Master's degree / Professional degree,funding_perceptions,16.0
Measurement & modeling (2),education,Master's degree / Professional degree,inst_trust_mean,83.7
Measurement & modeling (2),education,Master's degree / Professional degree,newsletter_signup,1.18
Measurement & modeling (2),education,Master's degree / Professional degree,policy_general,77.2
Measurement & modeling (2),education,Master's degree / Professional degree,policy_role_mean,79.1
Measurement & modeling (2),education,Master's degree / Professional degree,policy_specific_mean,78.38571428571429
Measurement & modeling (2),education,Master's degree / Professional degree,trust_multidimensional,87.51666666666667
Measurement & modeling (2),education,Master's degree / Professional degree,trust_post,79.4
Measurement & modeling (2),education,Some college or Associate's degree,behavior_mean,58.355555555555554
Measurement & modeling (2),education,Some college or Associate's degree,belief_post,82.0
Measurement & modeling (2),education,Some college or Associate's degree,concern_mean,69.0
Measurement & modeling (2),education,Some college or Associate's degree,distrust_post,22.0
Measurement & modeling (2),education,Some college or Associate's degree,donation_ams,4.2
Measurement & modeling (2),education,Some college or Associate's degree,funding_perceptions,20.0
Measurement & modeling (2),education,Some college or Associate's degree,inst_trust_mean,74.6
Measurement & modeling (2),education,Some college or Associate's degree,newsletter_signup,1.3
Measurement & modeling (2),education,Some college or Associate's degree,policy_general,76.0
Measurement & modeling (2),education,Some college or Associate's degree,policy_role_mean,73.75
Measurement & modeling (2),education,Some college or Associate's degree,policy_specific_mean,66.03214285714286
Measurement & modeling (2),education,Some college or Associate's degree,trust_multidimensional,78.91666666666667
Measurement & modeling (2),education,Some college or Associate's degree,trust_post,80.0
Measurement & modeling (2),gender,Female,behavior_mean,56.458333333333336
Measurement & modeling (2),gender,Female,belief_post,88.85
Measurement & modeling (2),gender,Female,concern_mean,76.55000000000001
Measurement & modeling (2),gender,Female,distrust_post,21.5
Measurement & modeling (2),gender,Female,donation_ams,3.9
Measurement & modeling (2),gender,Female,funding_perceptions,35.8
Measurement & modeling (2),gender,Female,inst_trust_mean,69.32
Measurement & modeling (2),gender,Female,newsletter_signup,1.2999999999999998
Measurement & modeling (2),gender,Female,policy_general,64.55
Measurement & modeling (2),gender,Female,policy_role_mean,62.55
Measurement & modeling (2),gender,Female,policy_specific_mean,66.87142857142858
Measurement & modeling (2),gender,Female,trust_multidimensional,74.80000000000001
Measurement & modeling (2),gender,Female,trust_post,78.75
Measurement & modeling (2),gender,Male,behavior_mean,42.75
Measurement & modeling (2),gender,Male,belief_post,84.5
Measurement & modeling (2),gender,Male,concern_mean,65.16666666666667
Measurement & modeling (2),gender,Male,distrust_post,24.5
Measurement & modeling (2),gender,Male,donation_ams,2.2
Measurement & modeling (2),gender,Male,funding_perceptions,48.0
Measurement & modeling (2),gender,Male,inst_trust_mean,61.8
Measurement & modeling (2),gender,Male,newsletter_signup,1.45
Measurement & modeling (2),gender,Male,policy_general,51.0
Measurement & modeling (2),gender,Male,policy_role_mean,52.875
Measurement & modeling (2),gender,Male,policy_specific_mean,55.642857142857146
Measurement & modeling (2),gender,Male,trust_multidimensional,68.41666666666667
Measurement & modeling (2),gender,Male,trust_post,75.5
Measurement & modeling (2),gender,Other,behavior_mean,70.16666666666667
Measurement & modeling (2),gender,Other,belief_post,93.2
Measurement & modeling (2),gender,Other,concern_mean,87.93333333333334
Measurement & modeling (2),gender,Other,distrust_post,18.5
Measurement & modeling (2),gender,Other,donation_ams,5.6
Measurement & modeling (2),gender,Other,funding_perceptions,23.599999999999994
Measurement & modeling (2),gender,Other,inst_trust_mean,76.84
Measurement & modeling (2),gender,Other,newsletter_signup,1.15
Measurement & modeling (2),gender,Other,policy_general,78.1
Measurement & modeling (2),gender,Other,policy_role_mean,72.225
Measurement & modeling (2),gender,Other,policy_specific_mean,78.10000000000001
Measurement & modeling (2),gender,Other,trust_multidimensional,81.18333333333334
Measurement & modeling (2),gender,Other,trust_post,82.0
Measurement & modeling (2),income,"$100,000 to $167,999",behavior_mean,63.333333333333336
Measurement & modeling (2),income,"$100,000 to $167,999",belief_post,85.0
Measurement & modeling (2),income,"$100,000 to $167,999",concern_mean,84.33333333333333
Measurement & modeling (2),income,"$100,000 to $167,999",distrust_post,20.0
Measurement & modeling (2),income,"$100,000 to $167,999",donation_ams,7.2
Measurement & modeling (2),income,"$100,000 to $167,999",funding_perceptions,18.0
Measurement & modeling (2),income,"$100,000 to $167,999",inst_trust_mean,69.0
Measurement & modeling (2),income,"$100,000 to $167,999",newsletter_signup,1.2
Measurement & modeling (2),income,"$100,000 to $167,999",policy_general,80.0
Measurement & modeling (2),income,"$100,000 to $167,999",policy_role_mean,79.25
Measurement & modeling (2),income,"$100,000 to $167,999",policy_specific_mean,73.71428571428571
Measurement & modeling (2),income,"$100,000 to $167,999",trust_multidimensional,87.25
Measurement & modeling (2),income,"$100,000 to $167,999",trust_post,80.0
Measurement & modeling (2),income,"$168,000 or more",behavior_mean,61.78333333333333
Measurement & modeling (2),income,"$168,000 or more",belief_post,91.4
Measurement & modeling (2),income,"$168,000 or more",concern_mean,74.26666666666667
Measurement & modeling (2),income,"$168,000 or more",distrust_post,20.5
Measurement & modeling (2),income,"$168,000 or more",donation_ams,71.0
Measurement & modeling (2),income,"$168,000 or more",funding_perceptions,37.7
Measurement & modeling (2),income,"$168,000 or more",inst_trust_mean,76.26
Measurement & modeling (2),income,"$168,000 or more",newsletter_signup,1.48
Measurement & modeling (2),income,"$168,000 or more",policy_general,76.8
Measurement & modeling (2),income,"$168,000 or more",policy_role_mean,76.8
Measurement & modeling (2),income,"$168,000 or more",policy_specific_mean,63.62857142857143
Measurement & modeling (2),income,"$168,000 or more",trust_multidimensional,84.18333333333334
Measurement & modeling (2),income,"$168,000 or more",trust_post,79.5
Measurement & modeling (2),income,"$30,000 to $55,999",behavior_mean,46.550000000000004
Measurement & modeling (2),income,"$30,000 to $55,999",belief_post,79.6
Measurement & modeling (2),income,"$30,000 to $55,999",concern_mean,71.06666666666666
Measurement & modeling (2),income,"$30,000 to $55,999",distrust_post,26.5
Measurement & modeling (2),income,"$30,000 to $55,999",donation_ams,6.1
Measurement & modeling (2),income,"$30,000 to $55,999",funding_perceptions,27.700000000000003
Measurement & modeling (2),income,"$30,000 to $55,999",inst_trust_mean,72.1
Measurement & modeling (2),income,"$30,000 to $55,999",newsletter_signup,1.85
Measurement & modeling (2),income,"$30,000 to $55,999",policy_general,68.4
Measurement & modeling (2),income,"$30,000 to $55,999",policy_role_mean,71.1
Measurement & modeling (2),income,"$30,000 to $55,999",policy_specific_mean,69.07142857142857
Measurement & modeling (2),income,"$30,000 to $55,999",trust_multidimensional,72.58333333333333
Measurement & modeling (2),income,"$30,000 to $55,999",trust_post,67.5
Measurement & modeling (2),income,"$56,000 to $99,999",behavior_mean,51.75000000000001
Measurement & modeling (2),income,"$56,000 to $99,999",belief_post,76.75
Measurement & modeling (2),income,"$56,000 to $99,999",concern_mean,71.58333333333333
Measurement & modeling (2),income,"$56,000 to $99,999",distrust_post,28.0
Measurement & modeling (2),income,"$56,000 to $99,999",donation_ams,22.95
Measurement & modeling (2),income,"$56,000 to $99,999",funding_perceptions,33.85
Measurement & modeling (2),income,"$56,000 to $99,999",inst_trust_mean,65.03999999999999
Measurement & modeling (2),income,"$56,000 to $99,999",newsletter_signup,1.5324999999999998
Measurement & modeling (2),income,"$56,000 to $99,999",policy_general,65.05000000000001
Measurement & modeling (2),income,"$56,000 to $99,999",policy_role_mean,66.31875
Measurement & modeling (2),income,"$56,000 to $99,999",policy_specific_mean,64.63928571428572
Measurement & modeling (2),income,"$56,000 to $99,999",trust_multidimensional,75.03541666666666
Measurement & modeling (2),income,"$56,000 to $99,999",trust_post,68.75
Measurement & modeling (2),income,"Less than $30,000",behavior_mean,35.333333333333336
Measurement & modeling (2),income,"Less than $30,000",belief_post,51.0
Measurement & modeling (2),income,"Less than $30,000",concern_mean,56.666666666666664
Measurement & modeling (2),income,"Less than $30,000",distrust_post,45.0
Measurement & modeling (2),income,"Less than $30,000",donation_ams,7.5
Measurement & modeling (2),income,"Less than $30,000",funding_perceptions,52.0
Measurement & modeling (2),income,"Less than $30,000",inst_trust_mean,42.8
Measurement & modeling (2),income,"Less than $30,000",newsletter_signup,1.6
Measurement & modeling (2),income,"Less than $30,000",policy_general,35.0
Measurement & modeling (2),income,"Less than $30,000",policy_role_mean,38.125
Measurement & modeling (2),income,"Less than $30,000",policy_specific_mean,52.142857142857146
Measurement & modeling (2),income,"Less than $30,000",trust_multidimensional,56.125
Measurement & modeling (2),income,"Less than $30,000",trust_post,48.0
Measurement & modeling (2),party,Democrat,behavior_mean,55.166666666666664
Measurement & modeling (2),party,Democrat,belief_post,94.0
Measurement & modeling (2),party,Democrat,concern_mean,81.66666666666667
Measurement & modeling (2),party,Democrat,distrust_post,15.0
Measurement & modeling (2),party,Democrat,donation_ams,5.0
Measurement & modeling (2),party,Democrat,funding_perceptions,21.0
Measurement & modeling (2),party,Democrat,inst_trust_mean,76.8
Measurement & modeling (2),party,Democrat,newsletter_signup,1.8
Measurement & modeling (2),party,Democrat,policy_general,85.0
Measurement & modeling (2),party,Democrat,policy_role_mean,77.0
Measurement & modeling (2),party,Democrat,policy_specific_mean,81.14285714285714
Measurement & modeling (2),party,Democrat,trust_multidimensional,83.5
Measurement & modeling (2),party,Democrat,trust_post,82.0
Measurement & modeling (2),party,Independent,behavior_mean,29.05
Measurement & modeling (2),party,Independent,belief_post,56.5
Measurement & modeling (2),party,Independent,concern_mean,51.9
Measurement & modeling (2),party,Independent,distrust_post,33.5
Measurement & modeling (2),party,Independent,donation_ams,2.8
Measurement & modeling (2),party,Independent,funding_perceptions,45.8
Measurement & modeling (2),party,Independent,inst_trust_mean,65.62
Measurement & modeling (2),party,Independent,newsletter_signup,1.6
Measurement & modeling (2),party,Independent,policy_general,51.8
Measurement & modeling (2),party,Independent,policy_role_mean,58.675
Measurement & modeling (2),party,Independent,policy_specific_mean,63.4
Measurement & modeling (2),party,Independent,trust_multidimensional,71.34166666666667
Measurement & modeling (2),party,Independent,trust_post,62.8
Measurement & modeling (2),party,Other,behavior_mean,48.75
Measurement & modeling (2),party,Other,belief_post,64.7
Measurement & modeling (2),party,Other,concern_mean,66.36666666666666
Measurement & modeling (2),party,Other,distrust_post,22.4
Measurement & modeling (2),party,Other,donation_ams,2.8
Measurement & modeling (2),party,Other,funding_perceptions,41.4
Measurement & modeling (2),party,Other,inst_trust_mean,65.78
Measurement & modeling (2),party,Other,newsletter_signup,1.85
Measurement & modeling (2),party,Other,policy_general,59.3
Measurement & modeling (2),party,Other,policy_role_mean,65.625
Measurement & modeling (2),party,Other,policy_specific_mean,58.82857142857143
Measurement & modeling (2),party,Other,trust_multidimensional,70.41666666666667
Measurement & modeling (2),party,Other,trust_post,71.2
Measurement & modeling (2),party,Republican,behavior_mean,44.32222222222222
Measurement & modeling (2),party,Republican,belief_post,71.73333333333333
Measurement & modeling (2),party,Republican,concern_mean,66.64444444444445
Measurement & modeling (2),party,Republican,distrust_post,23.633333333333336
Measurement & modeling (2),party,Republican,donation_ams,3.533333333333333
Measurement & modeling (2),party,Republican,funding_perceptions,36.06666666666666
Measurement & modeling (2),party,Republican,inst_trust_mean,69.4
Measurement & modeling (2),party,Republican,newsletter_signup,1.75
Measurement & modeling (2),party,Republican,policy_general,65.36666666666667
Measurement & modeling (2),party,Republican,policy_role_mean,67.10000000000001
Measurement & modeling (2),party,Republican,policy_specific_mean,67.79047619047618
Measurement & modeling (2),party,Republican,trust_multidimensional,75.08611111111111
Measurement & modeling (2),party,Republican,trust_post,72.0
Measurement & modeling (2),race,Asian / Asian American,behavior_mean,49.75
Measurement & modeling (2),race,Asian / Asian American,belief_post,91.0
Measurement & modeling (2),race,Asian / Asian American,concern_mean,83.66666666666667
Measurement & modeling (2),race,Asian / Asian American,distrust_post,12.5
Measurement & modeling (2),race,Asian / Asian American,donation_ams,3.6
Measurement & modeling (2),race,Asian / Asian American,funding_perceptions,36.5
Measurement & modeling (2),race,Asian / Asian American,inst_trust_mean,75.0
Measurement & modeling (2),race,Asian / Asian American,newsletter_signup,1.65
Measurement & modeling (2),race,Asian / Asian American,policy_general,77.2
Measurement & modeling (2),race,Asian / Asian American,policy_role_mean,72.5
Measurement & modeling (2),race,Asian / Asian American,policy_specific_mean,74.92857142857143
Measurement & modeling (2),race,Asian / Asian American,trust_multidimensional,80.75833333333334
Measurement & modeling (2),race,Asian / Asian American,trust_post,82.5
Measurement & modeling (2),race,Black / African American,behavior_mean,42.83333333333333
Measurement & modeling (2),race,Black / African American,belief_post,92.1
Measurement & modeling (2),race,Black / African American,concern_mean,77.05000000000001
Measurement & modeling (2),race,Black / African American,distrust_post,34.2
Measurement & modeling (2),race,Black / African American,donation_ams,5.4
Measurement & modeling (2),race,Black / African American,funding_perceptions,23.5
Measurement & modeling (2),race,Black / African American,inst_trust_mean,68.76
Measurement & modeling (2),race,Black / African American,newsletter_signup,1.5
Measurement & modeling (2),race,Black / African American,policy_general,75.8
Measurement & modeling (2),race,Black / African American,policy_role_mean,71.5125
Measurement & modeling (2),race,Black / African American,policy_specific_mean,72.87857142857143
Measurement & modeling (2),race,Black / African American,trust_multidimensional,67.175
Measurement & modeling (2),race,Black / African American,trust_post,68.5
Measurement & modeling (2),race,Hispanic / Latino,behavior_mean,35.916666666666664
Measurement & modeling (2),race,Hispanic / Latino,belief_post,82.1
Measurement & modeling (2),race,Hispanic / Latino,concern_mean,70.43333333333334
Measurement & modeling (2),race,Hispanic / Latino,distrust_post,28.3
Measurement & modeling (2),race,Hispanic / Latino,donation_ams,2.8
Measurement & modeling (2),race,Hispanic / Latino,funding_perceptions,21.400000000000006
Measurement & modeling (2),race,Hispanic / Latino,inst_trust_mean,75.12
Measurement & modeling (2),race,Hispanic / Latino,newsletter_signup,1.5
Measurement & modeling (2),race,Hispanic / Latino,policy_general,65.5
Measurement & modeling (2),race,Hispanic / Latino,policy_role_mean,70.525
Measurement & modeling (2),race,Hispanic / Latino,policy_specific_mean,70.82857142857144
Measurement & modeling (2),race,Hispanic / Latino,trust_multidimensional,67.2
Measurement & modeling (2),race,Hispanic / Latino,trust_post,67.4
Measurement & modeling (2),race,Other,behavior_mean,42.83333333333333
Measurement & modeling (2),race,Other,belief_post,85.05
Measurement & modeling (2),race,Other,concern_mean,77.05000000000001
Measurement & modeling (2),race,Other,distrust_post,26.25
Measurement & modeling (2),race,Other,donation_ams,3.825
Measurement & modeling (2),race,Other,funding_perceptions,29.85
Measurement & modeling (2),race,Other,inst_trust_mean,72.96
Measurement & modeling (2),race,Other,newsletter_signup,1.5375
Measurement & modeling (2),race,Other,policy_general,69.625
Measurement & modeling (2),race,Other,policy_role_mean,71.5125
Measurement & modeling (2),race,Other,policy_specific_mean,72.87857142857143
Measurement & modeling (2),race,Other,trust_multidimensional,70.78333333333333
Measurement & modeling (2),race,Other,trust_post,71.6
Measurement & modeling (2),race,White / Caucasian,behavior_mean,42.83333333333333
Measurement & modeling (2),race,White / Caucasian,belief_post,75.0
Measurement & modeling (2),race,White / Caucasian,concern_mean,77.05000000000001
Measurement & modeling (2),race,White / Caucasian,distrust_post,30.0
Measurement & modeling (2),race,White / Caucasian,donation_ams,3.5
Measurement & modeling (2),race,White / Caucasian,funding_perceptions,38.0
Measurement & modeling (2),race,White / Caucasian,inst_trust_mean,72.96
Measurement & modeling (2),race,White / Caucasian,newsletter_signup,1.5
Measurement & modeling (2),race,White / Caucasian,policy_general,60.0
Measurement & modeling (2),race,White / Caucasian,policy_role_mean,71.5125
Measurement & modeling (2),race,White / Caucasian,policy_specific_mean,72.87857142857143
Measurement & modeling (2),race,White / Caucasian,trust_multidimensional,68.0
Measurement & modeling (2),race,White / Caucasian,trust_post,68.0
Model accuracy,age_band,18-29,behavior_mean,42.73888888888889
Model accuracy,age_band,18-29,belief_post,73.30000000000001
Model accuracy,age_band,18-29,concern_mean,62.900000000000006
Model accuracy,age_band,18-29,distrust_post,21.3
Model accuracy,age_band,18-29,donation_ams,3.716666666666667
Model accuracy,age_band,18-29,funding_perceptions,37.166666666666664
Model accuracy,age_band,18-29,inst_trust_mean,69.94666666666667
Model accuracy,age_band,18-29,newsletter_signup,1.4066666666666665
Model accuracy,age_band,18-29,policy_general,61.56666666666666
Model accuracy,age_band,18-29,policy_role_mean,55.025
Model accuracy,age_band,18-29,policy_specific_mean,54.88095238095238
Model accuracy,age_band,18-29,trust_multidimensional,75.97500000000001
Model accuracy,age_band,18-29,trust_post,75.53333333333333
Model accuracy,age_band,30-44,behavior_mean,44.76666666666667
Model accuracy,age_band,30-44,belief_post,78.9
Model accuracy,age_band,30-44,concern_mean,68.03333333333333
Model accuracy,age_band,30-44,distrust_post,23.5
Model accuracy,age_band,30-44,donation_ams,4.8
Model accuracy,age_band,30-44,funding_perceptions,22.200000000000003
Model accuracy,age_band,30-44,inst_trust_mean,71.08
Model accuracy,age_band,30-44,newsletter_signup,1.42
Model accuracy,age_band,30-44,policy_general,64.2
Model accuracy,age_band,30-44,policy_role_mean,58.725
Model accuracy,age_band,30-44,policy_specific_mean,54.785714285714285
Model accuracy,age_band,30-44,trust_multidimensional,77.05833333333334
Model accuracy,age_band,30-44,trust_post,76.5
Model accuracy,age_band,45-59,behavior_mean,38.583333333333336
Model accuracy,age_band,45-59,belief_post,71.2
Model accuracy,age_band,45-59,concern_mean,71.83333333333333
Model accuracy,age_band,45-59,distrust_post,16.0
Model accuracy,age_band,45-59,donation_ams,2.5
Model accuracy,age_band,45-59,funding_perceptions,45.5
Model accuracy,age_band,45-59,inst_trust_mean,68.24
Model accuracy,age_band,45-59,newsletter_signup,1.15
Model accuracy,age_band,45-59,policy_general,62.0
Model accuracy,age_band,45-59,policy_role_mean,52.25
Model accuracy,age_band,45-59,policy_specific_mean,51.142857142857146
Model accuracy,age_band,45-59,trust_multidimensional,76.25833333333334
Model accuracy,age_band,45-59,trust_post,74.5
Model accuracy,age_band,60+,behavior_mean,44.86666666666667
Model accuracy,age_band,60+,belief_post,69.8
Model accuracy,age_band,60+,concern_mean,48.833333333333336
Model accuracy,age_band,60+,distrust_post,24.4
Model accuracy,age_band,60+,donation_ams,3.85
Model accuracy,age_band,60+,funding_perceptions,43.8
Model accuracy,age_band,60+,inst_trust_mean,70.52000000000001
Model accuracy,age_band,60+,newsletter_signup,1.65
Model accuracy,age_band,60+,policy_general,58.5
Model accuracy,age_band,60+,policy_role_mean,54.1
Model accuracy,age_band,60+,policy_specific_mean,58.714285714285715
Model accuracy,age_band,60+,trust_multidimensional,74.60833333333333
Model accuracy,age_band,60+,trust_post,75.6
Model accuracy,education,Bachelor's degree,behavior_mean,62.166666666666664
Model accuracy,education,Bachelor's degree,belief_post,83.0
Model accuracy,education,Bachelor's degree,concern_mean,81.33333333333333
Model accuracy,education,Bachelor's degree,distrust_post,18.0
Model accuracy,education,Bachelor's degree,donation_ams,5.5
Model accuracy,education,Bachelor's degree,funding_perceptions,32.0
Model accuracy,education,Bachelor's degree,inst_trust_mean,71.6
Model accuracy,education,Bachelor's degree,newsletter_signup,1.3
Model accuracy,education,Bachelor's degree,policy_general,76.0
Model accuracy,education,Bachelor's degree,policy_role_mean,68.75
Model accuracy,education,Bachelor's degree,policy_specific_mean,73.42857142857143
Model accuracy,education,Bachelor's degree,trust_multidimensional,78.66666666666667
Model accuracy,education,Bachelor's degree,trust_post,75.0
Model accuracy,education,Doctorate degree / Ph.D.,behavior_mean,62.166666666666664
Model accuracy,education,Doctorate degree / Ph.D.,belief_post,73.6
Model accuracy,education,Doctorate degree / Ph.D.,concern_mean,70.78333333333333
Model accuracy,education,Doctorate degree / Ph.D.,distrust_post,31.15
Model accuracy,education,Doctorate degree / Ph.D.,donation_ams,4.8
Model accuracy,education,Doctorate degree / Ph.D.,funding_perceptions,48.2
Model accuracy,education,Doctorate degree / Ph.D.,inst_trust_mean,60.05
Model accuracy,education,Doctorate degree / Ph.D.,newsletter_signup,1.3250000000000002
Model accuracy,education,Doctorate degree / Ph.D.,policy_general,57.25
Model accuracy,education,Doctorate degree / Ph.D.,policy_role_mean,55.425
Model accuracy,education,Doctorate degree / Ph.D.,policy_specific_mean,73.42857142857143
Model accuracy,education,Doctorate degree / Ph.D.,trust_multidimensional,64.54583333333333
Model accuracy,education,Doctorate degree / Ph.D.,trust_post,62.95
Model accuracy,education,High school diploma / GED,behavior_mean,62.166666666666664
Model accuracy,education,High school diploma / GED,belief_post,64.2
Model accuracy,education,High school diploma / GED,concern_mean,60.23333333333333
Model accuracy,education,High school diploma / GED,distrust_post,44.3
Model accuracy,education,High school diploma / GED,donation_ams,4.1
Model accuracy,education,High school diploma / GED,funding_perceptions,64.4
Model accuracy,education,High school diploma / GED,inst_trust_mean,48.5
Model accuracy,education,High school diploma / GED,newsletter_signup,1.35
Model accuracy,education,High school diploma / GED,policy_general,38.5
Model accuracy,education,High school diploma / GED,policy_role_mean,42.1
Model accuracy,education,High school diploma / GED,policy_specific_mean,73.42857142857143
Model accuracy,education,High school diploma / GED,trust_multidimensional,50.425000000000004
Model accuracy,education,High school diploma / GED,trust_post,50.9
Model accuracy,education,Less than high school,behavior_mean,62.166666666666664
Model accuracy,education,Less than high school,belief_post,73.6
Model accuracy,education,Less than high school,concern_mean,70.78333333333333
Model accuracy,education,Less than high school,distrust_post,31.15
Model accuracy,education,Less than high school,donation_ams,4.8
Model accuracy,education,Less than high school,funding_perceptions,48.2
Model accuracy,education,Less than high school,inst_trust_mean,60.05
Model accuracy,education,Less than high school,newsletter_signup,1.3250000000000002
Model accuracy,education,Less than high school,policy_general,57.25
Model accuracy,education,Less than high school,policy_role_mean,55.425
Model accuracy,education,Less than high school,policy_specific_mean,73.42857142857143
Model accuracy,education,Less than high school,trust_multidimensional,64.54583333333333
Model accuracy,education,Less than high school,trust_post,62.95
Model accuracy,education,Master's degree / Professional degree,behavior_mean,62.166666666666664
Model accuracy,education,Master's degree / Professional degree,belief_post,73.6
Model accuracy,education,Master's degree / Professional degree,concern_mean,70.78333333333333
Model accuracy,education,Master's degree / Professional degree,distrust_post,31.15
Model accuracy,education,Master's degree / Professional degree,donation_ams,4.8
Model accuracy,education,Master's degree / Professional degree,funding_perceptions,48.2
Model accuracy,education,Master's degree / Professional degree,inst_trust_mean,60.05
Model accuracy,education,Master's degree / Professional degree,newsletter_signup,1.3250000000000002
Model accuracy,education,Master's degree / Professional degree,policy_general,57.25
Model accuracy,education,Master's degree / Professional degree,policy_role_mean,55.425
Model accuracy,education,Master's degree / Professional degree,policy_specific_mean,73.42857142857143
Model accuracy,education,Master's degree / Professional degree,trust_multidimensional,64.54583333333333
Model accuracy,education,Master's degree / Professional degree,trust_post,62.95
Model accuracy,education,Some college or Associate's degree,behavior_mean,62.166666666666664
Model accuracy,education,Some college or Associate's degree,belief_post,73.6
Model accuracy,education,Some college or Associate's degree,concern_mean,70.78333333333333
Model accuracy,education,Some college or Associate's degree,distrust_post,31.15
Model accuracy,education,Some college or Associate's degree,donation_ams,4.8
Model accuracy,education,Some college or Associate's degree,funding_perceptions,48.2
Model accuracy,education,Some college or Associate's degree,inst_trust_mean,60.05
Model accuracy,education,Some college or Associate's degree,newsletter_signup,1.3250000000000002
Model accuracy,education,Some college or Associate's degree,policy_general,57.25
Model accuracy,education,Some college or Associate's degree,policy_role_mean,55.425
Model accuracy,education,Some college or Associate's degree,policy_specific_mean,73.42857142857143
Model accuracy,education,Some college or Associate's degree,trust_multidimensional,64.54583333333333
Model accuracy,education,Some college or Associate's degree,trust_post,62.95
Model accuracy,gender,Female,behavior_mean,45.833333333333336
Model accuracy,gender,Female,belief_post,90.0
Model accuracy,gender,Female,concern_mean,72.33333333333333
Model accuracy,gender,Female,distrust_post,20.0
Model accuracy,gender,Female,donation_ams,4.0
Model accuracy,gender,Female,funding_perceptions,25.0
Model accuracy,gender,Female,inst_trust_mean,78.4
Model accuracy,gender,Female,newsletter_signup,1.5
Model accuracy,gender,Female,policy_general,72.0
Model accuracy,gender,Female,policy_role_mean,73.25
Model accuracy,gender,Female,policy_specific_mean,73.14285714285714
Model accuracy,gender,Female,trust_multidimensional,84.75
Model accuracy,gender,Female,trust_post,70.0
Model accuracy,gender,Male,behavior_mean,32.166666666666664
Model accuracy,gender,Male,belief_post,71.0
Model accuracy,gender,Male,concern_mean,60.166666666666664
Model accuracy,gender,Male,distrust_post,25.0
Model accuracy,gender,Male,donation_ams,3.2
Model accuracy,gender,Male,funding_perceptions,52.0
Model accuracy,gender,Male,inst_trust_mean,60.1
Model accuracy,gender,Male,newsletter_signup,1.75
Model accuracy,gender,Male,policy_general,63.0
Model accuracy,gender,Male,policy_role_mean,56.25
Model accuracy,gender,Male,policy_specific_mean,52.42857142857143
Model accuracy,gender,Male,trust_multidimensional,66.79166666666667
Model accuracy,gender,Male,trust_post,68.0
Model accuracy,gender,Other,behavior_mean,27.166666666666668
Model accuracy,gender,Other,belief_post,86.0
Model accuracy,gender,Other,concern_mean,72.66666666666667
Model accuracy,gender,Other,distrust_post,25.0
Model accuracy,gender,Other,donation_ams,2.5
Model accuracy,gender,Other,funding_perceptions,65.0
Model accuracy,gender,Other,inst_trust_mean,73.6
Model accuracy,gender,Other,newsletter_signup,1.2
Model accuracy,gender,Other,policy_general,66.0
Model accuracy,gender,Other,policy_role_mean,70.0
Model accuracy,gender,Other,policy_specific_mean,65.14285714285714
Model accuracy,gender,Other,trust_multidimensional,81.04166666666667
Model accuracy,gender,Other,trust_post,74.0
Model accuracy,income,"$100,000 to $167,999",behavior_mean,54.23333333333333
Model accuracy,income,"$100,000 to $167,999",belief_post,83.4
Model accuracy,income,"$100,000 to $167,999",concern_mean,72.7
Model accuracy,income,"$100,000 to $167,999",distrust_post,24.5
Model accuracy,income,"$100,000 to $167,999",donation_ams,3.8
Model accuracy,income,"$100,000 to $167,999",funding_perceptions,21.400000000000006
Model accuracy,income,"$100,000 to $167,999",inst_trust_mean,71.56
Model accuracy,income,"$100,000 to $167,999",newsletter_signup,1.35
Model accuracy,income,"$100,000 to $167,999",policy_general,72.1
Model accuracy,income,"$100,000 to $167,999",policy_role_mean,72.725
Model accuracy,income,"$100,000 to $167,999",policy_specific_mean,70.54285714285714
Model accuracy,income,"$100,000 to $167,999",trust_multidimensional,78.52499999999999
Model accuracy,income,"$100,000 to $167,999",trust_post,76.3
Model accuracy,income,"$168,000 or more",behavior_mean,37.79999999999999
Model accuracy,income,"$168,000 or more",belief_post,83.8
Model accuracy,income,"$168,000 or more",concern_mean,67.78888888888889
Model accuracy,income,"$168,000 or more",distrust_post,26.5
Model accuracy,income,"$168,000 or more",donation_ams,3.133333333333333
Model accuracy,income,"$168,000 or more",funding_perceptions,52.800000000000004
Model accuracy,income,"$168,000 or more",inst_trust_mean,71.85333333333334
Model accuracy,income,"$168,000 or more",newsletter_signup,1.4833333333333334
Model accuracy,income,"$168,000 or more",policy_general,65.03333333333333
Model accuracy,income,"$168,000 or more",policy_role_mean,66.49166666666666
Model accuracy,income,"$168,000 or more",policy_specific_mean,64.84761904761905
Model accuracy,income,"$168,000 or more",trust_multidimensional,75.63333333333333
Model accuracy,income,"$168,000 or more",trust_post,73.10000000000001
Model accuracy,income,"$30,000 to $55,999",behavior_mean,24.0
Model accuracy,income,"$30,000 to $55,999",belief_post,80.0
Model accuracy,income,"$30,000 to $55,999",concern_mean,57.333333333333336
Model accuracy,income,"$30,000 to $55,999",distrust_post,35.0
Model accuracy,income,"$30,000 to $55,999",donation_ams,2.8
Model accuracy,income,"$30,000 to $55,999",funding_perceptions,55.0
Model accuracy,income,"$30,000 to $55,999",inst_trust_mean,66.0
Model accuracy,income,"$30,000 to $55,999",newsletter_signup,1.5
Model accuracy,income,"$30,000 to $55,999",policy_general,48.0
Model accuracy,income,"$30,000 to $55,999",policy_role_mean,53.75
Model accuracy,income,"$30,000 to $55,999",policy_specific_mean,53.714285714285715
Model accuracy,income,"$30,000 to $55,999",trust_multidimensional,68.625
Model accuracy,income,"$30,000 to $55,999",trust_post,65.0
Model accuracy,income,"$56,000 to $99,999",behavior_mean,35.166666666666664
Model accuracy,income,"$56,000 to $99,999",belief_post,88.0
Model accuracy,income,"$56,000 to $99,999",concern_mean,73.33333333333333
Model accuracy,income,"$56,000 to $99,999",distrust_post,20.0
Model accuracy,income,"$56,000 to $99,999",donation_ams,2.8
Model accuracy,income,"$56,000 to $99,999",funding_perceptions,82.0
Model accuracy,income,"$56,000 to $99,999",inst_trust_mean,78.0
Model accuracy,income,"$56,000 to $99,999",newsletter_signup,1.6
Model accuracy,income,"$56,000 to $99,999",policy_general,75.0
Model accuracy,income,"$56,000 to $99,999",policy_role_mean,73.0
Model accuracy,income,"$56,000 to $99,999",policy_specific_mean,70.28571428571429
Model accuracy,income,"$56,000 to $99,999",trust_multidimensional,79.75
Model accuracy,income,"$56,000 to $99,999",trust_post,78.0
Model accuracy,income,"Less than $30,000",behavior_mean,37.79999999999999
Model accuracy,income,"Less than $30,000",belief_post,83.8
Model accuracy,income,"Less than $30,000",concern_mean,67.78888888888889
Model accuracy,income,"Less than $30,000",distrust_post,26.5
Model accuracy,income,"Less than $30,000",donation_ams,3.133333333333333
Model accuracy,income,"Less than $30,000",funding_perceptions,52.800000000000004
Model accuracy,income,"Less than $30,000",inst_trust_mean,71.85333333333334
Model accuracy,income,"Less than $30,000",newsletter_signup,1.4833333333333334
Model accuracy,income,"Less than $30,000",policy_general,65.03333333333333
Model accuracy,income,"Less than $30,000",policy_role_mean,66.49166666666666
Model accuracy,income,"Less than $30,000",policy_specific_mean,64.84761904761905
Model accuracy,income,"Less than $30,000",trust_multidimensional,75.63333333333333
Model accuracy,income,"Less than $30,000",trust_post,73.10000000000001
Model accuracy,party,Democrat,behavior_mean,41.0
Model accuracy,party,Democrat,belief_post,93.4
Model accuracy,party,Democrat,concern_mean,84.0
Model accuracy,party,Democrat,distrust_post,14.2
Model accuracy,party,Democrat,donation_ams,8.2
Model accuracy,party,Democrat,funding_perceptions,13.5
Model accuracy,party,Democrat,inst_trust_mean,81.06
Model accuracy,party,Democrat,newsletter_signup,1.35
Model accuracy,party,Democrat,policy_general,84.7
Model accuracy,party,Democrat,policy_role_mean,75.7
Model accuracy,party,Democrat,policy_specific_mean,80.61428571428571
Model accuracy,party,Democrat,trust_multidimensional,86.29166666666667
Model accuracy,party,Democrat,trust_post,89.1
Model accuracy,party,Independent,behavior_mean,45.333333333333336
Model accuracy,party,Independent,belief_post,75.9
Model accuracy,party,Independent,concern_mean,73.83333333333333
Model accuracy,party,Independent,distrust_post,23.1
Model accuracy,party,Independent,donation_ams,4.2
Model accuracy,party,Independent,funding_perceptions,48.8
Model accuracy,party,Independent,inst_trust_mean,53.9
Model accuracy,party,Independent,newsletter_signup,1.58
Model accuracy,party,Independent,policy_general,56.4
Model accuracy,party,Independent,policy_role_mean,58.575
Model accuracy,party,Independent,policy_specific_mean,52.24285714285714
Model accuracy,party,Independent,trust_multidimensional,76.06666666666666
Model accuracy,party,Independent,trust_post,76.8
Model accuracy,party,Other,behavior_mean,29.05
Model accuracy,party,Other,belief_post,71.3
Model accuracy,party,Other,concern_mean,61.76666666666667
Model accuracy,party,Other,distrust_post,41.2
Model accuracy,party,Other,donation_ams,3.8
Model accuracy,party,Other,funding_perceptions,53.5
Model accuracy,party,Other,inst_trust_mean,51.04
Model accuracy,party,Other,newsletter_signup,1.88
Model accuracy,party,Other,policy_general,48.2
Model accuracy,party,Other,policy_role_mean,51.2
Model accuracy,party,Other,policy_specific_mean,50.98571428571428
Model accuracy,party,Other,trust_multidimensional,54.666666666666664
Model accuracy,party,Other,trust_post,56.7
Model accuracy,party,Republican,behavior_mean,28.03333333333333
Model accuracy,party,Republican,belief_post,42.6
Model accuracy,party,Republican,concern_mean,44.833333333333336
Model accuracy,party,Republican,distrust_post,53.1
Model accuracy,party,Republican,donation_ams,1.8
Model accuracy,party,Republican,funding_perceptions,81.5
Model accuracy,party,Republican,inst_trust_mean,43.839999999999996
Model accuracy,party,Republican,newsletter_signup,1.75
Model accuracy,party,Republican,policy_general,21.4
Model accuracy,party,Republican,policy_role_mean,42.15
Model accuracy,party,Republican,policy_specific_mean,39.114285714285714
Model accuracy,party,Republican,trust_multidimensional,47.14166666666667
Model accuracy,party,Republican,trust_post,47.3
Model accuracy,race,Asian / Asian American,behavior_mean,51.28333333333333
Model accuracy,race,Asian / Asian American,belief_post,73.25
Model accuracy,race,Asian / Asian American,concern_mean,71.53333333333335
Model accuracy,race,Asian / Asian American,distrust_post,27.0
Model accuracy,race,Asian / Asian American,donation_ams,3.0999999999999996
Model accuracy,race,Asian / Asian American,funding_perceptions,42.8
Model accuracy,race,Asian / Asian American,inst_trust_mean,66.37
Model accuracy,race,Asian / Asian American,newsletter_signup,1.475
Model accuracy,race,Asian / Asian American,policy_general,67.2
Model accuracy,race,Asian / Asian American,policy_role_mean,68.275
Model accuracy,race,Asian / Asian American,policy_specific_mean,62.98571428571428
Model accuracy,race,Asian / Asian American,trust_multidimensional,71.96666666666667
Model accuracy,race,Asian / Asian American,trust_post,73.0
Model accuracy,race,Black / African American,behavior_mean,51.28333333333333
Model accuracy,race,Black / African American,belief_post,73.25
Model accuracy,race,Black / African American,concern_mean,71.53333333333335
Model accuracy,race,Black / African American,distrust_post,27.0
Model accuracy,race,Black / African American,donation_ams,3.0999999999999996
Model accuracy,race,Black / African American,funding_perceptions,42.8
Model accuracy,race,Black / African American,inst_trust_mean,66.37
Model accuracy,race,Black / African American,newsletter_signup,1.475
Model accuracy,race,Black / African American,policy_general,67.2
Model accuracy,race,Black / African American,policy_role_mean,68.275
Model accuracy,race,Black / African American,policy_specific_mean,62.98571428571428
Model accuracy,race,Black / African American,trust_multidimensional,71.96666666666667
Model accuracy,race,Black / African American,trust_post,73.0
Model accuracy,race,Hispanic / Latino,behavior_mean,51.28333333333333
Model accuracy,race,Hispanic / Latino,belief_post,84.5
Model accuracy,race,Hispanic / Latino,concern_mean,71.53333333333335
Model accuracy,race,Hispanic / Latino,distrust_post,21.5
Model accuracy,race,Hispanic / Latino,donation_ams,2.4
Model accuracy,race,Hispanic / Latino,funding_perceptions,43.8
Model accuracy,race,Hispanic / Latino,inst_trust_mean,66.24
Model accuracy,race,Hispanic / Latino,newsletter_signup,1.45
Model accuracy,race,Hispanic / Latino,policy_general,78.9
Model accuracy,race,Hispanic / Latino,policy_role_mean,68.275
Model accuracy,race,Hispanic / Latino,policy_specific_mean,62.98571428571428
Model accuracy,race,Hispanic / Latino,trust_multidimensional,73.60833333333333
Model accuracy,race,Hispanic / Latino,trust_post,77.5
Model accuracy,race,Other,behavior_mean,51.28333333333333
Model accuracy,race,Other,belief_post,73.25
Model accuracy,race,Other,concern_mean,71.53333333333335
Model accuracy,race,Other,distrust_post,27.0
Model accuracy,race,Other,donation_ams,3.0999999999999996
Model accuracy,race,Other,funding_perceptions,42.8
Model accuracy,race,Other,inst_trust_mean,66.37
Model accuracy,race,Other,newsletter_signup,1.475
Model accuracy,race,Other,policy_general,67.2
Model accuracy,race,Other,policy_role_mean,68.275
Model accuracy,race,Other,policy_specific_mean,62.98571428571428
Model accuracy,race,Other,trust_multidimensional,71.96666666666667
Model accuracy,race,Other,trust_post,73.0
Model accuracy,race,White / Caucasian,behavior_mean,51.28333333333333
Model accuracy,race,White / Caucasian,belief_post,62.0
Model accuracy,race,White / Caucasian,concern_mean,71.53333333333335
Model accuracy,race,White / Caucasian,distrust_post,32.5
Model accuracy,race,White / Caucasian,donation_ams,3.8
Model accuracy,race,White / Caucasian,funding_perceptions,41.8
Model accuracy,race,White / Caucasian,inst_trust_mean,66.5
Model accuracy,race,White / Caucasian,newsletter_signup,1.5
Model accuracy,race,White / Caucasian,policy_general,55.5
Model accuracy,race,White / Caucasian,policy_role_mean,68.275
Model accuracy,race,White / Caucasian,policy_specific_mean,62.98571428571428
Model accuracy,race,White / Caucasian,trust_multidimensional,70.325
Model accuracy,race,White / Caucasian,trust_post,68.5
Oil industry misinformation,age_band,18-29,behavior_mean,55.57666666666667
Oil industry misinformation,age_band,18-29,belief_post,80.69999999999999
Oil industry misinformation,age_band,18-29,concern_mean,79.57777777777777
Oil industry misinformation,age_band,18-29,distrust_post,21.35
Oil industry misinformation,age_band,18-29,donation_ams,3.8
Oil industry misinformation,age_band,18-29,funding_perceptions,46.699999999999996
Oil industry misinformation,age_band,18-29,inst_trust_mean,68.86
Oil industry misinformation,age_band,18-29,newsletter_signup,1.45
Oil industry misinformation,age_band,18-29,policy_general,66.15
Oil industry misinformation,age_band,18-29,policy_role_mean,72.25357142857142
Oil industry misinformation,age_band,18-29,policy_specific_mean,71.25142857142858
Oil industry misinformation,age_band,18-29,trust_multidimensional,75.73333333333333
Oil industry misinformation,age_band,18-29,trust_post,77.2
Oil industry misinformation,age_band,30-44,behavior_mean,55.57666666666667
Oil industry misinformation,age_band,30-44,belief_post,80.69999999999999
Oil industry misinformation,age_band,30-44,concern_mean,79.57777777777777
Oil industry misinformation,age_band,30-44,distrust_post,21.35
Oil industry misinformation,age_band,30-44,donation_ams,3.8
Oil industry misinformation,age_band,30-44,funding_perceptions,46.699999999999996
Oil industry misinformation,age_band,30-44,inst_trust_mean,68.86
Oil industry misinformation,age_band,30-44,newsletter_signup,1.45
Oil industry misinformation,age_band,30-44,policy_general,66.15
Oil industry misinformation,age_band,30-44,policy_role_mean,72.25357142857142
Oil industry misinformation,age_band,30-44,policy_specific_mean,71.25142857142858
Oil industry misinformation,age_band,30-44,trust_multidimensional,75.73333333333333
Oil industry misinformation,age_band,30-44,trust_post,77.2
Oil industry misinformation,age_band,45-59,behavior_mean,55.57666666666667
Oil industry misinformation,age_band,45-59,belief_post,89.3
Oil industry misinformation,age_band,45-59,concern_mean,79.57777777777777
Oil industry misinformation,age_band,45-59,distrust_post,24.5
Oil industry misinformation,age_band,45-59,donation_ams,3.8
Oil industry misinformation,age_band,45-59,funding_perceptions,28.799999999999997
Oil industry misinformation,age_band,45-59,inst_trust_mean,68.86
Oil industry misinformation,age_band,45-59,newsletter_signup,1.45
Oil industry misinformation,age_band,45-59,policy_general,63.6
Oil industry misinformation,age_band,45-59,policy_role_mean,72.25357142857142
Oil industry misinformation,age_band,45-59,policy_specific_mean,71.25142857142858
Oil industry misinformation,age_band,45-59,trust_multidimensional,73.30833333333334
Oil industry misinformation,age_band,45-59,trust_post,68.9
Oil industry misinformation,age_band,60+,behavior_mean,55.57666666666667
Oil industry misinformation,age_band,60+,belief_post,72.1
Oil industry misinformation,age_band,60+,concern_mean,79.57777777777777
Oil industry misinformation,age_band,60+,distrust_post,18.2
Oil industry misinformation,age_band,60+,donation_ams,3.8
Oil industry misinformation,age_band,60+,funding_perceptions,64.6
Oil industry misinformation,age_band,60+,inst_trust_mean,68.86
Oil industry misinformation,age_band,60+,newsletter_signup,1.45
Oil industry misinformation,age_band,60+,policy_general,68.7
Oil industry misinformation,age_band,60+,policy_role_mean,72.25357142857142
Oil industry misinformation,age_band,60+,policy_specific_mean,71.25142857142858
Oil industry misinformation,age_band,60+,trust_multidimensional,78.15833333333333
Oil industry misinformation,age_band,60+,trust_post,85.5
Oil industry misinformation,education,Bachelor's degree,behavior_mean,55.300000000000004
Oil industry misinformation,education,Bachelor's degree,belief_post,91.2
Oil industry misinformation,education,Bachelor's degree,concern_mean,86.36666666666667
Oil industry misinformation,education,Bachelor's degree,distrust_post,11.8
Oil industry misinformation,education,Bachelor's degree,donation_ams,5.8
Oil industry misinformation,education,Bachelor's degree,funding_perceptions,31.5
Oil industry misinformation,education,Bachelor's degree,inst_trust_mean,71.2
Oil industry misinformation,education,Bachelor's degree,newsletter_signup,1.6
Oil industry misinformation,education,Bachelor's degree,policy_general,82.1
Oil industry misinformation,education,Bachelor's degree,policy_role_mean,73.425
Oil industry misinformation,education,Bachelor's degree,policy_specific_mean,71.61428571428571
Oil industry misinformation,education,Bachelor's degree,trust_multidimensional,79.98333333333333
Oil industry misinformation,education,Bachelor's degree,trust_post,85.4
Oil industry misinformation,education,Doctorate degree / Ph.D.,behavior_mean,55.300000000000004
Oil industry misinformation,education,Doctorate degree / Ph.D.,belief_post,91.2
Oil industry misinformation,education,Doctorate degree / Ph.D.,concern_mean,86.36666666666667
Oil industry misinformation,education,Doctorate degree / Ph.D.,distrust_post,11.8
Oil industry misinformation,education,Doctorate degree / Ph.D.,donation_ams,5.8
Oil industry misinformation,education,Doctorate degree / Ph.D.,funding_perceptions,31.5
Oil industry misinformation,education,Doctorate degree / Ph.D.,inst_trust_mean,71.2
Oil industry misinformation,education,Doctorate degree / Ph.D.,newsletter_signup,1.6
Oil industry misinformation,education,Doctorate degree / Ph.D.,policy_general,82.1
Oil industry misinformation,education,Doctorate degree / Ph.D.,policy_role_mean,73.425
Oil industry misinformation,education,Doctorate degree / Ph.D.,policy_specific_mean,71.61428571428571
Oil industry misinformation,education,Doctorate degree / Ph.D.,trust_multidimensional,79.98333333333333
Oil industry misinformation,education,Doctorate degree / Ph.D.,trust_post,85.4
Oil industry misinformation,education,High school diploma / GED,behavior_mean,55.300000000000004
Oil industry misinformation,education,High school diploma / GED,belief_post,91.2
Oil industry misinformation,education,High school diploma / GED,concern_mean,86.36666666666667
Oil industry misinformation,education,High school diploma / GED,distrust_post,11.8
Oil industry misinformation,education,High school diploma / GED,donation_ams,5.8
Oil industry misinformation,education,High school diploma / GED,funding_perceptions,31.5
Oil industry misinformation,education,High school diploma / GED,inst_trust_mean,71.2
Oil industry misinformation,education,High school diploma / GED,newsletter_signup,1.6
Oil industry misinformation,education,High school diploma / GED,policy_general,82.1
Oil industry misinformation,education,High school diploma / GED,policy_role_mean,73.425
Oil industry misinformation,education,High school diploma / GED,policy_specific_mean,71.61428571428571
Oil industry misinformation,education,High school diploma / GED,trust_multidimensional,79.98333333333333
Oil industry misinformation,education,High school diploma / GED,trust_post,85.4
Oil industry misinformation,education,Less than high school,behavior_mean,55.300000000000004
Oil industry misinformation,education,Less than high school,belief_post,91.2
Oil industry misinformation,education,Less than high school,concern_mean,86.36666666666667
Oil industry misinformation,education,Less than high school,distrust_post,11.8
Oil industry misinformation,education,Less than high school,donation_ams,5.8
Oil industry misinformation,education,Less than high school,funding_perceptions,31.5
Oil industry misinformation,education,Less than high school,inst_trust_mean,71.2
Oil industry misinformation,education,Less than high school,newsletter_signup,1.6
Oil industry misinformation,education,Less than high school,policy_general,82.1
Oil industry misinformation,education,Less than high school,policy_role_mean,73.425
Oil industry misinformation,education,Less than high school,policy_specific_mean,71.61428571428571
Oil industry misinformation,education,Less than high school,trust_multidimensional,79.98333333333333
Oil industry misinformation,education,Less than high school,trust_post,85.4
Oil industry misinformation,education,Master's degree / Professional degree,behavior_mean,55.300000000000004
Oil industry misinformation,education,Master's degree / Professional degree,belief_post,91.2
Oil industry misinformation,education,Master's degree / Professional degree,concern_mean,86.36666666666667
Oil industry misinformation,education,Master's degree / Professional degree,distrust_post,11.8
Oil industry misinformation,education,Master's degree / Professional degree,donation_ams,5.8
Oil industry misinformation,education,Master's degree / Professional degree,funding_perceptions,31.5
Oil industry misinformation,education,Master's degree / Professional degree,inst_trust_mean,71.2
Oil industry misinformation,education,Master's degree / Professional degree,newsletter_signup,1.6
Oil industry misinformation,education,Master's degree / Professional degree,policy_general,82.1
Oil industry misinformation,education,Master's degree / Professional degree,policy_role_mean,73.425
Oil industry misinformation,education,Master's degree / Professional degree,policy_specific_mean,71.61428571428571
Oil industry misinformation,education,Master's degree / Professional degree,trust_multidimensional,79.98333333333333
Oil industry misinformation,education,Master's degree / Professional degree,trust_post,85.4
Oil industry misinformation,education,Some college or Associate's degree,behavior_mean,55.300000000000004
Oil industry misinformation,education,Some college or Associate's degree,belief_post,91.2
Oil industry misinformation,education,Some college or Associate's degree,concern_mean,86.36666666666667
Oil industry misinformation,education,Some college or Associate's degree,distrust_post,11.8
Oil industry misinformation,education,Some college or Associate's degree,donation_ams,5.8
Oil industry misinformation,education,Some college or Associate's degree,funding_perceptions,31.5
Oil industry misinformation,education,Some college or Associate's degree,inst_trust_mean,71.2
Oil industry misinformation,education,Some college or Associate's degree,newsletter_signup,1.6
Oil industry misinformation,education,Some college or Associate's degree,policy_general,82.1
Oil industry misinformation,education,Some college or Associate's degree,policy_role_mean,73.425
Oil industry misinformation,education,Some college or Associate's degree,policy_specific_mean,71.61428571428571
Oil industry misinformation,education,Some college or Associate's degree,trust_multidimensional,79.98333333333333
Oil industry misinformation,education,Some college or Associate's degree,trust_post,85.4
Oil industry misinformation,gender,Female,behavior_mean,46.76666666666667
Oil industry misinformation,gender,Female,belief_post,91.4
Oil industry misinformation,gender,Female,concern_mean,75.2
Oil industry misinformation,gender,Female,distrust_post,18.3
Oil industry misinformation,gender,Female,donation_ams,5.8
Oil industry misinformation,gender,Female,funding_perceptions,17.900000000000006
Oil industry misinformation,gender,Female,inst_trust_mean,75.36
Oil industry misinformation,gender,Female,newsletter_signup,1.15
Oil industry misinformation,gender,Female,policy_general,76.8
Oil industry misinformation,gender,Female,policy_role_mean,70.55
Oil industry misinformation,gender,Female,policy_specific_mean,72.68571428571428
Oil industry misinformation,gender,Female,trust_multidimensional,83.56666666666666
Oil industry misinformation,gender,Female,trust_post,84.5
Oil industry misinformation,gender,Male,behavior_mean,58.71666666666667
Oil industry misinformation,gender,Male,belief_post,8.0
Oil industry misinformation,gender,Male,concern_mean,80.76666666666667
Oil industry misinformation,gender,Male,distrust_post,19.5
Oil industry misinformation,gender,Male,donation_ams,5.9
Oil industry misinformation,gender,Male,funding_perceptions,23.799999999999997
Oil industry misinformation,gender,Male,inst_trust_mean,78.18
Oil industry misinformation,gender,Male,newsletter_signup,1.4249999999999998
Oil industry misinformation,gender,Male,policy_general,81.4
Oil industry misinformation,gender,Male,policy_role_mean,75.275
Oil industry misinformation,gender,Male,policy_specific_mean,77.05714285714285
Oil industry misinformation,gender,Male,trust_multidimensional,76.51666666666667
Oil industry misinformation,gender,Male,trust_post,78.6
Oil industry misinformation,gender,Other,behavior_mean,70.66666666666667
Oil industry misinformation,gender,Other,belief_post,95.0
Oil industry misinformation,gender,Other,concern_mean,86.33333333333333
Oil industry misinformation,gender,Other,distrust_post,17.0
Oil industry misinformation,gender,Other,donation_ams,6.0
Oil industry misinformation,gender,Other,funding_perceptions,15.0
Oil industry misinformation,gender,Other,inst_trust_mean,81.0
Oil industry misinformation,gender,Other,newsletter_signup,1.7
Oil industry misinformation,gender,Other,policy_general,86.0
Oil industry misinformation,gender,Other,policy_role_mean,80.0
Oil industry misinformation,gender,Other,policy_specific_mean,81.42857142857143
Oil industry misinformation,gender,Other,trust_multidimensional,79.33333333333333
Oil industry misinformation,gender,Other,trust_post,83.0
Oil industry misinformation,income,"$100,000 to $167,999",behavior_mean,55.57666666666667
Oil industry misinformation,income,"$100,000 to $167,999",belief_post,88.4
Oil industry misinformation,income,"$100,000 to $167,999",concern_mean,80.06666666666666
Oil industry misinformation,income,"$100,000 to $167,999",distrust_post,22.2
Oil industry misinformation,income,"$100,000 to $167,999",donation_ams,5.8
Oil industry misinformation,income,"$100,000 to $167,999",funding_perceptions,23.700000000000003
Oil industry misinformation,income,"$100,000 to $167,999",inst_trust_mean,75.61999999999999
Oil industry misinformation,income,"$100,000 to $167,999",newsletter_signup,1.52
Oil industry misinformation,income,"$100,000 to $167,999",policy_general,72.5
Oil industry misinformation,income,"$100,000 to $167,999",policy_role_mean,74.3
Oil industry misinformation,income,"$100,000 to $167,999",policy_specific_mean,71.25142857142858
Oil industry misinformation,income,"$100,000 to $167,999",trust_multidimensional,75.48333333333333
Oil industry misinformation,income,"$100,000 to $167,999",trust_post,77.8
Oil industry misinformation,income,"$168,000 or more",behavior_mean,55.57666666666667
Oil industry misinformation,income,"$168,000 or more",belief_post,87.9
Oil industry misinformation,income,"$168,000 or more",concern_mean,80.06666666666666
Oil industry misinformation,income,"$168,000 or more",distrust_post,13.8
Oil industry misinformation,income,"$168,000 or more",donation_ams,4.8
Oil industry misinformation,income,"$168,000 or more",funding_perceptions,47.7
Oil industry misinformation,income,"$168,000 or more",inst_trust_mean,76.52000000000001
Oil industry misinformation,income,"$168,000 or more",newsletter_signup,1.85
Oil industry misinformation,income,"$168,000 or more",policy_general,71.2
Oil industry misinformation,income,"$168,000 or more",policy_role_mean,70.4
Oil industry misinformation,income,"$168,000 or more",policy_specific_mean,71.25142857142858
Oil industry misinformation,income,"$168,000 or more",trust_multidimensional,81.70833333333333
Oil industry misinformation,income,"$168,000 or more",trust_post,85.5
Oil industry misinformation,income,"$30,000 to $55,999",behavior_mean,55.57666666666667
Oil industry misinformation,income,"$30,000 to $55,999",belief_post,88.15
Oil industry misinformation,income,"$30,000 to $55,999",concern_mean,80.06666666666666
Oil industry misinformation,income,"$30,000 to $55,999",distrust_post,18.0
Oil industry misinformation,income,"$30,000 to $55,999",donation_ams,5.3
Oil industry misinformation,income,"$30,000 to $55,999",funding_perceptions,35.7
Oil industry misinformation,income,"$30,000 to $55,999",inst_trust_mean,76.07
Oil industry misinformation,income,"$30,000 to $55,999",newsletter_signup,1.685
Oil industry misinformation,income,"$30,000 to $55,999",policy_general,71.85
Oil industry misinformation,income,"$30,000 to $55,999",policy_role_mean,72.35
Oil industry misinformation,income,"$30,000 to $55,999",policy_specific_mean,71.25142857142858
Oil industry misinformation,income,"$30,000 to $55,999",trust_multidimensional,78.59583333333333
Oil industry misinformation,income,"$30,000 to $55,999",trust_post,81.65
Oil industry misinformation,income,"$56,000 to $99,999",behavior_mean,55.57666666666667
Oil industry misinformation,income,"$56,000 to $99,999",belief_post,88.15
Oil industry misinformation,income,"$56,000 to $99,999",concern_mean,80.06666666666666
Oil industry misinformation,income,"$56,000 to $99,999",distrust_post,18.0
Oil industry misinformation,income,"$56,000 to $99,999",donation_ams,5.3
Oil industry misinformation,income,"$56,000 to $99,999",funding_perceptions,35.7
Oil industry misinformation,income,"$56,000 to $99,999",inst_trust_mean,76.07
Oil industry misinformation,income,"$56,000 to $99,999",newsletter_signup,1.685
Oil industry misinformation,income,"$56,000 to $99,999",policy_general,71.85
Oil industry misinformation,income,"$56,000 to $99,999",policy_role_mean,72.35
Oil industry misinformation,income,"$56,000 to $99,999",policy_specific_mean,71.25142857142858
Oil industry misinformation,income,"$56,000 to $99,999",trust_multidimensional,78.59583333333333
Oil industry misinformation,income,"$56,000 to $99,999",trust_post,81.65
Oil industry misinformation,income,"Less than $30,000",behavior_mean,55.57666666666667
Oil industry misinformation,income,"Less than $30,000",belief_post,88.15
Oil industry misinformation,income,"Less than $30,000",concern_mean,80.06666666666666
Oil industry misinformation,income,"Less than $30,000",distrust_post,18.0
Oil industry misinformation,income,"Less than $30,000",donation_ams,5.3
Oil industry misinformation,income,"Less than $30,000",funding_perceptions,35.7
Oil industry misinformation,income,"Less than $30,000",inst_trust_mean,76.07
Oil industry misinformation,income,"Less than $30,000",newsletter_signup,1.685
Oil industry misinformation,income,"Less than $30,000",policy_general,71.85
Oil industry misinformation,income,"Less than $30,000",policy_role_mean,72.35
Oil industry misinformation,income,"Less than $30,000",policy_specific_mean,71.25142857142858
Oil industry misinformation,income,"Less than $30,000",trust_multidimensional,78.59583333333333
Oil industry misinformation,income,"Less than $30,000",trust_post,81.65
Oil industry misinformation,party,Democrat,behavior_mean,52.575
Oil industry misinformation,party,Democrat,belief_post,79.7
Oil industry misinformation,party,Democrat,concern_mean,74.75
Oil industry misinformation,party,Democrat,distrust_post,25.05
Oil industry misinformation,party,Democrat,donation_ams,4.3
Oil industry misinformation,party,Democrat,funding_perceptions,42.6
Oil industry misinformation,party,Democrat,inst_trust_mean,69.15
Oil industry misinformation,party,Democrat,newsletter_signup,1.5750000000000002
Oil industry misinformation,party,Democrat,policy_general,64.1
Oil industry misinformation,party,Democrat,policy_role_mean,68.55
Oil industry misinformation,party,Democrat,policy_specific_mean,65.26428571428572
Oil industry misinformation,party,Democrat,trust_multidimensional,76.72083333333333
Oil industry misinformation,party,Democrat,trust_post,75.25
Oil industry misinformation,party,Independent,behavior_mean,60.0
Oil industry misinformation,party,Independent,belief_post,74.0
Oil industry misinformation,party,Independent,concern_mean,76.66666666666667
Oil industry misinformation,party,Independent,distrust_post,18.0
Oil industry misinformation,party,Independent,donation_ams,4.5
Oil industry misinformation,party,Independent,funding_perceptions,38.0
Oil industry misinformation,party,Independent,inst_trust_mean,65.6
Oil industry misinformation,party,Independent,newsletter_signup,1.8
Oil industry misinformation,party,Independent,policy_general,64.0
Oil industry misinformation,party,Independent,policy_role_mean,72.0
Oil industry misinformation,party,Independent,policy_specific_mean,66.28571428571429
Oil industry misinformation,party,Independent,trust_multidimensional,78.91666666666667
Oil industry misinformation,party,Independent,trust_post,82.0
Oil industry misinformation,party,Other,behavior_mean,45.15
Oil industry misinformation,party,Other,belief_post,85.4
Oil industry misinformation,party,Other,concern_mean,72.83333333333333
Oil industry misinformation,party,Other,distrust_post,32.1
Oil industry misinformation,party,Other,donation_ams,4.1
Oil industry misinformation,party,Other,funding_perceptions,47.2
Oil industry misinformation,party,Other,inst_trust_mean,72.7
Oil industry misinformation,party,Other,newsletter_signup,1.35
Oil industry misinformation,party,Other,policy_general,64.2
Oil industry misinformation,party,Other,policy_role_mean,65.1
Oil industry misinformation,party,Other,policy_specific_mean,64.24285714285715
Oil industry misinformation,party,Other,trust_multidimensional,74.52499999999999
Oil industry misinformation,party,Other,trust_post,68.5
Oil industry misinformation,party,Republican,behavior_mean,52.575
Oil industry misinformation,party,Republican,belief_post,79.7
Oil industry misinformation,party,Republican,concern_mean,74.75
Oil industry misinformation,party,Republican,distrust_post,25.05
Oil industry misinformation,party,Republican,donation_ams,4.3
Oil industry misinformation,party,Republican,funding_perceptions,42.6
Oil industry misinformation,party,Republican,inst_trust_mean,69.15
Oil industry misinformation,party,Republican,newsletter_signup,1.5750000000000002
Oil industry misinformation,party,Republican,policy_general,64.1
Oil industry misinformation,party,Republican,policy_role_mean,68.55
Oil industry misinformation,party,Republican,policy_specific_mean,65.26428571428572
Oil industry misinformation,party,Republican,trust_multidimensional,76.72083333333333
Oil industry misinformation,party,Republican,trust_post,75.25
Oil industry misinformation,race,Asian / Asian American,behavior_mean,55.57666666666667
Oil industry misinformation,race,Asian / Asian American,belief_post,87.0
Oil industry misinformation,race,Asian / Asian American,concern_mean,79.57777777777777
Oil industry misinformation,race,Asian / Asian American,distrust_post,20.0
Oil industry misinformation,race,Asian / Asian American,donation_ams,3.5
Oil industry misinformation,race,Asian / Asian American,funding_perceptions,62.0
Oil industry misinformation,race,Asian / Asian American,inst_trust_mean,73.3575
Oil industry misinformation,race,Asian / Asian American,newsletter_signup,1.6
Oil industry misinformation,race,Asian / Asian American,policy_general,82.0
Oil industry misinformation,race,Asian / Asian American,policy_role_mean,72.25357142857142
Oil industry misinformation,race,Asian / Asian American,policy_specific_mean,71.25142857142858
Oil industry misinformation,race,Asian / Asian American,trust_multidimensional,78.91666666666667
Oil industry misinformation,race,Asian / Asian American,trust_post,80.0
Oil industry misinformation,race,Black / African American,behavior_mean,55.57666666666667
Oil industry misinformation,race,Black / African American,belief_post,87.0
Oil industry misinformation,race,Black / African American,concern_mean,79.57777777777777
Oil industry misinformation,race,Black / African American,distrust_post,20.0
Oil industry misinformation,race,Black / African American,donation_ams,3.5
Oil industry misinformation,race,Black / African American,funding_perceptions,62.0
Oil industry misinformation,race,Black / African American,inst_trust_mean,73.3575
Oil industry misinformation,race,Black / African American,newsletter_signup,1.6
Oil industry misinformation,race,Black / African American,policy_general,82.0
Oil industry misinformation,race,Black / African American,policy_role_mean,72.25357142857142
Oil industry misinformation,race,Black / African American,policy_specific_mean,71.25142857142858
Oil industry misinformation,race,Black / African American,trust_multidimensional,78.91666666666667
Oil industry misinformation,race,Black / African American,trust_post,80.0
Oil industry misinformation,race,Hispanic / Latino,behavior_mean,55.57666666666667
Oil industry misinformation,race,Hispanic / Latino,belief_post,87.0
Oil industry misinformation,race,Hispanic / Latino,concern_mean,79.57777777777777
Oil industry misinformation,race,Hispanic / Latino,distrust_post,20.0
Oil industry misinformation,race,Hispanic / Latino,donation_ams,3.5
Oil industry misinformation,race,Hispanic / Latino,funding_perceptions,62.0
Oil industry misinformation,race,Hispanic / Latino,inst_trust_mean,73.3575
Oil industry misinformation,race,Hispanic / Latino,newsletter_signup,1.6
Oil industry misinformation,race,Hispanic / Latino,policy_general,82.0
Oil industry misinformation,race,Hispanic / Latino,policy_role_mean,72.25357142857142
Oil industry misinformation,race,Hispanic / Latino,policy_specific_mean,71.25142857142858
Oil industry misinformation,race,Hispanic / Latino,trust_multidimensional,78.91666666666667
Oil industry misinformation,race,Hispanic / Latino,trust_post,80.0
Oil industry misinformation,race,Other,behavior_mean,55.57666666666667
Oil industry misinformation,race,Other,belief_post,87.0
Oil industry misinformation,race,Other,concern_mean,79.57777777777777
Oil industry misinformation,race,Other,distrust_post,20.0
Oil industry misinformation,race,Other,donation_ams,3.5
Oil industry misinformation,race,Other,funding_perceptions,62.0
Oil industry misinformation,race,Other,inst_trust_mean,73.3575
Oil industry misinformation,race,Other,newsletter_signup,1.6
Oil industry misinformation,race,Other,policy_general,82.0
Oil industry misinformation,race,Other,policy_role_mean,72.25357142857142
Oil industry misinformation,race,Other,policy_specific_mean,71.25142857142858
Oil industry misinformation,race,Other,trust_multidimensional,78.91666666666667
Oil industry misinformation,race,Other,trust_post,80.0
Oil industry misinformation,race,White / Caucasian,behavior_mean,55.57666666666667
Oil industry misinformation,race,White / Caucasian,belief_post,87.0
Oil industry misinformation,race,White / Caucasian,concern_mean,79.57777777777777
Oil industry misinformation,race,White / Caucasian,distrust_post,20.0
Oil industry misinformation,race,White / Caucasian,donation_ams,3.5
Oil industry misinformation,race,White / Caucasian,funding_perceptions,62.0
Oil industry misinformation,race,White / Caucasian,inst_trust_mean,73.3575
Oil industry misinformation,race,White / Caucasian,newsletter_signup,1.6
Oil industry misinformation,race,White / Caucasian,policy_general,82.0
Oil industry misinformation,race,White / Caucasian,policy_role_mean,72.25357142857142
Oil industry misinformation,race,White / Caucasian,policy_specific_mean,71.25142857142858
Oil industry misinformation,race,White / Caucasian,trust_multidimensional,78.91666666666667
Oil industry misinformation,race,White / Caucasian,trust_post,80.0
Peer-review,age_band,18-29,behavior_mean,59.48333333333333
Peer-review,age_band,18-29,belief_post,87.9
Peer-review,age_band,18-29,concern_mean,90.66666666666667
Peer-review,age_band,18-29,distrust_post,32.1
Peer-review,age_band,18-29,donation_ams,3.4
Peer-review,age_band,18-29,funding_perceptions,11.799999999999997
Peer-review,age_band,18-29,inst_trust_mean,75.82000000000001
Peer-review,age_band,18-29,newsletter_signup,1.6
Peer-review,age_band,18-29,policy_general,83.6
Peer-review,age_band,18-29,policy_role_mean,83.85
Peer-review,age_band,18-29,policy_specific_mean,82.81428571428572
Peer-review,age_band,18-29,trust_multidimensional,81.90833333333333
Peer-review,age_band,18-29,trust_post,84.5
Peer-review,age_band,30-44,behavior_mean,40.105555555555554
Peer-review,age_band,30-44,belief_post,79.96666666666667
Peer-review,age_band,30-44,concern_mean,71.22222222222223
Peer-review,age_band,30-44,distrust_post,23.03333333333333
Peer-review,age_band,30-44,donation_ams,3.466666666666667
Peer-review,age_band,30-44,funding_perceptions,38.266666666666666
Peer-review,age_band,30-44,inst_trust_mean,69.33999999999999
Peer-review,age_band,30-44,newsletter_signup,1.4666666666666668
Peer-review,age_band,30-44,policy_general,59.199999999999996
Peer-review,age_band,30-44,policy_role_mean,66.7
Peer-review,age_band,30-44,policy_specific_mean,62.46190476190477
Peer-review,age_band,30-44,trust_multidimensional,77.58055555555556
Peer-review,age_band,30-44,trust_post,72.83333333333333
Peer-review,age_band,45-59,behavior_mean,25.833333333333332
Peer-review,age_band,45-59,belief_post,68.0
Peer-review,age_band,45-59,concern_mean,65.0
Peer-review,age_band,45-59,distrust_post,19.0
Peer-review,age_band,45-59,donation_ams,2.0
Peer-review,age_band,45-59,funding_perceptions,65.0
Peer-review,age_band,45-59,inst_trust_mean,57.4
Peer-review,age_band,45-59,newsletter_signup,1.4
Peer-review,age_band,45-59,policy_general,52.0
Peer-review,age_band,45-59,policy_role_mean,66.75
Peer-review,age_band,45-59,policy_specific_mean,52.57142857142857
Peer-review,age_band,45-59,trust_multidimensional,72.08333333333333
Peer-review,age_band,45-59,trust_post,58.0
Peer-review,age_band,60+,behavior_mean,35.0
Peer-review,age_band,60+,belief_post,84.0
Peer-review,age_band,60+,concern_mean,58.0
Peer-review,age_band,60+,distrust_post,18.0
Peer-review,age_band,60+,donation_ams,5.0
Peer-review,age_band,60+,funding_perceptions,38.0
Peer-review,age_band,60+,inst_trust_mean,74.8
Peer-review,age_band,60+,newsletter_signup,1.4
Peer-review,age_band,60+,policy_general,42.0
Peer-review,age_band,60+,policy_role_mean,49.5
Peer-review,age_band,60+,policy_specific_mean,52.0
Peer-review,age_band,60+,trust_multidimensional,78.75
Peer-review,age_band,60+,trust_post,76.0
Peer-review,education,Bachelor's degree,behavior_mean,55.0125
Peer-review,education,Bachelor's degree,belief_post,96.0
Peer-review,education,Bachelor's degree,concern_mean,72.84166666666667
Peer-review,education,Bachelor's degree,distrust_post,12.5
Peer-review,education,Bachelor's degree,donation_ams,3.2
Peer-review,education,Bachelor's degree,funding_perceptions,62.0
Peer-review,education,Bachelor's degree,inst_trust_mean,66.045
Peer-review,education,Bachelor's degree,newsletter_signup,1.15
Peer-review,education,Bachelor's degree,policy_general,77.0
Peer-review,education,Bachelor's degree,policy_role_mean,60.34166666666667
Peer-review,education,Bachelor's degree,policy_specific_mean,68.47142857142858
Peer-review,education,Bachelor's degree,trust_multidimensional,83.83333333333333
Peer-review,education,Bachelor's degree,trust_post,86.5
Peer-review,education,Doctorate degree / Ph.D.,behavior_mean,74.2
Peer-review,education,Doctorate degree / Ph.D.,belief_post,96.8
Peer-review,education,Doctorate degree / Ph.D.,concern_mean,83.83333333333333
Peer-review,education,Doctorate degree / Ph.D.,distrust_post,11.8
Peer-review,education,Doctorate degree / Ph.D.,donation_ams,7.9
Peer-review,education,Doctorate degree / Ph.D.,funding_perceptions,75.5
Peer-review,education,Doctorate degree / Ph.D.,inst_trust_mean,83.7
Peer-review,education,Doctorate degree / Ph.D.,newsletter_signup,1.12
Peer-review,education,Doctorate degree / Ph.D.,policy_general,94.2
Peer-review,education,Doctorate degree / Ph.D.,policy_role_mean,60.34166666666667
Peer-review,education,Doctorate degree / Ph.D.,policy_specific_mean,84.87142857142858
Peer-review,education,Doctorate degree / Ph.D.,trust_multidimensional,86.19166666666666
Peer-review,education,Doctorate degree / Ph.D.,trust_post,87.6
Peer-review,education,High school diploma / GED,behavior_mean,55.0125
Peer-review,education,High school diploma / GED,belief_post,81.66
Peer-review,education,High school diploma / GED,concern_mean,72.84166666666667
Peer-review,education,High school diploma / GED,distrust_post,22.9
Peer-review,education,High school diploma / GED,donation_ams,5.180000000000001
Peer-review,education,High school diploma / GED,funding_perceptions,44.3
Peer-review,education,High school diploma / GED,inst_trust_mean,66.045
Peer-review,education,High school diploma / GED,newsletter_signup,1.364
Peer-review,education,High school diploma / GED,policy_general,69.8
Peer-review,education,High school diploma / GED,policy_role_mean,60.34166666666667
Peer-review,education,High school diploma / GED,policy_specific_mean,68.47142857142858
Peer-review,education,High school diploma / GED,trust_multidimensional,74.675
Peer-review,education,High school diploma / GED,trust_post,74.52000000000001
Peer-review,education,Less than high school,behavior_mean,31.0
Peer-review,education,Less than high school,belief_post,42.0
Peer-review,education,Less than high school,concern_mean,50.666666666666664
Peer-review,education,Less than high school,distrust_post,53.0
Peer-review,education,Less than high school,donation_ams,4.5
Peer-review,education,Less than high school,funding_perceptions,32.0
Peer-review,education,Less than high school,inst_trust_mean,41.0
Peer-review,education,Less than high school,newsletter_signup,1.75
Peer-review,education,Less than high school,policy_general,40.0
Peer-review,education,Less than high school,policy_role_mean,42.25
Peer-review,education,Less than high school,policy_specific_mean,41.285714285714285
Peer-review,education,Less than high school,trust_multidimensional,47.833333333333336
Peer-review,education,Less than high school,trust_post,45.0
Peer-review,education,Master's degree / Professional degree,behavior_mean,69.01666666666667
Peer-review,education,Master's degree / Professional degree,belief_post,91.5
Peer-review,education,Master's degree / Professional degree,concern_mean,82.86666666666666
Peer-review,education,Master's degree / Professional degree,distrust_post,14.2
Peer-review,education,Master's degree / Professional degree,donation_ams,6.8
Peer-review,education,Master's degree / Professional degree,funding_perceptions,18.0
Peer-review,education,Master's degree / Professional degree,inst_trust_mean,75.88
Peer-review,education,Master's degree / Professional degree,newsletter_signup,1.2
Peer-review,education,Master's degree / Professional degree,policy_general,79.8
Peer-review,education,Master's degree / Professional degree,policy_role_mean,82.275
Peer-review,education,Master's degree / Professional degree,policy_specific_mean,85.01428571428572
Peer-review,education,Master's degree / Professional degree,trust_multidimensional,79.85000000000001
Peer-review,education,Master's degree / Professional degree,trust_post,76.5
Peer-review,education,Some college or Associate's degree,behavior_mean,45.833333333333336
Peer-review,education,Some college or Associate's degree,belief_post,82.0
Peer-review,education,Some college or Associate's degree,concern_mean,74.0
Peer-review,education,Some college or Associate's degree,distrust_post,23.0
Peer-review,education,Some college or Associate's degree,donation_ams,3.5
Peer-review,education,Some college or Associate's degree,funding_perceptions,34.0
Peer-review,education,Some college or Associate's degree,inst_trust_mean,63.6
Peer-review,education,Some college or Associate's degree,newsletter_signup,1.6
Peer-review,education,Some college or Associate's degree,policy_general,58.0
Peer-review,education,Some college or Associate's degree,policy_role_mean,56.5
Peer-review,education,Some college or Associate's degree,policy_specific_mean,62.714285714285715
Peer-review,education,Some college or Associate's degree,trust_multidimensional,75.66666666666667
Peer-review,education,Some college or Associate's degree,trust_post,77.0
Peer-review,gender,Female,behavior_mean,39.86666666666667
Peer-review,gender,Female,belief_post,77.8
Peer-review,gender,Female,concern_mean,75.03333333333335
Peer-review,gender,Female,distrust_post,22.5
Peer-review,gender,Female,donation_ams,3.5
Peer-review,gender,Female,funding_perceptions,51.5
Peer-review,gender,Female,inst_trust_mean,67.16
Peer-review,gender,Female,newsletter_signup,1.8
Peer-review,gender,Female,policy_general,63.4
Peer-review,gender,Female,policy_role_mean,68.225
Peer-review,gender,Female,policy_specific_mean,66.7
Peer-review,gender,Female,trust_multidimensional,76.50833333333334
Peer-review,gender,Female,trust_post,74.2
Peer-review,gender,Male,behavior_mean,43.0
Peer-review,gender,Male,belief_post,68.0
Peer-review,gender,Male,concern_mean,56.333333333333336
Peer-review,gender,Male,distrust_post,38.0
Peer-review,gender,Male,donation_ams,3.5
Peer-review,gender,Male,funding_perceptions,55.0
Peer-review,gender,Male,inst_trust_mean,63.6
Peer-review,gender,Male,newsletter_signup,1.5
Peer-review,gender,Male,policy_general,32.0
Peer-review,gender,Male,policy_role_mean,49.75
Peer-review,gender,Male,policy_specific_mean,52.42857142857143
Peer-review,gender,Male,trust_multidimensional,60.916666666666664
Peer-review,gender,Male,trust_post,54.0
Peer-review,gender,Other,behavior_mean,52.56666666666666
Peer-review,gender,Other,belief_post,94.5
Peer-review,gender,Other,concern_mean,87.8
Peer-review,gender,Other,distrust_post,15.8
Peer-review,gender,Other,donation_ams,6.15
Peer-review,gender,Other,funding_perceptions,17.700000000000003
Peer-review,gender,Other,inst_trust_mean,71.76
Peer-review,gender,Other,newsletter_signup,1.65
Peer-review,gender,Other,policy_general,83.7
Peer-review,gender,Other,policy_role_mean,82.025
Peer-review,gender,Other,policy_specific_mean,71.51428571428572
Peer-review,gender,Other,trust_multidimensional,80.49166666666666
Peer-review,gender,Other,trust_post,76.2
Peer-review,income,"$100,000 to $167,999",behavior_mean,63.25
Peer-review,income,"$100,000 to $167,999",belief_post,91.0
Peer-review,income,"$100,000 to $167,999",concern_mean,84.10000000000001
Peer-review,income,"$100,000 to $167,999",distrust_post,5.5
Peer-review,income,"$100,000 to $167,999",donation_ams,6.5
Peer-review,income,"$100,000 to $167,999",funding_perceptions,38.0
Peer-review,income,"$100,000 to $167,999",inst_trust_mean,79.5
Peer-review,income,"$100,000 to $167,999",newsletter_signup,1.3
Peer-review,income,"$100,000 to $167,999",policy_general,84.5
Peer-review,income,"$100,000 to $167,999",policy_role_mean,86.5
Peer-review,income,"$100,000 to $167,999",policy_specific_mean,80.67142857142858
Peer-review,income,"$100,000 to $167,999",trust_multidimensional,84.21666666666667
Peer-review,income,"$100,000 to $167,999",trust_post,90.2
Peer-review,income,"$168,000 or more",behavior_mean,63.25
Peer-review,income,"$168,000 or more",belief_post,91.0
Peer-review,income,"$168,000 or more",concern_mean,77.21666666666667
Peer-review,income,"$168,000 or more",distrust_post,12.0
Peer-review,income,"$168,000 or more",donation_ams,7.8
Peer-review,income,"$168,000 or more",funding_perceptions,50.0
Peer-review,income,"$168,000 or more",inst_trust_mean,77.25
Peer-review,income,"$168,000 or more",newsletter_signup,1.25
Peer-review,income,"$168,000 or more",policy_general,82.0
Peer-review,income,"$168,000 or more",policy_role_mean,78.25
Peer-review,income,"$168,000 or more",policy_specific_mean,68.97857142857143
Peer-review,income,"$168,000 or more",trust_multidimensional,83.45833333333333
Peer-review,income,"$168,000 or more",trust_post,88.0
Peer-review,income,"$30,000 to $55,999",behavior_mean,63.25
Peer-review,income,"$30,000 to $55,999",belief_post,87.0
Peer-review,income,"$30,000 to $55,999",concern_mean,70.33333333333333
Peer-review,income,"$30,000 to $55,999",distrust_post,21.0
Peer-review,income,"$30,000 to $55,999",donation_ams,3.5
Peer-review,income,"$30,000 to $55,999",funding_perceptions,36.0
Peer-review,income,"$30,000 to $55,999",inst_trust_mean,75.0
Peer-review,income,"$30,000 to $55,999",newsletter_signup,1.4
Peer-review,income,"$30,000 to $55,999",policy_general,66.0
Peer-review,income,"$30,000 to $55,999",policy_role_mean,70.0
Peer-review,income,"$30,000 to $55,999",policy_specific_mean,57.285714285714285
Peer-review,income,"$30,000 to $55,999",trust_multidimensional,78.33333333333333
Peer-review,income,"$30,000 to $55,999",trust_post,76.0
Peer-review,income,"$56,000 to $99,999",behavior_mean,63.25
Peer-review,income,"$56,000 to $99,999",belief_post,81.5
Peer-review,income,"$56,000 to $99,999",concern_mean,77.21666666666667
Peer-review,income,"$56,000 to $99,999",distrust_post,33.5
Peer-review,income,"$56,000 to $99,999",donation_ams,5.2
Peer-review,income,"$56,000 to $99,999",funding_perceptions,57.2
Peer-review,income,"$56,000 to $99,999",inst_trust_mean,77.25
Peer-review,income,"$56,000 to $99,999",newsletter_signup,1.6
Peer-review,income,"$56,000 to $99,999",policy_general,68.2
Peer-review,income,"$56,000 to $99,999",policy_role_mean,78.25
Peer-review,income,"$56,000 to $99,999",policy_specific_mean,68.97857142857143
Peer-review,income,"$56,000 to $99,999",trust_multidimensional,79.46666666666667
Peer-review,income,"$56,000 to $99,999",trust_post,66.5
Peer-review,income,"Less than $30,000",behavior_mean,63.25
Peer-review,income,"Less than $30,000",belief_post,87.625
Peer-review,income,"Less than $30,000",concern_mean,77.21666666666667
Peer-review,income,"Less than $30,000",distrust_post,18.0
Peer-review,income,"Less than $30,000",donation_ams,5.75
Peer-review,income,"Less than $30,000",funding_perceptions,45.3
Peer-review,income,"Less than $30,000",inst_trust_mean,77.25
Peer-review,income,"Less than $30,000",newsletter_signup,1.3875
Peer-review,income,"Less than $30,000",policy_general,75.175
Peer-review,income,"Less than $30,000",policy_role_mean,78.25
Peer-review,income,"Less than $30,000",policy_specific_mean,68.97857142857143
Peer-review,income,"Less than $30,000",trust_multidimensional,81.36875
Peer-review,income,"Less than $30,000",trust_post,80.175
Peer-review,party,Democrat,behavior_mean,68.33333333333333
Peer-review,party,Democrat,belief_post,95.5
Peer-review,party,Democrat,concern_mean,87.83333333333333
Peer-review,party,Democrat,distrust_post,7.0
Peer-review,party,Democrat,donation_ams,6.5
Peer-review,party,Democrat,funding_perceptions,82.0
Peer-review,party,Democrat,inst_trust_mean,84.6
Peer-review,party,Democrat,newsletter_signup,1.2
Peer-review,party,Democrat,policy_general,88.0
Peer-review,party,Democrat,policy_role_mean,81.5
Peer-review,party,Democrat,policy_specific_mean,81.28571428571429
Peer-review,party,Democrat,trust_multidimensional,87.58333333333333
Peer-review,party,Democrat,trust_post,93.0
Peer-review,party,Independent,behavior_mean,68.33333333333333
Peer-review,party,Independent,belief_post,93.45
Peer-review,party,Independent,concern_mean,78.48333333333332
Peer-review,party,Independent,distrust_post,20.4
Peer-review,party,Independent,donation_ams,4.875
Peer-review,party,Independent,funding_perceptions,62.4
Peer-review,party,Independent,inst_trust_mean,75.93
Peer-review,party,Independent,newsletter_signup,1.455
Peer-review,party,Independent,policy_general,73.3
Peer-review,party,Independent,policy_role_mean,70.35
Peer-review,party,Independent,policy_specific_mean,81.28571428571429
Peer-review,party,Independent,trust_multidimensional,72.32222222222222
Peer-review,party,Independent,trust_post,83.75
Peer-review,party,Other,behavior_mean,68.33333333333333
Peer-review,party,Other,belief_post,91.4
Peer-review,party,Other,concern_mean,69.13333333333333
Peer-review,party,Other,distrust_post,33.8
Peer-review,party,Other,donation_ams,3.25
Peer-review,party,Other,funding_perceptions,42.8
Peer-review,party,Other,inst_trust_mean,67.26
Peer-review,party,Other,newsletter_signup,1.71
Peer-review,party,Other,policy_general,58.6
Peer-review,party,Other,policy_role_mean,59.2
Peer-review,party,Other,policy_specific_mean,81.28571428571429
Peer-review,party,Other,trust_multidimensional,76.88333333333334
Peer-review,party,Other,trust_post,74.5
Peer-review,party,Republican,behavior_mean,68.33333333333333
Peer-review,party,Republican,belief_post,93.45
Peer-review,party,Republican,concern_mean,78.48333333333332
Peer-review,party,Republican,distrust_post,20.4
Peer-review,party,Republican,donation_ams,4.875
Peer-review,party,Republican,funding_perceptions,62.4
Peer-review,party,Republican,inst_trust_mean,75.93
Peer-review,party,Republican,newsletter_signup,1.455
Peer-review,party,Republican,policy_general,73.3
Peer-review,party,Republican,policy_role_mean,70.35
Peer-review,party,Republican,policy_specific_mean,81.28571428571429
Peer-review,party,Republican,trust_multidimensional,52.5
Peer-review,party,Republican,trust_post,83.75
Peer-review,race,Asian / Asian American,behavior_mean,45.833333333333336
Peer-review,race,Asian / Asian American,belief_post,86.0
Peer-review,race,Asian / Asian American,concern_mean,84.33333333333333
Peer-review,race,Asian / Asian American,distrust_post,18.0
Peer-review,race,Asian / Asian American,donation_ams,3.5
Peer-review,race,Asian / Asian American,funding_perceptions,32.0
Peer-review,race,Asian / Asian American,inst_trust_mean,77.0
Peer-review,race,Asian / Asian American,newsletter_signup,1.3
Peer-review,race,Asian / Asian American,policy_general,71.0
Peer-review,race,Asian / Asian American,policy_role_mean,67.75
Peer-review,race,Asian / Asian American,policy_specific_mean,71.42857142857143
Peer-review,race,Asian / Asian American,trust_multidimensional,81.91666666666667
Peer-review,race,Asian / Asian American,trust_post,79.0
Peer-review,race,Black / African American,behavior_mean,47.90833333333333
Peer-review,race,Black / African American,belief_post,83.63333333333334
Peer-review,race,Black / African American,concern_mean,80.53333333333333
Peer-review,race,Black / African American,distrust_post,18.466666666666665
Peer-review,race,Black / African American,donation_ams,3.81
Peer-review,race,Black / African American,funding_perceptions,48.4
Peer-review,race,Black / African American,inst_trust_mean,72.0
Peer-review,race,Black / African American,newsletter_signup,1.4
Peer-review,race,Black / African American,policy_general,67.1
Peer-review,race,Black / African American,policy_role_mean,66.7
Peer-review,race,Black / African American,policy_specific_mean,67.77857142857142
Peer-review,race,Black / African American,trust_multidimensional,80.82222222222222
Peer-review,race,Black / African American,trust_post,79.76666666666667
Peer-review,race,Hispanic / Latino,behavior_mean,47.90833333333333
Peer-review,race,Hispanic / Latino,belief_post,86.0
Peer-review,race,Hispanic / Latino,concern_mean,80.53333333333333
Peer-review,race,Hispanic / Latino,distrust_post,17.0
Peer-review,race,Hispanic / Latino,donation_ams,3.81
Peer-review,race,Hispanic / Latino,funding_perceptions,68.0
Peer-review,race,Hispanic / Latino,inst_trust_mean,72.0
Peer-review,race,Hispanic / Latino,newsletter_signup,1.4
Peer-review,race,Hispanic / Latino,policy_general,67.1
Peer-review,race,Hispanic / Latino,policy_role_mean,66.7
Peer-review,race,Hispanic / Latino,policy_specific_mean,67.77857142857142
Peer-review,race,Hispanic / Latino,trust_multidimensional,80.83333333333333
Peer-review,race,Hispanic / Latino,trust_post,83.0
Peer-review,race,Other,behavior_mean,47.90833333333333
Peer-review,race,Other,belief_post,83.63333333333334
Peer-review,race,Other,concern_mean,80.53333333333333
Peer-review,race,Other,distrust_post,18.466666666666665
Peer-review,race,Other,donation_ams,3.81
Peer-review,race,Other,funding_perceptions,48.4
Peer-review,race,Other,inst_trust_mean,72.0
Peer-review,race,Other,newsletter_signup,1.4
Peer-review,race,Other,policy_general,67.1
Peer-review,race,Other,policy_role_mean,66.7
Peer-review,race,Other,policy_specific_mean,67.77857142857142
Peer-review,race,Other,trust_multidimensional,80.82222222222222
Peer-review,race,Other,trust_post,79.76666666666667
Peer-review,race,White / Caucasian,behavior_mean,49.98333333333333
Peer-review,race,White / Caucasian,belief_post,78.9
Peer-review,race,White / Caucasian,concern_mean,76.73333333333333
Peer-review,race,White / Caucasian,distrust_post,20.4
Peer-review,race,White / Caucasian,donation_ams,4.12
Peer-review,race,White / Caucasian,funding_perceptions,45.2
Peer-review,race,White / Caucasian,inst_trust_mean,67.0
Peer-review,race,White / Caucasian,newsletter_signup,1.5
Peer-review,race,White / Caucasian,policy_general,63.2
Peer-review,race,White / Caucasian,policy_role_mean,65.65
Peer-review,race,White / Caucasian,policy_specific_mean,64.12857142857142
Peer-review,race,White / Caucasian,trust_multidimensional,79.71666666666667
Peer-review,race,White / Caucasian,trust_post,77.3
Portrait Prof. Cherry,age_band,18-29,behavior_mean,50.166666666666664
Portrait Prof. Cherry,age_band,18-29,belief_post,91.0
Portrait Prof. Cherry,age_band,18-29,concern_mean,83.0
Portrait Prof. Cherry,age_band,18-29,distrust_post,17.0
Portrait Prof. Cherry,age_band,18-29,donation_ams,4.5
Portrait Prof. Cherry,age_band,18-29,funding_perceptions,75.0
Portrait Prof. Cherry,age_band,18-29,inst_trust_mean,71.6
Portrait Prof. Cherry,age_band,18-29,newsletter_signup,1.45
Portrait Prof. Cherry,age_band,18-29,policy_general,86.0
Portrait Prof. Cherry,age_band,18-29,policy_role_mean,80.0
Portrait Prof. Cherry,age_band,18-29,policy_specific_mean,77.0
Portrait Prof. Cherry,age_band,18-29,trust_multidimensional,82.91666666666667
Portrait Prof. Cherry,age_band,18-29,trust_post,83.0
Portrait Prof. Cherry,age_band,30-44,behavior_mean,53.166666666666664
Portrait Prof. Cherry,age_band,30-44,belief_post,82.0
Portrait Prof. Cherry,age_band,30-44,concern_mean,75.66666666666667
Portrait Prof. Cherry,age_band,30-44,distrust_post,12.5
Portrait Prof. Cherry,age_band,30-44,donation_ams,2.8
Portrait Prof. Cherry,age_band,30-44,funding_perceptions,55.0
Portrait Prof. Cherry,age_band,30-44,inst_trust_mean,60.6
Portrait Prof. Cherry,age_band,30-44,newsletter_signup,1.65
Portrait Prof. Cherry,age_band,30-44,policy_general,71.0
Portrait Prof. Cherry,age_band,30-44,policy_role_mean,69.0
Portrait Prof. Cherry,age_band,30-44,policy_specific_mean,71.71428571428571
Portrait Prof. Cherry,age_band,30-44,trust_multidimensional,74.91666666666667
Portrait Prof. Cherry,age_band,30-44,trust_post,65.0
Portrait Prof. Cherry,age_band,45-59,behavior_mean,45.75
Portrait Prof. Cherry,age_band,45-59,belief_post,82.3
Portrait Prof. Cherry,age_band,45-59,concern_mean,77.89999999999999
Portrait Prof. Cherry,age_band,45-59,distrust_post,18.4
Portrait Prof. Cherry,age_band,45-59,donation_ams,5.5
Portrait Prof. Cherry,age_band,45-59,funding_perceptions,33.8
Portrait Prof. Cherry,age_band,45-59,inst_trust_mean,69.52000000000001
Portrait Prof. Cherry,age_band,45-59,newsletter_signup,1.7
Portrait Prof. Cherry,age_band,45-59,policy_general,77.5
Portrait Prof. Cherry,age_band,45-59,policy_role_mean,67.5
Portrait Prof. Cherry,age_band,45-59,policy_specific_mean,76.98571428571428
Portrait Prof. Cherry,age_band,45-59,trust_multidimensional,78.70833333333333
Portrait Prof. Cherry,age_band,45-59,trust_post,78.5
Portrait Prof. Cherry,age_band,60+,behavior_mean,36.416666666666664
Portrait Prof. Cherry,age_band,60+,belief_post,84.0
Portrait Prof. Cherry,age_band,60+,concern_mean,68.16666666666667
Portrait Prof. Cherry,age_band,60+,distrust_post,26.0
Portrait Prof. Cherry,age_band,60+,donation_ams,3.5
Portrait Prof. Cherry,age_band,60+,funding_perceptions,34.5
Portrait Prof. Cherry,age_band,60+,inst_trust_mean,63.3
Portrait Prof. Cherry,age_band,60+,newsletter_signup,1.55
Portrait Prof. Cherry,age_band,60+,policy_general,58.0
Portrait Prof. Cherry,age_band,60+,policy_role_mean,72.125
Portrait Prof. Cherry,age_band,60+,policy_specific_mean,58.357142857142854
Portrait Prof. Cherry,age_band,60+,trust_multidimensional,74.71666666666667
Portrait Prof. Cherry,age_band,60+,trust_post,74.5
Portrait Prof. Cherry,education,Bachelor's degree,behavior_mean,40.666666666666664
Portrait Prof. Cherry,education,Bachelor's degree,belief_post,87.0
Portrait Prof. Cherry,education,Bachelor's degree,concern_mean,81.0
Portrait Prof. Cherry,education,Bachelor's degree,distrust_post,16.0
Portrait Prof. Cherry,education,Bachelor's degree,donation_ams,4.0
Portrait Prof. Cherry,education,Bachelor's degree,funding_perceptions,29.0
Portrait Prof. Cherry,education,Bachelor's degree,inst_trust_mean,77.2
Portrait Prof. Cherry,education,Bachelor's degree,newsletter_signup,1.3
Portrait Prof. Cherry,education,Bachelor's degree,policy_general,76.0
Portrait Prof. Cherry,education,Bachelor's degree,policy_role_mean,78.5
Portrait Prof. Cherry,education,Bachelor's degree,policy_specific_mean,72.28571428571429
Portrait Prof. Cherry,education,Bachelor's degree,trust_multidimensional,79.08333333333333
Portrait Prof. Cherry,education,Bachelor's degree,trust_post,84.0
Portrait Prof. Cherry,education,Doctorate degree / Ph.D.,behavior_mean,68.16666666666667
Portrait Prof. Cherry,education,Doctorate degree / Ph.D.,belief_post,96.0
Portrait Prof. Cherry,education,Doctorate degree / Ph.D.,concern_mean,91.66666666666667
Portrait Prof. Cherry,education,Doctorate degree / Ph.D.,distrust_post,11.0
Portrait Prof. Cherry,education,Doctorate degree / Ph.D.,donation_ams,6.8
Portrait Prof. Cherry,education,Doctorate degree / Ph.D.,funding_perceptions,65.0
Portrait Prof. Cherry,education,Doctorate degree / Ph.D.,inst_trust_mean,85.0
Portrait Prof. Cherry,education,Doctorate degree / Ph.D.,newsletter_signup,1.2
Portrait Prof. Cherry,education,Doctorate degree / Ph.D.,policy_general,88.0
Portrait Prof. Cherry,education,Doctorate degree / Ph.D.,policy_role_mean,89.25
Portrait Prof. Cherry,education,Doctorate degree / Ph.D.,policy_specific_mean,84.57142857142857
Portrait Prof. Cherry,education,Doctorate degree / Ph.D.,trust_multidimensional,89.45833333333333
Portrait Prof. Cherry,education,Doctorate degree / Ph.D.,trust_post,92.0
Portrait Prof. Cherry,education,High school diploma / GED,behavior_mean,43.333333333333336
Portrait Prof. Cherry,education,High school diploma / GED,belief_post,58.0
Portrait Prof. Cherry,education,High school diploma / GED,concern_mean,61.0
Portrait Prof. Cherry,education,High school diploma / GED,distrust_post,45.0
Portrait Prof. Cherry,education,High school diploma / GED,donation_ams,2.5
Portrait Prof. Cherry,education,High school diploma / GED,funding_perceptions,42.0
Portrait Prof. Cherry,education,High school diploma / GED,inst_trust_mean,48.0
Portrait Prof. Cherry,education,High school diploma / GED,newsletter_signup,1.75
Portrait Prof. Cherry,education,High school diploma / GED,policy_general,48.0
Portrait Prof. Cherry,education,High school diploma / GED,policy_role_mean,49.0
Portrait Prof. Cherry,education,High school diploma / GED,policy_specific_mean,56.57142857142857
Portrait Prof. Cherry,education,High school diploma / GED,trust_multidimensional,55.25
Portrait Prof. Cherry,education,High school diploma / GED,trust_post,51.0
Portrait Prof. Cherry,education,Less than high school,behavior_mean,15.666666666666666
Portrait Prof. Cherry,education,Less than high school,belief_post,45.0
Portrait Prof. Cherry,education,Less than high school,concern_mean,42.333333333333336
Portrait Prof. Cherry,education,Less than high school,distrust_post,58.0
Portrait Prof. Cherry,education,Less than high school,donation_ams,2.5
Portrait Prof. Cherry,education,Less than high school,funding_perceptions,45.0
Portrait Prof. Cherry,education,Less than high school,inst_trust_mean,44.8
Portrait Prof. Cherry,education,Less than high school,newsletter_signup,1.9
Portrait Prof. Cherry,education,Less than high school,policy_general,38.0
Portrait Prof. Cherry,education,Less than high school,policy_role_mean,33.5
Portrait Prof. Cherry,education,Less than high school,policy_specific_mean,36.142857142857146
Portrait Prof. Cherry,education,Less than high school,trust_multidimensional,47.25
Portrait Prof. Cherry,education,Less than high school,trust_post,42.0
Portrait Prof. Cherry,education,Master's degree / Professional degree,behavior_mean,41.766666666666666
Portrait Prof. Cherry,education,Master's degree / Professional degree,belief_post,75.1
Portrait Prof. Cherry,education,Master's degree / Professional degree,concern_mean,69.63333333333334
Portrait Prof. Cherry,education,Master's degree / Professional degree,distrust_post,29.8
Portrait Prof. Cherry,education,Master's degree / Professional degree,donation_ams,3.7600000000000002
Portrait Prof. Cherry,education,Master's degree / Professional degree,funding_perceptions,39.0
Portrait Prof. Cherry,education,Master's degree / Professional degree,inst_trust_mean,65.76
Portrait Prof. Cherry,education,Master's degree / Professional degree,newsletter_signup,1.57
Portrait Prof. Cherry,education,Master's degree / Professional degree,policy_general,65.4
Portrait Prof. Cherry,education,Master's degree / Professional degree,policy_role_mean,64.225
Portrait Prof. Cherry,education,Master's degree / Professional degree,policy_specific_mean,63.15714285714286
Portrait Prof. Cherry,education,Master's degree / Professional degree,trust_multidimensional,68.62499999999999
Portrait Prof. Cherry,education,Master's degree / Professional degree,trust_post,69.1
Portrait Prof. Cherry,education,Some college or Associate's degree,behavior_mean,41.0
Portrait Prof. Cherry,education,Some college or Associate's degree,belief_post,89.5
Portrait Prof. Cherry,education,Some college or Associate's degree,concern_mean,72.16666666666667
Portrait Prof. Cherry,education,Some college or Associate's degree,distrust_post,19.0
Portrait Prof. Cherry,education,Some college or Associate's degree,donation_ams,3.0
Portrait Prof. Cherry,education,Some college or Associate's degree,funding_perceptions,14.0
Portrait Prof. Cherry,education,Some college or Associate's degree,inst_trust_mean,73.8
Portrait Prof. Cherry,education,Some college or Associate's degree,newsletter_signup,1.7
Portrait Prof. Cherry,education,Some college or Associate's degree,policy_general,77.0
Portrait Prof. Cherry,education,Some college or Associate's degree,policy_role_mean,70.875
Portrait Prof. Cherry,education,Some college or Associate's degree,policy_specific_mean,66.21428571428571
Portrait Prof. Cherry,education,Some college or Associate's degree,trust_multidimensional,72.08333333333333
Portrait Prof. Cherry,education,Some college or Associate's degree,trust_post,76.5
Portrait Prof. Cherry,gender,Female,behavior_mean,70.56666666666666
Portrait Prof. Cherry,gender,Female,belief_post,91.2
Portrait Prof. Cherry,gender,Female,concern_mean,84.06666666666666
Portrait Prof. Cherry,gender,Female,distrust_post,15.3
Portrait Prof. Cherry,gender,Female,donation_ams,6.2
Portrait Prof. Cherry,gender,Female,funding_perceptions,14.299999999999997
Portrait Prof. Cherry,gender,Female,inst_trust_mean,71.67999999999999
Portrait Prof. Cherry,gender,Female,newsletter_signup,1.85
Portrait Prof. Cherry,gender,Female,policy_general,81.3
Portrait Prof. Cherry,gender,Female,policy_role_mean,74.625
Portrait Prof. Cherry,gender,Female,policy_specific_mean,74.58571428571429
Portrait Prof. Cherry,gender,Female,trust_multidimensional,81.16666666666667
Portrait Prof. Cherry,gender,Female,trust_post,80.15
Portrait Prof. Cherry,gender,Male,behavior_mean,55.333333333333336
Portrait Prof. Cherry,gender,Male,belief_post,85.0
Portrait Prof. Cherry,gender,Male,concern_mean,68.5
Portrait Prof. Cherry,gender,Male,distrust_post,10.5
Portrait Prof. Cherry,gender,Male,donation_ams,8.2
Portrait Prof. Cherry,gender,Male,funding_perceptions,21.5
Portrait Prof. Cherry,gender,Male,inst_trust_mean,75.2
Portrait Prof. Cherry,gender,Male,newsletter_signup,1.8
Portrait Prof. Cherry,gender,Male,policy_general,75.0
Portrait Prof. Cherry,gender,Male,policy_role_mean,79.625
Portrait Prof. Cherry,gender,Male,policy_specific_mean,70.21428571428571
Portrait Prof. Cherry,gender,Male,trust_multidimensional,86.8
Portrait Prof. Cherry,gender,Male,trust_post,89.8
Portrait Prof. Cherry,gender,Other,behavior_mean,65.46666666666667
Portrait Prof. Cherry,gender,Other,belief_post,91.3
Portrait Prof. Cherry,gender,Other,concern_mean,80.36666666666667
Portrait Prof. Cherry,gender,Other,distrust_post,17.5
Portrait Prof. Cherry,gender,Other,donation_ams,4.5
Portrait Prof. Cherry,gender,Other,funding_perceptions,23.799999999999997
Portrait Prof. Cherry,gender,Other,inst_trust_mean,72.64
Portrait Prof. Cherry,gender,Other,newsletter_signup,1.6
Portrait Prof. Cherry,gender,Other,policy_general,84.6
Portrait Prof. Cherry,gender,Other,policy_role_mean,87.125
Portrait Prof. Cherry,gender,Other,policy_specific_mean,83.82857142857142
Portrait Prof. Cherry,gender,Other,trust_multidimensional,87.59166666666665
Portrait Prof. Cherry,gender,Other,trust_post,82.5
Portrait Prof. Cherry,income,"$100,000 to $167,999",behavior_mean,47.800000000000004
Portrait Prof. Cherry,income,"$100,000 to $167,999",belief_post,78.3
Portrait Prof. Cherry,income,"$100,000 to $167,999",concern_mean,70.5
Portrait Prof. Cherry,income,"$100,000 to $167,999",distrust_post,31.8
Portrait Prof. Cherry,income,"$100,000 to $167,999",donation_ams,4.2
Portrait Prof. Cherry,income,"$100,000 to $167,999",funding_perceptions,45.8
Portrait Prof. Cherry,income,"$100,000 to $167,999",inst_trust_mean,64.97999999999999
Portrait Prof. Cherry,income,"$100,000 to $167,999",newsletter_signup,1.45
Portrait Prof. Cherry,income,"$100,000 to $167,999",policy_general,66.7
Portrait Prof. Cherry,income,"$100,000 to $167,999",policy_role_mean,70.475
Portrait Prof. Cherry,income,"$100,000 to $167,999",policy_specific_mean,60.65714285714286
Portrait Prof. Cherry,income,"$100,000 to $167,999",trust_multidimensional,61.791666666666664
Portrait Prof. Cherry,income,"$100,000 to $167,999",trust_post,64.5
Portrait Prof. Cherry,income,"$168,000 or more",behavior_mean,46.35
Portrait Prof. Cherry,income,"$168,000 or more",belief_post,84.5
Portrait Prof. Cherry,income,"$168,000 or more",concern_mean,75.81111111111112
Portrait Prof. Cherry,income,"$168,000 or more",distrust_post,25.8
Portrait Prof. Cherry,income,"$168,000 or more",donation_ams,2.6
Portrait Prof. Cherry,income,"$168,000 or more",funding_perceptions,31.099999999999998
Portrait Prof. Cherry,income,"$168,000 or more",inst_trust_mean,61.99333333333333
Portrait Prof. Cherry,income,"$168,000 or more",newsletter_signup,1.2166666666666666
Portrait Prof. Cherry,income,"$168,000 or more",policy_general,74.6
Portrait Prof. Cherry,income,"$168,000 or more",policy_role_mean,69.425
Portrait Prof. Cherry,income,"$168,000 or more",policy_specific_mean,67.52380952380953
Portrait Prof. Cherry,income,"$168,000 or more",trust_multidimensional,68.65833333333333
Portrait Prof. Cherry,income,"$168,000 or more",trust_post,71.3
Portrait Prof. Cherry,income,"$30,000 to $55,999",behavior_mean,46.35
Portrait Prof. Cherry,income,"$30,000 to $55,999",belief_post,84.5
Portrait Prof. Cherry,income,"$30,000 to $55,999",concern_mean,75.81111111111112
Portrait Prof. Cherry,income,"$30,000 to $55,999",distrust_post,25.8
Portrait Prof. Cherry,income,"$30,000 to $55,999",donation_ams,2.6
Portrait Prof. Cherry,income,"$30,000 to $55,999",funding_perceptions,31.099999999999998
Portrait Prof. Cherry,income,"$30,000 to $55,999",inst_trust_mean,61.99333333333333
Portrait Prof. Cherry,income,"$30,000 to $55,999",newsletter_signup,1.2166666666666666
Portrait Prof. Cherry,income,"$30,000 to $55,999",policy_general,74.6
Portrait Prof. Cherry,income,"$30,000 to $55,999",policy_role_mean,69.425
Portrait Prof. Cherry,income,"$30,000 to $55,999",policy_specific_mean,67.52380952380953
Portrait Prof. Cherry,income,"$30,000 to $55,999",trust_multidimensional,68.65833333333333
Portrait Prof. Cherry,income,"$30,000 to $55,999",trust_post,71.3
Portrait Prof. Cherry,income,"$56,000 to $99,999",behavior_mean,53.833333333333336
Portrait Prof. Cherry,income,"$56,000 to $99,999",belief_post,86.0
Portrait Prof. Cherry,income,"$56,000 to $99,999",concern_mean,74.66666666666667
Portrait Prof. Cherry,income,"$56,000 to $99,999",distrust_post,14.0
Portrait Prof. Cherry,income,"$56,000 to $99,999",donation_ams,1.8
Portrait Prof. Cherry,income,"$56,000 to $99,999",funding_perceptions,26.0
Portrait Prof. Cherry,income,"$56,000 to $99,999",inst_trust_mean,74.4
Portrait Prof. Cherry,income,"$56,000 to $99,999",newsletter_signup,1.3
Portrait Prof. Cherry,income,"$56,000 to $99,999",policy_general,75.0
Portrait Prof. Cherry,income,"$56,000 to $99,999",policy_role_mean,70.0
Portrait Prof. Cherry,income,"$56,000 to $99,999",policy_specific_mean,70.85714285714286
Portrait Prof. Cherry,income,"$56,000 to $99,999",trust_multidimensional,79.45833333333333
Portrait Prof. Cherry,income,"$56,000 to $99,999",trust_post,81.0
Portrait Prof. Cherry,income,"Less than $30,000",behavior_mean,37.416666666666664
Portrait Prof. Cherry,income,"Less than $30,000",belief_post,89.2
Portrait Prof. Cherry,income,"Less than $30,000",concern_mean,82.26666666666667
Portrait Prof. Cherry,income,"Less than $30,000",distrust_post,31.6
Portrait Prof. Cherry,income,"Less than $30,000",donation_ams,1.8
Portrait Prof. Cherry,income,"Less than $30,000",funding_perceptions,21.5
Portrait Prof. Cherry,income,"Less than $30,000",inst_trust_mean,46.6
Portrait Prof. Cherry,income,"Less than $30,000",newsletter_signup,0.9
Portrait Prof. Cherry,income,"Less than $30,000",policy_general,82.1
Portrait Prof. Cherry,income,"Less than $30,000",policy_role_mean,67.8
Portrait Prof. Cherry,income,"Less than $30,000",policy_specific_mean,71.05714285714285
Portrait Prof. Cherry,income,"Less than $30,000",trust_multidimensional,64.725
Portrait Prof. Cherry,income,"Less than $30,000",trust_post,68.4
Portrait Prof. Cherry,party,Democrat,behavior_mean,59.166666666666664
Portrait Prof. Cherry,party,Democrat,belief_post,93.0
Portrait Prof. Cherry,party,Democrat,concern_mean,87.33333333333333
Portrait Prof. Cherry,party,Democrat,distrust_post,7.0
Portrait Prof. Cherry,party,Democrat,donation_ams,5.5
Portrait Prof. Cherry,party,Democrat,funding_perceptions,82.0
Portrait Prof. Cherry,party,Democrat,inst_trust_mean,82.0
Portrait Prof. Cherry,party,Democrat,newsletter_signup,1.3
Portrait Prof. Cherry,party,Democrat,policy_general,91.0
Portrait Prof. Cherry,party,Democrat,policy_role_mean,80.75
Portrait Prof. Cherry,party,Democrat,policy_specific_mean,78.57142857142857
Portrait Prof. Cherry,party,Democrat,trust_multidimensional,85.58333333333333
Portrait Prof. Cherry,party,Democrat,trust_post,89.0
Portrait Prof. Cherry,party,Independent,behavior_mean,39.166666666666664
Portrait Prof. Cherry,party,Independent,belief_post,71.5
Portrait Prof. Cherry,party,Independent,concern_mean,73.83333333333333
Portrait Prof. Cherry,party,Independent,distrust_post,22.3
Portrait Prof. Cherry,party,Independent,donation_ams,4.8
Portrait Prof. Cherry,party,Independent,funding_perceptions,41.5
Portrait Prof. Cherry,party,Independent,inst_trust_mean,56.02
Portrait Prof. Cherry,party,Independent,newsletter_signup,1.35
Portrait Prof. Cherry,party,Independent,policy_general,70.2
Portrait Prof. Cherry,party,Independent,policy_role_mean,66.75
Portrait Prof. Cherry,party,Independent,policy_specific_mean,61.142857142857146
Portrait Prof. Cherry,party,Independent,trust_multidimensional,80.75
Portrait Prof. Cherry,party,Independent,trust_post,81.8
Portrait Prof. Cherry,party,Other,behavior_mean,43.77777777777777
Portrait Prof. Cherry,party,Other,belief_post,68.83333333333333
Portrait Prof. Cherry,party,Other,concern_mean,64.83333333333333
Portrait Prof. Cherry,party,Other,distrust_post,32.43333333333333
Portrait Prof. Cherry,party,Other,donation_ams,3.9333333333333336
Portrait Prof. Cherry,party,Other,funding_perceptions,46.166666666666664
Portrait Prof. Cherry,party,Other,inst_trust_mean,58.20666666666667
Portrait Prof. Cherry,party,Other,newsletter_signup,1.4666666666666668
Portrait Prof. Cherry,party,Other,policy_general,61.06666666666666
Portrait Prof. Cherry,party,Other,policy_role_mean,60.166666666666664
Portrait Prof. Cherry,party,Other,policy_specific_mean,59.61904761904762
Portrait Prof. Cherry,party,Other,trust_multidimensional,67.6111111111111
Portrait Prof. Cherry,party,Other,trust_post,66.26666666666667
Portrait Prof. Cherry,party,Republican,behavior_mean,33.0
Portrait Prof. Cherry,party,Republican,belief_post,42.0
Portrait Prof. Cherry,party,Republican,concern_mean,33.333333333333336
Portrait Prof. Cherry,party,Republican,distrust_post,68.0
Portrait Prof. Cherry,party,Republican,donation_ams,1.5
Portrait Prof. Cherry,party,Republican,funding_perceptions,15.0
Portrait Prof. Cherry,party,Republican,inst_trust_mean,36.6
Portrait Prof. Cherry,party,Republican,newsletter_signup,1.75
Portrait Prof. Cherry,party,Republican,policy_general,22.0
Portrait Prof. Cherry,party,Republican,policy_role_mean,33.0
Portrait Prof. Cherry,party,Republican,policy_specific_mean,39.142857142857146
Portrait Prof. Cherry,party,Republican,trust_multidimensional,36.5
Portrait Prof. Cherry,party,Republican,trust_post,28.0
Portrait Prof. Cherry,race,Asian / Asian American,behavior_mean,70.5
Portrait Prof. Cherry,race,Asian / Asian American,belief_post,97.0
Portrait Prof. Cherry,race,Asian / Asian American,concern_mean,94.0
Portrait Prof. Cherry,race,Asian / Asian American,distrust_post,14.0
Portrait Prof. Cherry,race,Asian / Asian American,donation_ams,6.5
Portrait Prof. Cherry,race,Asian / Asian American,funding_perceptions,21.0
Portrait Prof. Cherry,race,Asian / Asian American,inst_trust_mean,83.6
Portrait Prof. Cherry,race,Asian / Asian American,newsletter_signup,1.7
Portrait Prof. Cherry,race,Asian / Asian American,policy_general,94.0
Portrait Prof. Cherry,race,Asian / Asian American,policy_role_mean,92.0
Portrait Prof. Cherry,race,Asian / Asian American,policy_specific_mean,89.42857142857143
Portrait Prof. Cherry,race,Asian / Asian American,trust_multidimensional,88.33333333333333
Portrait Prof. Cherry,race,Asian / Asian American,trust_post,88.0
Portrait Prof. Cherry,race,Black / African American,behavior_mean,55.449999999999996
Portrait Prof. Cherry,race,Black / African American,belief_post,91.3
Portrait Prof. Cherry,race,Black / African American,concern_mean,78.6
Portrait Prof. Cherry,race,Black / African American,distrust_post,14.2
Portrait Prof. Cherry,race,Black / African American,donation_ams,4.2
Portrait Prof. Cherry,race,Black / African American,funding_perceptions,7.900000000000006
Portrait Prof. Cherry,race,Black / African American,inst_trust_mean,73.08
Portrait Prof. Cherry,race,Black / African American,newsletter_signup,1.4
Portrait Prof. Cherry,race,Black / African American,policy_general,83.5
Portrait Prof. Cherry,race,Black / African American,policy_role_mean,68.275
Portrait Prof. Cherry,race,Black / African American,policy_specific_mean,73.31428571428572
Portrait Prof. Cherry,race,Black / African American,trust_multidimensional,78.28333333333333
Portrait Prof. Cherry,race,Black / African American,trust_post,80.4
Portrait Prof. Cherry,race,Hispanic / Latino,behavior_mean,55.420833333333334
Portrait Prof. Cherry,race,Hispanic / Latino,belief_post,86.825
Portrait Prof. Cherry,race,Hispanic / Latino,concern_mean,84.7
Portrait Prof. Cherry,race,Hispanic / Latino,distrust_post,18.675
Portrait Prof. Cherry,race,Hispanic / Latino,donation_ams,5.55
Portrait Prof. Cherry,race,Hispanic / Latino,funding_perceptions,32.7
Portrait Prof. Cherry,race,Hispanic / Latino,inst_trust_mean,76.385
Portrait Prof. Cherry,race,Hispanic / Latino,newsletter_signup,1.4375
Portrait Prof. Cherry,race,Hispanic / Latino,policy_general,79.7
Portrait Prof. Cherry,race,Hispanic / Latino,policy_role_mean,78.95
Portrait Prof. Cherry,race,Hispanic / Latino,policy_specific_mean,76.41785714285714
Portrait Prof. Cherry,race,Hispanic / Latino,trust_multidimensional,81.51041666666667
Portrait Prof. Cherry,race,Hispanic / Latino,trust_post,79.7
Portrait Prof. Cherry,race,Other,behavior_mean,55.333333333333336
Portrait Prof. Cherry,race,Other,belief_post,91.0
Portrait Prof. Cherry,race,Other,concern_mean,91.66666666666667
Portrait Prof. Cherry,race,Other,distrust_post,18.0
Portrait Prof. Cherry,race,Other,donation_ams,6.7
Portrait Prof. Cherry,race,Other,funding_perceptions,78.0
Portrait Prof. Cherry,race,Other,inst_trust_mean,80.4
Portrait Prof. Cherry,race,Other,newsletter_signup,1.3
Portrait Prof. Cherry,race,Other,policy_general,86.0
Portrait Prof. Cherry,race,Other,policy_role_mean,83.0
Portrait Prof. Cherry,race,Other,policy_specific_mean,77.28571428571429
Portrait Prof. Cherry,race,Other,trust_multidimensional,84.5
Portrait Prof. Cherry,race,Other,trust_post,82.0
Portrait Prof. Cherry,race,White / Caucasian,behavior_mean,40.4
Portrait Prof. Cherry,race,White / Caucasian,belief_post,68.0
Portrait Prof. Cherry,race,White / Caucasian,concern_mean,74.53333333333335
Portrait Prof. Cherry,race,White / Caucasian,distrust_post,28.5
Portrait Prof. Cherry,race,White / Caucasian,donation_ams,4.8
Portrait Prof. Cherry,race,White / Caucasian,funding_perceptions,23.900000000000006
Portrait Prof. Cherry,race,White / Caucasian,inst_trust_mean,68.46000000000001
Portrait Prof. Cherry,race,White / Caucasian,newsletter_signup,1.35
Portrait Prof. Cherry,race,White / Caucasian,policy_general,55.3
Portrait Prof. Cherry,race,White / Caucasian,policy_role_mean,72.525
Portrait Prof. Cherry,race,White / Caucasian,policy_specific_mean,65.64285714285714
Portrait Prof. Cherry,race,White / Caucasian,trust_multidimensional,74.925
Portrait Prof. Cherry,race,White / Caucasian,trust_post,68.4
Scientist community helpers,age_band,18-29,behavior_mean,57.36666666666667
Scientist community helpers,age_band,18-29,belief_post,91.3
Scientist community helpers,age_band,18-29,concern_mean,85.0
Scientist community helpers,age_band,18-29,distrust_post,18.4
Scientist community helpers,age_band,18-29,donation_ams,3.8
Scientist community helpers,age_band,18-29,funding_perceptions,17.299999999999997
Scientist community helpers,age_band,18-29,inst_trust_mean,71.7
Scientist community helpers,age_band,18-29,newsletter_signup,1.55
Scientist community helpers,age_band,18-29,policy_general,88.2
Scientist community helpers,age_band,18-29,policy_role_mean,82.25
Scientist community helpers,age_band,18-29,policy_specific_mean,80.71428571428571
Scientist community helpers,age_band,18-29,trust_multidimensional,81.98333333333333
Scientist community helpers,age_band,18-29,trust_post,80.0
Scientist community helpers,age_band,30-44,behavior_mean,49.449999999999996
Scientist community helpers,age_band,30-44,belief_post,91.5
Scientist community helpers,age_band,30-44,concern_mean,77.76666666666667
Scientist community helpers,age_band,30-44,distrust_post,18.5
Scientist community helpers,age_band,30-44,donation_ams,4.2
Scientist community helpers,age_band,30-44,funding_perceptions,27.900000000000006
Scientist community helpers,age_band,30-44,inst_trust_mean,74.0
Scientist community helpers,age_band,30-44,newsletter_signup,1.25
Scientist community helpers,age_band,30-44,policy_general,80.3
Scientist community helpers,age_band,30-44,policy_role_mean,77.7
Scientist community helpers,age_band,30-44,policy_specific_mean,74.58571428571429
Scientist community helpers,age_band,30-44,trust_multidimensional,79.25833333333334
Scientist community helpers,age_band,30-44,trust_post,79.2
Scientist community helpers,age_band,45-59,behavior_mean,63.300000000000004
Scientist community helpers,age_band,45-59,belief_post,84.2
Scientist community helpers,age_band,45-59,concern_mean,81.8
Scientist community helpers,age_band,45-59,distrust_post,28.1
Scientist community helpers,age_band,45-59,donation_ams,2.45
Scientist community helpers,age_band,45-59,funding_perceptions,36.3
Scientist community helpers,age_band,45-59,inst_trust_mean,72.5
Scientist community helpers,age_band,45-59,newsletter_signup,1.62
Scientist community helpers,age_band,45-59,policy_general,72.5
Scientist community helpers,age_band,45-59,policy_role_mean,72.975
Scientist community helpers,age_band,45-59,policy_specific_mean,72.12857142857142
Scientist community helpers,age_band,45-59,trust_multidimensional,69.73333333333333
Scientist community helpers,age_band,45-59,trust_post,69.4
Scientist community helpers,age_band,60+,behavior_mean,56.705555555555556
Scientist community helpers,age_band,60+,belief_post,89.0
Scientist community helpers,age_band,60+,concern_mean,81.52222222222223
Scientist community helpers,age_band,60+,distrust_post,21.666666666666668
Scientist community helpers,age_band,60+,donation_ams,3.483333333333333
Scientist community helpers,age_band,60+,funding_perceptions,27.166666666666668
Scientist community helpers,age_band,60+,inst_trust_mean,72.73333333333333
Scientist community helpers,age_band,60+,newsletter_signup,1.4733333333333334
Scientist community helpers,age_band,60+,policy_general,80.33333333333333
Scientist community helpers,age_band,60+,policy_role_mean,77.64166666666667
Scientist community helpers,age_band,60+,policy_specific_mean,75.80952380952381
Scientist community helpers,age_band,60+,trust_multidimensional,76.99166666666667
Scientist community helpers,age_band,60+,trust_post,76.2
Scientist community helpers,education,Bachelor's degree,behavior_mean,52.033333333333324
Scientist community helpers,education,Bachelor's degree,belief_post,76.8
Scientist community helpers,education,Bachelor's degree,concern_mean,72.1
Scientist community helpers,education,Bachelor's degree,distrust_post,25.46
Scientist community helpers,education,Bachelor's degree,donation_ams,4.5600000000000005
Scientist community helpers,education,Bachelor's degree,funding_perceptions,41.160000000000004
Scientist community helpers,education,Bachelor's degree,inst_trust_mean,64.588
Scientist community helpers,education,Bachelor's degree,newsletter_signup,1.5599999999999998
Scientist community helpers,education,Bachelor's degree,policy_general,63.86
Scientist community helpers,education,Bachelor's degree,policy_role_mean,64.28
Scientist community helpers,education,Bachelor's degree,policy_specific_mean,62.39428571428571
Scientist community helpers,education,Bachelor's degree,trust_multidimensional,68.795
Scientist community helpers,education,Bachelor's degree,trust_post,67.9
Scientist community helpers,education,Doctorate degree / Ph.D.,behavior_mean,68.66666666666667
Scientist community helpers,education,Doctorate degree / Ph.D.,belief_post,97.0
Scientist community helpers,education,Doctorate degree / Ph.D.,concern_mean,83.0
Scientist community helpers,education,Doctorate degree / Ph.D.,distrust_post,7.0
Scientist community helpers,education,Doctorate degree / Ph.D.,donation_ams,7.0
Scientist community helpers,education,Doctorate degree / Ph.D.,funding_perceptions,80.0
Scientist community helpers,education,Doctorate degree / Ph.D.,inst_trust_mean,84.0
Scientist community helpers,education,Doctorate degree / Ph.D.,newsletter_signup,1.2
Scientist community helpers,education,Doctorate degree / Ph.D.,policy_general,86.0
Scientist community helpers,education,Doctorate degree / Ph.D.,policy_role_mean,85.5
Scientist community helpers,education,Doctorate degree / Ph.D.,policy_specific_mean,79.0
Scientist community helpers,education,Doctorate degree / Ph.D.,trust_multidimensional,91.08333333333333
Scientist community helpers,education,Doctorate degree / Ph.D.,trust_post,94.0
Scientist community helpers,education,High school diploma / GED,behavior_mean,39.833333333333336
Scientist community helpers,education,High school diploma / GED,belief_post,55.0
Scientist community helpers,education,High school diploma / GED,concern_mean,67.0
Scientist community helpers,education,High school diploma / GED,distrust_post,35.0
Scientist community helpers,education,High school diploma / GED,donation_ams,4.5
Scientist community helpers,education,High school diploma / GED,funding_perceptions,40.0
Scientist community helpers,education,High school diploma / GED,inst_trust_mean,43.6
Scientist community helpers,education,High school diploma / GED,newsletter_signup,1.6
Scientist community helpers,education,High school diploma / GED,policy_general,32.0
Scientist community helpers,education,High school diploma / GED,policy_role_mean,35.5
Scientist community helpers,education,High school diploma / GED,policy_specific_mean,44.285714285714285
Scientist community helpers,education,High school diploma / GED,trust_multidimensional,47.25
Scientist community helpers,education,High school diploma / GED,trust_post,45.0
Scientist community helpers,education,Less than high school,behavior_mean,30.0
Scientist community helpers,education,Less than high school,belief_post,49.0
Scientist community helpers,education,Less than high school,concern_mean,52.333333333333336
Scientist community helpers,education,Less than high school,distrust_post,58.0
Scientist community helpers,education,Less than high school,donation_ams,2.0
Scientist community helpers,education,Less than high school,funding_perceptions,38.0
Scientist community helpers,education,Less than high school,inst_trust_mean,40.0
Scientist community helpers,education,Less than high school,newsletter_signup,1.9
Scientist community helpers,education,Less than high school,policy_general,36.0
Scientist community helpers,education,Less than high school,policy_role_mean,31.75
Scientist community helpers,education,Less than high school,policy_specific_mean,39.285714285714285
Scientist community helpers,education,Less than high school,trust_multidimensional,40.5
Scientist community helpers,education,Less than high school,trust_post,32.0
Scientist community helpers,education,Master's degree / Professional degree,behavior_mean,64.33333333333333
Scientist community helpers,education,Master's degree / Professional degree,belief_post,94.5
Scientist community helpers,education,Master's degree / Professional degree,concern_mean,80.66666666666667
Scientist community helpers,education,Master's degree / Professional degree,distrust_post,2.5
Scientist community helpers,education,Master's degree / Professional degree,donation_ams,5.5
Scientist community helpers,education,Master's degree / Professional degree,funding_perceptions,34.0
Scientist community helpers,education,Master's degree / Professional degree,inst_trust_mean,82.9
Scientist community helpers,education,Master's degree / Professional degree,newsletter_signup,1.6
Scientist community helpers,education,Master's degree / Professional degree,policy_general,88.0
Scientist community helpers,education,Master's degree / Professional degree,policy_role_mean,86.625
Scientist community helpers,education,Master's degree / Professional degree,policy_specific_mean,80.28571428571429
Scientist community helpers,education,Master's degree / Professional degree,trust_multidimensional,85.16666666666667
Scientist community helpers,education,Master's degree / Professional degree,trust_post,89.0
Scientist community helpers,education,Some college or Associate's degree,behavior_mean,57.333333333333336
Scientist community helpers,education,Some college or Associate's degree,belief_post,88.5
Scientist community helpers,education,Some college or Associate's degree,concern_mean,77.5
Scientist community helpers,education,Some college or Associate's degree,distrust_post,24.8
Scientist community helpers,education,Some college or Associate's degree,donation_ams,3.8
Scientist community helpers,education,Some college or Associate's degree,funding_perceptions,13.799999999999997
Scientist community helpers,education,Some college or Associate's degree,inst_trust_mean,72.44
Scientist community helpers,education,Some college or Associate's degree,newsletter_signup,1.5
Scientist community helpers,education,Some college or Associate's degree,policy_general,77.3
Scientist community helpers,education,Some college or Associate's degree,policy_role_mean,82.025
Scientist community helpers,education,Some college or Associate's degree,policy_specific_mean,69.11428571428571
Scientist community helpers,education,Some college or Associate's degree,trust_multidimensional,79.97500000000001
Scientist community helpers,education,Some college or Associate's degree,trust_post,79.5
Scientist community helpers,gender,Female,behavior_mean,57.166666666666664
Scientist community helpers,gender,Female,belief_post,89.0
Scientist community helpers,gender,Female,concern_mean,81.0
Scientist community helpers,gender,Female,distrust_post,12.0
Scientist community helpers,gender,Female,donation_ams,6.5
Scientist community helpers,gender,Female,funding_perceptions,65.0
Scientist community helpers,gender,Female,inst_trust_mean,73.0
Scientist community helpers,gender,Female,newsletter_signup,1.55
Scientist community helpers,gender,Female,policy_general,84.0
Scientist community helpers,gender,Female,policy_role_mean,84.75
Scientist community helpers,gender,Female,policy_specific_mean,75.85714285714286
Scientist community helpers,gender,Female,trust_multidimensional,87.875
Scientist community helpers,gender,Female,trust_post,88.0
Scientist community helpers,gender,Male,behavior_mean,40.0
Scientist community helpers,gender,Male,belief_post,89.0
Scientist community helpers,gender,Male,concern_mean,55.0
Scientist community helpers,gender,Male,distrust_post,26.0
Scientist community helpers,gender,Male,donation_ams,3.8
Scientist community helpers,gender,Male,funding_perceptions,45.0
Scientist community helpers,gender,Male,inst_trust_mean,71.8
Scientist community helpers,gender,Male,newsletter_signup,1.6
Scientist community helpers,gender,Male,policy_general,58.0
Scientist community helpers,gender,Male,policy_role_mean,69.25
Scientist community helpers,gender,Male,policy_specific_mean,56.142857142857146
Scientist community helpers,gender,Male,trust_multidimensional,71.51666666666667
Scientist community helpers,gender,Male,trust_post,74.0
Scientist community helpers,gender,Other,behavior_mean,53.78333333333333
Scientist community helpers,gender,Other,belief_post,94.8
Scientist community helpers,gender,Other,concern_mean,90.13333333333333
Scientist community helpers,gender,Other,distrust_post,19.5
Scientist community helpers,gender,Other,donation_ams,7.2
Scientist community helpers,gender,Other,funding_perceptions,18.700000000000003
Scientist community helpers,gender,Other,inst_trust_mean,83.06
Scientist community helpers,gender,Other,newsletter_signup,1.6
Scientist community helpers,gender,Other,policy_general,91.5
Scientist community helpers,gender,Other,policy_role_mean,80.45
Scientist community helpers,gender,Other,policy_specific_mean,86.55714285714285
Scientist community helpers,gender,Other,trust_multidimensional,85.09166666666667
Scientist community helpers,gender,Other,trust_post,84.2
Scientist community helpers,income,"$100,000 to $167,999",behavior_mean,73.58333333333333
Scientist community helpers,income,"$100,000 to $167,999",belief_post,93.8
Scientist community helpers,income,"$100,000 to $167,999",concern_mean,82.83333333333333
Scientist community helpers,income,"$100,000 to $167,999",distrust_post,13.5
Scientist community helpers,income,"$100,000 to $167,999",donation_ams,6.2
Scientist community helpers,income,"$100,000 to $167,999",funding_perceptions,27.900000000000006
Scientist community helpers,income,"$100,000 to $167,999",inst_trust_mean,82.62
Scientist community helpers,income,"$100,000 to $167,999",newsletter_signup,1.45
Scientist community helpers,income,"$100,000 to $167,999",policy_general,79.5
Scientist community helpers,income,"$100,000 to $167,999",policy_role_mean,80.875
Scientist community helpers,income,"$100,000 to $167,999",policy_specific_mean,76.37142857142858
Scientist community helpers,income,"$100,000 to $167,999",trust_multidimensional,88.58333333333333
Scientist community helpers,income,"$100,000 to $167,999",trust_post,87.3
Scientist community helpers,income,"$168,000 or more",behavior_mean,60.333333333333336
Scientist community helpers,income,"$168,000 or more",belief_post,80.0
Scientist community helpers,income,"$168,000 or more",concern_mean,71.66666666666667
Scientist community helpers,income,"$168,000 or more",distrust_post,25.0
Scientist community helpers,income,"$168,000 or more",donation_ams,4.5
Scientist community helpers,income,"$168,000 or more",funding_perceptions,30.0
Scientist community helpers,income,"$168,000 or more",inst_trust_mean,57.6
Scientist community helpers,income,"$168,000 or more",newsletter_signup,1.5
Scientist community helpers,income,"$168,000 or more",policy_general,65.0
Scientist community helpers,income,"$168,000 or more",policy_role_mean,45.0
Scientist community helpers,income,"$168,000 or more",policy_specific_mean,64.0
Scientist community helpers,income,"$168,000 or more",trust_multidimensional,61.333333333333336
Scientist community helpers,income,"$168,000 or more",trust_post,62.0
Scientist community helpers,income,"$30,000 to $55,999",behavior_mean,53.666666666666664
Scientist community helpers,income,"$30,000 to $55,999",belief_post,80.5
Scientist community helpers,income,"$30,000 to $55,999",concern_mean,73.13333333333334
Scientist community helpers,income,"$30,000 to $55,999",distrust_post,21.5
Scientist community helpers,income,"$30,000 to $55,999",donation_ams,2.8
Scientist community helpers,income,"$30,000 to $55,999",funding_perceptions,51.7
Scientist community helpers,income,"$30,000 to $55,999",inst_trust_mean,68.47999999999999
Scientist community helpers,income,"$30,000 to $55,999",newsletter_signup,1.79
Scientist community helpers,income,"$30,000 to $55,999",policy_general,61.2
Scientist community helpers,income,"$30,000 to $55,999",policy_role_mean,66.925
Scientist community helpers,income,"$30,000 to $55,999",policy_specific_mean,62.31428571428571
Scientist community helpers,income,"$30,000 to $55,999",trust_multidimensional,71.93333333333334
Scientist community helpers,income,"$30,000 to $55,999",trust_post,69.0
Scientist community helpers,income,"$56,000 to $99,999",behavior_mean,40.833333333333336
Scientist community helpers,income,"$56,000 to $99,999",belief_post,76.0
Scientist community helpers,income,"$56,000 to $99,999",concern_mean,70.0
Scientist community helpers,income,"$56,000 to $99,999",distrust_post,18.0
Scientist community helpers,income,"$56,000 to $99,999",donation_ams,2.0
Scientist community helpers,income,"$56,000 to $99,999",funding_perceptions,48.0
Scientist community helpers,income,"$56,000 to $99,999",inst_trust_mean,71.8
Scientist community helpers,income,"$56,000 to $99,999",newsletter_signup,1.7
Scientist community helpers,income,"$56,000 to $99,999",policy_general,66.0
Scientist community helpers,income,"$56,000 to $99,999",policy_role_mean,58.0
Scientist community helpers,income,"$56,000 to $99,999",policy_specific_mean,65.42857142857143
Scientist community helpers,income,"$56,000 to $99,999",trust_multidimensional,79.83333333333333
Scientist community helpers,income,"$56,000 to $99,999",trust_post,82.0
Scientist community helpers,income,"Less than $30,000",behavior_mean,57.104166666666664
Scientist community helpers,income,"Less than $30,000",belief_post,55.3
Scientist community helpers,income,"Less than $30,000",concern_mean,74.40833333333333
Scientist community helpers,income,"Less than $30,000",distrust_post,44.2
Scientist community helpers,income,"Less than $30,000",donation_ams,4.2
Scientist community helpers,income,"Less than $30,000",funding_perceptions,39.5
Scientist community helpers,income,"Less than $30,000",inst_trust_mean,54.98
Scientist community helpers,income,"Less than $30,000",newsletter_signup,1.78
Scientist community helpers,income,"Less than $30,000",policy_general,45.8
Scientist community helpers,income,"Less than $30,000",policy_role_mean,62.7
Scientist community helpers,income,"Less than $30,000",policy_specific_mean,67.02857142857142
Scientist community helpers,income,"Less than $30,000",trust_multidimensional,54.25833333333333
Scientist community helpers,income,"Less than $30,000",trust_post,54.6
Scientist community helpers,party,Democrat,behavior_mean,32.641666666666666
Scientist community helpers,party,Democrat,belief_post,50.05
Scientist community helpers,party,Democrat,concern_mean,48.099999999999994
Scientist community helpers,party,Democrat,distrust_post,44.6
Scientist community helpers,party,Democrat,donation_ams,2.5
Scientist community helpers,party,Democrat,funding_perceptions,58.3
Scientist community helpers,party,Democrat,inst_trust_mean,54.650000000000006
Scientist community helpers,party,Democrat,newsletter_signup,1.7000000000000002
Scientist community helpers,party,Democrat,policy_general,35.25
Scientist community helpers,party,Democrat,policy_role_mean,40.35
Scientist community helpers,party,Democrat,policy_specific_mean,45.50714285714286
Scientist community helpers,party,Democrat,trust_multidimensional,55.18333333333333
Scientist community helpers,party,Democrat,trust_post,52.75
Scientist community helpers,party,Independent,behavior_mean,32.641666666666666
Scientist community helpers,party,Independent,belief_post,50.05
Scientist community helpers,party,Independent,concern_mean,48.099999999999994
Scientist community helpers,party,Independent,distrust_post,44.6
Scientist community helpers,party,Independent,donation_ams,2.5
Scientist community helpers,party,Independent,funding_perceptions,58.3
Scientist community helpers,party,Independent,inst_trust_mean,54.650000000000006
Scientist community helpers,party,Independent,newsletter_signup,1.7000000000000002
Scientist community helpers,party,Independent,policy_general,35.25
Scientist community helpers,party,Independent,policy_role_mean,40.35
Scientist community helpers,party,Independent,policy_specific_mean,45.50714285714286
Scientist community helpers,party,Independent,trust_multidimensional,55.18333333333333
Scientist community helpers,party,Independent,trust_post,52.75
Scientist community helpers,party,Other,behavior_mean,41.166666666666664
Scientist community helpers,party,Other,belief_post,68.0
Scientist community helpers,party,Other,concern_mean,61.666666666666664
Scientist community helpers,party,Other,distrust_post,31.0
Scientist community helpers,party,Other,donation_ams,1.8
Scientist community helpers,party,Other,funding_perceptions,45.0
Scientist community helpers,party,Other,inst_trust_mean,64.4
Scientist community helpers,party,Other,newsletter_signup,1.6
Scientist community helpers,party,Other,policy_general,52.0
Scientist community helpers,party,Other,policy_role_mean,60.0
Scientist community helpers,party,Other,policy_specific_mean,62.42857142857143
Scientist community helpers,party,Other,trust_multidimensional,68.33333333333333
Scientist community helpers,party,Other,trust_post,69.0
Scientist community helpers,party,Republican,behavior_mean,24.116666666666664
Scientist community helpers,party,Republican,belief_post,32.1
Scientist community helpers,party,Republican,concern_mean,34.53333333333333
Scientist community helpers,party,Republican,distrust_post,58.2
Scientist community helpers,party,Republican,donation_ams,3.2
Scientist community helpers,party,Republican,funding_perceptions,71.6
Scientist community helpers,party,Republican,inst_trust_mean,44.9
Scientist community helpers,party,Republican,newsletter_signup,1.8
Scientist community helpers,party,Republican,policy_general,18.5
Scientist community helpers,party,Republican,policy_role_mean,20.7
Scientist community helpers,party,Republican,policy_specific_mean,28.585714285714285
Scientist community helpers,party,Republican,trust_multidimensional,42.03333333333333
Scientist community helpers,party,Republican,trust_post,36.5
Scientist community helpers,race,Asian / Asian American,behavior_mean,64.41666666666667
Scientist community helpers,race,Asian / Asian American,belief_post,94.8
Scientist community helpers,race,Asian / Asian American,concern_mean,91.93333333333334
Scientist community helpers,race,Asian / Asian American,distrust_post,18.3
Scientist community helpers,race,Asian / Asian American,donation_ams,4.55
Scientist community helpers,race,Asian / Asian American,funding_perceptions,12.400000000000006
Scientist community helpers,race,Asian / Asian American,inst_trust_mean,82.76
Scientist community helpers,race,Asian / Asian American,newsletter_signup,1.27
Scientist community helpers,race,Asian / Asian American,policy_general,86.4
Scientist community helpers,race,Asian / Asian American,policy_role_mean,86.0
Scientist community helpers,race,Asian / Asian American,policy_specific_mean,80.5
Scientist community helpers,race,Asian / Asian American,trust_multidimensional,84.14166666666667
Scientist community helpers,race,Asian / Asian American,trust_post,85.7
Scientist community helpers,race,Black / African American,behavior_mean,67.33333333333333
Scientist community helpers,race,Black / African American,belief_post,92.0
Scientist community helpers,race,Black / African American,concern_mean,82.66666666666667
Scientist community helpers,race,Black / African American,distrust_post,18.0
Scientist community helpers,race,Black / African American,donation_ams,2.8
Scientist community helpers,race,Black / African American,funding_perceptions,72.0
Scientist community helpers,race,Black / African American,inst_trust_mean,73.4
Scientist community helpers,race,Black / African American,newsletter_signup,1.6
Scientist community helpers,race,Black / African American,policy_general,88.0
Scientist community helpers,race,Black / African American,policy_role_mean,83.25
Scientist community helpers,race,Black / African American,policy_specific_mean,78.85714285714286
Scientist community helpers,race,Black / African American,trust_multidimensional,80.5
Scientist community helpers,race,Black / African American,trust_post,85.0
Scientist community helpers,race,Hispanic / Latino,behavior_mean,58.333333333333336
Scientist community helpers,race,Hispanic / Latino,belief_post,92.0
Scientist community helpers,race,Hispanic / Latino,concern_mean,83.0
Scientist community helpers,race,Hispanic / Latino,distrust_post,20.0
Scientist community helpers,race,Hispanic / Latino,donation_ams,6.0
Scientist community helpers,race,Hispanic / Latino,funding_perceptions,12.0
Scientist community helpers,race,Hispanic / Latino,inst_trust_mean,72.2
Scientist community helpers,race,Hispanic / Latino,newsletter_signup,1.4
Scientist community helpers,race,Hispanic / Latino,policy_general,89.0
Scientist community helpers,race,Hispanic / Latino,policy_role_mean,77.25
Scientist community helpers,race,Hispanic / Latino,policy_specific_mean,85.14285714285714
Scientist community helpers,race,Hispanic / Latino,trust_multidimensional,80.58333333333333
Scientist community helpers,race,Hispanic / Latino,trust_post,83.0
Scientist community helpers,race,Other,behavior_mean,46.666666666666664
Scientist community helpers,race,Other,belief_post,92.0
Scientist community helpers,race,Other,concern_mean,75.66666666666667
Scientist community helpers,race,Other,distrust_post,15.0
Scientist community helpers,race,Other,donation_ams,4.5
Scientist community helpers,race,Other,funding_perceptions,30.0
Scientist community helpers,race,Other,inst_trust_mean,74.0
Scientist community helpers,race,Other,newsletter_signup,1.6
Scientist community helpers,race,Other,policy_general,75.0
Scientist community helpers,race,Other,policy_role_mean,78.0
Scientist community helpers,race,Other,policy_specific_mean,71.14285714285714
Scientist community helpers,race,Other,trust_multidimensional,77.58333333333333
Scientist community helpers,race,Other,trust_post,78.0
Scientist community helpers,race,White / Caucasian,behavior_mean,36.516666666666666
Scientist community helpers,race,White / Caucasian,belief_post,68.4
Scientist community helpers,race,White / Caucasian,concern_mean,68.8
Scientist community helpers,race,White / Caucasian,distrust_post,21.5
Scientist community helpers,race,White / Caucasian,donation_ams,2.8
Scientist community helpers,race,White / Caucasian,funding_perceptions,47.7
Scientist community helpers,race,White / Caucasian,inst_trust_mean,70.2
Scientist community helpers,race,White / Caucasian,newsletter_signup,1.6
Scientist community helpers,race,White / Caucasian,policy_general,59.7
Scientist community helpers,race,White / Caucasian,policy_role_mean,61.8
Scientist community helpers,race,White / Caucasian,policy_specific_mean,59.542857142857144
Scientist community helpers,race,White / Caucasian,trust_multidimensional,75.73333333333333
Scientist community helpers,race,White / Caucasian,trust_post,74.2
Social justice,age_band,18-29,behavior_mean,49.800000000000004
Social justice,age_band,18-29,belief_post,97.4
Social justice,age_band,18-29,concern_mean,84.83333333333333
Social justice,age_band,18-29,distrust_post,16.2
Social justice,age_band,18-29,donation_ams,6.4
Social justice,age_band,18-29,funding_perceptions,8.700000000000003
Social justice,age_band,18-29,inst_trust_mean,53.56
Social justice,age_band,18-29,newsletter_signup,1.3
Social justice,age_band,18-29,policy_general,82.5
Social justice,age_band,18-29,policy_role_mean,65.6
Social justice,age_band,18-29,policy_specific_mean,64.58571428571429
Social justice,age_band,18-29,trust_multidimensional,82.425
Social justice,age_band,18-29,trust_post,79.8
Social justice,age_band,30-44,behavior_mean,57.483333333333334
Social justice,age_band,30-44,belief_post,88.2
Social justice,age_band,30-44,concern_mean,80.25
Social justice,age_band,30-44,distrust_post,32.0
Social justice,age_band,30-44,donation_ams,4.5
Social justice,age_band,30-44,funding_perceptions,35.0
Social justice,age_band,30-44,inst_trust_mean,63.480000000000004
Social justice,age_band,30-44,newsletter_signup,1.4
Social justice,age_band,30-44,policy_general,67.5
Social justice,age_band,30-44,policy_role_mean,67.8625
Social justice,age_band,30-44,policy_specific_mean,69.47142857142858
Social justice,age_band,30-44,trust_multidimensional,75.49166666666666
Social justice,age_band,30-44,trust_post,78.5
Social justice,age_band,45-59,behavior_mean,65.16666666666667
Social justice,age_band,45-59,belief_post,94.5
Social justice,age_band,45-59,concern_mean,75.66666666666667
Social justice,age_band,45-59,distrust_post,12.0
Social justice,age_band,45-59,donation_ams,4.8
Social justice,age_band,45-59,funding_perceptions,24.0
Social justice,age_band,45-59,inst_trust_mean,73.4
Social justice,age_band,45-59,newsletter_signup,1.62
Social justice,age_band,45-59,policy_general,72.5
Social justice,age_band,45-59,policy_role_mean,70.125
Social justice,age_band,45-59,policy_specific_mean,74.35714285714286
Social justice,age_band,45-59,trust_multidimensional,87.01666666666667
Social justice,age_band,45-59,trust_post,88.5
Social justice,age_band,60+,behavior_mean,57.483333333333334
Social justice,age_band,60+,belief_post,93.36666666666667
Social justice,age_band,60+,concern_mean,80.25
Social justice,age_band,60+,distrust_post,20.066666666666666
Social justice,age_band,60+,donation_ams,5.233333333333333
Social justice,age_band,60+,funding_perceptions,22.566666666666666
Social justice,age_band,60+,inst_trust_mean,63.480000000000004
Social justice,age_band,60+,newsletter_signup,1.4400000000000002
Social justice,age_band,60+,policy_general,74.16666666666667
Social justice,age_band,60+,policy_role_mean,67.8625
Social justice,age_band,60+,policy_specific_mean,69.47142857142858
Social justice,age_band,60+,trust_multidimensional,81.64444444444445
Social justice,age_band,60+,trust_post,82.26666666666667
Social justice,education,Bachelor's degree,behavior_mean,47.333333333333336
Social justice,education,Bachelor's degree,belief_post,90.5
Social justice,education,Bachelor's degree,concern_mean,78.0
Social justice,education,Bachelor's degree,distrust_post,17.5
Social justice,education,Bachelor's degree,donation_ams,4.5
Social justice,education,Bachelor's degree,funding_perceptions,81.0
Social justice,education,Bachelor's degree,inst_trust_mean,78.1
Social justice,education,Bachelor's degree,newsletter_signup,1.35
Social justice,education,Bachelor's degree,policy_general,84.0
Social justice,education,Bachelor's degree,policy_role_mean,70.5
Social justice,education,Bachelor's degree,policy_specific_mean,69.92857142857143
Social justice,education,Bachelor's degree,trust_multidimensional,80.85833333333333
Social justice,education,Bachelor's degree,trust_post,83.0
Social justice,education,Doctorate degree / Ph.D.,behavior_mean,62.166666666666664
Social justice,education,Doctorate degree / Ph.D.,belief_post,96.5
Social justice,education,Doctorate degree / Ph.D.,concern_mean,85.0
Social justice,education,Doctorate degree / Ph.D.,distrust_post,12.0
Social justice,education,Doctorate degree / Ph.D.,donation_ams,6.5
Social justice,education,Doctorate degree / Ph.D.,funding_perceptions,14.0
Social justice,education,Doctorate degree / Ph.D.,inst_trust_mean,82.2
Social justice,education,Doctorate degree / Ph.D.,newsletter_signup,1.2
Social justice,education,Doctorate degree / Ph.D.,policy_general,81.0
Social justice,education,Doctorate degree / Ph.D.,policy_role_mean,79.5
Social justice,education,Doctorate degree / Ph.D.,policy_specific_mean,81.85714285714286
Social justice,education,Doctorate degree / Ph.D.,trust_multidimensional,87.33333333333333
Social justice,education,Doctorate degree / Ph.D.,trust_post,88.0
Social justice,education,High school diploma / GED,behavior_mean,55.833333333333336
Social justice,education,High school diploma / GED,belief_post,78.5
Social justice,education,High school diploma / GED,concern_mean,78.83333333333333
Social justice,education,High school diploma / GED,distrust_post,32.0
Social justice,education,High school diploma / GED,donation_ams,4.8
Social justice,education,High school diploma / GED,funding_perceptions,42.0
Social justice,education,High school diploma / GED,inst_trust_mean,58.2
Social justice,education,High school diploma / GED,newsletter_signup,1.38
Social justice,education,High school diploma / GED,policy_general,64.0
Social justice,education,High school diploma / GED,policy_role_mean,57.125
Social justice,education,High school diploma / GED,policy_specific_mean,59.214285714285715
Social justice,education,High school diploma / GED,trust_multidimensional,59.88333333333333
Social justice,education,High school diploma / GED,trust_post,61.5
Social justice,education,Less than high school,behavior_mean,31.333333333333332
Social justice,education,Less than high school,belief_post,62.0
Social justice,education,Less than high school,concern_mean,43.166666666666664
Social justice,education,Less than high school,distrust_post,32.5
Social justice,education,Less than high school,donation_ams,4.5
Social justice,education,Less than high school,funding_perceptions,48.0
Social justice,education,Less than high school,inst_trust_mean,47.0
Social justice,education,Less than high school,newsletter_signup,1.65
Social justice,education,Less than high school,policy_general,50.5
Social justice,education,Less than high school,policy_role_mean,46.0
Social justice,education,Less than high school,policy_specific_mean,45.07142857142857
Social justice,education,Less than high school,trust_multidimensional,57.81666666666666
Social justice,education,Less than high school,trust_post,51.2
Social justice,education,Master's degree / Professional degree,behavior_mean,49.16666666666667
Social justice,education,Master's degree / Professional degree,belief_post,93.0
Social justice,education,Master's degree / Professional degree,concern_mean,71.25
Social justice,education,Master's degree / Professional degree,distrust_post,12.0
Social justice,education,Master's degree / Professional degree,donation_ams,5.5
Social justice,education,Master's degree / Professional degree,funding_perceptions,75.0
Social justice,education,Master's degree / Professional degree,inst_trust_mean,66.375
Social justice,education,Master's degree / Professional degree,newsletter_signup,1.6
Social justice,education,Master's degree / Professional degree,policy_general,84.0
Social justice,education,Master's degree / Professional degree,policy_role_mean,63.28125
Social justice,education,Master's degree / Professional degree,policy_specific_mean,64.01785714285714
Social justice,education,Master's degree / Professional degree,trust_multidimensional,84.0
Social justice,education,Master's degree / Professional degree,trust_post,85.0
Social justice,education,Some college or Associate's degree,behavior_mean,49.16666666666667
Social justice,education,Some college or Associate's degree,belief_post,84.1
Social justice,education,Some college or Associate's degree,concern_mean,71.25
Social justice,education,Some college or Associate's degree,distrust_post,21.2
Social justice,education,Some college or Associate's degree,donation_ams,5.16
Social justice,education,Some college or Associate's degree,funding_perceptions,52.0
Social justice,education,Some college or Associate's degree,inst_trust_mean,66.375
Social justice,education,Some college or Associate's degree,newsletter_signup,1.436
Social justice,education,Some college or Associate's degree,policy_general,72.7
Social justice,education,Some college or Associate's degree,policy_role_mean,63.28125
Social justice,education,Some college or Associate's degree,policy_specific_mean,64.01785714285714
Social justice,education,Some college or Associate's degree,trust_multidimensional,73.97833333333332
Social justice,education,Some college or Associate's degree,trust_post,73.74
Social justice,gender,Female,behavior_mean,66.5
Social justice,gender,Female,belief_post,90.0
Social justice,gender,Female,concern_mean,83.0
Social justice,gender,Female,distrust_post,19.0
Social justice,gender,Female,donation_ams,5.3
Social justice,gender,Female,funding_perceptions,35.0
Social justice,gender,Female,inst_trust_mean,72.4
Social justice,gender,Female,newsletter_signup,1.38
Social justice,gender,Female,policy_general,78.0
Social justice,gender,Female,policy_role_mean,80.5
Social justice,gender,Female,policy_specific_mean,72.28571428571429
Social justice,gender,Female,trust_multidimensional,81.0
Social justice,gender,Female,trust_post,79.0
Social justice,gender,Male,behavior_mean,38.75
Social justice,gender,Male,belief_post,81.2
Social justice,gender,Male,concern_mean,47.666666666666664
Social justice,gender,Male,distrust_post,22.4
Social justice,gender,Male,donation_ams,3.1
Social justice,gender,Male,funding_perceptions,36.5
Social justice,gender,Male,inst_trust_mean,53.239999999999995
Social justice,gender,Male,newsletter_signup,1.75
Social justice,gender,Male,policy_general,54.8
Social justice,gender,Male,policy_role_mean,59.175
Social justice,gender,Male,policy_specific_mean,54.08571428571428
Social justice,gender,Male,trust_multidimensional,67.45
Social justice,gender,Male,trust_post,71.8
Social justice,gender,Other,behavior_mean,52.625
Social justice,gender,Other,belief_post,85.6
Social justice,gender,Other,concern_mean,65.33333333333333
Social justice,gender,Other,distrust_post,20.7
Social justice,gender,Other,donation_ams,4.2
Social justice,gender,Other,funding_perceptions,35.75
Social justice,gender,Other,inst_trust_mean,62.82
Social justice,gender,Other,newsletter_signup,1.565
Social justice,gender,Other,policy_general,66.4
Social justice,gender,Other,policy_role_mean,69.8375
Social justice,gender,Other,policy_specific_mean,63.18571428571428
Social justice,gender,Other,trust_multidimensional,74.225
Social justice,gender,Other,trust_post,75.4
Social justice,income,"$100,000 to $167,999",behavior_mean,58.08333333333333
Social justice,income,"$100,000 to $167,999",belief_post,90.0
Social justice,income,"$100,000 to $167,999",concern_mean,79.33333333333333
Social justice,income,"$100,000 to $167,999",distrust_post,12.0
Social justice,income,"$100,000 to $167,999",donation_ams,3.2
Social justice,income,"$100,000 to $167,999",funding_perceptions,45.0
Social justice,income,"$100,000 to $167,999",inst_trust_mean,73.0
Social justice,income,"$100,000 to $167,999",newsletter_signup,1.3
Social justice,income,"$100,000 to $167,999",policy_general,62.0
Social justice,income,"$100,000 to $167,999",policy_role_mean,65.75
Social justice,income,"$100,000 to $167,999",policy_specific_mean,63.78571428571429
Social justice,income,"$100,000 to $167,999",trust_multidimensional,81.75
Social justice,income,"$100,000 to $167,999",trust_post,76.0
Social justice,income,"$168,000 or more",behavior_mean,63.0
Social justice,income,"$168,000 or more",belief_post,90.0
Social justice,income,"$168,000 or more",concern_mean,79.33333333333333
Social justice,income,"$168,000 or more",distrust_post,18.0
Social justice,income,"$168,000 or more",donation_ams,8.5
Social justice,income,"$168,000 or more",funding_perceptions,52.0
Social justice,income,"$168,000 or more",inst_trust_mean,75.2
Social justice,income,"$168,000 or more",newsletter_signup,1.1
Social justice,income,"$168,000 or more",policy_general,63.0
Social justice,income,"$168,000 or more",policy_role_mean,73.25
Social justice,income,"$168,000 or more",policy_specific_mean,67.42857142857143
Social justice,income,"$168,000 or more",trust_multidimensional,87.66666666666667
Social justice,income,"$168,000 or more",trust_post,85.0
Social justice,income,"$30,000 to $55,999",behavior_mean,58.08333333333333
Social justice,income,"$30,000 to $55,999",belief_post,90.66666666666667
Social justice,income,"$30,000 to $55,999",concern_mean,79.33333333333333
Social justice,income,"$30,000 to $55,999",distrust_post,11.666666666666666
Social justice,income,"$30,000 to $55,999",donation_ams,5.3999999999999995
Social justice,income,"$30,000 to $55,999",funding_perceptions,47.333333333333336
Social justice,income,"$30,000 to $55,999",inst_trust_mean,73.0
Social justice,income,"$30,000 to $55,999",newsletter_signup,1.1833333333333333
Social justice,income,"$30,000 to $55,999",policy_general,64.33333333333333
Social justice,income,"$30,000 to $55,999",policy_role_mean,65.75
Social justice,income,"$30,000 to $55,999",policy_specific_mean,63.78571428571429
Social justice,income,"$30,000 to $55,999",trust_multidimensional,83.20833333333333
Social justice,income,"$30,000 to $55,999",trust_post,82.0
Social justice,income,"$56,000 to $99,999",behavior_mean,53.166666666666664
Social justice,income,"$56,000 to $99,999",belief_post,92.0
Social justice,income,"$56,000 to $99,999",concern_mean,79.33333333333333
Social justice,income,"$56,000 to $99,999",distrust_post,5.0
Social justice,income,"$56,000 to $99,999",donation_ams,4.5
Social justice,income,"$56,000 to $99,999",funding_perceptions,45.0
Social justice,income,"$56,000 to $99,999",inst_trust_mean,70.8
Social justice,income,"$56,000 to $99,999",newsletter_signup,1.15
Social justice,income,"$56,000 to $99,999",policy_general,68.0
Social justice,income,"$56,000 to $99,999",policy_role_mean,58.25
Social justice,income,"$56,000 to $99,999",policy_specific_mean,60.142857142857146
Social justice,income,"$56,000 to $99,999",trust_multidimensional,80.20833333333333
Social justice,income,"$56,000 to $99,999",trust_post,85.0
Social justice,income,"Less than $30,000",behavior_mean,58.08333333333333
Social justice,income,"Less than $30,000",belief_post,90.66666666666667
Social justice,income,"Less than $30,000",concern_mean,79.33333333333333
Social justice,income,"Less than $30,000",distrust_post,11.666666666666666
Social justice,income,"Less than $30,000",donation_ams,5.3999999999999995
Social justice,income,"Less than $30,000",funding_perceptions,47.333333333333336
Social justice,income,"Less than $30,000",inst_trust_mean,73.0
Social justice,income,"Less than $30,000",newsletter_signup,1.1833333333333333
Social justice,income,"Less than $30,000",policy_general,64.33333333333333
Social justice,income,"Less than $30,000",policy_role_mean,65.75
Social justice,income,"Less than $30,000",policy_specific_mean,63.78571428571429
Social justice,income,"Less than $30,000",trust_multidimensional,83.20833333333333
Social justice,income,"Less than $30,000",trust_post,82.0
Social justice,party,Democrat,behavior_mean,42.41666666666667
Social justice,party,Democrat,belief_post,61.5
Social justice,party,Democrat,concern_mean,55.166666666666664
Social justice,party,Democrat,distrust_post,38.25
Social justice,party,Democrat,donation_ams,3.25
Social justice,party,Democrat,funding_perceptions,61.25
Social justice,party,Democrat,inst_trust_mean,53.6
Social justice,party,Democrat,newsletter_signup,1.875
Social justice,party,Democrat,policy_general,49.5
Social justice,party,Democrat,policy_role_mean,52.1875
Social justice,party,Democrat,policy_specific_mean,48.035714285714285
Social justice,party,Democrat,trust_multidimensional,63.075
Social justice,party,Democrat,trust_post,60.6
Social justice,party,Independent,behavior_mean,42.41666666666667
Social justice,party,Independent,belief_post,61.5
Social justice,party,Independent,concern_mean,55.166666666666664
Social justice,party,Independent,distrust_post,38.25
Social justice,party,Independent,donation_ams,3.25
Social justice,party,Independent,funding_perceptions,61.25
Social justice,party,Independent,inst_trust_mean,53.6
Social justice,party,Independent,newsletter_signup,1.875
Social justice,party,Independent,policy_general,49.5
Social justice,party,Independent,policy_role_mean,52.1875
Social justice,party,Independent,policy_specific_mean,48.035714285714285
Social justice,party,Independent,trust_multidimensional,63.075
Social justice,party,Independent,trust_post,60.6
Social justice,party,Other,behavior_mean,36.5
Social justice,party,Other,belief_post,68.0
Social justice,party,Other,concern_mean,62.666666666666664
Social justice,party,Other,distrust_post,24.5
Social justice,party,Other,donation_ams,4.5
Social justice,party,Other,funding_perceptions,47.5
Social justice,party,Other,inst_trust_mean,60.2
Social justice,party,Other,newsletter_signup,1.75
Social justice,party,Other,policy_general,59.0
Social justice,party,Other,policy_role_mean,59.875
Social justice,party,Other,policy_specific_mean,56.785714285714285
Social justice,party,Other,trust_multidimensional,76.48333333333333
Social justice,party,Other,trust_post,73.2
Social justice,party,Republican,behavior_mean,48.333333333333336
Social justice,party,Republican,belief_post,55.0
Social justice,party,Republican,concern_mean,47.666666666666664
Social justice,party,Republican,distrust_post,52.0
Social justice,party,Republican,donation_ams,2.0
Social justice,party,Republican,funding_perceptions,75.0
Social justice,party,Republican,inst_trust_mean,47.0
Social justice,party,Republican,newsletter_signup,2.0
Social justice,party,Republican,policy_general,40.0
Social justice,party,Republican,policy_role_mean,44.5
Social justice,party,Republican,policy_specific_mean,39.285714285714285
Social justice,party,Republican,trust_multidimensional,49.666666666666664
Social justice,party,Republican,trust_post,48.0
Social justice,race,Asian / Asian American,behavior_mean,49.35
Social justice,race,Asian / Asian American,belief_post,92.5
Social justice,race,Asian / Asian American,concern_mean,69.16666666666667
Social justice,race,Asian / Asian American,distrust_post,11.2
Social justice,race,Asian / Asian American,donation_ams,3.15
Social justice,race,Asian / Asian American,funding_perceptions,23.599999999999994
Social justice,race,Asian / Asian American,inst_trust_mean,76.62
Social justice,race,Asian / Asian American,newsletter_signup,1.45
Social justice,race,Asian / Asian American,policy_general,68.1
Social justice,race,Asian / Asian American,policy_role_mean,69.15
Social justice,race,Asian / Asian American,policy_specific_mean,65.82857142857144
Social justice,race,Asian / Asian American,trust_multidimensional,84.8
Social justice,race,Asian / Asian American,trust_post,79.5
Social justice,race,Black / African American,behavior_mean,54.73333333333333
Social justice,race,Black / African American,belief_post,89.8
Social justice,race,Black / African American,concern_mean,75.45555555555556
Social justice,race,Black / African American,distrust_post,13.666666666666666
Social justice,race,Black / African American,donation_ams,2.9333333333333336
Social justice,race,Black / African American,funding_perceptions,34.4
Social justice,race,Black / African American,inst_trust_mean,74.77333333333333
Social justice,race,Black / African American,newsletter_signup,1.6333333333333335
Social justice,race,Black / African American,policy_general,72.10000000000001
Social justice,race,Black / African American,policy_role_mean,71.85000000000001
Social justice,race,Black / African American,policy_specific_mean,70.68095238095239
Social justice,race,Black / African American,trust_multidimensional,85.03055555555557
Social justice,race,Black / African American,trust_post,82.66666666666667
Social justice,race,Hispanic / Latino,behavior_mean,54.73333333333333
Social justice,race,Hispanic / Latino,belief_post,89.8
Social justice,race,Hispanic / Latino,concern_mean,75.45555555555556
Social justice,race,Hispanic / Latino,distrust_post,13.666666666666666
Social justice,race,Hispanic / Latino,donation_ams,2.9333333333333336
Social justice,race,Hispanic / Latino,funding_perceptions,34.4
Social justice,race,Hispanic / Latino,inst_trust_mean,74.77333333333333
Social justice,race,Hispanic / Latino,newsletter_signup,1.6333333333333335
Social justice,race,Hispanic / Latino,policy_general,72.10000000000001
Social justice,race,Hispanic / Latino,policy_role_mean,71.85000000000001
Social justice,race,Hispanic / Latino,policy_specific_mean,70.68095238095239
Social justice,race,Hispanic / Latino,trust_multidimensional,85.03055555555557
Social justice,race,Hispanic / Latino,trust_post,82.66666666666667
Social justice,race,Other,behavior_mean,53.666666666666664
Social justice,race,Other,belief_post,89.0
Social justice,race,Other,concern_mean,81.33333333333333
Social justice,race,Other,distrust_post,14.0
Social justice,race,Other,donation_ams,2.5
Social justice,race,Other,funding_perceptions,18.0
Social justice,race,Other,inst_trust_mean,76.0
Social justice,race,Other,newsletter_signup,1.8
Social justice,race,Other,policy_general,84.0
Social justice,race,Other,policy_role_mean,80.5
Social justice,race,Other,policy_specific_mean,79.85714285714286
Social justice,race,Other,trust_multidimensional,84.5
Social justice,race,Other,trust_post,86.0
Social justice,race,White / Caucasian,behavior_mean,61.18333333333334
Social justice,race,White / Caucasian,belief_post,87.9
Social justice,race,White / Caucasian,concern_mean,75.86666666666667
Social justice,race,White / Caucasian,distrust_post,15.8
Social justice,race,White / Caucasian,donation_ams,3.15
Social justice,race,White / Caucasian,funding_perceptions,61.6
Social justice,race,White / Caucasian,inst_trust_mean,71.7
Social justice,race,White / Caucasian,newsletter_signup,1.65
Social justice,race,White / Caucasian,policy_general,64.2
Social justice,race,White / Caucasian,policy_role_mean,65.9
Social justice,race,White / Caucasian,policy_specific_mean,66.35714285714286
Social justice,race,White / Caucasian,trust_multidimensional,85.79166666666667
Social justice,race,White / Caucasian,trust_post,82.5
control,age_band,18-29,behavior_mean,65.43333333333332
control,age_band,18-29,belief_post,91.2
control,age_band,18-29,concern_mean,81.53333333333333
control,age_band,18-29,distrust_post,12.4
control,age_band,18-29,donation_ams,3.8
control,age_band,18-29,funding_perceptions,81.5
control,age_band,18-29,inst_trust_mean,72.0
control,age_band,18-29,newsletter_signup,1.7
control,age_band,18-29,policy_general,79.6
control,age_band,18-29,policy_role_mean,75.225
control,age_band,18-29,policy_specific_mean,74.81428571428572
control,age_band,18-29,trust_multidimensional,79.95833333333333
control,age_band,18-29,trust_post,85.3
control,age_band,30-44,behavior_mean,55.300000000000004
control,age_band,30-44,belief_post,88.5
control,age_band,30-44,concern_mean,85.16666666666667
control,age_band,30-44,distrust_post,21.5
control,age_band,30-44,donation_ams,7.5
control,age_band,30-44,funding_perceptions,31.5
control,age_band,30-44,inst_trust_mean,71.7
control,age_band,30-44,newsletter_signup,1.35
control,age_band,30-44,policy_general,78.2
control,age_band,30-44,policy_role_mean,75.0
control,age_band,30-44,policy_specific_mean,77.11428571428571
control,age_band,30-44,trust_multidimensional,77.25
control,age_band,30-44,trust_post,73.8
control,age_band,45-59,behavior_mean,43.333333333333336
control,age_band,45-59,belief_post,80.0
control,age_band,45-59,concern_mean,60.0
control,age_band,45-59,distrust_post,25.0
control,age_band,45-59,donation_ams,3.0
control,age_band,45-59,funding_perceptions,35.0
control,age_band,45-59,inst_trust_mean,68.0
control,age_band,45-59,newsletter_signup,1.4
control,age_band,45-59,policy_general,65.0
control,age_band,45-59,policy_role_mean,57.5
control,age_band,45-59,policy_specific_mean,59.285714285714285
control,age_band,45-59,trust_multidimensional,70.75
control,age_band,45-59,trust_post,75.0
control,age_band,60+,behavior_mean,35.0
control,age_band,60+,belief_post,50.0
control,age_band,60+,concern_mean,65.0
control,age_band,60+,distrust_post,45.0
control,age_band,60+,donation_ams,3.0
control,age_band,60+,funding_perceptions,45.0
control,age_band,60+,inst_trust_mean,56.0
control,age_band,60+,newsletter_signup,1.8
control,age_band,60+,policy_general,55.0
control,age_band,60+,policy_role_mean,53.75
control,age_band,60+,policy_specific_mean,49.285714285714285
control,age_band,60+,trust_multidimensional,61.416666666666664
control,age_band,60+,trust_post,50.0
control,education,Bachelor's degree,behavior_mean,54.166666666666664
control,education,Bachelor's degree,belief_post,90.5
control,education,Bachelor's degree,concern_mean,82.66666666666667
control,education,Bachelor's degree,distrust_post,12.5
control,education,Bachelor's degree,donation_ams,3.5
control,education,Bachelor's degree,funding_perceptions,58.0
control,education,Bachelor's degree,inst_trust_mean,80.0
control,education,Bachelor's degree,newsletter_signup,1.6
control,education,Bachelor's degree,policy_general,78.0
control,education,Bachelor's degree,policy_role_mean,81.25
control,education,Bachelor's degree,policy_specific_mean,77.14285714285714
control,education,Bachelor's degree,trust_multidimensional,82.83333333333333
control,education,Bachelor's degree,trust_post,83.0
control,education,Doctorate degree / Ph.D.,behavior_mean,62.333333333333336
control,education,Doctorate degree / Ph.D.,belief_post,96.0
control,education,Doctorate degree / Ph.D.,concern_mean,88.66666666666667
control,education,Doctorate degree / Ph.D.,distrust_post,8.0
control,education,Doctorate degree / Ph.D.,donation_ams,6.5
control,education,Doctorate degree / Ph.D.,funding_perceptions,24.0
control,education,Doctorate degree / Ph.D.,inst_trust_mean,79.0
control,education,Doctorate degree / Ph.D.,newsletter_signup,1.85
control,education,Doctorate degree / Ph.D.,policy_general,82.0
control,education,Doctorate degree / Ph.D.,policy_role_mean,78.0
control,education,Doctorate degree / Ph.D.,policy_specific_mean,76.71428571428571
control,education,Doctorate degree / Ph.D.,trust_multidimensional,87.0
control,education,Doctorate degree / Ph.D.,trust_post,85.0
control,education,High school diploma / GED,behavior_mean,41.84166666666667
control,education,High school diploma / GED,belief_post,52.5
control,education,High school diploma / GED,concern_mean,58.5
control,education,High school diploma / GED,distrust_post,42.5
control,education,High school diploma / GED,donation_ams,2.15
control,education,High school diploma / GED,funding_perceptions,47.7
control,education,High school diploma / GED,inst_trust_mean,48.739999999999995
control,education,High school diploma / GED,newsletter_signup,1.68
control,education,High school diploma / GED,policy_general,59.4
control,education,High school diploma / GED,policy_role_mean,54.55
control,education,High school diploma / GED,policy_specific_mean,59.51428571428572
control,education,High school diploma / GED,trust_multidimensional,48.86666666666667
control,education,High school diploma / GED,trust_post,50.1
control,education,Less than high school,behavior_mean,45.0
control,education,Less than high school,belief_post,53.0
control,education,Less than high school,concern_mean,52.666666666666664
control,education,Less than high school,distrust_post,47.0
control,education,Less than high school,donation_ams,2.5
control,education,Less than high school,funding_perceptions,55.0
control,education,Less than high school,inst_trust_mean,47.6
control,education,Less than high school,newsletter_signup,1.7
control,education,Less than high school,policy_general,55.0
control,education,Less than high school,policy_role_mean,48.5
control,education,Less than high school,policy_specific_mean,49.0
control,education,Less than high school,trust_multidimensional,48.416666666666664
control,education,Less than high school,trust_post,49.0
control,education,Master's degree / Professional degree,behavior_mean,58.333333333333336
control,education,Master's degree / Professional degree,belief_post,95.0
control,education,Master's degree / Professional degree,concern_mean,87.0
control,education,Master's degree / Professional degree,distrust_post,12.0
control,education,Master's degree / Professional degree,donation_ams,4.2
control,education,Master's degree / Professional degree,funding_perceptions,32.0
control,education,Master's degree / Professional degree,inst_trust_mean,80.2
control,education,Master's degree / Professional degree,newsletter_signup,1.3
control,education,Master's degree / Professional degree,policy_general,81.0
control,education,Master's degree / Professional degree,policy_role_mean,79.5
control,education,Master's degree / Professional degree,policy_specific_mean,72.85714285714286
control,education,Master's degree / Professional degree,trust_multidimensional,85.75
control,education,Master's degree / Professional degree,trust_post,85.0
control,education,Some college or Associate's degree,behavior_mean,52.335
control,education,Some college or Associate's degree,belief_post,71.3
control,education,Some college or Associate's degree,concern_mean,64.16666666666667
control,education,Some college or Associate's degree,distrust_post,32.1
control,education,Some college or Associate's degree,donation_ams,3.4
control,education,Some college or Associate's degree,funding_perceptions,41.3
control,education,Some college or Associate's degree,inst_trust_mean,55.760000000000005
control,education,Some college or Associate's degree,newsletter_signup,1.62
control,education,Some college or Associate's degree,policy_general,62.8
control,education,Some college or Associate's degree,policy_role_mean,61.475
control,education,Some college or Associate's degree,policy_specific_mean,45.92857142857143
control,education,Some college or Associate's degree,trust_multidimensional,66.24166666666666
control,education,Some college or Associate's degree,trust_post,64.5
control,gender,Female,behavior_mean,55.483333333333334
control,gender,Female,belief_post,75.8
control,gender,Female,concern_mean,73.61666666666666
control,gender,Female,distrust_post,25.3
control,gender,Female,donation_ams,3.0
control,gender,Female,funding_perceptions,22.049999999999997
control,gender,Female,inst_trust_mean,63.87
control,gender,Female,newsletter_signup,1.6
control,gender,Female,policy_general,68.0
control,gender,Female,policy_role_mean,67.5875
control,gender,Female,policy_specific_mean,68.15
control,gender,Female,trust_multidimensional,69.45833333333333
control,gender,Female,trust_post,65.75
control,gender,Male,behavior_mean,38.916666666666664
control,gender,Male,belief_post,61.8
control,gender,Male,concern_mean,59.1
control,gender,Male,distrust_post,38.1
control,gender,Male,donation_ams,1.8
control,gender,Male,funding_perceptions,23.5
control,gender,Male,inst_trust_mean,50.3
control,gender,Male,newsletter_signup,1.75
control,gender,Male,policy_general,53.4
control,gender,Male,policy_role_mean,51.125
control,gender,Male,policy_specific_mean,54.68571428571429
control,gender,Male,trust_multidimensional,50.958333333333336
control,gender,Male,trust_post,46.3
control,gender,Other,behavior_mean,72.05
control,gender,Other,belief_post,89.8
control,gender,Other,concern_mean,88.13333333333333
control,gender,Other,distrust_post,12.5
control,gender,Other,donation_ams,4.2
control,gender,Other,funding_perceptions,20.599999999999994
control,gender,Other,inst_trust_mean,77.44
control,gender,Other,newsletter_signup,1.45
control,gender,Other,policy_general,82.6
control,gender,Other,policy_role_mean,84.05
control,gender,Other,policy_specific_mean,81.61428571428571
control,gender,Other,trust_multidimensional,87.95833333333333
control,gender,Other,trust_post,85.2
control,income,"$100,000 to $167,999",behavior_mean,54.5
control,income,"$100,000 to $167,999",belief_post,86.0
control,income,"$100,000 to $167,999",concern_mean,72.66666666666667
control,income,"$100,000 to $167,999",distrust_post,24.0
control,income,"$100,000 to $167,999",donation_ams,4.8
control,income,"$100,000 to $167,999",funding_perceptions,42.0
control,income,"$100,000 to $167,999",inst_trust_mean,77.2
control,income,"$100,000 to $167,999",newsletter_signup,1.5
control,income,"$100,000 to $167,999",policy_general,76.0
control,income,"$100,000 to $167,999",policy_role_mean,74.25
control,income,"$100,000 to $167,999",policy_specific_mean,67.71428571428571
control,income,"$100,000 to $167,999",trust_multidimensional,80.33333333333333
control,income,"$100,000 to $167,999",trust_post,80.0
control,income,"$168,000 or more",behavior_mean,51.66666666666667
control,income,"$168,000 or more",belief_post,89.0
control,income,"$168,000 or more",concern_mean,73.05555555555556
control,income,"$168,000 or more",distrust_post,8.0
control,income,"$168,000 or more",donation_ams,5.066666666666666
control,income,"$168,000 or more",funding_perceptions,58.0
control,income,"$168,000 or more",inst_trust_mean,71.36666666666667
control,income,"$168,000 or more",newsletter_signup,1.5666666666666667
control,income,"$168,000 or more",policy_general,40.0
control,income,"$168,000 or more",policy_role_mean,70.20833333333333
control,income,"$168,000 or more",policy_specific_mean,66.92857142857142
control,income,"$168,000 or more",trust_multidimensional,79.08333333333333
control,income,"$168,000 or more",trust_post,85.0
control,income,"$30,000 to $55,999",behavior_mean,48.833333333333336
control,income,"$30,000 to $55,999",belief_post,87.5
control,income,"$30,000 to $55,999",concern_mean,80.0
control,income,"$30,000 to $55,999",distrust_post,16.0
control,income,"$30,000 to $55,999",donation_ams,4.2
control,income,"$30,000 to $55,999",funding_perceptions,42.0
control,income,"$30,000 to $55,999",inst_trust_mean,65.4
control,income,"$30,000 to $55,999",newsletter_signup,1.6
control,income,"$30,000 to $55,999",policy_general,72.0
control,income,"$30,000 to $55,999",policy_role_mean,69.625
control,income,"$30,000 to $55,999",policy_specific_mean,66.14285714285714
control,income,"$30,000 to $55,999",trust_multidimensional,80.875
control,income,"$30,000 to $55,999",trust_post,84.0
control,income,"$56,000 to $99,999",behavior_mean,51.66666666666667
control,income,"$56,000 to $99,999",belief_post,87.2
control,income,"$56,000 to $99,999",concern_mean,66.5
control,income,"$56,000 to $99,999",distrust_post,15.3
control,income,"$56,000 to $99,999",donation_ams,6.2
control,income,"$56,000 to $99,999",funding_perceptions,71.5
control,income,"$56,000 to $99,999",inst_trust_mean,71.5
control,income,"$56,000 to $99,999",newsletter_signup,1.6
control,income,"$56,000 to $99,999",policy_general,78.0
control,income,"$56,000 to $99,999",policy_role_mean,66.75
control,income,"$56,000 to $99,999",policy_specific_mean,66.92857142857142
control,income,"$56,000 to $99,999",trust_multidimensional,78.43333333333334
control,income,"$56,000 to $99,999",trust_post,76.5
control,income,"Less than $30,000",behavior_mean,51.66666666666667
control,income,"Less than $30,000",belief_post,87.425
control,income,"Less than $30,000",concern_mean,73.05555555555556
control,income,"Less than $30,000",distrust_post,15.825
control,income,"Less than $30,000",donation_ams,5.066666666666666
control,income,"Less than $30,000",funding_perceptions,53.375
control,income,"Less than $30,000",inst_trust_mean,71.36666666666667
control,income,"Less than $30,000",newsletter_signup,1.5666666666666667
control,income,"Less than $30,000",policy_general,66.5
control,income,"Less than $30,000",policy_role_mean,70.20833333333333
control,income,"Less than $30,000",policy_specific_mean,66.92857142857142
control,income,"Less than $30,000",trust_multidimensional,79.68125
control,income,"Less than $30,000",trust_post,81.375
control,party,Democrat,behavior_mean,30.0
control,party,Democrat,belief_post,59.5
control,party,Democrat,concern_mean,38.333333333333336
control,party,Democrat,distrust_post,40.0
control,party,Democrat,donation_ams,2.65
control,party,Democrat,funding_perceptions,58.0
control,party,Democrat,inst_trust_mean,38.4
control,party,Democrat,newsletter_signup,1.625
control,party,Democrat,policy_general,48.0
control,party,Democrat,policy_role_mean,24.5
control,party,Democrat,policy_specific_mean,39.42857142857143
control,party,Democrat,trust_multidimensional,57.8125
control,party,Democrat,trust_post,52.0
control,party,Independent,behavior_mean,30.0
control,party,Independent,belief_post,70.0
control,party,Independent,concern_mean,38.333333333333336
control,party,Independent,distrust_post,25.0
control,party,Independent,donation_ams,2.5
control,party,Independent,funding_perceptions,52.0
control,party,Independent,inst_trust_mean,38.4
control,party,Independent,newsletter_signup,1.5
control,party,Independent,policy_general,68.0
control,party,Independent,policy_role_mean,24.5
control,party,Independent,policy_specific_mean,39.42857142857143
control,party,Independent,trust_multidimensional,71.16666666666667
control,party,Independent,trust_post,70.0
control,party,Other,behavior_mean,30.0
control,party,Other,belief_post,59.5
control,party,Other,concern_mean,38.333333333333336
control,party,Other,distrust_post,40.0
control,party,Other,donation_ams,2.65
control,party,Other,funding_perceptions,58.0
control,party,Other,inst_trust_mean,38.4
control,party,Other,newsletter_signup,1.625
control,party,Other,policy_general,48.0
control,party,Other,policy_role_mean,24.5
control,party,Other,policy_specific_mean,39.42857142857143
control,party,Other,trust_multidimensional,57.8125
control,party,Other,trust_post,52.0
control,party,Republican,behavior_mean,30.0
control,party,Republican,belief_post,49.0
control,party,Republican,concern_mean,38.333333333333336
control,party,Republican,distrust_post,55.0
control,party,Republican,donation_ams,2.8
control,party,Republican,funding_perceptions,64.0
control,party,Republican,inst_trust_mean,38.4
control,party,Republican,newsletter_signup,1.75
control,party,Republican,policy_general,28.0
control,party,Republican,policy_role_mean,24.5
control,party,Republican,policy_specific_mean,39.42857142857143
control,party,Republican,trust_multidimensional,44.458333333333336
control,party,Republican,trust_post,34.0
control,race,Asian / Asian American,behavior_mean,42.333333333333336
control,race,Asian / Asian American,belief_post,89.0
control,race,Asian / Asian American,concern_mean,74.33333333333333
control,race,Asian / Asian American,distrust_post,21.0
control,race,Asian / Asian American,donation_ams,4.0
control,race,Asian / Asian American,funding_perceptions,34.0
control,race,Asian / Asian American,inst_trust_mean,76.4
control,race,Asian / Asian American,newsletter_signup,1.5
control,race,Asian / Asian American,policy_general,77.0
control,race,Asian / Asian American,policy_role_mean,73.0
control,race,Asian / Asian American,policy_specific_mean,69.28571428571429
control,race,Asian / Asian American,trust_multidimensional,83.20833333333333
control,race,Asian / Asian American,trust_post,79.0
control,race,Black / African American,behavior_mean,36.199999999999996
control,race,Black / African American,belief_post,77.76666666666667
control,race,Black / African American,concern_mean,64.7
control,race,Black / African American,distrust_post,27.133333333333336
control,race,Black / African American,donation_ams,3.4333333333333336
control,race,Black / African American,funding_perceptions,55.03333333333333
control,race,Black / African American,inst_trust_mean,67.16000000000001
control,race,Black / African American,newsletter_signup,1.5833333333333333
control,race,Black / African American,policy_general,67.06666666666666
control,race,Black / African American,policy_role_mean,65.27499999999999
control,race,Black / African American,policy_specific_mean,63.23333333333333
control,race,Black / African American,trust_multidimensional,70.60833333333333
control,race,Black / African American,trust_post,67.36666666666666
control,race,Hispanic / Latino,behavior_mean,34.166666666666664
control,race,Hispanic / Latino,belief_post,76.0
control,race,Hispanic / Latino,concern_mean,58.666666666666664
control,race,Hispanic / Latino,distrust_post,25.0
control,race,Hispanic / Latino,donation_ams,3.5
control,race,Hispanic / Latino,funding_perceptions,80.0
control,race,Hispanic / Latino,inst_trust_mean,68.0
control,race,Hispanic / Latino,newsletter_signup,1.4
control,race,Hispanic / Latino,policy_general,65.0
control,race,Hispanic / Latino,policy_role_mean,66.25
control,race,Hispanic / Latino,policy_specific_mean,58.857142857142854
control,race,Hispanic / Latino,trust_multidimensional,71.91666666666667
control,race,Hispanic / Latino,trust_post,68.0
control,race,Other,behavior_mean,36.199999999999996
control,race,Other,belief_post,77.76666666666667
control,race,Other,concern_mean,64.7
control,race,Other,distrust_post,27.133333333333336
control,race,Other,donation_ams,3.4333333333333336
control,race,Other,funding_perceptions,55.03333333333333
control,race,Other,inst_trust_mean,67.16000000000001
control,race,Other,newsletter_signup,1.5833333333333333
control,race,Other,policy_general,67.06666666666666
control,race,Other,policy_role_mean,65.27499999999999
control,race,Other,policy_specific_mean,63.23333333333333
control,race,Other,trust_multidimensional,70.60833333333333
control,race,Other,trust_post,67.36666666666666
control,race,White / Caucasian,behavior_mean,32.1
control,race,White / Caucasian,belief_post,68.3
control,race,White / Caucasian,concern_mean,61.1
control,race,White / Caucasian,distrust_post,35.4
control,race,White / Caucasian,donation_ams,2.8
control,race,White / Caucasian,funding_perceptions,51.1
control,race,White / Caucasian,inst_trust_mean,57.08
control,race,White / Caucasian,newsletter_signup,1.85
control,race,White / Caucasian,policy_general,59.2
control,race,White / Caucasian,policy_role_mean,56.575
control,race,White / Caucasian,policy_specific_mean,61.55714285714286
control,race,White / Caucasian,trust_multidimensional,56.699999999999996
control,race,White / Caucasian,trust_post,55.1
